basin,country,year,Value
AMDA,AFG,2005,1559.8761696306924
AMDA,AFG,2010,1596.1667430372765
AMDA,AFG,2015,1520.8630918049814
AMDA,AFG,2020,1481.2913834306814
AMDA,AFG,2025,1552.9318653934624
AMDA,AFG,2030,1604.5558881478757
AMDA,AFG,2035,1823.2540594426166
AMDA,AFG,2040,2032.9974259418843
AMDA,AFG,2045,2168.5921623452477
AMDA,AFG,2050,2178.9336085228806
AMDA,AFG,2060,2659.904662481521
AMDA,AFG,2070,3519.2042916304226
AMDA,AFG,2080,4197.626276058708
AMDA,AFG,2090,4665.105050206065
AMDA,AFG,2100,4818.168555845373
CSEC,AFG,2005,628.958469148125
CSEC,AFG,2010,656.4959888458068
CSEC,AFG,2015,641.3915393601301
CSEC,AFG,2020,619.3620529001805
CSEC,AFG,2025,643.3870891894379
CSEC,AFG,2030,657.4877786406173
CSEC,AFG,2035,736.6374763663003
CSEC,AFG,2040,850.2975289444031
CSEC,AFG,2045,1009.6288528043715
CSEC,AFG,2050,1186.4402056532626
CSEC,AFG,2060,1611.8911505463439
CSEC,AFG,2070,2251.1116678868466
CSEC,AFG,2080,2437.953582744338
CSEC,AFG,2090,2342.7526742933633
CSEC,AFG,2100,2178.181684559549
FARA,AFG,2005,115.65765484182879
FARA,AFG,2010,122.21493820867465
FARA,AFG,2015,128.84808611531733
FARA,AFG,2020,122.43718861275445
FARA,AFG,2025,125.92984699634798
FARA,AFG,2030,121.72153452069676
FARA,AFG,2035,137.30693915679268
FARA,AFG,2040,152.02453406971998
FARA,AFG,2045,177.2065583122658
FARA,AFG,2050,212.60692359880693
FARA,AFG,2060,270.7159369565535
FARA,AFG,2070,297.04504924526225
FARA,AFG,2080,203.11373705717637
FARA,AFG,2090,151.9576023414633
FARA,AFG,2100,164.42404791311805
HELM,AFG,2005,872.2396563588476
HELM,AFG,2010,897.9522941449326
HELM,AFG,2015,883.6192022095997
HELM,AFG,2020,871.6189688969791
HELM,AFG,2025,932.5552806008353
HELM,AFG,2030,975.5814044865186
HELM,AFG,2035,1151.7108784865136
HELM,AFG,2040,1344.1454240413464
HELM,AFG,2045,1625.6423418876648
HELM,AFG,2050,2013.1763590645448
HELM,AFG,2060,3014.356129894094
HELM,AFG,2070,3733.201763899996
HELM,AFG,2080,3652.2971683002634
HELM,AFG,2090,3371.4857303498034
HELM,AFG,2100,3237.060125608513
INDU,AFG,2005,313.22255038843525
INDU,AFG,2010,324.9069456364524
INDU,AFG,2015,318.2265241459555
INDU,AFG,2020,304.87582482298853
INDU,AFG,2025,324.5228711241905
INDU,AFG,2030,325.08172176136134
INDU,AFG,2035,355.2418504311971
INDU,AFG,2040,375.2878137628453
INDU,AFG,2045,404.5018788323632
INDU,AFG,2050,432.53399100907086
INDU,AFG,2060,370.95701740248205
INDU,AFG,2070,489.7032251781751
INDU,AFG,2080,800.0543000048925
INDU,AFG,2090,1128.5619500871535
INDU,AFG,2100,1316.638810968293
ANGC,AGO,2005,1788.6281472849487
ANGC,AGO,2010,2317.8271217957017
ANGC,AGO,2015,2863.4991933809038
ANGC,AGO,2020,2612.2225632623213
ANGC,AGO,2025,2473.358409555556
ANGC,AGO,2030,2345.3600407031927
ANGC,AGO,2035,2224.7277616349566
ANGC,AGO,2040,2107.0809711326347
ANGC,AGO,2045,2003.2883185186972
ANGC,AGO,2050,1901.1597728802767
ANGC,AGO,2060,1657.987089523775
ANGC,AGO,2070,1408.7772924084904
ANGC,AGO,2080,1140.6747233791345
ANGC,AGO,2090,951.0179748778352
ANGC,AGO,2100,892.0325663430766
ASII,AGO,2005,725.9887746685507
ASII,AGO,2010,920.0633644810878
ASII,AGO,2015,1142.1158245063664
ASII,AGO,2020,1032.576803125225
ASII,AGO,2025,964.7905779713053
ASII,AGO,2030,891.058256369481
ASII,AGO,2035,819.4612422424709
ASII,AGO,2040,755.6511981839233
ASII,AGO,2045,702.8006125949198
ASII,AGO,2050,657.3779357190374
ASII,AGO,2060,564.6677890442867
ASII,AGO,2070,480.5044253653909
ASII,AGO,2080,407.10461613575404
ASII,AGO,2090,367.9382419476369
ASII,AGO,2100,373.0828346116841
CONG,AGO,2005,418.994493357675
CONG,AGO,2010,540.534082446576
CONG,AGO,2015,654.4334340763255
CONG,AGO,2020,605.5521502103061
CONG,AGO,2025,582.7981400286293
CONG,AGO,2030,561.0977830459515
CONG,AGO,2035,543.0481709033508
CONG,AGO,2040,524.9296122561562
CONG,AGO,2045,506.56013768981063
CONG,AGO,2050,488.4272208822338
CONG,AGO,2060,441.79858285615126
CONG,AGO,2070,393.7296867463094
CONG,AGO,2080,338.09230457123215
CONG,AGO,2090,290.86718280578236
CONG,AGO,2100,264.1062130457607
ZAMB,AGO,2005,522.3169249928767
ZAMB,AGO,2010,656.2120587577356
ZAMB,AGO,2015,804.4985508692046
ZAMB,AGO,2020,740.5077174644308
ZAMB,AGO,2025,711.9724743747106
ZAMB,AGO,2030,683.8474859399897
ZAMB,AGO,2035,654.3529880523258
ZAMB,AGO,2040,623.6140821627215
ZAMB,AGO,2045,590.6952386977038
ZAMB,AGO,2050,560.3201153722209
ZAMB,AGO,2060,493.59414884728653
ZAMB,AGO,2070,421.4790551965124
ZAMB,AGO,2080,346.91419452766416
ZAMB,AGO,2090,288.5770131384744
ZAMB,AGO,2100,254.02245355633292
AGBS,ALB,2005,484.8044355472893
AGBS,ALB,2010,440.2126477324402
AGBS,ALB,2015,458.845510415964
AGBS,ALB,2020,462.5069575350618
AGBS,ALB,2025,485.69329590769814
AGBS,ALB,2030,513.4860430045808
AGBS,ALB,2035,542.8987328180546
AGBS,ALB,2040,574.2208742577434
AGBS,ALB,2045,609.2744921403282
AGBS,ALB,2050,641.520709371212
AGBS,ALB,2060,653.014496317039
AGBS,ALB,2070,658.7446598294116
AGBS,ALB,2080,677.4628586130897
AGBS,ALB,2090,687.7017319073032
AGBS,ALB,2100,821.6835886628858
ARPA,ARE,2005,234.36755559040265
ARPA,ARE,2010,85.06868207404938
ARPA,ARE,2015,50.87442854605323
ARPA,ARE,2020,47.54874438350286
ARPA,ARE,2025,46.84843924596629
ARPA,ARE,2030,46.01295625749127
ARPA,ARE,2035,45.707203844621176
ARPA,ARE,2040,46.11205157502093
ARPA,ARE,2045,46.764845992419694
ARPA,ARE,2050,47.63615227397989
ARPA,ARE,2060,51.36202317283025
ARPA,ARE,2070,53.51012429760051
ARPA,ARE,2080,50.893929579156705
ARPA,ARE,2090,43.039624402147226
ARPA,ARE,2100,29.441152960289447
LAPL,ARG,2005,15679.100824222716
LAPL,ARG,2010,18892.023873087775
LAPL,ARG,2015,19936.58343475263
LAPL,ARG,2020,19906.870357656408
LAPL,ARG,2025,20812.13595932039
LAPL,ARG,2030,21760.463722817538
LAPL,ARG,2035,22493.00921082529
LAPL,ARG,2040,22897.834260570373
LAPL,ARG,2045,23058.58971705478
LAPL,ARG,2050,23143.72855077234
LAPL,ARG,2060,23406.16060251187
LAPL,ARG,2070,23393.74789360137
LAPL,ARG,2080,23198.453025272778
LAPL,ARG,2090,23129.75207022833
LAPL,ARG,2100,23668.767470078023
NASA,ARG,2005,8652.662287228424
NASA,ARG,2010,9315.583151835743
NASA,ARG,2015,10420.829461178655
NASA,ARG,2020,10082.765795555668
NASA,ARG,2025,10324.768110219928
NASA,ARG,2030,10355.861772630149
NASA,ARG,2035,10163.852703052527
NASA,ARG,2040,9847.060486457325
NASA,ARG,2045,9555.734032211396
NASA,ARG,2050,9383.00363820518
NASA,ARG,2060,9312.282452161382
NASA,ARG,2070,8926.281621009159
NASA,ARG,2080,8272.646953609872
NASA,ARG,2090,7860.186904127289
NASA,ARG,2100,8110.1310653467635
NEGR,ARG,2005,136.9034400519227
NEGR,ARG,2010,163.75158373109676
NEGR,ARG,2015,206.98422782302188
NEGR,ARG,2020,190.2636781840003
NEGR,ARG,2025,188.14658926076342
NEGR,ARG,2030,188.51452741546646
NEGR,ARG,2035,184.9541263628995
NEGR,ARG,2040,179.41142329531397
NEGR,ARG,2045,175.37954614588534
NEGR,ARG,2050,173.61116495119802
NEGR,ARG,2060,168.0257462498121
NEGR,ARG,2070,154.1349213663067
NEGR,ARG,2080,127.2024867149951
NEGR,ARG,2090,116.88541454496986
NEGR,ARG,2100,100.33114325309232
PAMP,ARG,2005,6411.189496900044
PAMP,ARG,2010,7226.370107266526
PAMP,ARG,2015,7832.615295810131
PAMP,ARG,2020,7578.981535976194
PAMP,ARG,2025,7752.091229645704
PAMP,ARG,2030,7756.706029644656
PAMP,ARG,2035,7589.181044665657
PAMP,ARG,2040,7327.427393717963
PAMP,ARG,2045,7082.394546393067
PAMP,ARG,2050,6930.823575969735
PAMP,ARG,2060,6853.82893800547
PAMP,ARG,2070,6521.669270912533
PAMP,ARG,2080,5967.550215995686
PAMP,ARG,2090,5573.693189484599
PAMP,ARG,2100,5409.451762373471
SACC,ARG,2005,466.275084917838
SACC,ARG,2010,584.0254835987789
SACC,ARG,2015,757.166054272311
SACC,ARG,2020,670.7148994660406
SACC,ARG,2025,643.4508475572411
SACC,ARG,2030,632.0572472212325
SACC,ARG,2035,628.2545952402978
SACC,ARG,2040,629.1881170461421
SACC,ARG,2045,643.4586051014551
SACC,ARG,2050,673.9576066399079
SACC,ARG,2060,736.4814354309525
SACC,ARG,2070,729.0264164939174
SACC,ARG,2080,652.3186819843811
SACC,ARG,2090,599.2194591144616
SACC,ARG,2100,523.6106392079796
SASS,ARG,2005,35.08105363434297
SASS,ARG,2010,41.760687477906025
SASS,ARG,2015,47.28887996558553
SASS,ARG,2020,44.208437706707436
SASS,ARG,2025,44.380555887126285
SASS,ARG,2030,45.73435424222223
SASS,ARG,2035,46.56603793791194
SASS,ARG,2040,46.6670158842443
SASS,ARG,2045,46.43630331288858
SASS,ARG,2050,46.1504992629505
SASS,ARG,2060,45.068618006885146
SASS,ARG,2070,41.565089381464645
SASS,ARG,2080,36.87989978532284
SASS,ARG,2090,35.43550892364344
SASS,ARG,2100,32.22121573430331
SGRN,ARG,2005,3540.789943329163
SGRN,ARG,2010,4166.652832940018
SGRN,ARG,2015,4553.051289127025
SGRN,ARG,2020,4435.206067653433
SGRN,ARG,2025,4564.342471073768
SGRN,ARG,2030,4641.471887686483
SGRN,ARG,2035,4628.102244671444
SGRN,ARG,2040,4548.855261888382
SGRN,ARG,2045,4477.442780729466
SGRN,ARG,2050,4450.404988744676
SGRN,ARG,2060,4531.612688156023
SGRN,ARG,2070,4542.132383223469
SGRN,ARG,2080,4393.752275798861
SGRN,ARG,2090,4271.85113416944
SGRN,ARG,2100,4168.651594928689
CSSW,ARM,2005,369.5231079616152
CSSW,ARM,2010,348.66535858413476
CSSW,ARM,2015,396.19695843206324
CSSW,ARM,2020,397.54542564436076
CSSW,ARM,2025,422.91240036769346
CSSW,ARM,2030,492.1951350245196
CSSW,ARM,2035,562.7018879201596
CSSW,ARM,2040,615.032602842609
CSSW,ARM,2045,644.7674951347446
CSSW,ARM,2050,644.6660571421934
CSSW,ARM,2060,483.61086880249275
CSSW,ARM,2070,440.5045486736011
CSSW,ARM,2080,431.6235430159499
CSSW,ARM,2090,416.7715185882164
CSSW,ARM,2100,397.07947976887056
CARI,ATG,2005,0.1852665757673763
CARI,ATG,2010,1.2123262338144078
CARI,ATG,2015,1.039988000241596
CARI,ATG,2020,1.0100521146594434
CARI,ATG,2025,1.0342042617437237
CARI,ATG,2030,1.0734109329580948
CARI,ATG,2035,1.1179891075216832
CARI,ATG,2040,1.1563208077784628
CARI,ATG,2045,1.182884159926112
CARI,ATG,2050,1.1940803820774915
CARI,ATG,2060,1.1642119637413646
CARI,ATG,2070,1.0385037267592616
CARI,ATG,2080,0.9100754904084475
CARI,ATG,2090,0.805770223461496
CARI,ATG,2100,0.7297235838885435
AEAC,AUS,2005,8064.395618015452
AEAC,AUS,2010,7832.916036615634
AEAC,AUS,2015,9438.2019244609
AEAC,AUS,2020,9380.177105564131
AEAC,AUS,2025,9779.364898987073
AEAC,AUS,2030,10023.62635309141
AEAC,AUS,2035,10219.021159170192
AEAC,AUS,2040,10248.501515519194
AEAC,AUS,2045,10236.149070223346
AEAC,AUS,2050,10294.14477473441
AEAC,AUS,2060,10623.764056052256
AEAC,AUS,2070,10617.517631172128
AEAC,AUS,2080,9691.53615628551
AEAC,AUS,2090,8040.725615241891
AEAC,AUS,2100,7573.721888046386
AINT,AUS,2005,910.0131417962546
AINT,AUS,2010,863.5215504511433
AINT,AUS,2015,990.6805822256107
AINT,AUS,2020,986.4386956009537
AINT,AUS,2025,1053.3052889039536
AINT,AUS,2030,994.1953888994923
AINT,AUS,2035,909.6481630009534
AINT,AUS,2040,798.496606882941
AINT,AUS,2045,784.3293384591808
AINT,AUS,2050,807.9780855888556
AINT,AUS,2060,924.7639055875436
AINT,AUS,2070,1020.8237924605876
AINT,AUS,2080,955.0000630734853
AINT,AUS,2090,809.7910661672532
AINT,AUS,2100,792.5990654773196
ASCO,AUS,2005,3919.2940997827277
ASCO,AUS,2010,3685.696758387293
ASCO,AUS,2015,4407.877742951388
ASCO,AUS,2020,4241.179616276915
ASCO,AUS,2025,4380.671186133979
ASCO,AUS,2030,4210.21460907648
ASCO,AUS,2035,3982.2852109123514
ASCO,AUS,2040,3662.9820598562314
ASCO,AUS,2045,3413.09268305714
ASCO,AUS,2050,3274.8303155425747
ASCO,AUS,2060,3060.2025830060197
ASCO,AUS,2070,2698.5487279587874
ASCO,AUS,2080,2579.0970345142327
ASCO,AUS,2090,2877.4059152903314
ASCO,AUS,2100,3132.271437858142
AUNC,AUS,2005,658.1578354319943
AUNC,AUS,2010,719.3365022536981
AUNC,AUS,2015,740.7976580842337
AUNC,AUS,2020,729.3526089224429
AUNC,AUS,2025,741.4182098090304
AUNC,AUS,2030,748.3110979120272
AUNC,AUS,2035,759.056446034388
AUNC,AUS,2040,757.1088582377494
AUNC,AUS,2045,755.3351127024827
AUNC,AUS,2050,764.506548678633
AUNC,AUS,2060,803.024196409852
AUNC,AUS,2070,799.3750225523016
AUNC,AUS,2080,683.0094773693997
AUNC,AUS,2090,476.3970682099961
AUNC,AUS,2100,406.93193063844967
AWEC,AUS,2005,7667.941676571498
AWEC,AUS,2010,7423.047383589335
AWEC,AUS,2015,8751.058188650151
AWEC,AUS,2020,8229.241634127164
AWEC,AUS,2025,7998.574274942009
AWEC,AUS,2030,7324.953237608307
AWEC,AUS,2035,6799.611588181866
AWEC,AUS,2040,6139.508518800305
AWEC,AUS,2045,5642.555011771315
AWEC,AUS,2050,5331.8277684193345
AWEC,AUS,2060,4783.266120344342
AWEC,AUS,2070,4040.301718161319
AWEC,AUS,2080,3751.306698985175
AWEC,AUS,2090,4061.366943218871
AWEC,AUS,2100,4359.713240266078
MRDA,AUS,2005,13175.509629130403
MRDA,AUS,2010,12846.832098856486
MRDA,AUS,2015,15892.412020067532
MRDA,AUS,2020,15176.834799955092
MRDA,AUS,2025,15047.660183714295
MRDA,AUS,2030,14478.242918047523
MRDA,AUS,2035,14076.925866689682
MRDA,AUS,2040,13574.183549361493
MRDA,AUS,2045,13351.067918006434
MRDA,AUS,2050,13459.193025203447
MRDA,AUS,2060,13676.997053999166
MRDA,AUS,2070,12530.249431775967
MRDA,AUS,2080,11450.80481360114
MRDA,AUS,2090,11012.679768460634
MRDA,AUS,2100,10562.01208760183
DANU,AUT,2005,1337.9387513459908
DANU,AUT,2010,1374.9315497780487
DANU,AUT,2015,1349.8093079644157
DANU,AUT,2020,1309.514706018444
DANU,AUT,2025,1392.9792650648312
DANU,AUT,2030,1440.0462776494603
DANU,AUT,2035,1509.7159496981299
DANU,AUT,2040,1591.7753088306958
DANU,AUT,2045,1703.451903061435
DANU,AUT,2050,1861.129286491975
DANU,AUT,2060,2229.8639648777767
DANU,AUT,2070,3004.9429443914846
DANU,AUT,2080,3465.7012102645026
DANU,AUT,2090,3788.705459876204
DANU,AUT,2100,3912.0775881759014
CSSW,AZE,2005,1984.0351448665072
CSSW,AZE,2010,2034.1494494518124
CSSW,AZE,2015,2097.4310294126904
CSSW,AZE,2020,2040.0662132982202
CSSW,AZE,2025,2139.9022864148874
CSSW,AZE,2030,2216.752151113979
CSSW,AZE,2035,2261.288778154942
CSSW,AZE,2040,2299.2701129081447
CSSW,AZE,2045,2341.837665004259
CSSW,AZE,2050,2369.217884199301
CSSW,AZE,2060,2386.4559560834523
CSSW,AZE,2070,2422.0810314284117
CSSW,AZE,2080,2418.682825596439
CSSW,AZE,2090,2355.876841874664
CSSW,AZE,2100,2295.4158593049397
CONG,BDI,2005,573.3569887801237
CONG,BDI,2010,579.7405391271387
CONG,BDI,2015,629.4670077282086
CONG,BDI,2020,622.6953244919075
CONG,BDI,2025,636.0382030832842
CONG,BDI,2030,644.5288932587861
CONG,BDI,2035,648.3841949612342
CONG,BDI,2040,638.9940718146613
CONG,BDI,2045,632.1679795801733
CONG,BDI,2050,629.8791460506591
CONG,BDI,2060,635.3483845819876
CONG,BDI,2070,664.1036323540415
CONG,BDI,2080,699.0967500845201
CONG,BDI,2090,758.5405999988329
CONG,BDI,2100,822.4441000836603
NILE,BDI,2005,780.3580642348364
NILE,BDI,2010,789.1910092893216
NILE,BDI,2015,843.6951665720039
NILE,BDI,2020,837.9754694895197
NILE,BDI,2025,855.0461242496414
NILE,BDI,2030,841.2831691336611
NILE,BDI,2035,812.1355806735763
NILE,BDI,2040,798.7654065698879
NILE,BDI,2045,804.3195997605969
NILE,BDI,2050,817.2064582087271
NILE,BDI,2060,847.6816672012377
NILE,BDI,2070,878.2131561594817
NILE,BDI,2080,886.9669865647016
NILE,BDI,2090,887.9150635623197
NILE,BDI,2100,874.4226483721772
MAAS,BEL,2005,279.76883807405784
MAAS,BEL,2010,461.8890045212801
MAAS,BEL,2015,283.0717288658018
MAAS,BEL,2020,276.70831255153763
MAAS,BEL,2025,273.729182573548
MAAS,BEL,2030,261.9143156208343
MAAS,BEL,2035,251.91279788856147
MAAS,BEL,2040,242.12705941820505
MAAS,BEL,2045,234.4977196438856
MAAS,BEL,2050,226.14687444499617
MAAS,BEL,2060,206.03151256860937
MAAS,BEL,2070,179.61325672889708
MAAS,BEL,2080,151.3528591609966
MAAS,BEL,2090,124.06120027331973
MAAS,BEL,2100,100.65258575666897
SCHE,BEL,2005,495.5768430616373
SCHE,BEL,2010,535.8394489303687
SCHE,BEL,2015,498.8464308983263
SCHE,BEL,2020,487.2521815432409
SCHE,BEL,2025,480.0386100247298
SCHE,BEL,2030,462.67555880672023
SCHE,BEL,2035,449.3130095782929
SCHE,BEL,2040,436.97294373085265
SCHE,BEL,2045,429.0253374557353
SCHE,BEL,2050,420.2155112389934
SCHE,BEL,2060,395.90143586523027
SCHE,BEL,2070,356.61410804060563
SCHE,BEL,2080,310.0608664203323
SCHE,BEL,2090,260.88990954429175
SCHE,BEL,2100,216.60577740814063
AFWC,BEN,2005,1319.07464385786
AFWC,BEN,2010,1375.1998689313762
AFWC,BEN,2015,1685.5638242266386
AFWC,BEN,2020,1600.1289765972906
AFWC,BEN,2025,1580.9411157236461
AFWC,BEN,2030,1578.1714645185584
AFWC,BEN,2035,1590.295416554061
AFWC,BEN,2040,1612.767390044635
AFWC,BEN,2045,1649.1403070965823
AFWC,BEN,2050,1706.7666831138056
AFWC,BEN,2060,1769.5770519682383
AFWC,BEN,2070,1752.646992716888
AFWC,BEN,2080,1669.1993537431185
AFWC,BEN,2090,1507.518732052778
AFWC,BEN,2100,1325.3440664160826
NIGE,BEN,2005,1063.082213268649
NIGE,BEN,2010,1038.1202764837653
NIGE,BEN,2015,1239.9751997764215
NIGE,BEN,2020,1171.990140668148
NIGE,BEN,2025,1149.4848660664613
NIGE,BEN,2030,1150.4215200450287
NIGE,BEN,2035,1179.68639062374
NIGE,BEN,2040,1230.159904376948
NIGE,BEN,2045,1296.581099595489
NIGE,BEN,2050,1383.3248850852672
NIGE,BEN,2060,1559.9296259161813
NIGE,BEN,2070,1704.4941479778827
NIGE,BEN,2080,1792.9852010683041
NIGE,BEN,2090,1757.7266896520412
NIGE,BEN,2100,1635.3151825079801
VOLT,BEN,2005,344.80656221685797
VOLT,BEN,2010,332.4666321455737
VOLT,BEN,2015,394.69822328714315
VOLT,BEN,2020,373.38636804352024
VOLT,BEN,2025,367.25262268012085
VOLT,BEN,2030,368.0039905420718
VOLT,BEN,2035,376.77809938780285
VOLT,BEN,2040,392.34398537382845
VOLT,BEN,2045,413.5284687786824
VOLT,BEN,2050,443.7538017764202
VOLT,BEN,2060,508.9133930710193
VOLT,BEN,2070,561.7262765345163
VOLT,BEN,2080,586.4424830773004
VOLT,BEN,2090,546.8879141597861
VOLT,BEN,2100,480.3909687427505
AFWC,BFA,2005,267.3687083692255
AFWC,BFA,2010,364.57332041488513
AFWC,BFA,2015,454.00050102363616
AFWC,BFA,2020,462.3925391760075
AFWC,BFA,2025,484.8200048387791
AFWC,BFA,2030,516.6303230069497
AFWC,BFA,2035,556.3701891458891
AFWC,BFA,2040,599.7176060585708
AFWC,BFA,2045,628.7221707079319
AFWC,BFA,2050,649.4960457603026
AFWC,BFA,2060,705.2815635711385
AFWC,BFA,2070,764.7020862258177
AFWC,BFA,2080,723.0829069368348
AFWC,BFA,2090,595.815737793997
AFWC,BFA,2100,522.9740191185101
NIGE,BFA,2005,938.6663137520814
NIGE,BFA,2010,1100.6048189184805
NIGE,BFA,2015,1130.1752349163073
NIGE,BFA,2020,1127.8205427799867
NIGE,BFA,2025,1180.4193679949417
NIGE,BFA,2030,1257.9492784960592
NIGE,BFA,2035,1342.092248655297
NIGE,BFA,2040,1431.6007580179812
NIGE,BFA,2045,1479.5530265318025
NIGE,BFA,2050,1512.3157783930758
NIGE,BFA,2060,1595.0202674470495
NIGE,BFA,2070,1688.8607324456302
NIGE,BFA,2080,1824.326435044932
NIGE,BFA,2090,1856.6603985775484
NIGE,BFA,2100,2008.689800578079
VOLT,BFA,2005,3031.52281747619
VOLT,BFA,2010,3567.3063674971922
VOLT,BFA,2015,3832.85664501756
VOLT,BFA,2020,3827.9885102155113
VOLT,BFA,2025,4001.8701807411585
VOLT,BFA,2030,4270.317905100534
VOLT,BFA,2035,4592.266691196857
VOLT,BFA,2040,4958.92524401658
VOLT,BFA,2045,5214.38856747835
VOLT,BFA,2050,5423.633829541209
VOLT,BFA,2060,5902.948688444264
VOLT,BFA,2070,6375.698217333313
VOLT,BFA,2080,6718.74981124362
VOLT,BFA,2090,6603.405351265645
VOLT,BFA,2100,6816.294670470437
BBCN,BGD,2005,319.72929848914924
BBCN,BGD,2010,315.96115749352276
BBCN,BGD,2015,309.926258708539
BBCN,BGD,2020,313.51178578673785
BBCN,BGD,2025,331.5076701913909
BBCN,BGD,2030,351.99713138400347
BBCN,BGD,2035,365.25100296639283
BBCN,BGD,2040,370.97360829757105
BBCN,BGD,2045,378.13286570123717
BBCN,BGD,2050,387.823443201174
BBCN,BGD,2060,397.6873176644186
BBCN,BGD,2070,393.6963999861134
BBCN,BGD,2080,395.44068584807343
BBCN,BGD,2090,381.68140323440656
BBCN,BGD,2100,360.9955137676809
GABR,BGD,2005,7522.196279328133
GABR,BGD,2010,7400.371824318923
GABR,BGD,2015,7435.464268212747
GABR,BGD,2020,7580.924794081418
GABR,BGD,2025,7922.586694764078
GABR,BGD,2030,8273.031477690798
GABR,BGD,2035,8567.305288143323
GABR,BGD,2040,8722.542083547207
GABR,BGD,2045,8814.706847810356
GABR,BGD,2050,8874.870938307877
GABR,BGD,2060,8931.17199485889
GABR,BGD,2070,8902.861662367099
GABR,BGD,2080,8843.762056391632
GABR,BGD,2090,8738.561949271738
GABR,BGD,2100,8659.249526709309
AGBS,BGR,2005,1491.590073876124
AGBS,BGR,2010,1548.5672751603195
AGBS,BGR,2015,1642.6906948872352
AGBS,BGR,2020,1625.6332742583754
AGBS,BGR,2025,1699.2313839235394
AGBS,BGR,2030,1810.7273011312375
AGBS,BGR,2035,1917.7014525074846
AGBS,BGR,2040,2003.086060290614
AGBS,BGR,2045,2084.866044287858
AGBS,BGR,2050,2158.322632781375
AGBS,BGR,2060,2269.2501564288305
AGBS,BGR,2070,2328.5801752657153
AGBS,BGR,2080,2371.227970250478
AGBS,BGR,2090,2417.1065602162753
AGBS,BGR,2100,2449.711534262033
DANU,BGR,2005,1606.4073323133607
DANU,BGR,2010,1683.640682291218
DANU,BGR,2015,1863.1541984402115
DANU,BGR,2020,1847.7151014206825
DANU,BGR,2025,1925.8509244889424
DANU,BGR,2030,2036.5083338369363
DANU,BGR,2035,2137.6630045137176
DANU,BGR,2040,2214.973462444209
DANU,BGR,2045,2291.614607812972
DANU,BGR,2050,2361.593940760216
DANU,BGR,2060,2451.4388759968992
DANU,BGR,2070,2504.36020618485
DANU,BGR,2080,2559.641947639672
DANU,BGR,2090,2619.5788950958213
DANU,BGR,2100,2657.2039574665628
CARI,BHS,2005,2.397583038352299
CARI,BHS,2010,6.841275304755547
CARI,BHS,2015,6.9655542489631515
CARI,BHS,2020,6.83604737335871
CARI,BHS,2025,7.123047110258765
CARI,BHS,2030,7.42989650518514
CARI,BHS,2035,7.6554542535923416
CARI,BHS,2040,7.803023920225316
CARI,BHS,2045,7.8906729496231485
CARI,BHS,2050,7.9102086815375845
CARI,BHS,2060,7.93311334034859
CARI,BHS,2070,7.786594309166663
CARI,BHS,2080,7.573460042512831
CARI,BHS,2090,7.33021013677944
CARI,BHS,2100,7.05629761702056
AGBS,BIH,2005,91.63523511895248
AGBS,BIH,2010,86.77235591958953
AGBS,BIH,2015,96.24042852215213
AGBS,BIH,2020,98.22327852259328
AGBS,BIH,2025,105.11816410940645
AGBS,BIH,2030,110.21773623137588
AGBS,BIH,2035,113.4818784508262
AGBS,BIH,2040,115.93329690780655
AGBS,BIH,2045,118.65530383187632
AGBS,BIH,2050,121.04165421127752
AGBS,BIH,2060,122.84346652614028
AGBS,BIH,2070,121.54085596667599
AGBS,BIH,2080,118.67608710258668
AGBS,BIH,2090,113.76996570895224
AGBS,BIH,2100,106.7477504772366
DANU,BIH,2005,542.4452968243596
DANU,BIH,2010,516.955054346208
DANU,BIH,2015,568.1107528417597
DANU,BIH,2020,559.4113138128895
DANU,BIH,2025,566.0224192458768
DANU,BIH,2030,565.0640160850071
DANU,BIH,2035,553.6732513857496
DANU,BIH,2040,535.7052084130804
DANU,BIH,2045,517.42096607575
DANU,BIH,2050,498.7706848448511
DANU,BIH,2060,463.53465423361155
DANU,BIH,2070,434.79967094320955
DANU,BIH,2080,412.52534124336756
DANU,BIH,2090,391.4180641527443
DANU,BIH,2100,380.28356345903006
DAUG,BLR,2005,725.2627260160758
DAUG,BLR,2010,715.6447488331598
DAUG,BLR,2015,725.1727443129186
DAUG,BLR,2020,694.0700200979584
DAUG,BLR,2025,672.7123822506256
DAUG,BLR,2030,660.5168364138749
DAUG,BLR,2035,656.2013667061468
DAUG,BLR,2040,660.2260625465441
DAUG,BLR,2045,668.6810855801047
DAUG,BLR,2050,672.4009820059696
DAUG,BLR,2060,690.5946975717991
DAUG,BLR,2070,738.4226561572041
DAUG,BLR,2080,813.4585480105308
DAUG,BLR,2090,895.8557464611662
DAUG,BLR,2100,942.147262021452
DNIP,BLR,2005,3135.462015549269
DNIP,BLR,2010,3172.6528678633376
DNIP,BLR,2015,3246.9772829911867
DNIP,BLR,2020,3184.68508366789
DNIP,BLR,2025,3247.500277551727
DNIP,BLR,2030,3374.968342212344
DNIP,BLR,2035,3540.8745899416476
DNIP,BLR,2040,3743.9459127708524
DNIP,BLR,2045,3981.844583167068
DNIP,BLR,2050,4252.182861543587
DNIP,BLR,2060,5019.173146267073
DNIP,BLR,2070,6132.487639474465
DNIP,BLR,2080,7399.77815043833
DNIP,BLR,2090,8415.63799473224
DNIP,BLR,2100,8896.78077014724
NEMA,BLR,2005,1639.4878866178165
NEMA,BLR,2010,1646.3036220594404
NEMA,BLR,2015,1695.0929384009034
NEMA,BLR,2020,1678.9870751900573
NEMA,BLR,2025,1739.4894960337915
NEMA,BLR,2030,1837.9072646893487
NEMA,BLR,2035,1954.053506546696
NEMA,BLR,2040,2084.833626723226
NEMA,BLR,2045,2229.832439275725
NEMA,BLR,2050,2390.9143035834954
NEMA,BLR,2060,2817.7247505435066
NEMA,BLR,2070,3334.2829155249615
NEMA,BLR,2080,3764.0385162783464
NEMA,BLR,2090,4044.197724101988
NEMA,BLR,2100,4162.139670282401
YUPA,BLZ,2005,86.73178564532151
YUPA,BLZ,2010,91.89939040218303
YUPA,BLZ,2015,103.3460279226377
YUPA,BLZ,2020,104.56928795692764
YUPA,BLZ,2025,108.99902033050554
YUPA,BLZ,2030,113.75110260204151
YUPA,BLZ,2035,119.47872658642093
YUPA,BLZ,2040,124.49739164723313
YUPA,BLZ,2045,128.22879080843143
YUPA,BLZ,2050,130.14587636732526
YUPA,BLZ,2060,131.77862289917695
YUPA,BLZ,2070,134.67715635444105
YUPA,BLZ,2080,137.6190492071659
YUPA,BLZ,2090,138.29258763692093
YUPA,BLZ,2100,133.97928599031508
AMAZ,BOL,2005,1791.3568445595436
AMAZ,BOL,2010,2310.973422683278
AMAZ,BOL,2015,2728.9411941938047
AMAZ,BOL,2020,2703.1123933051676
AMAZ,BOL,2025,2840.9628504095444
AMAZ,BOL,2030,3007.6226895191867
AMAZ,BOL,2035,3161.1761140382428
AMAZ,BOL,2040,3293.259844464447
AMAZ,BOL,2045,3412.589536540376
AMAZ,BOL,2050,3524.1661981872444
AMAZ,BOL,2060,3708.0673631184145
AMAZ,BOL,2070,3873.7572617797755
AMAZ,BOL,2080,4058.5424073086797
AMAZ,BOL,2090,4314.612753174419
AMAZ,BOL,2100,4509.026543449686
LAPL,BOL,2005,345.40990164463756
LAPL,BOL,2010,444.3725788789808
LAPL,BOL,2015,517.9785447235197
LAPL,BOL,2020,515.4622784946662
LAPL,BOL,2025,542.5963052076906
LAPL,BOL,2030,571.5316964671548
LAPL,BOL,2035,596.7726539000267
LAPL,BOL,2040,621.7511394716357
LAPL,BOL,2045,651.549682288403
LAPL,BOL,2050,685.5857201937023
LAPL,BOL,2060,758.1539756802683
LAPL,BOL,2070,857.4501545997803
LAPL,BOL,2080,956.9965568974296
LAPL,BOL,2090,1068.3623055809373
LAPL,BOL,2100,1186.89660194684
LPUN,BOL,2005,112.56409590394175
LPUN,BOL,2010,146.6332899923624
LPUN,BOL,2015,174.3153092641145
LPUN,BOL,2020,160.4701257924733
LPUN,BOL,2025,152.9468791620048
LPUN,BOL,2030,144.95378011509882
LPUN,BOL,2035,140.39998995768832
LPUN,BOL,2040,142.20636324184758
LPUN,BOL,2045,150.79154207524866
LPUN,BOL,2050,162.6637725660416
LPUN,BOL,2060,209.8890851111971
LPUN,BOL,2070,325.7039170981425
LPUN,BOL,2080,464.8299395233191
LPUN,BOL,2090,574.8650723363542
LPUN,BOL,2100,650.3832636579652
AMAZ,BRA,2005,8848.882136684279
AMAZ,BRA,2010,8800.595178055517
AMAZ,BRA,2015,9069.097207053284
AMAZ,BRA,2020,8943.029829888139
AMAZ,BRA,2025,9467.428611751708
AMAZ,BRA,2030,10082.384838123171
AMAZ,BRA,2035,10845.165586865112
AMAZ,BRA,2040,11612.211316392546
AMAZ,BRA,2045,12333.198584592916
AMAZ,BRA,2050,12924.036885219453
AMAZ,BRA,2060,13174.855231602018
AMAZ,BRA,2070,14422.50820277917
AMAZ,BRA,2080,16013.423738634256
AMAZ,BRA,2090,17225.50086252296
AMAZ,BRA,2100,18612.757332414665
LAPL,BRA,2005,31780.77281821971
LAPL,BRA,2010,33778.96574811988
LAPL,BRA,2015,36297.82870293891
LAPL,BRA,2020,35051.207557303285
LAPL,BRA,2025,35467.33712022829
LAPL,BRA,2030,34986.58138606878
LAPL,BRA,2035,34146.853309952865
LAPL,BRA,2040,33535.72637731254
LAPL,BRA,2045,33751.96119181441
LAPL,BRA,2050,34586.41216597221
LAPL,BRA,2060,39702.95423729354
LAPL,BRA,2070,47344.9939404827
LAPL,BRA,2080,54425.63607307452
LAPL,BRA,2090,60163.80061998054
LAPL,BRA,2100,62866.74598817588
SAOF,BRA,2005,8708.322005242026
SAOF,BRA,2010,9540.556594514366
SAOF,BRA,2015,9594.371648824586
SAOF,BRA,2020,9445.162562235097
SAOF,BRA,2025,9930.475290714121
SAOF,BRA,2030,10580.815254633428
SAOF,BRA,2035,11303.859741551158
SAOF,BRA,2040,11997.550923642779
SAOF,BRA,2045,12698.247531482275
SAOF,BRA,2050,13450.74433902726
SAOF,BRA,2060,15133.473762965927
SAOF,BRA,2070,16456.74893260657
SAOF,BRA,2080,17254.940776623647
SAOF,BRA,2090,17490.076964677985
SAOF,BRA,2100,17706.944056887893
TOCA,BRA,2005,12221.635557382264
TOCA,BRA,2010,12359.66282536281
TOCA,BRA,2015,12719.678549626775
TOCA,BRA,2020,12460.345911700806
TOCA,BRA,2025,13061.737704776446
TOCA,BRA,2030,13588.035164233843
TOCA,BRA,2035,14061.110865095025
TOCA,BRA,2040,14462.427922564051
TOCA,BRA,2045,14989.806106853588
TOCA,BRA,2050,15678.432604018331
TOCA,BRA,2060,17012.768800504226
TOCA,BRA,2070,17653.8852878542
TOCA,BRA,2080,17778.663403807568
TOCA,BRA,2090,17678.83516930281
TOCA,BRA,2100,18368.41740627296
UBSA,BRA,2005,9928.480917903542
UBSA,BRA,2010,10462.332623080083
UBSA,BRA,2015,9727.45941312951
UBSA,BRA,2020,9512.073693868322
UBSA,BRA,2025,9914.109496657302
UBSA,BRA,2030,10429.32226489444
UBSA,BRA,2035,10952.478298980493
UBSA,BRA,2040,11438.182304334074
UBSA,BRA,2045,12020.589621264631
UBSA,BRA,2050,12741.706268610851
UBSA,BRA,2060,14642.98602858989
UBSA,BRA,2070,16265.733265781297
UBSA,BRA,2080,17270.445900348925
UBSA,BRA,2090,17725.053733090073
UBSA,BRA,2100,17896.099987028938
CARC,BRB,2005,2.490897732133889
CARC,BRB,2010,2.9316363525663203
CARC,BRB,2015,1.6456325414238244
CARC,BRB,2020,1.6774581413837275
CARC,BRB,2025,1.7536745422850417
CARC,BRB,2030,1.8693770150072002
CARC,BRB,2035,2.002401507589343
CARC,BRB,2040,2.125251605824166
CARC,BRB,2045,2.2303532156204087
CARC,BRB,2050,2.3109915495483646
CARC,BRB,2060,2.4538322117912004
CARC,BRB,2070,2.487677190303705
CARC,BRB,2080,2.4964512567886215
CARC,BRB,2090,2.4986218544429795
CARC,BRB,2100,2.445196458337299
ASII,BWA,2005,74.57049367415132
ASII,BWA,2010,104.6132191851804
ASII,BWA,2015,59.41702010843795
ASII,BWA,2020,55.76565535143756
ASII,BWA,2025,55.78005896252594
ASII,BWA,2030,57.205351083136826
ASII,BWA,2035,59.06207648401615
ASII,BWA,2040,61.51046390740248
ASII,BWA,2045,60.77382645795454
ASII,BWA,2050,60.34087221028818
ASII,BWA,2060,63.968843881142206
ASII,BWA,2070,75.03892923671064
ASII,BWA,2080,98.2493131690036
ASII,BWA,2090,127.55718759405272
ASII,BWA,2100,155.65760003638144
LIMP,BWA,2005,132.31208938801234
LIMP,BWA,2010,194.09151024541035
LIMP,BWA,2015,138.0591777087702
LIMP,BWA,2020,128.1542510976114
LIMP,BWA,2025,125.76244520407568
LIMP,BWA,2030,125.62020369629865
LIMP,BWA,2035,125.75690128251156
LIMP,BWA,2040,126.74898360295867
LIMP,BWA,2045,122.03675395562178
LIMP,BWA,2050,117.35368426496484
LIMP,BWA,2060,111.14526401246329
LIMP,BWA,2070,105.37172323965898
LIMP,BWA,2080,100.86684590716888
LIMP,BWA,2090,98.30849812789516
LIMP,BWA,2100,101.42038266698825
ORAN,BWA,2005,24.955561624300945
ORAN,BWA,2010,32.90671922600099
ORAN,BWA,2015,18.81567440997662
ORAN,BWA,2020,17.528747499103098
ORAN,BWA,2025,17.43673106186286
ORAN,BWA,2030,15.255480064694066
ORAN,BWA,2035,12.876308153163059
ORAN,BWA,2040,11.650590427070297
ORAN,BWA,2045,10.358054977353856
ORAN,BWA,2050,9.44515278967677
ORAN,BWA,2060,8.069082647473481
ORAN,BWA,2070,6.743301897743335
ORAN,BWA,2080,5.399696023407705
ORAN,BWA,2090,4.111831374523212
ORAN,BWA,2100,3.32322490072944
CONG,CAF,2005,848.263566362142
CONG,CAF,2010,829.2258524869214
CONG,CAF,2015,851.3662686530924
CONG,CAF,2020,811.4323102713645
CONG,CAF,2025,814.5797579193834
CONG,CAF,2030,847.4258615273147
CONG,CAF,2035,910.4311510306939
CONG,CAF,2040,993.2080389363991
CONG,CAF,2045,1069.099469177475
CONG,CAF,2050,1142.8612760794574
CONG,CAF,2060,1212.2572494135345
CONG,CAF,2070,1234.0448075837846
CONG,CAF,2080,1250.0718072176755
CONG,CAF,2090,1241.1241650926395
CONG,CAF,2100,1199.5780625435875
LCHA,CAF,2005,629.9855595212157
LCHA,CAF,2010,644.9080134407565
LCHA,CAF,2015,635.0960933985499
LCHA,CAF,2020,612.2483954495561
LCHA,CAF,2025,619.870409128813
LCHA,CAF,2030,648.7879484810843
LCHA,CAF,2035,695.3865157649423
LCHA,CAF,2040,748.5998865786217
LCHA,CAF,2045,792.7493355536119
LCHA,CAF,2050,828.3322849323406
LCHA,CAF,2060,848.6903930236435
LCHA,CAF,2070,815.5651278017531
LCHA,CAF,2080,759.0986680998566
LCHA,CAF,2090,696.2486316581558
LCHA,CAF,2100,632.5876853082883
AOSB,CAN,2005,521.1485079872406
AOSB,CAN,2010,514.6245593504591
AOSB,CAN,2015,523.6108951321175
AOSB,CAN,2020,510.5009047252686
AOSB,CAN,2025,514.9606002675833
AOSB,CAN,2030,522.6310270735357
AOSB,CAN,2035,529.0754027795494
AOSB,CAN,2040,523.6833899482892
AOSB,CAN,2045,520.3673224271728
AOSB,CAN,2050,512.9346588529393
AOSB,CAN,2060,500.0643339703215
AOSB,CAN,2070,469.37310742071486
AOSB,CAN,2080,433.26583722121563
AOSB,CAN,2090,405.2578896800689
AOSB,CAN,2100,383.3242925602912
HBCO,CAN,2005,371.97938347516504
HBCO,CAN,2010,287.1284542110031
HBCO,CAN,2015,278.9740418378079
HBCO,CAN,2020,265.7333945151703
HBCO,CAN,2025,259.3922425481107
HBCO,CAN,2030,255.56644374170799
HBCO,CAN,2035,251.56209246239803
HBCO,CAN,2040,246.2928353938576
HBCO,CAN,2045,241.6486834490832
HBCO,CAN,2050,235.15094017762652
HBCO,CAN,2060,220.08766079742108
HBCO,CAN,2070,202.74299431071907
HBCO,CAN,2080,185.05642123327806
HBCO,CAN,2090,163.62722026045347
HBCO,CAN,2100,145.33782000761656
MACK,CAN,2005,3379.4918237334564
MACK,CAN,2010,3361.8371148996475
MACK,CAN,2015,3577.8166231127575
MACK,CAN,2020,3489.055982165228
MACK,CAN,2025,3539.8852564947733
MACK,CAN,2030,3602.505624237558
MACK,CAN,2035,3673.1607640422194
MACK,CAN,2040,3734.9928615318795
MACK,CAN,2045,3808.1071666692405
MACK,CAN,2050,3867.0112388879766
MACK,CAN,2060,3972.8266513274893
MACK,CAN,2070,3989.1633074014667
MACK,CAN,2080,3940.740719221039
MACK,CAN,2090,3878.271801224109
MACK,CAN,2100,3801.002513222428
NWTT,CAN,2005,907.1603996543197
NWTT,CAN,2010,915.0308098769365
NWTT,CAN,2015,969.676130414887
NWTT,CAN,2020,946.9813037029339
NWTT,CAN,2025,968.1844761825457
NWTT,CAN,2030,991.0342787109875
NWTT,CAN,2035,1015.7551235892092
NWTT,CAN,2040,1037.311967105146
NWTT,CAN,2045,1060.6576374318333
NWTT,CAN,2050,1078.5392268452101
NWTT,CAN,2060,1108.9220524079367
NWTT,CAN,2070,1114.3584550073406
NWTT,CAN,2080,1101.024186703709
NWTT,CAN,2090,1095.3088098212652
NWTT,CAN,2100,1090.7523324040499
SNEL,CAN,2005,35295.38519388
SNEL,CAN,2010,34177.349739624246
SNEL,CAN,2015,35896.872401067274
SNEL,CAN,2020,34755.96935529003
SNEL,CAN,2025,35223.78041046121
SNEL,CAN,2030,35773.58508099576
SNEL,CAN,2035,36418.76234336905
SNEL,CAN,2040,37103.93695776585
SNEL,CAN,2045,37999.27866486453
SNEL,CAN,2050,38738.85074919042
SNEL,CAN,2060,40233.823780597144
SNEL,CAN,2070,41325.42669399986
SNEL,CAN,2080,42082.15788208179
SNEL,CAN,2090,42849.22240760058
SNEL,CAN,2100,43690.36472695191
STLA,CAN,2005,4502.577283850036
STLA,CAN,2010,5039.137548253488
STLA,CAN,2015,5336.917300397043
STLA,CAN,2020,5283.426144500583
STLA,CAN,2025,5399.078521042233
STLA,CAN,2030,5606.235349484908
STLA,CAN,2035,5806.538534300137
STLA,CAN,2040,5784.296233540329
STLA,CAN,2045,5806.467889243525
STLA,CAN,2050,5816.315838464888
STLA,CAN,2060,5903.123139450771
STLA,CAN,2070,5847.56790310427
STLA,CAN,2080,5740.368247018083
STLA,CAN,2090,5643.0439955240445
STLA,CAN,2100,5482.356738901184
POOO,CHE,2005,0.8541392614089548
POOO,CHE,2010,0.6879908114873434
POOO,CHE,2015,1.0209703783486486
POOO,CHE,2020,1.0163894121286494
POOO,CHE,2025,1.0279637505401906
POOO,CHE,2030,1.0685014748793729
POOO,CHE,2035,1.1292114855314335
POOO,CHE,2040,1.1957748542919373
POOO,CHE,2045,1.256406810504044
POOO,CHE,2050,1.2709513724130872
POOO,CHE,2060,1.2460959030669927
POOO,CHE,2070,1.2026369546938538
POOO,CHE,2080,1.2063847369403742
POOO,CHE,2090,1.254078271374519
POOO,CHE,2100,1.3156146138207934
RHIN,CHE,2005,341.60154241342445
RHIN,CHE,2010,249.9595836980581
RHIN,CHE,2015,335.5016021005108
RHIN,CHE,2020,327.26901673845737
RHIN,CHE,2025,330.1307937916271
RHIN,CHE,2030,338.7454350393107
RHIN,CHE,2035,352.86243286821946
RHIN,CHE,2040,372.02644317573504
RHIN,CHE,2045,395.6715704344203
RHIN,CHE,2050,412.8274945227913
RHIN,CHE,2060,439.2186832828986
RHIN,CHE,2070,433.2775125328729
RHIN,CHE,2080,389.9144308078017
RHIN,CHE,2090,351.4262527627628
RHIN,CHE,2100,330.2546062814684
RHON,CHE,2005,79.98076099329198
RHON,CHE,2010,59.33990771539153
RHON,CHE,2015,80.83571050711525
RHON,CHE,2020,78.95651027573774
RHON,CHE,2025,80.55458289601512
RHON,CHE,2030,84.59579451955969
RHON,CHE,2035,90.30090467892668
RHON,CHE,2040,97.51500182162366
RHON,CHE,2045,106.27816474587293
RHON,CHE,2050,114.02583990421705
RHON,CHE,2060,131.02400679227608
RHON,CHE,2070,146.70140494993936
RHON,CHE,2080,150.22989915645823
RHON,CHE,2090,151.5096873113933
RHON,CHE,2100,154.80695303529288
NCHI,CHL,2005,256.38276087713507
NCHI,CHL,2010,215.27473088860006
NCHI,CHL,2015,256.70334436605907
NCHI,CHL,2020,249.93271768444154
NCHI,CHL,2025,254.6715005637182
NCHI,CHL,2030,258.60816387024784
NCHI,CHL,2035,260.2956158542894
NCHI,CHL,2040,260.9068975635344
NCHI,CHL,2045,259.5647457348212
NCHI,CHL,2050,257.1653315984857
NCHI,CHL,2060,256.7582654452168
NCHI,CHL,2070,256.30945968787876
NCHI,CHL,2080,257.6264620360292
NCHI,CHL,2090,259.2083764968877
NCHI,CHL,2100,253.35084323825382
SCPA,CHL,2005,1050.0752610265772
SCPA,CHL,2010,886.1655868632781
SCPA,CHL,2015,1023.8922317837178
SCPA,CHL,2020,995.0510181148421
SCPA,CHL,2025,1027.4958645072684
SCPA,CHL,2030,1062.0878725913644
SCPA,CHL,2035,1086.7045273625172
SCPA,CHL,2040,1105.2056728771636
SCPA,CHL,2045,1112.5184787751423
SCPA,CHL,2050,1106.3888881764099
SCPA,CHL,2060,1075.7496403627897
SCPA,CHL,2070,997.1090311971177
SCPA,CHL,2080,909.0728657759887
SCPA,CHL,2090,843.1005746984642
SCPA,CHL,2100,798.5510936036653
AMUR,CHN,2005,18868.964298521507
AMUR,CHN,2010,19411.00132475386
AMUR,CHN,2015,19935.194371308593
AMUR,CHN,2020,18920.004291295434
AMUR,CHN,2025,20192.011675690992
AMUR,CHN,2030,20958.476984960846
AMUR,CHN,2035,21355.02662740504
AMUR,CHN,2040,21260.19345623204
AMUR,CHN,2045,21105.946012991037
AMUR,CHN,2050,20955.557460090648
AMUR,CHN,2060,21678.26419726879
AMUR,CHN,2070,22637.103188331403
AMUR,CHN,2080,23734.172372888526
AMUR,CHN,2090,24890.239247752084
AMUR,CHN,2100,25816.136943886515
CHIN,CHN,2005,22603.80512946058
CHIN,CHN,2010,23739.59289544539
CHIN,CHN,2015,23142.648698011173
CHIN,CHN,2020,22539.238971219842
CHIN,CHN,2025,23440.195650133024
CHIN,CHN,2030,24090.876452893335
CHIN,CHN,2035,24648.73200619339
CHIN,CHN,2040,24871.88641619178
CHIN,CHN,2045,24965.607930701397
CHIN,CHN,2050,24905.67911856482
CHIN,CHN,2060,25150.571640732036
CHIN,CHN,2070,24912.645965956588
CHIN,CHN,2080,24289.12857762332
CHIN,CHN,2090,23751.784252382364
CHIN,CHN,2100,23522.863676912537
GOBI,CHN,2005,2960.892745365387
GOBI,CHN,2010,3058.903666706745
GOBI,CHN,2015,2975.3263866920474
GOBI,CHN,2020,2917.3938413113315
GOBI,CHN,2025,3206.7383624831023
GOBI,CHN,2030,3495.9449003716854
GOBI,CHN,2035,3789.095149565237
GOBI,CHN,2040,3999.3747072938236
GOBI,CHN,2045,4193.951263271024
GOBI,CHN,2050,4371.05857108194
GOBI,CHN,2060,4752.818717795558
GOBI,CHN,2070,5016.951988760247
GOBI,CHN,2080,5199.026146419076
GOBI,CHN,2090,5313.092639452628
GOBI,CHN,2100,5346.582698389483
HHEE,CHN,2005,19911.66540543424
HHEE,CHN,2010,20920.72541397418
HHEE,CHN,2015,21269.849148081892
HHEE,CHN,2020,20503.74615972981
HHEE,CHN,2025,22359.044382201253
HHEE,CHN,2030,24069.894622088512
HHEE,CHN,2035,25813.43548019556
HHEE,CHN,2040,27304.049364538874
HHEE,CHN,2045,28870.95748403493
HHEE,CHN,2050,30280.792446075262
HHEE,CHN,2060,33278.20086282432
HHEE,CHN,2070,36746.9046726823
HHEE,CHN,2080,40183.62855819731
HHEE,CHN,2090,42424.967495254554
HHEE,CHN,2100,43678.58751385989
TARI,CHN,2005,3750.520990732998
TARI,CHN,2010,3843.223721059462
TARI,CHN,2015,3795.123928798319
TARI,CHN,2020,3724.2569419540923
TARI,CHN,2025,4240.945130502291
TARI,CHN,2030,4749.73649372161
TARI,CHN,2035,5271.606085541837
TARI,CHN,2040,5684.929982672854
TARI,CHN,2045,6126.480308217133
TARI,CHN,2050,6633.952586699996
TARI,CHN,2060,7968.116362553011
TARI,CHN,2070,9148.822395846715
TARI,CHN,2080,10144.765227721728
TARI,CHN,2090,11011.655778759445
TARI,CHN,2100,11633.731061174822
YANG,CHN,2005,38889.06755284147
YANG,CHN,2010,43851.62148761513
YANG,CHN,2015,43855.28922970028
YANG,CHN,2020,43123.39173177087
YANG,CHN,2025,44965.66966698497
YANG,CHN,2030,46452.88990447262
YANG,CHN,2035,47165.74073231209
YANG,CHN,2040,46899.7738610805
YANG,CHN,2045,46178.680970966336
YANG,CHN,2050,45017.116589009565
YANG,CHN,2060,42880.67124162661
YANG,CHN,2070,40693.22194819954
YANG,CHN,2080,39099.905354838535
YANG,CHN,2090,36520.297298229794
YANG,CHN,2100,29393.704152251932
AFWC,CIV,2005,4299.022487676532
AFWC,CIV,2010,4604.150490862153
AFWC,CIV,2015,6830.570510515241
AFWC,CIV,2020,6972.002236745848
AFWC,CIV,2025,7651.03635539237
AFWC,CIV,2030,8357.968203799948
AFWC,CIV,2035,9288.107572982231
AFWC,CIV,2040,10415.710125053176
AFWC,CIV,2045,11461.353807350666
AFWC,CIV,2050,12236.366638108371
AFWC,CIV,2060,13615.043582775568
AFWC,CIV,2070,14411.674439640341
AFWC,CIV,2080,14790.316736058954
AFWC,CIV,2090,14892.926199584672
AFWC,CIV,2100,14848.178731570233
NIGE,CIV,2005,238.57939455528611
NIGE,CIV,2010,280.58316897939466
NIGE,CIV,2015,393.09810034997946
NIGE,CIV,2020,404.54252702765996
NIGE,CIV,2025,449.9447155072982
NIGE,CIV,2030,490.37149426589764
NIGE,CIV,2035,536.7690990825719
NIGE,CIV,2040,592.5072019827268
NIGE,CIV,2045,634.5796827367293
NIGE,CIV,2050,646.5010856232284
NIGE,CIV,2060,580.9125683535777
NIGE,CIV,2070,453.4720772165302
NIGE,CIV,2080,385.81706324178714
NIGE,CIV,2090,362.2783060997988
NIGE,CIV,2100,358.2808265223295
CONG,CMR,2005,661.6624495977379
CONG,CMR,2010,721.1770176952879
CONG,CMR,2015,731.9054161734399
CONG,CMR,2020,707.9722916428798
CONG,CMR,2025,733.8455655435918
CONG,CMR,2030,781.271135161496
CONG,CMR,2035,852.1317287813099
CONG,CMR,2040,938.1283247692689
CONG,CMR,2045,1032.3676117998696
CONG,CMR,2050,1123.3353337504302
CONG,CMR,2060,1318.5825663386422
CONG,CMR,2070,1483.73206507632
CONG,CMR,2080,1598.5189307337855
CONG,CMR,2090,1658.1746772299634
CONG,CMR,2100,1670.9439838184721
GFGU,CMR,2005,2881.8924679322254
GFGU,CMR,2010,3099.5643035522567
GFGU,CMR,2015,3129.0218324927027
GFGU,CMR,2020,3029.4942023824347
GFGU,CMR,2025,3126.174869308807
GFGU,CMR,2030,3292.8715731394504
GFGU,CMR,2035,3527.435028707334
GFGU,CMR,2040,3794.7097997525843
GFGU,CMR,2045,4071.4971713683312
GFGU,CMR,2050,4319.491778941026
GFGU,CMR,2060,4859.406098278033
GFGU,CMR,2070,5323.608302351264
GFGU,CMR,2080,5673.8760218812
GFGU,CMR,2090,5861.958830171242
GFGU,CMR,2100,5870.537841578984
LCHA,CMR,2005,1245.331889952834
LCHA,CMR,2010,1372.1189734310815
LCHA,CMR,2015,1406.6904492021604
LCHA,CMR,2020,1381.682551474595
LCHA,CMR,2025,1443.2203491475932
LCHA,CMR,2030,1532.2703096585149
LCHA,CMR,2035,1644.855513067505
LCHA,CMR,2040,1765.357283220163
LCHA,CMR,2045,1894.633946220372
LCHA,CMR,2050,2019.2712728313343
LCHA,CMR,2060,2269.7754100734346
LCHA,CMR,2070,2455.6025630925637
LCHA,CMR,2080,2579.164537767274
LCHA,CMR,2090,2673.754796649847
LCHA,CMR,2100,2791.317267794424
NIGE,CMR,2005,1761.119023239184
NIGE,CMR,2010,1901.9580127675258
NIGE,CMR,2015,1920.3345637443958
NIGE,CMR,2020,1887.8172903584748
NIGE,CMR,2025,1975.9362184581123
NIGE,CMR,2030,2107.791091628267
NIGE,CMR,2035,2280.9429060727707
NIGE,CMR,2040,2480.0848654705806
NIGE,CMR,2045,2705.0618823750397
NIGE,CMR,2050,2932.950671878398
NIGE,CMR,2060,3421.446013208687
NIGE,CMR,2070,3862.36966117831
NIGE,CMR,2080,4265.4270072346
NIGE,CMR,2090,4618.620915453974
NIGE,CMR,2100,4954.045599522474
CONG,COD,2005,3802.119015281882
CONG,COD,2010,5292.761705647621
CONG,COD,2015,7439.202609637598
CONG,COD,2020,7097.509504837442
CONG,COD,2025,7134.284331175327
CONG,COD,2030,7436.927431190512
CONG,COD,2035,7951.1023486036
CONG,COD,2040,8516.47883392829
CONG,COD,2045,9092.28640923691
CONG,COD,2050,9670.61411988605
CONG,COD,2060,10903.056908433904
CONG,COD,2070,11415.47143934282
CONG,COD,2080,11440.437352120738
CONG,COD,2090,11224.569389713288
CONG,COD,2100,10705.942269871884
CONG,COG,2005,303.12064841919397
CONG,COG,2010,321.6117351125544
CONG,COG,2015,353.26231783446593
CONG,COG,2020,338.5947115628511
CONG,COG,2025,342.2548704974215
CONG,COG,2030,359.6303569488336
CONG,COG,2035,384.1015056433529
CONG,COG,2040,402.55706165973027
CONG,COG,2045,407.54273650099645
CONG,COG,2050,398.3196167519456
CONG,COG,2060,356.01123791635246
CONG,COG,2070,297.8113704570715
CONG,COG,2080,232.39705913265934
CONG,COG,2090,176.71299315466175
CONG,COG,2100,132.64547423192477
GFGU,COG,2005,226.89624232996093
GFGU,COG,2010,245.32250284628068
GFGU,COG,2015,265.36267578661426
GFGU,COG,2020,251.5670375241973
GFGU,COG,2025,250.33062637755273
GFGU,COG,2030,256.5904977183484
GFGU,COG,2035,264.4156646510985
GFGU,COG,2040,264.1625575142219
GFGU,COG,2045,255.29785072953413
GFGU,COG,2050,240.2508945866735
GFGU,COG,2060,201.19585393002654
GFGU,COG,2070,158.22859602146863
GFGU,COG,2080,116.23858011076734
GFGU,COG,2090,83.73832419707465
GFGU,COG,2100,59.98381358054399
AMAZ,COL,2005,270.98399885342826
AMAZ,COL,2010,255.36812825744502
AMAZ,COL,2015,270.9520290021463
AMAZ,COL,2020,271.75074336403776
AMAZ,COL,2025,291.98036456645696
AMAZ,COL,2030,314.14767851042853
AMAZ,COL,2035,336.23044736754395
AMAZ,COL,2040,350.7967143609786
AMAZ,COL,2045,356.8265238466203
AMAZ,COL,2050,358.9341639473877
AMAZ,COL,2060,380.0701709910726
AMAZ,COL,2070,411.7284529796781
AMAZ,COL,2080,431.19462710712565
AMAZ,COL,2090,444.48645214487425
AMAZ,COL,2100,448.6835851728448
CARC,COL,2005,662.8969101441438
CARC,COL,2010,609.7289470468693
CARC,COL,2015,670.0382049065763
CARC,COL,2020,664.8304002450014
CARC,COL,2025,692.8563176783769
CARC,COL,2030,714.7357611579922
CARC,COL,2035,740.1231778303572
CARC,COL,2040,773.0165466864527
CARC,COL,2045,824.9965705885429
CARC,COL,2050,884.2399952636831
CARC,COL,2060,977.9352802374169
CARC,COL,2070,1029.3772612340026
CARC,COL,2080,1102.8723427299767
CARC,COL,2090,1221.461645355153
CARC,COL,2100,1425.2392125495676
CEPC,COL,2005,312.29777079443176
CEPC,COL,2010,294.36231609467103
CEPC,COL,2015,315.24460043518144
CEPC,COL,2020,319.90095560626554
CEPC,COL,2025,345.94601502500177
CEPC,COL,2030,370.9902947390909
CEPC,COL,2035,394.8944096778674
CEPC,COL,2040,411.8072724104419
CEPC,COL,2045,423.06099203590327
CEPC,COL,2050,435.6421758886054
CEPC,COL,2060,501.1576892820724
CEPC,COL,2070,558.0130776847545
CEPC,COL,2080,582.6253505944836
CEPC,COL,2090,592.7816972666755
CEPC,COL,2100,561.4364773564522
MAGD,COL,2005,1602.5896913072506
MAGD,COL,2010,1498.9393134509564
MAGD,COL,2015,1666.477127253021
MAGD,COL,2020,1642.8014436345215
MAGD,COL,2025,1713.3724268265628
MAGD,COL,2030,1790.4298323566352
MAGD,COL,2035,1884.434652872351
MAGD,COL,2040,2023.4778927570594
MAGD,COL,2045,2236.339003038857
MAGD,COL,2050,2472.1830408337228
MAGD,COL,2060,3006.764819654806
MAGD,COL,2070,3571.48778762207
MAGD,COL,2080,4037.1918131044445
MAGD,COL,2090,4507.843780232196
MAGD,COL,2100,4911.057363446535
ORIN,COL,2005,419.06191915260956
ORIN,COL,2010,405.25127221291365
ORIN,COL,2015,459.8430797663138
ORIN,COL,2020,447.52351815484826
ORIN,COL,2025,463.046998650919
ORIN,COL,2030,486.803117918123
ORIN,COL,2035,514.2976737267498
ORIN,COL,2040,543.5713595903594
ORIN,COL,2045,584.102440539803
ORIN,COL,2050,634.2329593565506
ORIN,COL,2060,769.0649283182065
ORIN,COL,2070,912.3777078136646
ORIN,COL,2080,1048.5431216393781
ORIN,COL,2090,1170.5863635215478
ORIN,COL,2100,1206.1549821026993
MADA,COM,2005,47.307351218004115
MADA,COM,2010,48.14378648966337
MADA,COM,2015,49.392349568524295
MADA,COM,2020,48.18421572131833
MADA,COM,2025,48.93042189272015
MADA,COM,2030,50.65198351403776
MADA,COM,2035,52.72763946930537
MADA,COM,2040,54.70084366236193
MADA,COM,2045,56.49032606070381
MADA,COM,2050,58.17639007203768
MADA,COM,2060,61.444917993997734
MADA,COM,2070,61.25343685167762
MADA,COM,2080,60.21485511465484
MADA,COM,2090,59.61410266685042
MADA,COM,2100,58.72888950797086
SCAM,CRI,2005,502.7048200378977
SCAM,CRI,2010,555.7828352019858
SCAM,CRI,2015,557.0347359767834
SCAM,CRI,2020,554.5421164279245
SCAM,CRI,2025,576.3687665028292
SCAM,CRI,2030,602.6266865343821
SCAM,CRI,2035,631.3283796001315
SCAM,CRI,2040,659.3195103781317
SCAM,CRI,2045,680.2473497161113
SCAM,CRI,2050,695.3191260959406
SCAM,CRI,2060,730.6824916285292
SCAM,CRI,2070,758.3381090642921
SCAM,CRI,2080,772.7163215928199
SCAM,CRI,2090,789.9292536998298
SCAM,CRI,2100,805.6625257853086
MSEC,CYP,2005,104.64074125609109
MSEC,CYP,2010,74.3310093060509
MSEC,CYP,2015,78.09085879871063
MSEC,CYP,2020,73.92288154898544
MSEC,CYP,2025,72.54614990498582
MSEC,CYP,2030,70.92287310916602
MSEC,CYP,2035,70.81726793334792
MSEC,CYP,2040,71.48191143526309
MSEC,CYP,2045,72.90614326063016
MSEC,CYP,2050,74.64143566761621
MSEC,CYP,2060,78.4786234267529
MSEC,CYP,2070,81.77467233495068
MSEC,CYP,2080,84.43141191630968
MSEC,CYP,2090,85.40954635539146
MSEC,CYP,2100,85.07948945399993
DANU,CZE,2005,1051.685467423015
DANU,CZE,2010,983.3904519056689
DANU,CZE,2015,965.4020142905077
DANU,CZE,2020,963.5805044189381
DANU,CZE,2025,987.2581780980772
DANU,CZE,2030,999.8542376679985
DANU,CZE,2035,1024.0477330956267
DANU,CZE,2040,1049.3636603807465
DANU,CZE,2045,1078.0628963808272
DANU,CZE,2050,1106.6306732523722
DANU,CZE,2060,1138.304741685925
DANU,CZE,2070,1136.6877876361586
DANU,CZE,2080,1145.3339447319488
DANU,CZE,2090,1158.4872155944802
DANU,CZE,2100,1173.8090800892917
ELBE,CZE,2005,2145.6546294751597
ELBE,CZE,2010,2021.2661289497617
ELBE,CZE,2015,1989.2504823510908
ELBE,CZE,2020,1983.917901105492
ELBE,CZE,2025,2037.674303146887
ELBE,CZE,2030,2073.2916692801978
ELBE,CZE,2035,2135.1541293330333
ELBE,CZE,2040,2203.2641008765418
ELBE,CZE,2045,2281.3023028284715
ELBE,CZE,2050,2359.341533063847
ELBE,CZE,2060,2457.5200498544
ELBE,CZE,2070,2467.770797337591
ELBE,CZE,2080,2496.2616566974193
ELBE,CZE,2090,2535.04362979414
ELBE,CZE,2100,2574.3906706857133
ODER,CZE,2005,223.2696294577024
ODER,CZE,2010,207.9342748398053
ODER,CZE,2015,205.19703108601468
ODER,CZE,2020,203.75610041986553
ODER,CZE,2025,210.84513530151446
ODER,CZE,2030,216.58394643779178
ODER,CZE,2035,224.55374283528374
ODER,CZE,2040,232.0981387846011
ODER,CZE,2045,239.675684256553
ODER,CZE,2050,246.91414482567794
ODER,CZE,2060,257.8383107078098
ODER,CZE,2070,259.4150275435879
ODER,CZE,2080,262.0062577229065
ODER,CZE,2090,265.3983556529841
ODER,CZE,2100,269.1053270655615
DANU,DEU,2005,1459.2367585022814
DANU,DEU,2010,1523.4605163894355
DANU,DEU,2015,1530.7416083727078
DANU,DEU,2020,1488.9857798219755
DANU,DEU,2025,1519.8740682750456
DANU,DEU,2030,1496.6515871107604
DANU,DEU,2035,1477.8852661867788
DANU,DEU,2040,1479.7426060963198
DANU,DEU,2045,1517.6059872811445
DANU,DEU,2050,1559.8034078893654
DANU,DEU,2060,1624.9617861071047
DANU,DEU,2070,1639.8554402747523
DANU,DEU,2080,1607.2168382357684
DANU,DEU,2090,1510.3917763508798
DANU,DEU,2100,1396.9590154112664
DGCO,DEU,2005,1131.8111142321259
DGCO,DEU,2010,1203.3972710622918
DGCO,DEU,2015,1153.654154390317
DGCO,DEU,2020,1124.5818055713373
DGCO,DEU,2025,1137.045833877694
DGCO,DEU,2030,1132.6060625720602
DGCO,DEU,2035,1139.7543670134385
DGCO,DEU,2040,1170.251057398258
DGCO,DEU,2045,1226.1652817283905
DGCO,DEU,2050,1279.5234396849721
DGCO,DEU,2060,1362.9771203380647
DGCO,DEU,2070,1375.2093542941013
DGCO,DEU,2080,1353.304443255022
DGCO,DEU,2090,1296.8621699599191
DGCO,DEU,2100,1226.730892728418
ELBE,DEU,2005,3167.266796984821
ELBE,DEU,2010,3318.4569542494633
ELBE,DEU,2015,3302.2658434620507
ELBE,DEU,2020,3217.3276201423027
ELBE,DEU,2025,3290.7394367104034
ELBE,DEU,2030,3227.098518570158
ELBE,DEU,2035,3203.763068167508
ELBE,DEU,2040,3247.2273766788535
ELBE,DEU,2045,3381.4854628631856
ELBE,DEU,2050,3532.377398058462
ELBE,DEU,2060,3799.57365115827
ELBE,DEU,2070,3883.948208561842
ELBE,DEU,2080,3845.202938342495
ELBE,DEU,2090,3660.1476001775404
ELBE,DEU,2100,3429.3000061478874
EWES,DEU,2005,2240.480762231882
EWES,DEU,2010,2315.8732006656082
EWES,DEU,2015,2317.513141845255
EWES,DEU,2020,2258.3356310707227
EWES,DEU,2025,2308.1268081980475
EWES,DEU,2030,2277.6066570098496
EWES,DEU,2035,2266.114167189452
EWES,DEU,2040,2303.2575867206456
EWES,DEU,2045,2408.545943199065
EWES,DEU,2050,2527.5296691027743
EWES,DEU,2060,2725.5978586337997
EWES,DEU,2070,2839.210827586047
EWES,DEU,2080,2876.5024416673427
EWES,DEU,2090,2790.590295732385
EWES,DEU,2100,2654.085871500487
RHIN,DEU,2005,3023.9852185077934
RHIN,DEU,2010,3134.359653217023
RHIN,DEU,2015,3140.684343220467
RHIN,DEU,2020,3057.060622693003
RHIN,DEU,2025,3125.2765913284557
RHIN,DEU,2030,3093.472266835448
RHIN,DEU,2035,3073.7349539330867
RHIN,DEU,2040,3100.1502472576854
RHIN,DEU,2045,3208.1923115003415
RHIN,DEU,2050,3337.3406732931444
RHIN,DEU,2060,3562.036878851592
RHIN,DEU,2070,3664.271482693313
RHIN,DEU,2080,3612.099596775656
RHIN,DEU,2090,3387.727336953962
RHIN,DEU,2100,3127.4683145771155
ARGA,DJI,2005,1.1861354230655912
ARGA,DJI,2010,1.590214242625581
ARGA,DJI,2015,1.9767569742107516
ARGA,DJI,2020,1.7797697004497681
ARGA,DJI,2025,1.6485690155524626
ARGA,DJI,2030,1.4786944816587173
ARGA,DJI,2035,1.4017484512110006
ARGA,DJI,2040,1.3468768057552298
ARGA,DJI,2045,1.3729294627989697
ARGA,DJI,2050,1.4635260355765363
ARGA,DJI,2060,1.8586330618219613
ARGA,DJI,2070,2.413719578261197
ARGA,DJI,2080,3.0321581571394196
ARGA,DJI,2090,3.0738138088017335
ARGA,DJI,2100,2.6259535902828617
RIFT,DJI,2005,0.02065844170228048
RIFT,DJI,2010,0.029295608759336917
RIFT,DJI,2015,0.0023739699221598494
RIFT,DJI,2020,0.0019625126230359093
RIFT,DJI,2025,0.0018080322976385065
RIFT,DJI,2030,0.0017968052579751923
RIFT,DJI,2035,0.0018822136541775674
RIFT,DJI,2040,0.0020577265745943046
RIFT,DJI,2045,0.0023408528330511923
RIFT,DJI,2050,0.002747640715941855
RIFT,DJI,2060,0.0033633445437340976
RIFT,DJI,2070,0.0032855945975131338
RIFT,DJI,2080,0.0035000572088101246
RIFT,DJI,2090,0.004320959946671553
RIFT,DJI,2100,0.005579702481521227
DGCO,DNK,2005,1999.7526849896378
DGCO,DNK,2010,2059.1628025722507
DGCO,DNK,2015,2025.4807436064846
DGCO,DNK,2020,2034.169920648351
DGCO,DNK,2025,2143.0001258563957
DGCO,DNK,2030,2182.8923042211827
DGCO,DNK,2035,2225.868666804028
DGCO,DNK,2040,2258.3167511728166
DGCO,DNK,2045,2298.6494112938135
DGCO,DNK,2050,2334.742406678571
DGCO,DNK,2060,2428.869234143353
DGCO,DNK,2070,2509.566767168327
DGCO,DNK,2080,2595.2852336816773
DGCO,DNK,2090,2678.8991829456154
DGCO,DNK,2100,2739.824506922341
CARI,DOM,2005,1003.2478318923042
CARI,DOM,2010,1004.2689139513631
CARI,DOM,2015,1120.0101575812316
CARI,DOM,2020,1123.5857784254158
CARI,DOM,2025,1157.0397252787363
CARI,DOM,2030,1198.2045605076921
CARI,DOM,2035,1243.7189597346953
CARI,DOM,2040,1286.3232255013736
CARI,DOM,2045,1323.5858346842206
CARI,DOM,2050,1351.724264086128
CARI,DOM,2060,1396.3876986349076
CARI,DOM,2070,1427.8725135523998
CARI,DOM,2080,1466.8467272125904
CARI,DOM,2090,1519.6933517199834
CARI,DOM,2100,1586.9523083744994
ANIN,DZA,2005,743.7842730857021
ANIN,DZA,2010,813.0088235616547
ANIN,DZA,2015,851.7631339645699
ANIN,DZA,2020,795.8005641380953
ANIN,DZA,2025,770.6650113117104
ANIN,DZA,2030,757.9972222428667
ANIN,DZA,2035,756.3737622467461
ANIN,DZA,2040,763.9509328955845
ANIN,DZA,2045,731.8063830109731
ANIN,DZA,2050,663.4805038571152
ANIN,DZA,2060,563.285158242578
ANIN,DZA,2070,485.13672918625366
ANIN,DZA,2080,427.4831356090117
ANIN,DZA,2090,367.726690039127
ANIN,DZA,2100,293.15054799545334
MSCC,DZA,2005,3883.582533321926
MSCC,DZA,2010,4165.500932918203
MSCC,DZA,2015,4353.38017956842
MSCC,DZA,2020,4084.9417943056496
MSCC,DZA,2025,3964.883211336432
MSCC,DZA,2030,3850.8438480264917
MSCC,DZA,2035,3742.019627920384
MSCC,DZA,2040,3661.747784861111
MSCC,DZA,2045,3592.6427443388334
MSCC,DZA,2050,3389.233912900309
MSCC,DZA,2060,2908.2947809907537
MSCC,DZA,2070,2483.339489416519
MSCC,DZA,2080,2126.4077375557918
MSCC,DZA,2090,1810.2486665143595
MSCC,DZA,2100,1455.8777149360892
AMAZ,ECU,2005,342.6423017657945
AMAZ,ECU,2010,478.2613370044206
AMAZ,ECU,2015,579.2947062132803
AMAZ,ECU,2020,551.5083514963608
AMAZ,ECU,2025,578.8227102701107
AMAZ,ECU,2030,605.3076414376727
AMAZ,ECU,2035,632.3016663577782
AMAZ,ECU,2040,660.5045334647218
AMAZ,ECU,2045,686.9389545305247
AMAZ,ECU,2050,705.933560850795
AMAZ,ECU,2060,703.029132635335
AMAZ,ECU,2070,662.0905146321653
AMAZ,ECU,2080,634.7080071765777
AMAZ,ECU,2090,630.0975742898758
AMAZ,ECU,2100,632.8277694077998
CEPC,ECU,2005,1886.2568367740769
CEPC,ECU,2010,1819.8570740904522
CEPC,ECU,2015,1767.219343600258
CEPC,ECU,2020,1682.7688104242588
CEPC,ECU,2025,1708.6222312910145
CEPC,ECU,2030,1759.0398664316238
CEPC,ECU,2035,1814.4793853265016
CEPC,ECU,2040,1885.5280982529018
CEPC,ECU,2045,2020.462968377327
CEPC,ECU,2050,2210.3502319202435
CEPC,ECU,2060,2577.2969557145902
CEPC,ECU,2070,2659.718121111583
CEPC,ECU,2080,2622.979791244618
CEPC,ECU,2090,2591.7187300093024
CEPC,ECU,2100,2558.620675557065
ANIN,EGY,2005,168.82791526356667
ANIN,EGY,2010,165.31855242317764
ANIN,EGY,2015,161.34342152438748
ANIN,EGY,2020,156.5320581417075
ANIN,EGY,2025,161.7459999338888
ANIN,EGY,2030,172.67210168675948
ANIN,EGY,2035,186.67318917648979
ANIN,EGY,2040,202.1395133682041
ANIN,EGY,2045,202.31733959142656
ANIN,EGY,2050,164.30373748805889
ANIN,EGY,2060,114.73379500486945
ANIN,EGY,2070,91.08564423700582
ANIN,EGY,2080,77.25402558411241
ANIN,EGY,2090,71.18086298687544
ANIN,EGY,2100,70.17753099822724
ARGA,EGY,2005,132.29818609461685
ARGA,EGY,2010,137.36960424579172
ARGA,EGY,2015,132.7953447197816
ARGA,EGY,2020,127.2416320163664
ARGA,EGY,2025,131.93111015237145
ARGA,EGY,2030,141.02265949812636
ARGA,EGY,2035,151.10433671741694
ARGA,EGY,2040,161.35796089509134
ARGA,EGY,2045,171.79990603524092
ARGA,EGY,2050,184.70885807159766
ARGA,EGY,2060,230.08227359067152
ARGA,EGY,2070,246.3717458616547
ARGA,EGY,2080,209.02609978607077
ARGA,EGY,2090,178.52244322191046
ARGA,EGY,2100,186.41406852986773
NILE,EGY,2005,2775.763818931764
NILE,EGY,2010,2887.1157103985374
NILE,EGY,2015,3007.41749571035
NILE,EGY,2020,2952.965732262058
NILE,EGY,2025,3071.9585300718054
NILE,EGY,2030,3273.6659946748046
NILE,EGY,2035,3498.2046306602374
NILE,EGY,2040,3719.3105677000954
NILE,EGY,2045,3939.0613811579674
NILE,EGY,2050,4067.858670532739
NILE,EGY,2060,3700.718548839914
NILE,EGY,2070,3441.270591432024
NILE,EGY,2080,3205.680474853018
NILE,EGY,2090,3058.8756977901144
NILE,EGY,2100,3024.986980852455
DOUR,ESP,2005,2229.586812705497
DOUR,ESP,2010,2014.8716500251699
DOUR,ESP,2015,2109.8365981050442
DOUR,ESP,2020,2038.0511871519902
DOUR,ESP,2025,2171.7481837161713
DOUR,ESP,2030,2170.9427788157345
DOUR,ESP,2035,2228.1121152758633
DOUR,ESP,2040,2301.5176413760055
DOUR,ESP,2045,2410.6291126818996
DOUR,ESP,2050,2533.91188466248
DOUR,ESP,2060,2955.761255706596
DOUR,ESP,2070,3490.308303206963
DOUR,ESP,2080,4092.7749928131398
DOUR,ESP,2090,4563.585572374826
DOUR,ESP,2100,4920.806544107998
EBRO,ESP,2005,2241.5201904579417
EBRO,ESP,2010,2045.1448033758693
EBRO,ESP,2015,2142.789578357265
EBRO,ESP,2020,2055.0598804718784
EBRO,ESP,2025,2135.0712331640066
EBRO,ESP,2030,2044.2637189388834
EBRO,ESP,2035,2001.2114561828616
EBRO,ESP,2040,1967.434501207989
EBRO,ESP,2045,1959.5850843376002
EBRO,ESP,2050,1959.125553081185
EBRO,ESP,2060,2011.4664903610462
EBRO,ESP,2070,2023.0492755971209
EBRO,ESP,2080,1965.3076179045888
EBRO,ESP,2090,1838.4590449883638
EBRO,ESP,2100,1716.2870625738526
GUAD,ESP,2005,1967.5640296697416
GUAD,ESP,2010,1867.1332993390458
GUAD,ESP,2015,1970.2827659390387
GUAD,ESP,2020,1899.82435811343
GUAD,ESP,2025,1969.0986648778073
GUAD,ESP,2030,1881.8795528328696
GUAD,ESP,2035,1856.0009405705212
GUAD,ESP,2040,1847.7354736652042
GUAD,ESP,2045,1866.0005659342205
GUAD,ESP,2050,1891.8651887636936
GUAD,ESP,2060,2004.3141155518808
GUAD,ESP,2070,2041.216498437762
GUAD,ESP,2080,1993.459038317986
GUAD,ESP,2090,1893.1007766848215
GUAD,ESP,2100,1789.7770176807132
GUDA,ESP,2005,1896.7865977856268
GUDA,ESP,2010,1824.085363107392
GUDA,ESP,2015,1933.7845673818636
GUDA,ESP,2020,1878.9683231949202
GUDA,ESP,2025,1970.8495475022212
GUDA,ESP,2030,1920.5743993121996
GUDA,ESP,2035,1925.8683076823993
GUDA,ESP,2040,1941.5828850231753
GUDA,ESP,2045,1979.842950189074
GUDA,ESP,2050,2025.8075456836873
GUDA,ESP,2060,2173.9432571391835
GUDA,ESP,2070,2222.0633713429643
GUDA,ESP,2080,2215.477134385514
GUDA,ESP,2090,2187.269734846842
GUDA,ESP,2100,2160.2118795910665
SPAC,ESP,2005,464.63928356397366
SPAC,ESP,2010,408.94862534217566
SPAC,ESP,2015,469.6900779384776
SPAC,ESP,2020,450.65722780708046
SPAC,ESP,2025,499.96076133336146
SPAC,ESP,2030,423.26908768554193
SPAC,ESP,2035,372.3849480933053
SPAC,ESP,2040,330.52413010473487
SPAC,ESP,2045,300.9598962046599
SPAC,ESP,2050,275.878542178429
SPAC,ESP,2060,245.62636107953148
SPAC,ESP,2070,233.39167352272852
SPAC,ESP,2080,230.88296218346747
SPAC,ESP,2090,226.82156081350246
SPAC,ESP,2100,228.10732962267963
SSEC,ESP,2005,2498.821837606707
SSEC,ESP,2010,2393.0626177845215
SSEC,ESP,2015,2493.16587778022
SSEC,ESP,2020,2405.099093671916
SSEC,ESP,2025,2510.648025161731
SSEC,ESP,2030,2405.468937673245
SSEC,ESP,2035,2368.119064721809
SSEC,ESP,2040,2343.909944169817
SSEC,ESP,2045,2349.083823880165
SSEC,ESP,2050,2365.4685497784335
SSEC,ESP,2060,2471.1448573480243
SSEC,ESP,2070,2491.370978049917
SSEC,ESP,2080,2453.2930292743827
SSEC,ESP,2090,2342.3509067095038
SSEC,ESP,2100,2205.149159059776
TAGU,ESP,2005,1232.6898604614876
TAGU,ESP,2010,1163.248558684623
TAGU,ESP,2015,1239.0417990678513
TAGU,ESP,2020,1190.3197955813052
TAGU,ESP,2025,1239.8059853676236
TAGU,ESP,2030,1169.099574589993
TAGU,ESP,2035,1132.6983719328623
TAGU,ESP,2040,1103.614951386321
TAGU,ESP,2045,1090.059822425492
TAGU,ESP,2050,1082.466829282197
TAGU,ESP,2060,1094.0020238173831
TAGU,ESP,2070,1074.2004073873018
TAGU,ESP,2080,1032.9908322158471
TAGU,ESP,2090,966.6653731887272
TAGU,ESP,2100,919.2749748850304
BSCC,EST,2005,311.29837603954445
BSCC,EST,2010,327.104203367137
BSCC,EST,2015,333.99167324829597
BSCC,EST,2020,327.5201656954542
BSCC,EST,2025,340.9456575266071
BSCC,EST,2030,340.85595357938263
BSCC,EST,2035,345.2946458245736
BSCC,EST,2040,347.151061953811
BSCC,EST,2045,350.77903959192025
BSCC,EST,2050,353.5298329700891
BSCC,EST,2060,358.68088406223364
BSCC,EST,2070,356.06125947367246
BSCC,EST,2080,349.9736026076655
BSCC,EST,2090,344.24449036870203
BSCC,EST,2100,344.9905880801184
NARV,EST,2005,224.27440002140472
NARV,EST,2010,236.07827270109206
NARV,EST,2015,241.28735479640488
NARV,EST,2020,236.38997159979925
NARV,EST,2025,246.12907908868442
NARV,EST,2030,248.06675798576805
NARV,EST,2035,253.485367480645
NARV,EST,2040,257.6374698588143
NARV,EST,2045,263.23884354808615
NARV,EST,2050,268.0753863421883
NARV,EST,2060,276.7223780066069
NARV,EST,2070,280.0238100064538
NARV,EST,2080,282.71778562530875
NARV,EST,2090,285.6560296226323
NARV,EST,2100,294.138813645636
ARGA,ETH,2005,0.6314643426557263
ARGA,ETH,2010,0.835201251482661
ARGA,ETH,2015,1.336830752719003
ARGA,ETH,2020,1.2483168889742529
ARGA,ETH,2025,1.2530286573440232
ARGA,ETH,2030,1.2814769653889804
ARGA,ETH,2035,1.2103687964094136
ARGA,ETH,2040,1.3041262394324942
ARGA,ETH,2045,1.3380386460910962
ARGA,ETH,2050,1.360952222521385
ARGA,ETH,2060,1.6008268498052278
ARGA,ETH,2070,1.8431232482966644
ARGA,ETH,2080,1.9658241453121819
ARGA,ETH,2090,1.9579762150497233
ARGA,ETH,2100,1.8524362586853482
NILE,ETH,2005,7285.03246263385
NILE,ETH,2010,9079.884553796031
NILE,ETH,2015,9983.810632823644
NILE,ETH,2020,9681.788097708613
NILE,ETH,2025,10157.092984200319
NILE,ETH,2030,10780.318905228125
NILE,ETH,2035,11275.658285511301
NILE,ETH,2040,11441.109032044731
NILE,ETH,2045,11007.843626702383
NILE,ETH,2050,10856.18774396986
NILE,ETH,2060,11021.359991906198
NILE,ETH,2070,11473.351630061818
NILE,ETH,2080,12069.934558314777
NILE,ETH,2090,12606.001977165639
NILE,ETH,2100,12714.693353159686
RIFT,ETH,2005,4010.176560422238
RIFT,ETH,2010,4920.328182592341
RIFT,ETH,2015,5441.717061766385
RIFT,ETH,2020,5334.747352917337
RIFT,ETH,2025,5673.508023453193
RIFT,ETH,2030,6149.088002063017
RIFT,ETH,2035,6638.067461491425
RIFT,ETH,2040,7077.7273789006895
RIFT,ETH,2045,7389.157058645188
RIFT,ETH,2050,7542.5842327391065
RIFT,ETH,2060,8036.6216024348705
RIFT,ETH,2070,8539.71802640624
RIFT,ETH,2080,9109.75714953827
RIFT,ETH,2090,9640.048389192674
RIFT,ETH,2100,9686.230825345161
SHJU,ETH,2005,1597.7885204209538
SHJU,ETH,2010,1932.7831039272012
SHJU,ETH,2015,2093.8809251876182
SHJU,ETH,2020,2031.54146784145
SHJU,ETH,2025,2157.64737596249
SHJU,ETH,2030,2362.9786714564584
SHJU,ETH,2035,2596.037197512262
SHJU,ETH,2040,2819.672107868316
SHJU,ETH,2045,2953.976159043871
SHJU,ETH,2050,3002.6438095685585
SHJU,ETH,2060,3253.7501938724513
SHJU,ETH,2070,3558.935063237428
SHJU,ETH,2080,3887.8402402385855
SHJU,ETH,2090,4396.722746225443
SHJU,ETH,2100,5066.884693406916
FINL,FIN,2005,1908.7927310922
FINL,FIN,2010,1863.0725731667492
FINL,FIN,2015,1884.4531625953214
FINL,FIN,2020,1861.3905166027237
FINL,FIN,2025,2018.3844236856144
FINL,FIN,2030,2028.1103893747704
FINL,FIN,2035,2065.4135771076226
FINL,FIN,2040,2082.912991313913
FINL,FIN,2045,2104.8495978499004
FINL,FIN,2050,2112.209504059404
FINL,FIN,2060,2116.3616751164363
FINL,FIN,2070,2157.773751269303
FINL,FIN,2080,2263.275866519152
FINL,FIN,2090,2379.2372062193595
FINL,FIN,2100,2328.864192023996
SPII,FJI,2005,178.87765324031406
SPII,FJI,2010,150.16408857350157
SPII,FJI,2015,158.78937926587642
SPII,FJI,2020,161.82405786173123
SPII,FJI,2025,168.05134968272026
SPII,FJI,2030,175.15210326709695
SPII,FJI,2035,181.98065597849325
SPII,FJI,2040,187.29859449100067
SPII,FJI,2045,189.79249485532586
SPII,FJI,2050,191.03055854077664
SPII,FJI,2060,192.69577743361262
SPII,FJI,2070,192.45704649910516
SPII,FJI,2080,194.05451668725945
SPII,FJI,2090,197.94549414140855
SPII,FJI,2100,202.92259697157766
FWCX,FRA,2005,4341.201173576406
FWCX,FRA,2010,4418.631285848469
FWCX,FRA,2015,4484.241508279976
FWCX,FRA,2020,4402.961566704709
FWCX,FRA,2025,4504.0530240841435
FWCX,FRA,2030,4548.989483025144
FWCX,FRA,2035,4637.742804097625
FWCX,FRA,2040,4702.384254047162
FWCX,FRA,2045,4779.550664603627
FWCX,FRA,2050,4849.710068410621
FWCX,FRA,2060,5016.8729953745815
FWCX,FRA,2070,5189.248509666389
FWCX,FRA,2080,5351.67739427647
FWCX,FRA,2090,5487.605505263926
FWCX,FRA,2100,5596.7734650410885
GIRD,FRA,2005,2787.142100285008
GIRD,FRA,2010,2836.847103558173
GIRD,FRA,2015,2882.6971491436593
GIRD,FRA,2020,2797.304403316522
GIRD,FRA,2025,2787.2466119371993
GIRD,FRA,2030,2740.1515201864186
GIRD,FRA,2035,2717.1268294361917
GIRD,FRA,2040,2660.7970774633186
GIRD,FRA,2045,2617.034732399178
GIRD,FRA,2050,2579.7746247106825
GIRD,FRA,2060,2511.9673585705855
GIRD,FRA,2070,2398.6591643285433
GIRD,FRA,2080,2269.4917894245427
GIRD,FRA,2090,2098.4637818565247
GIRD,FRA,2100,1921.5487892481515
LOIR,FRA,2005,3761.4083235249745
LOIR,FRA,2010,3891.382802723172
LOIR,FRA,2015,3957.705843454034
LOIR,FRA,2020,3865.233189247155
LOIR,FRA,2025,3912.742615476734
LOIR,FRA,2030,3918.841732419355
LOIR,FRA,2035,3963.294996542721
LOIR,FRA,2040,3944.970064239506
LOIR,FRA,2045,3933.7109347398077
LOIR,FRA,2050,3921.290995921168
LOIR,FRA,2060,3948.8378910809174
LOIR,FRA,2070,3990.7976419991273
LOIR,FRA,2080,4027.252677917592
LOIR,FRA,2090,4012.6003012288593
LOIR,FRA,2100,3959.4726312335806
NESO,FRA,2005,2.201410441983871
NESO,FRA,2010,2.955268567631341
NESO,FRA,2015,2.0089802647630832
NESO,FRA,2020,2.103154915423242
NESO,FRA,2025,2.6853039690093086
NESO,FRA,2030,2.448507843181766
NESO,FRA,2035,2.422667050258322
NESO,FRA,2040,2.4396328329732606
NESO,FRA,2045,2.5563787412956893
NESO,FRA,2050,2.751561403918918
NESO,FRA,2060,3.3967592272172897
NESO,FRA,2070,4.266881047221535
NESO,FRA,2080,4.980445653406639
NESO,FRA,2090,5.337433834505984
NESO,FRA,2100,5.645344805968267
RHON,FRA,2005,3304.4090145743808
RHON,FRA,2010,3395.8963293574457
RHON,FRA,2015,3445.189520553519
RHON,FRA,2020,3348.590547096293
RHON,FRA,2025,3357.5161524317496
RHON,FRA,2030,3337.7204632703583
RHON,FRA,2035,3336.654679964174
RHON,FRA,2040,3277.2320023779184
RHON,FRA,2045,3223.4813955065515
RHON,FRA,2050,3169.233771249159
RHON,FRA,2060,3075.078248082041
RHON,FRA,2070,2927.5225669644524
RHON,FRA,2080,2749.759023208681
RHON,FRA,2090,2527.0874819011938
RHON,FRA,2100,2294.1705733505078
SEIN,FRA,2005,3383.679088885832
SEIN,FRA,2010,3514.620347900419
SEIN,FRA,2015,3593.190367855427
SEIN,FRA,2020,3569.597048502539
SEIN,FRA,2025,3716.6208558843273
SEIN,FRA,2030,3833.697572027784
SEIN,FRA,2035,3980.820734852184
SEIN,FRA,2040,4067.0914191556712
SEIN,FRA,2045,4163.150629865154
SEIN,FRA,2050,4253.973715056217
SEIN,FRA,2060,4495.672400292779
SEIN,FRA,2070,4766.435928793565
SEIN,FRA,2080,5044.233413984312
SEIN,FRA,2090,5282.413230661973
SEIN,FRA,2100,5449.064760860048
GFGU,GAB,2005,423.9719164601951
GFGU,GAB,2010,431.0960116396669
GFGU,GAB,2015,433.0965996432469
GFGU,GAB,2020,419.12211350758827
GFGU,GAB,2025,418.68356239820594
GFGU,GAB,2030,428.6688495015249
GFGU,GAB,2035,445.89384834353376
GFGU,GAB,2040,455.5267388063749
GFGU,GAB,2045,453.30239606437874
GFGU,GAB,2050,440.88137477989625
GFGU,GAB,2060,395.8778081852138
GFGU,GAB,2070,339.42342716799595
GFGU,GAB,2080,274.60365403482814
GFGU,GAB,2090,203.09479817362626
GFGU,GAB,2100,139.7495931732844
EAWC,GBR,2005,4893.916069178423
EAWC,GBR,2010,5076.926036618254
EAWC,GBR,2015,5047.476140813183
EAWC,GBR,2020,4956.561181790962
EAWC,GBR,2025,4892.7520925914305
EAWC,GBR,2030,4731.006172485976
EAWC,GBR,2035,4667.648495706387
EAWC,GBR,2040,4704.563612229035
EAWC,GBR,2045,4849.470513876062
EAWC,GBR,2050,4977.363389830836
EAWC,GBR,2060,5108.275791038504
EAWC,GBR,2070,5171.907697364318
EAWC,GBR,2080,5203.367581675935
EAWC,GBR,2090,5207.515471610909
EAWC,GBR,2100,5035.813028788432
IREL,GBR,2005,51.975774939855846
IREL,GBR,2010,48.183432628481064
IREL,GBR,2015,48.50250477726357
IREL,GBR,2020,45.933271839840735
IREL,GBR,2025,45.44088404844233
IREL,GBR,2030,38.958971462729004
IREL,GBR,2035,34.64937219973938
IREL,GBR,2040,32.79031009008972
IREL,GBR,2045,31.927915427327232
IREL,GBR,2050,31.136163525199063
IREL,GBR,2060,28.56001573360522
IREL,GBR,2070,22.244044509327594
IREL,GBR,2080,18.62531250014683
IREL,GBR,2090,16.089733711285643
IREL,GBR,2100,14.1510875876381
SCTD,GBR,2005,565.7985899839352
SCTD,GBR,2010,588.0373575852618
SCTD,GBR,2015,621.079921858088
SCTD,GBR,2020,603.5842680368416
SCTD,GBR,2025,596.4674268221347
SCTD,GBR,2030,536.610338809962
SCTD,GBR,2035,496.6600717833609
SCTD,GBR,2040,475.1804462862465
SCTD,GBR,2045,468.1329997420422
SCTD,GBR,2050,461.50530173573947
SCTD,GBR,2060,443.36736009244174
SCTD,GBR,2070,412.15072928368545
SCTD,GBR,2080,389.997067472092
SCTD,GBR,2090,366.7318515509543
SCTD,GBR,2100,331.3996151805716
BSSC,GEO,2005,177.77511384276522
BSSC,GEO,2010,138.41964680223927
BSSC,GEO,2015,128.2988497456085
BSSC,GEO,2020,123.70080812488362
BSSC,GEO,2025,126.81840999817149
BSSC,GEO,2030,129.85155505238856
BSSC,GEO,2035,131.21022944423794
BSSC,GEO,2040,129.41248598036697
BSSC,GEO,2045,123.04272018532652
BSSC,GEO,2050,116.62656421646247
BSSC,GEO,2060,104.89539792776029
BSSC,GEO,2070,93.5657539799481
BSSC,GEO,2080,83.19490820762562
BSSC,GEO,2090,74.27025050426838
BSSC,GEO,2100,67.45435307828613
CSSW,GEO,2005,331.8286059059991
CSSW,GEO,2010,286.2501196550644
CSSW,GEO,2015,275.9867654401867
CSSW,GEO,2020,264.3659523973367
CSSW,GEO,2025,272.45047449217725
CSSW,GEO,2030,286.9275604930028
CSSW,GEO,2035,302.8191763311759
CSSW,GEO,2040,314.6163522750764
CSSW,GEO,2045,317.8816975420246
CSSW,GEO,2050,317.8150604792162
CSSW,GEO,2060,312.9299497040688
CSSW,GEO,2070,300.27815550452755
CSSW,GEO,2080,278.7047821542019
CSSW,GEO,2090,252.0965348812298
CSSW,GEO,2100,225.65773063535147
AFWC,GHA,2005,2346.749131136915
AFWC,GHA,2010,2522.75481238556
AFWC,GHA,2015,2697.6976665492525
AFWC,GHA,2020,2596.421597259238
AFWC,GHA,2025,2633.1222704957822
AFWC,GHA,2030,2660.8342352933314
AFWC,GHA,2035,2684.688176108356
AFWC,GHA,2040,2672.456403849292
AFWC,GHA,2045,2670.2594998878894
AFWC,GHA,2050,2661.6168640383194
AFWC,GHA,2060,2530.705750152753
AFWC,GHA,2070,2252.8155361498934
AFWC,GHA,2080,1823.2514666863747
AFWC,GHA,2090,1216.604171097437
AFWC,GHA,2100,816.1703715563316
VOLT,GHA,2005,3567.157673257272
VOLT,GHA,2010,3907.7301262015617
VOLT,GHA,2015,4228.216384183302
VOLT,GHA,2020,4077.1711442417113
VOLT,GHA,2025,4163.090684036142
VOLT,GHA,2030,4212.658368730132
VOLT,GHA,2035,4228.968384807596
VOLT,GHA,2040,4227.235456717016
VOLT,GHA,2045,4301.812474007104
VOLT,GHA,2050,4424.331315326431
VOLT,GHA,2060,4734.345413528348
VOLT,GHA,2070,5056.918706483613
VOLT,GHA,2080,5486.209045006645
VOLT,GHA,2090,6083.51201389299
VOLT,GHA,2100,6153.311102723859
AFWC,GIN,2005,996.7702099896119
AFWC,GIN,2010,1332.617525654155
AFWC,GIN,2015,1765.3440115772503
AFWC,GIN,2020,1694.436590175792
AFWC,GIN,2025,1726.3453530181757
AFWC,GIN,2030,1775.6200635339976
AFWC,GIN,2035,1600.3554704843132
AFWC,GIN,2040,1390.1127531952407
AFWC,GIN,2045,1183.8288149454297
AFWC,GIN,2050,988.4778233968641
AFWC,GIN,2060,694.6799346516409
AFWC,GIN,2070,479.33894570992766
AFWC,GIN,2080,302.00173065288396
AFWC,GIN,2090,266.32282714859105
AFWC,GIN,2100,313.4769853219888
NIGE,GIN,2005,642.4994658394736
NIGE,GIN,2010,851.5097465809881
NIGE,GIN,2015,1077.9015600599287
NIGE,GIN,2020,1015.877168998162
NIGE,GIN,2025,996.1300348047495
NIGE,GIN,2030,954.6398324350222
NIGE,GIN,2035,866.7365153172017
NIGE,GIN,2040,732.7649696453948
NIGE,GIN,2045,599.4858126964215
NIGE,GIN,2050,480.9254295166875
NIGE,GIN,2060,306.5910218834247
NIGE,GIN,2070,198.14053717455815
NIGE,GIN,2080,122.83442316274967
NIGE,GIN,2090,111.87951366943507
NIGE,GIN,2100,137.38564246074156
SENE,GIN,2005,192.48418842096268
SENE,GIN,2010,245.81226499144208
SENE,GIN,2015,327.3855246603082
SENE,GIN,2020,299.43417041759545
SENE,GIN,2025,261.56246249756293
SENE,GIN,2030,227.28913150500117
SENE,GIN,2035,193.233788118767
SENE,GIN,2040,158.62370063657448
SENE,GIN,2045,129.63889172455515
SENE,GIN,2050,105.52026086189933
SENE,GIN,2060,70.75918511890583
SENE,GIN,2070,48.866997947700206
SENE,GIN,2080,32.49024882092863
SENE,GIN,2090,27.963284536167432
SENE,GIN,2100,30.198925943329467
AFWC,GMB,2005,206.34249815527096
AFWC,GMB,2010,331.89288949597676
AFWC,GMB,2015,334.33630994609894
AFWC,GMB,2020,329.4717551277205
AFWC,GMB,2025,337.9547365774047
AFWC,GMB,2030,350.66754639817253
AFWC,GMB,2035,362.8422237981875
AFWC,GMB,2040,370.54309841375874
AFWC,GMB,2045,371.3743007366259
AFWC,GMB,2050,373.6024476936064
AFWC,GMB,2060,387.94951317314667
AFWC,GMB,2070,411.9434372328403
AFWC,GMB,2080,447.3936124396132
AFWC,GMB,2090,476.2578910750632
AFWC,GMB,2100,485.0578011886699
AFWC,GNB,2005,459.4534344099244
AFWC,GNB,2010,478.94603415449376
AFWC,GNB,2015,480.7771061667923
AFWC,GNB,2020,464.01936048662475
AFWC,GNB,2025,446.1292235361488
AFWC,GNB,2030,423.6723967512552
AFWC,GNB,2035,393.13543782144103
AFWC,GNB,2040,357.4421989210558
AFWC,GNB,2045,320.75404113419717
AFWC,GNB,2050,288.22434231836655
AFWC,GNB,2060,263.0521548963941
AFWC,GNB,2070,260.8569280271615
AFWC,GNB,2080,273.7734172564358
AFWC,GNB,2090,298.90089231185857
AFWC,GNB,2100,329.9823674753544
AGBS,GRC,2005,3281.941729863889
AGBS,GRC,2010,3143.2270045174246
AGBS,GRC,2015,2837.5678741355405
AGBS,GRC,2020,2726.3171038117594
AGBS,GRC,2025,2721.914361802662
AGBS,GRC,2030,2740.51101884737
AGBS,GRC,2035,2823.0827727374794
AGBS,GRC,2040,2943.9414653787367
AGBS,GRC,2045,3092.8281801709763
AGBS,GRC,2050,3251.8725082672154
AGBS,GRC,2060,3575.4504669941507
AGBS,GRC,2070,3739.306185494387
AGBS,GRC,2080,3894.2154501554196
AGBS,GRC,2090,4064.3147507481917
AGBS,GRC,2100,4181.162899510344
CARC,GRD,2005,3.5667650534213715
CARC,GRD,2010,4.048597671052228
CARC,GRD,2015,3.1266209835788237
CARC,GRD,2020,3.0974086342166416
CARC,GRD,2025,3.1725298151336734
CARC,GRD,2030,3.284463016673546
CARC,GRD,2035,3.3881636146513405
CARC,GRD,2040,3.4340409095810243
CARC,GRD,2045,3.4453208938409055
CARC,GRD,2050,3.408178387449495
CARC,GRD,2060,3.295523447474762
CARC,GRD,2070,3.1102613244467197
CARC,GRD,2080,2.943511315580617
CARC,GRD,2090,2.8145486156503003
CARC,GRD,2100,2.728466239911994
GRIJ,GTM,2005,656.421767776277
GRIJ,GTM,2010,782.634433163274
GRIJ,GTM,2015,905.448398923163
GRIJ,GTM,2020,903.577233441453
GRIJ,GTM,2025,942.3635380910356
GRIJ,GTM,2030,963.0382974029275
GRIJ,GTM,2035,977.1585206877802
GRIJ,GTM,2040,989.388688326418
GRIJ,GTM,2045,1000.2623839907681
GRIJ,GTM,2050,1011.8743208519453
GRIJ,GTM,2060,1032.2784068643664
GRIJ,GTM,2070,1061.5572436292205
GRIJ,GTM,2080,1092.685533682103
GRIJ,GTM,2090,1123.7696013259
GRIJ,GTM,2100,1143.7681427426542
SCAM,GTM,2005,438.2766123165859
SCAM,GTM,2010,550.3468636006402
SCAM,GTM,2015,608.7451806314449
SCAM,GTM,2020,610.2903760431263
SCAM,GTM,2025,638.0734515481166
SCAM,GTM,2030,655.4920591484375
SCAM,GTM,2035,675.0528428377714
SCAM,GTM,2040,693.3779496122364
SCAM,GTM,2045,702.3980577902589
SCAM,GTM,2050,704.7933044033994
SCAM,GTM,2060,691.927315737323
SCAM,GTM,2070,684.7086823736296
SCAM,GTM,2080,677.1059983739783
SCAM,GTM,2090,655.3132030108934
SCAM,GTM,2100,622.8131025876017
YUPA,GTM,2005,597.2034720675118
YUPA,GTM,2010,716.2457248383128
YUPA,GTM,2015,814.5161090943382
YUPA,GTM,2020,817.4123761874929
YUPA,GTM,2025,858.5294648206806
YUPA,GTM,2030,892.0860532647151
YUPA,GTM,2035,921.9027742733215
YUPA,GTM,2040,948.0636314511924
YUPA,GTM,2045,975.7385620545755
YUPA,GTM,2050,1008.5484618505077
YUPA,GTM,2060,1070.8055831543036
YUPA,GTM,2070,1124.67397416124
YUPA,GTM,2080,1186.336189777186
YUPA,GTM,2090,1256.9592143966297
YUPA,GTM,2100,1329.9955672363317
AMAZ,GUY,2005,14.270375913303322
AMAZ,GUY,2010,11.109187699991818
AMAZ,GUY,2015,52.69315309770244
AMAZ,GUY,2020,52.49567084719257
AMAZ,GUY,2025,58.60625635329904
AMAZ,GUY,2030,60.648037118214035
AMAZ,GUY,2035,62.21356136874991
AMAZ,GUY,2040,62.86051860941116
AMAZ,GUY,2045,63.190809239269676
AMAZ,GUY,2050,62.74211477740812
AMAZ,GUY,2060,60.61392533322505
AMAZ,GUY,2070,58.01872768973421
AMAZ,GUY,2080,57.90784269901074
AMAZ,GUY,2090,62.045784494677235
AMAZ,GUY,2100,66.76573290567919
NESO,GUY,2005,324.9217193147691
NESO,GUY,2010,331.6962817187063
NESO,GUY,2015,292.04016081148706
NESO,GUY,2020,299.9294154255878
NESO,GUY,2025,319.9121045634331
NESO,GUY,2030,340.5350788154683
NESO,GUY,2035,356.1862605130099
NESO,GUY,2040,362.1721892787047
NESO,GUY,2045,361.92189507313805
NESO,GUY,2050,355.6397042452721
NESO,GUY,2060,334.00584994783253
NESO,GUY,2070,311.08231383338915
NESO,GUY,2080,305.8052332540201
NESO,GUY,2090,328.02624239955486
NESO,GUY,2100,356.21907563421547
CHIN,HKG,2005,0.28534882752720214
CHIN,HKG,2010,1.795913800989242
CHIN,HKG,2015,1.674593860846378
CHIN,HKG,2020,1.6624789877685453
CHIN,HKG,2025,1.6700201829939898
CHIN,HKG,2030,1.6476300089867386
CHIN,HKG,2035,1.624969181252752
CHIN,HKG,2040,1.6013322601214428
CHIN,HKG,2045,1.5792884284847961
CHIN,HKG,2050,1.5313489183347841
CHIN,HKG,2060,1.368132160632586
CHIN,HKG,2070,1.231244121317716
CHIN,HKG,2080,1.121974250661525
CHIN,HKG,2090,1.0399800622503272
CHIN,HKG,2100,0.9686729323012269
SCAM,HND,2005,1234.015621603526
SCAM,HND,2010,1295.8154625779023
SCAM,HND,2015,1359.1291115434017
SCAM,HND,2020,1351.1129852406061
SCAM,HND,2025,1423.5060694149354
SCAM,HND,2030,1487.621253676395
SCAM,HND,2035,1551.382869657417
SCAM,HND,2040,1608.2712824082228
SCAM,HND,2045,1658.1807350901427
SCAM,HND,2050,1707.0471789402093
SCAM,HND,2060,1787.3115605574217
SCAM,HND,2070,1857.9151247727632
SCAM,HND,2080,1936.914554553974
SCAM,HND,2090,1988.9443680589263
SCAM,HND,2100,1967.422782733969
AGBS,HRV,2005,194.91883580786094
AGBS,HRV,2010,204.74810610539123
AGBS,HRV,2015,182.97583283802118
AGBS,HRV,2020,138.18652388981465
AGBS,HRV,2025,127.61514994430982
AGBS,HRV,2030,123.94521465117228
AGBS,HRV,2035,122.16677894787836
AGBS,HRV,2040,119.83525818093628
AGBS,HRV,2045,117.17152178627119
AGBS,HRV,2050,114.25444884229859
AGBS,HRV,2060,109.97467790252199
AGBS,HRV,2070,106.08870319329375
AGBS,HRV,2080,98.85739721041924
AGBS,HRV,2090,94.72058252048578
AGBS,HRV,2100,92.31991439494345
DANU,HRV,2005,830.8622221056179
DANU,HRV,2010,871.054928209024
DANU,HRV,2015,792.6730647235406
DANU,HRV,2020,631.6730446946094
DANU,HRV,2025,591.6119204315717
DANU,HRV,2030,573.8080623153847
DANU,HRV,2035,565.9646993478991
DANU,HRV,2040,556.6798137452007
DANU,HRV,2045,546.0353469351719
DANU,HRV,2050,534.0295867137894
DANU,HRV,2060,516.2664631167092
DANU,HRV,2070,499.0424540027556
DANU,HRV,2080,465.5120983921388
DANU,HRV,2090,444.3227075812792
DANU,HRV,2100,428.49251799004827
CARI,HTI,2005,847.7162258070915
CARI,HTI,2010,989.3823089008666
CARI,HTI,2015,1045.189025543942
CARI,HTI,2020,1035.8504449251527
CARI,HTI,2025,1064.167267441641
CARI,HTI,2030,1064.6565087605125
CARI,HTI,2035,1050.987652627409
CARI,HTI,2040,1025.0036902323723
CARI,HTI,2045,991.0580785068233
CARI,HTI,2050,955.6701473284951
CARI,HTI,2060,897.3446124508888
CARI,HTI,2070,866.7818812777765
CARI,HTI,2080,898.3144916665696
CARI,HTI,2090,929.5920277379072
CARI,HTI,2100,964.6634307584912
DANU,HUN,2005,4485.250886740799
DANU,HUN,2010,4265.7557030876715
DANU,HUN,2015,4297.505315346576
DANU,HUN,2020,4319.765154699911
DANU,HUN,2025,4523.358618857403
DANU,HUN,2030,4637.71348856689
DANU,HUN,2035,4731.495704372076
DANU,HUN,2040,4789.480526504413
DANU,HUN,2045,4834.951049013445
DANU,HUN,2050,4863.624753736385
DANU,HUN,2060,4853.66674909327
DANU,HUN,2070,4824.620338591367
DANU,HUN,2080,4816.00509202556
DANU,HUN,2090,4810.41584306739
DANU,HUN,2100,4797.945069764395
IRJA,IDN,2005,3817.60084076992
IRJA,IDN,2010,5069.11495797702
IRJA,IDN,2015,5647.8565582732945
IRJA,IDN,2020,5767.389291046454
IRJA,IDN,2025,6073.603260070371
IRJA,IDN,2030,6327.133454153161
IRJA,IDN,2035,6495.690551747855
IRJA,IDN,2040,6583.622197677927
IRJA,IDN,2045,6605.335785697835
IRJA,IDN,2050,6596.586006299547
IRJA,IDN,2060,6447.91448692103
IRJA,IDN,2070,6151.281723135572
IRJA,IDN,2080,5955.553118288403
IRJA,IDN,2090,5920.341630096579
IRJA,IDN,2100,5764.135779403649
JATI,IDN,2005,3738.784220710381
JATI,IDN,2010,3884.6929201752832
JATI,IDN,2015,3701.1761386231547
JATI,IDN,2020,3825.448352975377
JATI,IDN,2025,3996.7128677093538
JATI,IDN,2030,4121.682725172617
JATI,IDN,2035,4234.506157415997
JATI,IDN,2040,4310.70334704746
JATI,IDN,2045,4394.748725625743
JATI,IDN,2050,4461.945655816589
JATI,IDN,2060,4625.744261509035
JATI,IDN,2070,4729.742147855849
JATI,IDN,2080,4842.481473508664
JATI,IDN,2090,4915.227371418198
JATI,IDN,2100,4535.341066702671
KALI,IDN,2005,6477.332535246844
KALI,IDN,2010,7365.717242549044
KALI,IDN,2015,8188.237411473883
KALI,IDN,2020,8360.647167504667
KALI,IDN,2025,8712.260909968394
KALI,IDN,2030,9085.932767281236
KALI,IDN,2035,9334.101172456894
KALI,IDN,2040,9470.093684426552
KALI,IDN,2045,9537.37632866087
KALI,IDN,2050,9578.84409166415
KALI,IDN,2060,9617.442433381693
KALI,IDN,2070,9483.93352985572
KALI,IDN,2080,9521.648489299369
KALI,IDN,2090,9578.153555773235
KALI,IDN,2100,9456.169844051525
SULA,IDN,2005,3628.1133310148316
SULA,IDN,2010,3907.6249297805616
SULA,IDN,2015,3849.6547442683773
SULA,IDN,2020,3985.194737907762
SULA,IDN,2025,4199.85884214563
SULA,IDN,2030,4342.561438813567
SULA,IDN,2035,4482.116773425753
SULA,IDN,2040,4592.719061299474
SULA,IDN,2045,4694.307035917382
SULA,IDN,2050,4759.662286002036
SULA,IDN,2060,4891.1480904708105
SULA,IDN,2070,4978.176748860292
SULA,IDN,2080,5034.464918648384
SULA,IDN,2090,5080.750089879628
SULA,IDN,2100,5090.4471606788375
SUMA,IDN,2005,8779.357101290187
SUMA,IDN,2010,9998.56354746343
SUMA,IDN,2015,10958.890754955964
SUMA,IDN,2020,11200.775269828071
SUMA,IDN,2025,11620.022158219865
SUMA,IDN,2030,12036.826722868424
SUMA,IDN,2035,12351.432870680565
SUMA,IDN,2040,12566.042760656228
SUMA,IDN,2045,12743.309174452123
SUMA,IDN,2050,12892.770016336497
SUMA,IDN,2060,13202.302298857745
SUMA,IDN,2070,13284.39793259115
SUMA,IDN,2080,12935.1612328814
SUMA,IDN,2090,12277.44388933603
SUMA,IDN,2100,12617.167114267018
GABR,IND,2005,61132.54415933991
GABR,IND,2010,61335.169806088874
GABR,IND,2015,63244.58356324991
GABR,IND,2020,64540.02003842591
GABR,IND,2025,67977.07216861748
GABR,IND,2030,71320.99665379662
GABR,IND,2035,74536.94925856713
GABR,IND,2040,76466.4717729448
GABR,IND,2045,77454.95454131505
GABR,IND,2050,77952.96124391192
GABR,IND,2060,78815.32758005182
GABR,IND,2070,78995.97663183948
GABR,IND,2080,79321.59845375961
GABR,IND,2090,79012.89784025986
GABR,IND,2100,78553.92507918886
GODA,IND,2005,22973.73340529926
GODA,IND,2010,22655.25102877248
GODA,IND,2015,22348.612675387092
GODA,IND,2020,22857.467810742743
GODA,IND,2025,24017.69878587585
GODA,IND,2030,24883.39057838423
GODA,IND,2035,25372.627767219215
GODA,IND,2040,25456.82436625606
GODA,IND,2045,25714.324012716348
GODA,IND,2050,26483.712804558367
GODA,IND,2060,28095.208984323028
GODA,IND,2070,28819.723065162896
GODA,IND,2080,28939.93390472185
GODA,IND,2090,28584.04172938275
GODA,IND,2100,28101.95531407384
INDU,IND,2005,1795.7994513945096
INDU,IND,2010,1832.6617746551922
INDU,IND,2015,1965.9655616084733
INDU,IND,2020,2036.3763520784187
INDU,IND,2025,2216.4458818847747
INDU,IND,2030,2384.031348328037
INDU,IND,2035,2571.7074707371403
INDU,IND,2040,2743.6024754681744
INDU,IND,2045,2834.0827834767774
INDU,IND,2050,2846.4910421932127
INDU,IND,2060,2876.7264478080315
INDU,IND,2070,3109.098602017625
INDU,IND,2080,3265.061014247206
INDU,IND,2090,3286.751853474202
INDU,IND,2100,3204.1920945199718
KRIS,IND,2005,35715.776119629845
KRIS,IND,2010,34654.16011063751
KRIS,IND,2015,33747.92238957364
KRIS,IND,2020,34398.353955726896
KRIS,IND,2025,36113.289881095574
KRIS,IND,2030,37870.75550168285
KRIS,IND,2035,39380.67103561837
KRIS,IND,2040,40219.08726568914
KRIS,IND,2045,40433.688487635416
KRIS,IND,2050,40316.65657036128
KRIS,IND,2060,40512.536894943216
KRIS,IND,2070,40234.39123165854
KRIS,IND,2080,39899.181386842334
KRIS,IND,2090,39086.82423103628
KRIS,IND,2100,38274.52924757084
SABA,IND,2005,20670.494951860957
SABA,IND,2010,20213.370173504103
SABA,IND,2015,20218.4609801402
SABA,IND,2020,20650.641345082437
SABA,IND,2025,22019.60312675229
SABA,IND,2030,23520.54778772474
SABA,IND,2035,24746.232166645546
SABA,IND,2040,25029.468019499058
SABA,IND,2045,25133.819247472118
SABA,IND,2050,24913.724254307795
SABA,IND,2060,24452.27025143187
SABA,IND,2070,24420.34875562311
SABA,IND,2080,24623.69428683435
SABA,IND,2090,24822.008584927484
SABA,IND,2100,24951.63614545038
IREL,IRL,2005,1178.1938890872498
IREL,IRL,2010,485.8429617468223
IREL,IRL,2015,1087.8806113389019
IREL,IRL,2020,1113.186166661795
IREL,IRL,2025,1323.2900182755363
IREL,IRL,2030,1403.9041964182995
IREL,IRL,2035,1454.9971866360506
IREL,IRL,2040,1479.2826498016123
IREL,IRL,2045,1479.7247703857597
IREL,IRL,2050,1399.3622482136655
IREL,IRL,2060,1306.1693248215604
IREL,IRL,2070,1212.824584090991
IREL,IRL,2080,1135.596568418841
IREL,IRL,2090,1072.6826409546045
IREL,IRL,2100,1020.6181777963792
CIRA,IRN,2005,6065.532916466613
CIRA,IRN,2010,5805.660479310469
CIRA,IRN,2015,5770.03947057587
CIRA,IRN,2020,5415.005165805735
CIRA,IRN,2025,5527.197144428332
CIRA,IRN,2030,5642.676914878171
CIRA,IRN,2035,5783.916744885888
CIRA,IRN,2040,5919.593633057961
CIRA,IRN,2045,5916.295774141874
CIRA,IRN,2050,5850.530793518336
CIRA,IRN,2060,5672.5625505999105
CIRA,IRN,2070,5358.572243435285
CIRA,IRN,2080,5040.262648593232
CIRA,IRN,2090,4785.442253217628
CIRA,IRN,2100,4721.586184600217
CSEC,IRN,2005,2288.0284155730387
CSEC,IRN,2010,2167.733777486157
CSEC,IRN,2015,2164.4968813007595
CSEC,IRN,2020,2040.061314536715
CSEC,IRN,2025,2086.4307506862137
CSEC,IRN,2030,2123.1066016199975
CSEC,IRN,2035,2169.085212590811
CSEC,IRN,2040,2214.1941470750257
CSEC,IRN,2045,2207.1113521882107
CSEC,IRN,2050,2183.1399286685637
CSEC,IRN,2060,2147.0071522691997
CSEC,IRN,2070,2035.0629376709
CSEC,IRN,2080,1886.3246579595166
CSEC,IRN,2090,1758.3783120500143
CSEC,IRN,2100,1667.6357691476196
CSSW,IRN,2005,3037.298461483971
CSSW,IRN,2010,2893.8486537246135
CSSW,IRN,2015,2859.600329334867
CSSW,IRN,2020,2716.5458532294815
CSSW,IRN,2025,2766.128302288138
CSSW,IRN,2030,2749.6144400199237
CSSW,IRN,2035,2717.234814284081
CSSW,IRN,2040,2688.999661465392
CSSW,IRN,2045,2609.521393127158
CSSW,IRN,2050,2528.212691136087
CSSW,IRN,2060,2445.3578795358435
CSSW,IRN,2070,2286.2514100313565
CSSW,IRN,2080,2011.8044633644336
CSSW,IRN,2090,1692.9337973114516
CSSW,IRN,2100,1431.094595786984
PGCO,IRN,2005,2436.377991830549
PGCO,IRN,2010,2320.7678411136326
PGCO,IRN,2015,2331.37839642596
PGCO,IRN,2020,2205.828293582011
PGCO,IRN,2025,2270.428297531756
PGCO,IRN,2030,2335.184945718195
PGCO,IRN,2035,2411.9915223741673
PGCO,IRN,2040,2483.368734861749
PGCO,IRN,2045,2496.68485870596
PGCO,IRN,2050,2490.5847553727112
PGCO,IRN,2060,2493.0565692725304
PGCO,IRN,2070,2423.0946311445855
PGCO,IRN,2080,2326.6085603464358
PGCO,IRN,2090,2220.7485197786023
PGCO,IRN,2100,2139.9378962700343
TIEU,IRN,2005,2757.1122489437084
TIEU,IRN,2010,2643.2146811054827
TIEU,IRN,2015,2614.984127625987
TIEU,IRN,2020,2469.1182971123335
TIEU,IRN,2025,2493.1549363745203
TIEU,IRN,2030,2383.7520144905693
TIEU,IRN,2035,2265.989720411442
TIEU,IRN,2040,2188.134585596753
TIEU,IRN,2045,2065.3841840135583
TIEU,IRN,2050,1925.0376179965158
TIEU,IRN,2060,1667.0820207468275
TIEU,IRN,2070,1446.060003101675
TIEU,IRN,2080,1229.7239684522988
TIEU,IRN,2090,1005.5544583362876
TIEU,IRN,2100,818.0508284364844
TIEU,IRQ,2005,1793.6449702538803
TIEU,IRQ,2010,1594.0389444833197
TIEU,IRQ,2015,911.7770533794342
TIEU,IRQ,2020,846.8348702022267
TIEU,IRQ,2025,859.5334685146602
TIEU,IRQ,2030,868.8379525809592
TIEU,IRQ,2035,873.6929251908055
TIEU,IRQ,2040,874.6288643514661
TIEU,IRQ,2045,868.6952509022155
TIEU,IRQ,2050,855.5190472699917
TIEU,IRQ,2060,764.8429554920067
TIEU,IRQ,2070,651.1228755387251
TIEU,IRQ,2080,563.6968535669968
TIEU,IRQ,2090,495.1838096843011
TIEU,IRQ,2100,439.58388536064217
ICEL,ISL,2005,206.9175600008449
ICEL,ISL,2010,197.21829937580526
ICEL,ISL,2015,193.98520969410114
ICEL,ISL,2020,187.8362247469936
ICEL,ISL,2025,221.4035088625866
ICEL,ISL,2030,161.39162646147548
ICEL,ISL,2035,125.43327459879987
ICEL,ISL,2040,91.88736651757677
ICEL,ISL,2045,74.68166895277533
ICEL,ISL,2050,62.66297245821236
ICEL,ISL,2060,52.68919469657404
ICEL,ISL,2070,46.91320911206964
ICEL,ISL,2080,44.554633265193594
ICEL,ISL,2090,43.4238508543435
ICEL,ISL,2100,44.65217299640946
DEAS,ISR,2005,53.06400351071343
DEAS,ISR,2010,50.97782667983996
DEAS,ISR,2015,54.607746251552285
DEAS,ISR,2020,51.21908219378983
DEAS,ISR,2025,50.610944529385975
DEAS,ISR,2030,50.94363517730511
DEAS,ISR,2035,51.851099618062506
DEAS,ISR,2040,53.14698850065207
DEAS,ISR,2045,54.34192722004447
DEAS,ISR,2050,55.52645195744546
DEAS,ISR,2060,57.61478416019784
DEAS,ISR,2070,57.76221110682445
DEAS,ISR,2080,57.53157615282416
DEAS,ISR,2090,55.81149121149896
DEAS,ISR,2100,54.45462416223281
MSEC,ISR,2005,184.30373166369935
MSEC,ISR,2010,178.54574237521183
MSEC,ISR,2015,193.70913672444914
MSEC,ISR,2020,181.38703113036453
MSEC,ISR,2025,179.11847410953567
MSEC,ISR,2030,180.52251167595762
MSEC,ISR,2035,183.92091371381815
MSEC,ISR,2040,188.83295847911484
MSEC,ISR,2045,193.29589541115263
MSEC,ISR,2050,197.27097791904635
MSEC,ISR,2060,204.2925791841933
MSEC,ISR,2070,206.0047912846077
MSEC,ISR,2080,204.51125925810362
MSEC,ISR,2090,198.20615809965287
MSEC,ISR,2100,192.92074156685214
IECO,ITA,2005,3396.8929021432623
IECO,ITA,2010,3009.5092933325222
IECO,ITA,2015,2917.907533121445
IECO,ITA,2020,2827.4896200131207
IECO,ITA,2025,3021.740887480204
IECO,ITA,2030,2895.8357068102296
IECO,ITA,2035,2856.986047014497
IECO,ITA,2040,2836.3017290874427
IECO,ITA,2045,2858.0559153784257
IECO,ITA,2050,2884.539057052836
IECO,ITA,2060,2897.932203866893
IECO,ITA,2070,2881.5888402329047
IECO,ITA,2080,2842.164432764848
IECO,ITA,2090,2772.6789845755843
IECO,ITA,2100,2677.7199315174876
IWCO,ITA,2005,1614.5923343953416
IWCO,ITA,2010,1557.9657040738962
IWCO,ITA,2015,1590.6676586924943
IWCO,ITA,2020,1533.737352561608
IWCO,ITA,2025,1665.3017851304576
IWCO,ITA,2030,1542.4880455335044
IWCO,ITA,2035,1480.5579333517544
IWCO,ITA,2040,1431.0629104344926
IWCO,ITA,2045,1405.3946089381895
IWCO,ITA,2050,1379.4527953775078
IWCO,ITA,2060,1309.0147588167792
IWCO,ITA,2070,1229.0808124396663
IWCO,ITA,2080,1150.9705923428987
IWCO,ITA,2090,1070.691381168652
IWCO,ITA,2100,1003.5158784157841
MSII,ITA,2005,1279.4288259001905
MSII,ITA,2010,1315.865022528205
MSII,ITA,2015,1345.9445457240654
MSII,ITA,2020,1279.88384808285
MSII,ITA,2025,1414.2842594242932
MSII,ITA,2030,1273.9440548674372
MSII,ITA,2035,1206.8835310679247
MSII,ITA,2040,1156.7071655202888
MSII,ITA,2045,1132.8626888932245
MSII,ITA,2050,1108.0576548587571
MSII,ITA,2060,1036.3182313452533
MSII,ITA,2070,958.3143510410937
MSII,ITA,2080,879.3997743852474
MSII,ITA,2090,785.2524965564669
MSII,ITA,2100,709.3926834861809
POOO,ITA,2005,2742.8253511147045
POOO,ITA,2010,2417.3095690339483
POOO,ITA,2015,2138.712561330032
POOO,ITA,2020,2068.5360636344762
POOO,ITA,2025,2159.9914219176967
POOO,ITA,2030,2130.402688400644
POOO,ITA,2035,2154.1432064982055
POOO,ITA,2040,2183.7516152926546
POOO,ITA,2045,2234.17237028319
POOO,ITA,2050,2286.9237424182843
POOO,ITA,2060,2329.0466246468786
POOO,ITA,2070,2296.727142950519
POOO,ITA,2080,2237.8438852848362
POOO,ITA,2090,2159.7911391304037
POOO,ITA,2100,2093.633293905969
TIBE,ITA,2005,411.7237692592932
TIBE,ITA,2010,400.2133315780586
TIBE,ITA,2015,415.6154579733573
TIBE,ITA,2020,399.89946359037594
TIBE,ITA,2025,442.51942207732736
TIBE,ITA,2030,394.6126635765635
TIBE,ITA,2035,367.02082217820424
TIBE,ITA,2040,344.7805886764333
TIBE,ITA,2045,331.12890678068743
TIBE,ITA,2050,319.0563077744186
TIBE,ITA,2060,292.3042255185614
TIBE,ITA,2070,267.16887404536413
TIBE,ITA,2080,244.35070432154734
TIBE,ITA,2090,221.1341440701487
TIBE,ITA,2100,202.06079699949464
CARI,JAM,2005,197.53308651970906
CARI,JAM,2010,158.69433131051815
CARI,JAM,2015,155.59603573117508
CARI,JAM,2020,152.9274584622603
CARI,JAM,2025,154.09567453267633
CARI,JAM,2030,159.47013899312404
CARI,JAM,2035,166.78202599489856
CARI,JAM,2040,171.99888928171245
CARI,JAM,2045,172.6774788828668
CARI,JAM,2050,171.71260811844863
CARI,JAM,2060,172.7602984443451
CARI,JAM,2070,166.77139129572734
CARI,JAM,2080,157.17529190192408
CARI,JAM,2090,146.37723938946075
CARI,JAM,2100,135.9752873828908
DEAS,JOR,2005,237.14357563816156
DEAS,JOR,2010,218.58525405927713
DEAS,JOR,2015,274.4347644100877
DEAS,JOR,2020,251.85582113517202
DEAS,JOR,2025,293.52635137031604
DEAS,JOR,2030,270.1741173106722
DEAS,JOR,2035,260.66455474177246
DEAS,JOR,2040,250.22009305298505
DEAS,JOR,2045,229.33814686262681
DEAS,JOR,2050,212.22430604673863
DEAS,JOR,2060,183.20627889264074
DEAS,JOR,2070,162.0710402717857
DEAS,JOR,2080,152.72321242913725
DEAS,JOR,2090,145.3028148779625
DEAS,JOR,2100,140.6425186842622
EJSS,JOR,2005,25.58516466803227
EJSS,JOR,2010,13.876885222043043
EJSS,JOR,2015,13.139858331284088
EJSS,JOR,2020,12.481540107699374
EJSS,JOR,2025,12.297033206300114
EJSS,JOR,2030,13.262869582878425
EJSS,JOR,2035,15.799528429127278
EJSS,JOR,2040,19.578466553575222
EJSS,JOR,2045,24.11762694100043
EJSS,JOR,2050,29.044933017013953
EJSS,JOR,2060,38.59059445265446
EJSS,JOR,2070,46.22144364598059
EJSS,JOR,2080,51.985354571193305
EJSS,JOR,2090,55.703664907065914
EJSS,JOR,2100,58.08800672061778
SIPE,JOR,2005,9.395302655082792
SIPE,JOR,2010,5.317215999763043
SIPE,JOR,2015,4.958722433265052
SIPE,JOR,2020,4.610550628534146
SIPE,JOR,2025,4.569775110335397
SIPE,JOR,2030,4.95886681851653
SIPE,JOR,2035,5.847664549606677
SIPE,JOR,2040,7.111360172326117
SIPE,JOR,2045,8.518733246503297
SIPE,JOR,2050,9.935138693128545
SIPE,JOR,2060,12.493129144537262
SIPE,JOR,2070,14.57622662917901
SIPE,JOR,2080,16.264947899763484
SIPE,JOR,2090,17.48462883027845
SIPE,JOR,2100,18.278148964350798
JAPN,JPN,2005,3985.140896103735
JAPN,JPN,2010,3901.0450966312137
JAPN,JPN,2015,3818.6702689945196
JAPN,JPN,2020,3778.776539643673
JAPN,JPN,2025,3852.208146095546
JAPN,JPN,2030,3788.180071750752
JAPN,JPN,2035,3744.973001189922
JAPN,JPN,2040,3641.8135322416665
JAPN,JPN,2045,3517.165009393588
JAPN,JPN,2050,3438.699862719649
JAPN,JPN,2060,3142.3236098050593
JAPN,JPN,2070,2780.566648694537
JAPN,JPN,2080,2472.6104893124498
JAPN,JPN,2090,2222.7906445489803
JAPN,JPN,2100,2011.5075232732443
CSPC,KAZ,2005,1059.7189303846606
CSPC,KAZ,2010,1065.1584509600593
CSPC,KAZ,2015,1087.1622671024172
CSPC,KAZ,2020,1029.1816539988733
CSPC,KAZ,2025,1045.6481343903156
CSPC,KAZ,2030,1106.082696180636
CSPC,KAZ,2035,1206.9708866836436
CSPC,KAZ,2040,1356.5098505038836
CSPC,KAZ,2045,1494.7104711552083
CSPC,KAZ,2050,1607.3749760020366
CSPC,KAZ,2060,1832.738010583544
CSPC,KAZ,2070,2161.74724915486
CSPC,KAZ,2080,2529.259381714749
CSPC,KAZ,2090,2946.354052189018
CSPC,KAZ,2100,3383.422934549737
LKBH,KAZ,2005,1743.7866972837592
LKBH,KAZ,2010,1771.0804529914387
LKBH,KAZ,2015,1892.0263967583678
LKBH,KAZ,2020,1816.9946009270916
LKBH,KAZ,2025,1844.5705354770016
LKBH,KAZ,2030,1942.106350076556
LKBH,KAZ,2035,2118.064489183461
LKBH,KAZ,2040,2397.6395231630504
LKBH,KAZ,2045,2626.057669176575
LKBH,KAZ,2050,2788.710380546703
LKBH,KAZ,2060,3090.1879698820803
LKBH,KAZ,2070,3455.4951509610605
LKBH,KAZ,2080,3771.7251182198765
LKBH,KAZ,2090,4111.380015917004
LKBH,KAZ,2100,4579.105671234891
OBBB,KAZ,2005,12479.591220893559
OBBB,KAZ,2010,12916.637863619942
OBBB,KAZ,2015,13002.567849266925
OBBB,KAZ,2020,12332.650771969178
OBBB,KAZ,2025,12126.628524645628
OBBB,KAZ,2030,11801.848946691041
OBBB,KAZ,2035,11561.730825587558
OBBB,KAZ,2040,11522.598739574209
OBBB,KAZ,2045,11337.24235408275
OBBB,KAZ,2050,10976.670551518886
OBBB,KAZ,2060,10208.87719069909
OBBB,KAZ,2070,9143.698397696879
OBBB,KAZ,2080,7754.15329863261
OBBB,KAZ,2090,6492.795157601014
OBBB,KAZ,2100,5394.1586084257315
SYRD,KAZ,2005,3412.936186348622
SYRD,KAZ,2010,3557.1771832802474
SYRD,KAZ,2015,3844.488542669126
SYRD,KAZ,2020,3718.9695915217258
SYRD,KAZ,2025,3773.298103536099
SYRD,KAZ,2030,3949.848513408566
SYRD,KAZ,2035,4257.888762081632
SYRD,KAZ,2040,4746.840056264103
SYRD,KAZ,2045,5115.021092064873
SYRD,KAZ,2050,5369.161451243096
SYRD,KAZ,2060,5851.556378364483
SYRD,KAZ,2070,6344.551781957243
SYRD,KAZ,2080,6615.495139622978
SYRD,KAZ,2090,6908.657608796614
SYRD,KAZ,2100,7478.289045155162
AECC,KEN,2005,1804.110738804871
AECC,KEN,2010,2005.7032268648347
AECC,KEN,2015,2259.8502880978667
AECC,KEN,2020,2193.272737085949
AECC,KEN,2025,2270.978160095862
AECC,KEN,2030,2355.3828469685336
AECC,KEN,2035,2402.4273998351296
AECC,KEN,2040,2394.911111120734
AECC,KEN,2045,2310.6578142813055
AECC,KEN,2050,2162.2157486469537
AECC,KEN,2060,1885.4098314211346
AECC,KEN,2070,1776.3604188266727
AECC,KEN,2080,1850.589051618903
AECC,KEN,2090,1957.154540994964
AECC,KEN,2100,1945.1565176624165
NILE,KEN,2005,1499.8391452926464
NILE,KEN,2010,1616.8053291312003
NILE,KEN,2015,1929.3815130651387
NILE,KEN,2020,1859.480395637168
NILE,KEN,2025,1865.4380330364136
NILE,KEN,2030,1843.4217650932103
NILE,KEN,2035,1795.647118409724
NILE,KEN,2040,1725.6500700644233
NILE,KEN,2045,1627.6636225622856
NILE,KEN,2050,1514.7356883457169
NILE,KEN,2060,1349.7695495139767
NILE,KEN,2070,1312.5040734190509
NILE,KEN,2080,1404.9243447644199
NILE,KEN,2090,1603.8962969688912
NILE,KEN,2100,1803.3074717305556
RIFT,KEN,2005,751.858706912828
RIFT,KEN,2010,790.3590201260419
RIFT,KEN,2015,965.4290553467476
RIFT,KEN,2020,923.1693474673981
RIFT,KEN,2025,920.1784659488494
RIFT,KEN,2030,915.1547822902393
RIFT,KEN,2035,899.2059758538392
RIFT,KEN,2040,849.1726880815049
RIFT,KEN,2045,781.0363324141915
RIFT,KEN,2050,707.4633704783705
RIFT,KEN,2060,606.1065264805183
RIFT,KEN,2070,579.7404727237931
RIFT,KEN,2080,619.1545556051166
RIFT,KEN,2090,691.8403199140815
RIFT,KEN,2100,775.6057701536487
SHJU,KEN,2005,433.9498444062382
SHJU,KEN,2010,482.5864468173519
SHJU,KEN,2015,546.6833394138945
SHJU,KEN,2020,531.0198733202409
SHJU,KEN,2025,549.0178451915243
SHJU,KEN,2030,567.7057442683704
SHJU,KEN,2035,576.3844840682298
SHJU,KEN,2040,570.9708894006197
SHJU,KEN,2045,544.8005402070269
SHJU,KEN,2050,504.28210640513043
SHJU,KEN,2060,439.51888775832214
SHJU,KEN,2070,428.0144221646013
SHJU,KEN,2080,473.1089816693221
SHJU,KEN,2090,571.1249944519469
SHJU,KEN,2100,694.9896213678192
LKBH,KGZ,2005,180.24105290626056
LKBH,KGZ,2010,183.57169994464488
LKBH,KGZ,2015,186.52377625232182
LKBH,KGZ,2020,178.78165040431918
LKBH,KGZ,2025,181.3474708739561
LKBH,KGZ,2030,186.5307757850044
LKBH,KGZ,2035,191.58986533822437
LKBH,KGZ,2040,198.57722065697345
LKBH,KGZ,2045,210.23797260036974
LKBH,KGZ,2050,223.77705770554485
LKBH,KGZ,2060,254.54880943262359
LKBH,KGZ,2070,287.55473051166405
LKBH,KGZ,2080,302.38941236250344
LKBH,KGZ,2090,283.08240818250323
LKBH,KGZ,2100,255.1470443066673
SYRD,KGZ,2005,1213.186571316681
SYRD,KGZ,2010,1204.0885963435971
SYRD,KGZ,2015,1206.285910227239
SYRD,KGZ,2020,1153.8346685813156
SYRD,KGZ,2025,1116.0347761621979
SYRD,KGZ,2030,1074.149794283952
SYRD,KGZ,2035,1080.0669622114176
SYRD,KGZ,2040,1086.1864530265432
SYRD,KGZ,2045,1133.002239039317
SYRD,KGZ,2050,1155.0350834954456
SYRD,KGZ,2060,1206.2108370811413
SYRD,KGZ,2070,1256.7626350098376
SYRD,KGZ,2080,1265.8928118394645
SYRD,KGZ,2090,1264.6086476678122
SYRD,KGZ,2100,1255.142845507521
GTCC,KHM,2005,73.87560324758671
GTCC,KHM,2010,74.89666540639939
GTCC,KHM,2015,80.58927697067251
GTCC,KHM,2020,84.30808230921357
GTCC,KHM,2025,87.63954614774468
GTCC,KHM,2030,91.69106250481819
GTCC,KHM,2035,96.1165440288962
GTCC,KHM,2040,99.80891042384935
GTCC,KHM,2045,102.80358615897676
GTCC,KHM,2050,105.61365806463981
GTCC,KHM,2060,104.79387260349935
GTCC,KHM,2070,103.30141985526387
GTCC,KHM,2080,109.63024080393339
GTCC,KHM,2090,115.72055408557183
GTCC,KHM,2100,135.17899861472128
MEKO,KHM,2005,3885.8839756664925
MEKO,KHM,2010,3910.339009980193
MEKO,KHM,2015,4178.888651523521
MEKO,KHM,2020,4249.623635403207
MEKO,KHM,2025,4334.662968044393
MEKO,KHM,2030,4445.832469347982
MEKO,KHM,2035,4524.70883713459
MEKO,KHM,2040,4556.791415809626
MEKO,KHM,2045,4575.287929011776
MEKO,KHM,2050,4574.871236325446
MEKO,KHM,2060,4269.052099290184
MEKO,KHM,2070,4444.457888165322
MEKO,KHM,2080,4924.582347266245
MEKO,KHM,2090,5358.705802518814
MEKO,KHM,2100,6292.171116507444
NSKU,KOR,2005,1608.9454977122198
NSKU,KOR,2010,1504.544820753927
NSKU,KOR,2015,1481.1337564854239
NSKU,KOR,2020,1504.1060777341067
NSKU,KOR,2025,1571.1266478371708
NSKU,KOR,2030,1600.9050764486738
NSKU,KOR,2035,1618.8549085809036
NSKU,KOR,2040,1622.1415634159812
NSKU,KOR,2045,1595.1678101230643
NSKU,KOR,2050,1552.6492299926788
NSKU,KOR,2060,1438.3052897790292
NSKU,KOR,2070,1303.7131159467071
NSKU,KOR,2080,1181.1370649319833
NSKU,KOR,2090,1075.5876127979539
NSKU,KOR,2100,985.2524566095839
ARPA,KWT,2005,6.361299800557463
ARPA,KWT,2010,7.467463478396962
ARPA,KWT,2015,6.465937707800282
ARPA,KWT,2020,5.919141040823666
ARPA,KWT,2025,5.632231161726715
ARPA,KWT,2030,5.5800469964837305
ARPA,KWT,2035,5.705946833336254
ARPA,KWT,2040,5.94597447044081
ARPA,KWT,2045,6.24968850907579
ARPA,KWT,2050,6.523049577028257
ARPA,KWT,2060,7.2858812720651
ARPA,KWT,2070,6.955391645078017
ARPA,KWT,2080,6.054856956317934
ARPA,KWT,2090,5.049014189780523
ARPA,KWT,2100,4.162692007071947
TIEU,KWT,2005,4.7755809134212175
TIEU,KWT,2010,5.7532847574064245
TIEU,KWT,2015,4.759941713603982
TIEU,KWT,2020,4.404370295173269
TIEU,KWT,2025,4.220283021958403
TIEU,KWT,2030,4.162722300889363
TIEU,KWT,2035,4.205993608605371
TIEU,KWT,2040,4.323210656831777
TIEU,KWT,2045,4.48374152257968
TIEU,KWT,2050,4.638607509527914
TIEU,KWT,2060,5.080048678069521
TIEU,KWT,2070,4.872865717636433
TIEU,KWT,2080,4.302711508222588
TIEU,KWT,2090,3.642677113220038
TIEU,KWT,2100,3.0529951241991253
MEKO,LAO,2005,1123.3602449589434
MEKO,LAO,2010,1364.6102734808298
MEKO,LAO,2015,1624.2285245215523
MEKO,LAO,2020,1684.2460092572214
MEKO,LAO,2025,1805.655032108255
MEKO,LAO,2030,1916.4937338802592
MEKO,LAO,2035,2050.0267221387317
MEKO,LAO,2040,2176.52347175815
MEKO,LAO,2045,2307.6593325720037
MEKO,LAO,2050,2429.661312304396
MEKO,LAO,2060,2643.2009232414985
MEKO,LAO,2070,2906.738715886583
MEKO,LAO,2080,3415.3782546131324
MEKO,LAO,2090,4202.412726191638
MEKO,LAO,2100,5335.933640580663
VNCO,LAO,2005,48.68209629550177
VNCO,LAO,2010,57.10697410422026
VNCO,LAO,2015,70.85970524641887
VNCO,LAO,2020,73.98925392691987
VNCO,LAO,2025,81.08396526554866
VNCO,LAO,2030,90.41875559754615
VNCO,LAO,2035,100.37451695876898
VNCO,LAO,2040,109.78491663937838
VNCO,LAO,2045,119.26136336746788
VNCO,LAO,2050,128.24029903879708
VNCO,LAO,2060,142.43170773075465
VNCO,LAO,2070,154.14571172196798
VNCO,LAO,2080,165.4142092627214
VNCO,LAO,2090,185.50440668193676
VNCO,LAO,2100,223.86468343445503
DEAS,LBN,2005,15.017776468650151
DEAS,LBN,2010,12.333158781357337
DEAS,LBN,2015,13.509309518057965
DEAS,LBN,2020,12.785815574162651
DEAS,LBN,2025,11.939221037863618
DEAS,LBN,2030,10.795315565134683
DEAS,LBN,2035,10.318271901365424
DEAS,LBN,2040,10.148907198979359
DEAS,LBN,2045,10.034432708087394
DEAS,LBN,2050,10.049170802276551
DEAS,LBN,2060,10.119797392559231
DEAS,LBN,2070,10.285318325711483
DEAS,LBN,2080,10.53205011831168
DEAS,LBN,2090,9.968886139063375
DEAS,LBN,2100,7.932182027755175
MSEC,LBN,2005,305.91761956277816
MSEC,LBN,2010,255.70079834379143
MSEC,LBN,2015,283.91433486462813
MSEC,LBN,2020,264.99601645591514
MSEC,LBN,2025,247.70037151447318
MSEC,LBN,2030,232.66110898106646
MSEC,LBN,2035,225.99068476706515
MSEC,LBN,2040,225.70241706912284
MSEC,LBN,2045,228.46899505704906
MSEC,LBN,2050,233.1282355145084
MSEC,LBN,2060,234.88185818728357
MSEC,LBN,2070,220.45664720200594
MSEC,LBN,2080,194.48555903450554
MSEC,LBN,2090,150.78656784890575
MSEC,LBN,2100,117.39496175266937
AFWC,LBR,2005,735.5111685355132
AFWC,LBR,2010,787.3904455363199
AFWC,LBR,2015,840.9882644588178
AFWC,LBR,2020,815.6255079592802
AFWC,LBR,2025,827.2741903562023
AFWC,LBR,2030,870.0685224860464
AFWC,LBR,2035,923.2337261428746
AFWC,LBR,2040,953.8317499257487
AFWC,LBR,2045,954.9535647301493
AFWC,LBR,2050,941.7774750992489
AFWC,LBR,2060,886.4823181315087
AFWC,LBR,2070,810.1759036850391
AFWC,LBR,2080,728.5125331457614
AFWC,LBR,2090,726.1872367654573
AFWC,LBR,2100,840.1361871189008
ANIN,LBY,2005,258.7599579160162
ANIN,LBY,2010,259.8620184569701
ANIN,LBY,2015,268.1072097802985
ANIN,LBY,2020,251.0322727636897
ANIN,LBY,2025,246.34596926050955
ANIN,LBY,2030,243.48057376224475
ANIN,LBY,2035,244.36957886273572
ANIN,LBY,2040,246.17468943291937
ANIN,LBY,2045,247.842817549389
ANIN,LBY,2050,247.5326810738369
ANIN,LBY,2060,237.8951854747861
ANIN,LBY,2070,214.97529639562129
ANIN,LBY,2080,185.2540245156264
ANIN,LBY,2090,153.74815217027097
ANIN,LBY,2100,124.55426184364919
MSCC,LBY,2005,1420.321215742739
MSCC,LBY,2010,1411.729927226167
MSCC,LBY,2015,1412.335014881785
MSCC,LBY,2020,1332.8200256356924
MSCC,LBY,2025,1301.6268873734593
MSCC,LBY,2030,1256.5651040457412
MSCC,LBY,2035,1221.2447575457948
MSCC,LBY,2040,1151.1908744539644
MSCC,LBY,2045,1085.7501499350326
MSCC,LBY,2050,1047.7903307065126
MSCC,LBY,2060,1025.6324308716587
MSCC,LBY,2070,938.0277680438367
MSCC,LBY,2080,823.648729066645
MSCC,LBY,2090,696.248780473771
MSCC,LBY,2100,576.2908293718544
CARC,LCA,2005,2.7001517133152833
CARC,LCA,2010,4.38324820270107
CARC,LCA,2015,2.5242563751870404
CARC,LCA,2020,2.468311529030558
CARC,LCA,2025,2.5301004016165516
CARC,LCA,2030,2.682382562665991
CARC,LCA,2035,2.875460770995786
CARC,LCA,2040,3.052320318390902
CARC,LCA,2045,3.1543365085541883
CARC,LCA,2050,3.2033416894095055
CARC,LCA,2060,3.407415966002147
CARC,LCA,2070,3.480437824533518
CARC,LCA,2080,3.3445003502647737
CARC,LCA,2090,3.0894510480540633
CARC,LCA,2100,2.8622947668311536
SRIL,LKA,2005,1859.6148613996493
SRIL,LKA,2010,3351.5873560626424
SRIL,LKA,2015,3339.0586308319685
SRIL,LKA,2020,3294.1052802536356
SRIL,LKA,2025,3441.5836914417923
SRIL,LKA,2030,3572.676029357368
SRIL,LKA,2035,3663.733176211765
SRIL,LKA,2040,3725.941885180982
SRIL,LKA,2045,3769.7012096583157
SRIL,LKA,2050,3819.5591582744605
SRIL,LKA,2060,3860.684191285953
SRIL,LKA,2070,3821.895959699307
SRIL,LKA,2080,3792.9580904751037
SRIL,LKA,2090,3734.6055904018876
SRIL,LKA,2100,3683.9047760781204
ORAN,LSO,2005,264.18244832662236
ORAN,LSO,2010,263.1214746385637
ORAN,LSO,2015,187.79234074967718
ORAN,LSO,2020,176.34910307212243
ORAN,LSO,2025,178.8877645084774
ORAN,LSO,2030,177.64023667305855
ORAN,LSO,2035,173.43897891708002
ORAN,LSO,2040,164.87765909131215
ORAN,LSO,2045,142.47317447607006
ORAN,LSO,2050,123.98472864334254
ORAN,LSO,2060,96.28334485086879
ORAN,LSO,2070,78.12736726496173
ORAN,LSO,2080,63.88050904669463
ORAN,LSO,2090,56.85396577343587
ORAN,LSO,2100,55.72753948748293
BSCC,LTU,2005,669.321317677134
BSCC,LTU,2010,770.4735181080362
BSCC,LTU,2015,788.1630354724332
BSCC,LTU,2020,765.9073645182846
BSCC,LTU,2025,795.4654199738777
BSCC,LTU,2030,796.8875240869727
BSCC,LTU,2035,803.2459969914343
BSCC,LTU,2040,805.6312252915726
BSCC,LTU,2045,811.7340050309012
BSCC,LTU,2050,816.2650516220859
BSCC,LTU,2060,813.6923669571099
BSCC,LTU,2070,780.0257697541792
BSCC,LTU,2080,742.1067389121939
BSCC,LTU,2090,705.728448795188
BSCC,LTU,2100,672.4697445143166
NEMA,LTU,2005,1368.7260107676907
NEMA,LTU,2010,1550.1047234958621
NEMA,LTU,2015,1620.5211210935954
NEMA,LTU,2020,1571.2515887027312
NEMA,LTU,2025,1629.1367084281771
NEMA,LTU,2030,1631.5021972339753
NEMA,LTU,2035,1642.5334477988722
NEMA,LTU,2040,1643.95682932077
NEMA,LTU,2045,1652.3175706845727
NEMA,LTU,2050,1657.5137802634881
NEMA,LTU,2060,1648.577642301691
NEMA,LTU,2070,1580.8907469981277
NEMA,LTU,2080,1501.954323747637
NEMA,LTU,2090,1424.5475395976132
NEMA,LTU,2100,1354.5721506798454
RHIN,LUX,2005,55.60733868299885
RHIN,LUX,2010,58.67501020034432
RHIN,LUX,2015,62.77622077158552
RHIN,LUX,2020,59.89305901641804
RHIN,LUX,2025,58.363047178816025
RHIN,LUX,2030,55.55348473165313
RHIN,LUX,2035,52.80847689997355
RHIN,LUX,2040,49.46470431905806
RHIN,LUX,2045,46.06038624092184
RHIN,LUX,2050,42.820017627870435
RHIN,LUX,2060,34.90792678373013
RHIN,LUX,2070,25.309942434597488
RHIN,LUX,2080,18.255490277404064
RHIN,LUX,2090,14.47600488957492
RHIN,LUX,2100,12.907156185367176
BSCC,LVA,2005,568.4370903170491
BSCC,LVA,2010,636.2670884647886
BSCC,LVA,2015,675.0086064955625
BSCC,LVA,2020,645.8734180467852
BSCC,LVA,2025,676.9228077021753
BSCC,LVA,2030,619.1060897565538
BSCC,LVA,2035,585.2234304380258
BSCC,LVA,2040,557.4196715766025
BSCC,LVA,2045,541.6184973385451
BSCC,LVA,2050,529.2763870462123
BSCC,LVA,2060,522.1298760489029
BSCC,LVA,2070,520.1842555692031
BSCC,LVA,2080,516.2968084259265
BSCC,LVA,2090,505.0536683588732
BSCC,LVA,2100,493.53892932030794
DAUG,LVA,2005,376.4052959690116
DAUG,LVA,2010,420.6051761528712
DAUG,LVA,2015,445.1807726822677
DAUG,LVA,2020,426.06755288807426
DAUG,LVA,2025,446.7779770657775
DAUG,LVA,2030,408.87149782785906
DAUG,LVA,2035,386.22525822979554
DAUG,LVA,2040,367.85014326162235
DAUG,LVA,2045,357.70936320296516
DAUG,LVA,2050,350.1060549735086
DAUG,LVA,2060,346.6169451770883
DAUG,LVA,2070,346.54143407936397
DAUG,LVA,2080,345.059315762695
DAUG,LVA,2090,336.0303226125316
DAUG,LVA,2100,326.30370018657106
ANIN,MAR,2005,29.511889290399612
ANIN,MAR,2010,35.90745836065045
ANIN,MAR,2015,42.408579180971955
ANIN,MAR,2020,40.08432817758156
ANIN,MAR,2025,38.69130536804007
ANIN,MAR,2030,38.0929765973703
ANIN,MAR,2035,37.68311221050526
ANIN,MAR,2040,37.48695574014558
ANIN,MAR,2045,37.09191159157789
ANIN,MAR,2050,36.03457073715329
ANIN,MAR,2060,31.715789888739128
ANIN,MAR,2070,30.050612278478884
ANIN,MAR,2080,30.40173733336512
ANIN,MAR,2090,31.430193817851595
ANIN,MAR,2100,31.405868544435272
ANWC,MAR,2005,6496.341134344451
ANWC,MAR,2010,6344.257050826202
ANWC,MAR,2015,7172.94174730122
ANWC,MAR,2020,6674.650306995935
ANWC,MAR,2025,6810.292229240276
ANWC,MAR,2030,6996.190648372892
ANWC,MAR,2035,7126.8031743704305
ANWC,MAR,2040,7164.159503796194
ANWC,MAR,2045,7278.154432614851
ANWC,MAR,2050,7429.4354847035465
ANWC,MAR,2060,7580.328847999119
ANWC,MAR,2070,7772.626724578666
ANWC,MAR,2080,8373.202512151178
ANWC,MAR,2090,8999.725201418134
ANWC,MAR,2100,9236.078840980923
MSCC,MAR,2005,883.3756552975029
MSCC,MAR,2010,852.8418702619932
MSCC,MAR,2015,970.6271466073058
MSCC,MAR,2020,894.8946819852474
MSCC,MAR,2025,915.995467584274
MSCC,MAR,2030,931.0092039384333
MSCC,MAR,2035,955.6488515438575
MSCC,MAR,2040,987.661951848233
MSCC,MAR,2045,1031.5634502911846
MSCC,MAR,2050,1077.9936614021565
MSCC,MAR,2060,1143.293850649044
MSCC,MAR,2070,1203.7568802427913
MSCC,MAR,2080,1338.4896536658077
MSCC,MAR,2090,1505.420319923524
MSCC,MAR,2100,1639.7491614789303
BSNC,MDA,2005,144.43242139172278
BSNC,MDA,2010,149.2733846888807
BSNC,MDA,2015,138.56454279954488
BSNC,MDA,2020,137.1943350806338
BSNC,MDA,2025,140.77557664233794
BSNC,MDA,2030,146.60235589210896
BSNC,MDA,2035,151.057615322898
BSNC,MDA,2040,153.91172995955137
BSNC,MDA,2045,155.89012895622164
BSNC,MDA,2050,157.78241922687573
BSNC,MDA,2060,158.8893411702426
BSNC,MDA,2070,158.54449369560683
BSNC,MDA,2080,160.53083521002839
BSNC,MDA,2090,161.87476774681465
BSNC,MDA,2100,162.08074576919608
DANU,MDA,2005,797.1491555002148
DANU,MDA,2010,822.0116449373945
DANU,MDA,2015,764.3206223450686
DANU,MDA,2020,755.6786130841664
DANU,MDA,2025,773.8490327505908
DANU,MDA,2030,802.7759207466501
DANU,MDA,2035,824.5395018864864
DANU,MDA,2040,837.5016924622772
DANU,MDA,2045,846.2773723222547
DANU,MDA,2050,854.7099169894849
DANU,MDA,2060,855.7611105004191
DANU,MDA,2070,848.0650831334909
DANU,MDA,2080,852.4433617415451
DANU,MDA,2090,852.1053616077849
DANU,MDA,2100,845.5186346033673
DNIE,MDA,2005,1183.1420206779194
DNIE,MDA,2010,1223.1362605079996
DNIE,MDA,2015,1139.468419231823
DNIE,MDA,2020,1123.3406820873438
DNIE,MDA,2025,1147.17535892743
DNIE,MDA,2030,1187.8907422611246
DNIE,MDA,2035,1218.8488325767564
DNIE,MDA,2040,1236.1484661596955
DNIE,MDA,2045,1245.3303299245315
DNIE,MDA,2050,1252.7615336319022
DNIE,MDA,2060,1245.734302083635
DNIE,MDA,2070,1227.2824218778853
DNIE,MDA,2080,1228.1633526686699
DNIE,MDA,2090,1223.3311744829175
DNIE,MDA,2100,1210.760786564258
MADA,MDG,2005,3785.1900635565307
MADA,MDG,2010,3828.902019002241
MADA,MDG,2015,3852.222715905117
MADA,MDG,2020,3804.2465200306356
MADA,MDG,2025,3869.389065564236
MADA,MDG,2030,3605.7918367484795
MADA,MDG,2035,3571.9292119153074
MADA,MDG,2040,3849.927425284658
MADA,MDG,2045,4460.295832789925
MADA,MDG,2050,5506.849395896917
MADA,MDG,2060,7150.831184718428
MADA,MDG,2070,8674.537954499121
MADA,MDG,2080,10088.377534426212
MADA,MDG,2090,11239.091095472913
MADA,MDG,2100,12187.074984151372
BJCA,MEX,2005,147.55149599508212
BJCA,MEX,2010,152.8402776298998
BJCA,MEX,2015,169.1283074784521
BJCA,MEX,2020,159.7397264056662
BJCA,MEX,2025,151.27891208068604
BJCA,MEX,2030,142.56978093176468
BJCA,MEX,2035,135.13707963118034
BJCA,MEX,2040,130.3007002258056
BJCA,MEX,2045,129.42534950700218
BJCA,MEX,2050,125.48906818768147
BJCA,MEX,2060,104.70161103059753
BJCA,MEX,2070,101.922179716242
BJCA,MEX,2080,107.40006614119855
BJCA,MEX,2090,113.17284121097862
BJCA,MEX,2100,115.59512954849981
MCIN,MEX,2005,440.6524879699267
MCIN,MEX,2010,456.25646575948593
MCIN,MEX,2015,485.15138390906077
MCIN,MEX,2020,440.9345243578183
MCIN,MEX,2025,412.6699177307059
MCIN,MEX,2030,392.2311073352536
MCIN,MEX,2035,386.15964709472735
MCIN,MEX,2040,400.24656835718497
MCIN,MEX,2045,440.3057878634055
MCIN,MEX,2050,468.8213054187959
MCIN,MEX,2060,516.5597833807133
MCIN,MEX,2070,587.6693850091817
MCIN,MEX,2080,627.0082914200716
MCIN,MEX,2090,650.0225043505793
MCIN,MEX,2100,666.0111978953335
MNCW,MEX,2005,2593.9560752667335
MNCW,MEX,2010,2699.444058508573
MNCW,MEX,2015,2985.4256582692437
MNCW,MEX,2020,2935.2670028426037
MNCW,MEX,2025,2950.0289860306534
MNCW,MEX,2030,2904.8211883396575
MNCW,MEX,2035,2828.3961238868656
MNCW,MEX,2040,2782.2106569885495
MNCW,MEX,2045,2815.8554771472936
MNCW,MEX,2050,2825.522020940787
MNCW,MEX,2060,2700.282250893723
MNCW,MEX,2070,2352.715091851049
MNCW,MEX,2080,1877.9355331019838
MNCW,MEX,2090,1605.4240476063796
MNCW,MEX,2100,1465.2615731746796
RGBV,MEX,2005,1060.6158578303284
RGBV,MEX,2010,1095.8959685515797
RGBV,MEX,2015,1177.853542759021
RGBV,MEX,2020,1125.3670685565294
RGBV,MEX,2025,1096.1069315197233
RGBV,MEX,2030,1020.3273913768999
RGBV,MEX,2035,962.068504312087
RGBV,MEX,2040,942.5989871854667
RGBV,MEX,2045,965.7277523210894
RGBV,MEX,2050,966.7971211287208
RGBV,MEX,2060,921.3756301521016
RGBV,MEX,2070,829.7071209190378
RGBV,MEX,2080,714.2801445045214
RGBV,MEX,2090,645.1995123601496
RGBV,MEX,2100,625.8185230493012
RIBA,MEX,2005,5397.940334544324
RIBA,MEX,2010,5587.849070291883
RIBA,MEX,2015,5706.585203035796
RIBA,MEX,2020,5720.5318326077095
RIBA,MEX,2025,5931.445804918444
RIBA,MEX,2030,6030.087316713802
RIBA,MEX,2035,6144.988798864339
RIBA,MEX,2040,6305.079334095234
RIBA,MEX,2045,6514.877903690196
RIBA,MEX,2050,6596.383290714804
RIBA,MEX,2060,7264.243080374471
RIBA,MEX,2070,8185.191141586726
RIBA,MEX,2080,9425.30631867065
RIBA,MEX,2090,10736.024295615745
RIBA,MEX,2100,11792.42354765838
RIVE,MEX,2005,3796.746289247536
RIVE,MEX,2010,3934.2185014495844
RIVE,MEX,2015,4043.273528248981
RIVE,MEX,2020,4016.247152271895
RIVE,MEX,2025,4069.462372576029
RIVE,MEX,2030,4079.4334323502685
RIVE,MEX,2035,4152.399465212742
RIVE,MEX,2040,4281.828943256977
RIVE,MEX,2045,4473.248693903962
RIVE,MEX,2050,4591.930191192224
RIVE,MEX,2060,5046.842963917619
RIVE,MEX,2070,6091.221586602857
RIVE,MEX,2080,7423.48001763323
RIVE,MEX,2090,8873.541929738585
RIVE,MEX,2100,9807.619220276647
RLER,MEX,2005,1598.3996650914146
RLER,MEX,2010,1654.01550030996
RLER,MEX,2015,1710.86777672204
RLER,MEX,2020,1693.9438481559234
RLER,MEX,2025,1714.8083323968467
RLER,MEX,2030,1710.8527158857828
RLER,MEX,2035,1733.2209847632294
RLER,MEX,2040,1791.8797560610712
RLER,MEX,2045,1886.061968285236
RLER,MEX,2050,1924.7021468850257
RLER,MEX,2060,2032.0265243378676
RLER,MEX,2070,2202.093324287256
RLER,MEX,2080,2419.2517258962375
RLER,MEX,2090,2556.308865414343
RLER,MEX,2100,2563.264663720973
YUPA,MEX,2005,2064.0438782795663
YUPA,MEX,2010,2148.1214530647885
YUPA,MEX,2015,2201.266730414013
YUPA,MEX,2020,2216.211776853267
YUPA,MEX,2025,2327.0709827568867
YUPA,MEX,2030,2406.2520778277935
YUPA,MEX,2035,2493.7454329971943
YUPA,MEX,2040,2584.9928551091543
YUPA,MEX,2045,2665.94864110629
YUPA,MEX,2050,2664.604287969322
YUPA,MEX,2060,2848.8319324353333
YUPA,MEX,2070,3209.6279240689173
YUPA,MEX,2080,3833.859907423068
YUPA,MEX,2090,4488.362524974124
YUPA,MEX,2100,4961.940021569479
AGBS,MKD,2005,357.4663638396155
AGBS,MKD,2010,314.1676211773523
AGBS,MKD,2015,318.1954097466913
AGBS,MKD,2020,310.9731874042757
AGBS,MKD,2025,318.04404204493756
AGBS,MKD,2030,333.88690594887754
AGBS,MKD,2035,356.0443411785217
AGBS,MKD,2040,387.075603615739
AGBS,MKD,2045,427.8361468230172
AGBS,MKD,2050,467.7154954801455
AGBS,MKD,2060,500.65337492215417
AGBS,MKD,2070,531.5835991065587
AGBS,MKD,2080,589.2922146083025
AGBS,MKD,2090,667.6137865074619
AGBS,MKD,2100,757.0500630810839
NIGE,MLI,2005,3662.7592223195206
NIGE,MLI,2010,4288.40228518333
NIGE,MLI,2015,4941.343097779885
NIGE,MLI,2020,4620.206887898346
NIGE,MLI,2025,4728.94780774621
NIGE,MLI,2030,4182.382554440747
NIGE,MLI,2035,3693.207030366678
NIGE,MLI,2040,3250.786453373579
NIGE,MLI,2045,2928.293013248998
NIGE,MLI,2050,2659.3499285840594
NIGE,MLI,2060,2153.892815530103
NIGE,MLI,2070,1616.9064158090325
NIGE,MLI,2080,1121.8724457411681
NIGE,MLI,2090,772.9072609285931
NIGE,MLI,2100,589.5198643280823
SENE,MLI,2005,1491.289370542263
SENE,MLI,2010,1605.688543019594
SENE,MLI,2015,1904.756298294249
SENE,MLI,2020,1709.130554407864
SENE,MLI,2025,1531.2929936153844
SENE,MLI,2030,1295.8913920633613
SENE,MLI,2035,1093.638644117052
SENE,MLI,2040,920.4734902425585
SENE,MLI,2045,797.5145950011312
SENE,MLI,2050,703.2896569469691
SENE,MLI,2060,542.9153067328393
SENE,MLI,2070,390.8966342548978
SENE,MLI,2080,260.06950529828015
SENE,MLI,2090,172.2323589966601
SENE,MLI,2100,130.3769018989701
MSII,MLT,2005,2.647178780269849
MSII,MLT,2010,10.974635991422636
MSII,MLT,2015,2.9719033978328984
MSII,MLT,2020,2.8585751977991625
MSII,MLT,2025,2.7788224407672373
MSII,MLT,2030,2.7387265673631234
MSII,MLT,2035,2.716165453407702
MSII,MLT,2040,2.697570745469544
MSII,MLT,2045,2.6778893196584344
MSII,MLT,2050,2.6291644811282397
MSII,MLT,2060,2.494784340925958
MSII,MLT,2070,2.2137489988587524
MSII,MLT,2080,1.8611242322202712
MSII,MLT,2090,1.5231052859555976
MSII,MLT,2100,1.2397352159581394
BBCN,MMR,2005,289.7666689378656
BBCN,MMR,2010,327.33905597637136
BBCN,MMR,2015,327.15499369787955
BBCN,MMR,2020,345.30847437191477
BBCN,MMR,2025,367.2968616240502
BBCN,MMR,2030,389.6325235965224
BBCN,MMR,2035,414.42429744713706
BBCN,MMR,2040,433.77987885851303
BBCN,MMR,2045,449.9742375453307
BBCN,MMR,2050,463.43036569255764
BBCN,MMR,2060,477.82971228922924
BBCN,MMR,2070,473.5674953005127
BBCN,MMR,2080,464.7375048890706
BBCN,MMR,2090,458.69451048761647
BBCN,MMR,2100,454.87874134650633
IRRA,MMR,2005,6915.365690202696
IRRA,MMR,2010,7918.438757261488
IRRA,MMR,2015,8009.753349055766
IRRA,MMR,2020,8404.035269720656
IRRA,MMR,2025,8880.940316368395
IRRA,MMR,2030,9358.640506967195
IRRA,MMR,2035,9902.725471048025
IRRA,MMR,2040,10380.857004195488
IRRA,MMR,2045,10782.866703050428
IRRA,MMR,2050,11137.756268372046
IRRA,MMR,2060,11582.737024443642
IRRA,MMR,2070,11678.579336538693
IRRA,MMR,2080,11829.122284736779
IRRA,MMR,2090,11961.851009777909
IRRA,MMR,2100,12057.091845074188
PMAL,MMR,2005,382.17751072570115
PMAL,MMR,2010,426.74790928560486
PMAL,MMR,2015,411.30136622088423
PMAL,MMR,2020,434.2983856527054
PMAL,MMR,2025,466.3164257746367
PMAL,MMR,2030,500.30002301040133
PMAL,MMR,2035,536.3230461873326
PMAL,MMR,2040,564.7851810912881
PMAL,MMR,2045,589.3961019919716
PMAL,MMR,2050,611.688878380209
PMAL,MMR,2060,638.4835898069244
PMAL,MMR,2070,636.9779920693958
PMAL,MMR,2080,636.4733136236824
PMAL,MMR,2090,642.4645309177009
PMAL,MMR,2100,647.4524281303269
SALW,MMR,2005,1258.0884612433958
SALW,MMR,2010,1434.2176679570423
SALW,MMR,2015,1407.9582270580888
SALW,MMR,2020,1480.467828750257
SALW,MMR,2025,1562.5553701590695
SALW,MMR,2030,1640.2804948974676
SALW,MMR,2035,1728.675368178525
SALW,MMR,2040,1804.2329417274007
SALW,MMR,2045,1864.052329653056
SALW,MMR,2050,1914.2713102863188
SALW,MMR,2060,1966.4843902332998
SALW,MMR,2070,1951.238748556989
SALW,MMR,2080,1950.9928610014356
SALW,MMR,2090,1947.3594735675001
SALW,MMR,2100,1937.5907535930712
SITT,MMR,2005,1460.6436416724548
SITT,MMR,2010,1630.1488371762564
SITT,MMR,2015,1604.2449873744524
SITT,MMR,2020,1678.5796646838264
SITT,MMR,2025,1773.3253155531288
SITT,MMR,2030,1869.0351956687812
SITT,MMR,2035,1967.329587907586
SITT,MMR,2040,2045.57505264324
SITT,MMR,2045,2110.081293182611
SITT,MMR,2050,2167.1547918143037
SITT,MMR,2060,2236.240748823986
SITT,MMR,2070,2245.1223309754273
SITT,MMR,2080,2266.1801955853816
SITT,MMR,2090,2284.463977932427
SITT,MMR,2100,2294.232248294352
AGBS,MNE,2005,1186.8994137729042
AGBS,MNE,2010,1186.8994137729042
AGBS,MNE,2015,93.26411162703963
AGBS,MNE,2020,91.85540733451494
AGBS,MNE,2025,94.45466112898657
AGBS,MNE,2030,99.07379719428545
AGBS,MNE,2035,103.18070668621051
AGBS,MNE,2040,107.90899574574843
AGBS,MNE,2045,113.40156869718172
AGBS,MNE,2050,116.8760766727826
AGBS,MNE,2060,117.524860081804
AGBS,MNE,2070,114.2090519211
AGBS,MNE,2080,111.81565398921626
AGBS,MNE,2090,109.3510243184563
AGBS,MNE,2100,107.93947148252792
DANU,MNE,2005,1299.138137102489
DANU,MNE,2010,1299.138137102489
DANU,MNE,2015,102.85552590340404
DANU,MNE,2020,100.61037840330256
DANU,MNE,2025,103.03515638964281
DANU,MNE,2030,106.10071857967881
DANU,MNE,2035,106.62800574162186
DANU,MNE,2040,105.58572138655725
DANU,MNE,2045,104.48893254569087
DANU,MNE,2050,101.77100448813168
DANU,MNE,2060,93.3980645481359
DANU,MNE,2070,84.12704809797617
DANU,MNE,2080,75.48703110395415
DANU,MNE,2090,67.41312294930187
DANU,MNE,2100,61.905127715290774
AMUR,MNG,2005,112.54851344874326
AMUR,MNG,2010,150.95127222172164
AMUR,MNG,2015,163.46576380217465
AMUR,MNG,2020,157.75870319280068
AMUR,MNG,2025,170.3348839375003
AMUR,MNG,2030,135.660393586673
AMUR,MNG,2035,115.31176711191148
AMUR,MNG,2040,104.66690009342102
AMUR,MNG,2045,98.40076086639147
AMUR,MNG,2050,92.8380504340031
AMUR,MNG,2060,72.91145941418839
AMUR,MNG,2070,49.37768880865594
AMUR,MNG,2080,30.81691813378539
AMUR,MNG,2090,19.623798496646444
AMUR,MNG,2100,14.032633275712747
GOBI,MNG,2005,36.191255945170596
GOBI,MNG,2010,49.20473341392135
GOBI,MNG,2015,59.96859373433401
GOBI,MNG,2020,58.142689909097385
GOBI,MNG,2025,62.69960070262965
GOBI,MNG,2030,52.689519883641246
GOBI,MNG,2035,47.15872596076316
GOBI,MNG,2040,44.647924669145354
GOBI,MNG,2045,43.32103500815059
GOBI,MNG,2050,42.28901773813864
GOBI,MNG,2060,36.08782481518151
GOBI,MNG,2070,27.077852139241337
GOBI,MNG,2080,18.830395675547777
GOBI,MNG,2090,14.482543259582647
GOBI,MNG,2100,14.522585068528148
YENS,MNG,2005,92.46644553385352
YENS,MNG,2010,122.52046340732528
YENS,MNG,2015,132.37422363355435
YENS,MNG,2020,127.1598193619808
YENS,MNG,2025,138.85140404472298
YENS,MNG,2030,124.78462006593227
YENS,MNG,2035,123.06800235886595
YENS,MNG,2040,126.60032075090534
YENS,MNG,2045,131.22699709547393
YENS,MNG,2050,134.78136332448403
YENS,MNG,2060,118.95934918465014
YENS,MNG,2070,83.5148952747553
YENS,MNG,2080,56.354174535384395
YENS,MNG,2090,41.32979700711133
YENS,MNG,2100,33.90972879161126
AECC,MOZ,2005,3139.4601650393015
AECC,MOZ,2010,3563.5198533180533
AECC,MOZ,2015,3570.782022913657
AECC,MOZ,2020,3488.1785507994414
AECC,MOZ,2025,3623.135586516761
AECC,MOZ,2030,3976.0405797238705
AECC,MOZ,2035,4485.052252150724
AECC,MOZ,2040,4912.713517397741
AECC,MOZ,2045,5187.360451853448
AECC,MOZ,2050,5365.649471295234
AECC,MOZ,2060,5570.438287364308
AECC,MOZ,2070,5543.619366341283
AECC,MOZ,2080,4089.840336642995
AECC,MOZ,2090,3198.955865362534
AECC,MOZ,2100,3220.2607340431755
AIOC,MOZ,2005,1154.990844406403
AIOC,MOZ,2010,1322.3135916288031
AIOC,MOZ,2015,1278.0879911115512
AIOC,MOZ,2020,1259.612720249903
AIOC,MOZ,2025,1325.615885375498
AIOC,MOZ,2030,1416.9542088274034
AIOC,MOZ,2035,1558.6034562203438
AIOC,MOZ,2040,1695.722093742866
AIOC,MOZ,2045,1776.9378961645377
AIOC,MOZ,2050,1810.446347907234
AIOC,MOZ,2060,1831.6986868783756
AIOC,MOZ,2070,1818.8195413193544
AIOC,MOZ,2080,1727.4838262703413
AIOC,MOZ,2090,1722.3878577732942
AIOC,MOZ,2100,1915.2476211002065
LIMP,MOZ,2005,523.2970758857656
LIMP,MOZ,2010,571.4563425596036
LIMP,MOZ,2015,630.3775003665736
LIMP,MOZ,2020,625.3076568169903
LIMP,MOZ,2025,665.7421797268598
LIMP,MOZ,2030,719.4555971294197
LIMP,MOZ,2035,805.3929644249258
LIMP,MOZ,2040,897.8857356307016
LIMP,MOZ,2045,976.3216393612081
LIMP,MOZ,2050,1044.4414034454614
LIMP,MOZ,2060,1176.2384305082012
LIMP,MOZ,2070,1287.6896871402016
LIMP,MOZ,2080,1406.5385405074198
LIMP,MOZ,2090,1466.6432778221283
LIMP,MOZ,2100,1408.6160288168887
ZAMB,MOZ,2005,630.778438493414
ZAMB,MOZ,2010,713.0925378276813
ZAMB,MOZ,2015,733.3046596946548
ZAMB,MOZ,2020,717.4630391619625
ZAMB,MOZ,2025,747.6240859237291
ZAMB,MOZ,2030,809.885133533512
ZAMB,MOZ,2035,891.3196873995355
ZAMB,MOZ,2040,944.2565240233488
ZAMB,MOZ,2045,992.0849178042264
ZAMB,MOZ,2050,1076.6693126449152
ZAMB,MOZ,2060,1323.4869465115023
ZAMB,MOZ,2070,1367.7155225837928
ZAMB,MOZ,2080,905.3177878865777
ZAMB,MOZ,2090,590.3517190268708
ZAMB,MOZ,2100,496.98752726609786
ANIN,MRT,2005,18.32656991459372
ANIN,MRT,2010,19.344193893844103
ANIN,MRT,2015,17.514137399300775
ANIN,MRT,2020,16.23058784110269
ANIN,MRT,2025,15.905177565903028
ANIN,MRT,2030,14.855779587486303
ANIN,MRT,2035,12.436056256026676
ANIN,MRT,2040,11.061159120949284
ANIN,MRT,2045,9.763131575835095
ANIN,MRT,2050,9.072090769787547
ANIN,MRT,2060,7.980422425237248
ANIN,MRT,2070,7.007927216245678
ANIN,MRT,2080,6.575833651042721
ANIN,MRT,2090,6.696674881541042
ANIN,MRT,2100,11.538790468402482
ANWC,MRT,2005,13.236763912630241
ANWC,MRT,2010,13.45796254267981
ANWC,MRT,2015,19.511497481607194
ANWC,MRT,2020,19.186589446966003
ANWC,MRT,2025,20.495553175955923
ANWC,MRT,2030,23.695095986244954
ANWC,MRT,2035,27.271637188552226
ANWC,MRT,2040,26.885551279357234
ANWC,MRT,2045,28.472113659846887
ANWC,MRT,2050,29.416950328483416
ANWC,MRT,2060,28.56895306096384
ANWC,MRT,2070,25.855199399405503
ANWC,MRT,2080,23.043357567913176
ANWC,MRT,2090,23.732276174774338
ANWC,MRT,2100,35.2005142178309
SENE,MRT,2005,300.3620677253212
SENE,MRT,2010,303.73256047419824
SENE,MRT,2015,301.9681188396064
SENE,MRT,2020,278.0559796580633
SENE,MRT,2025,251.17521085125486
SENE,MRT,2030,222.94154984152368
SENE,MRT,2035,213.58830753365723
SENE,MRT,2040,210.41906366649383
SENE,MRT,2045,218.84132232151097
SENE,MRT,2050,231.7272179478594
SENE,MRT,2060,237.7552494313254
SENE,MRT,2070,225.51238976305666
SENE,MRT,2080,221.08833946573802
SENE,MRT,2090,238.9198198471312
SENE,MRT,2100,288.03300155379355
AECC,MWI,2005,303.5506249842883
AECC,MWI,2010,337.87555184859036
AECC,MWI,2015,358.0491435526635
AECC,MWI,2020,343.5380072536808
AECC,MWI,2025,343.12466385001267
AECC,MWI,2030,343.8719220547135
AECC,MWI,2035,347.49865376402073
AECC,MWI,2040,343.88723757108517
AECC,MWI,2045,336.8475231646097
AECC,MWI,2050,325.80429407461463
AECC,MWI,2060,294.35652226021864
AECC,MWI,2070,263.38223368096766
AECC,MWI,2080,249.7998697679041
AECC,MWI,2090,236.642122050323
AECC,MWI,2100,235.46687646570416
ZAMB,MWI,2005,2620.6625108006856
ZAMB,MWI,2010,2896.6572355450144
ZAMB,MWI,2015,3105.028759448162
ZAMB,MWI,2020,3011.8373715158955
ZAMB,MWI,2025,3082.7554056057543
ZAMB,MWI,2030,3230.646196637315
ZAMB,MWI,2035,3474.635447678618
ZAMB,MWI,2040,3684.0367707362775
ZAMB,MWI,2045,3872.299687266876
ZAMB,MWI,2050,4021.482933025504
ZAMB,MWI,2060,4143.846688887125
ZAMB,MWI,2070,4198.334675177452
ZAMB,MWI,2080,4264.199489918236
ZAMB,MWI,2090,4432.541618789713
ZAMB,MWI,2100,4696.774166793809
NBCO,MYS,2005,2668.732261779913
NBCO,MYS,2010,2861.447809236558
NBCO,MYS,2015,3354.2303316836374
NBCO,MYS,2020,3405.5097564344437
NBCO,MYS,2025,3549.422141618318
NBCO,MYS,2030,3546.699542846325
NBCO,MYS,2035,3566.0555763505713
NBCO,MYS,2040,3570.238498656907
NBCO,MYS,2045,3551.048237131938
NBCO,MYS,2050,3515.246982869251
NBCO,MYS,2060,3358.774670769359
NBCO,MYS,2070,3108.7436954696645
NBCO,MYS,2080,2966.4223339506375
NBCO,MYS,2090,2868.5830019930722
NBCO,MYS,2100,2787.810570286734
PMAL,MYS,2005,2757.532761664254
PMAL,MYS,2010,2877.7913493524034
PMAL,MYS,2015,3363.125324332165
PMAL,MYS,2020,3417.219506968869
PMAL,MYS,2025,3545.6584355502755
PMAL,MYS,2030,3553.843988446778
PMAL,MYS,2035,3585.3521441491735
PMAL,MYS,2040,3600.03794632231
PMAL,MYS,2045,3594.0351101230995
PMAL,MYS,2050,3574.153873825476
PMAL,MYS,2060,3454.9594169317957
PMAL,MYS,2070,3245.8798012002912
PMAL,MYS,2080,3127.930885313467
PMAL,MYS,2090,3046.8894588870867
PMAL,MYS,2100,2984.703601901937
ASII,NAM,2005,718.5486120613011
ASII,NAM,2010,715.658235404008
ASII,NAM,2015,719.9427311784896
ASII,NAM,2020,661.3920661763038
ASII,NAM,2025,638.4581109826302
ASII,NAM,2030,578.5190154656908
ASII,NAM,2035,512.438978656462
ASII,NAM,2040,449.8521516925858
ASII,NAM,2045,351.31596908450155
ASII,NAM,2050,278.7787282721073
ASII,NAM,2060,172.08032249450986
ASII,NAM,2070,102.47750554186995
ASII,NAM,2080,67.49366018806862
ASII,NAM,2090,57.346405555247614
ASII,NAM,2100,57.427135943115886
NAMC,NAM,2005,53.223090559825465
NAMC,NAM,2010,56.14943106710229
NAMC,NAM,2015,58.49846354822862
NAMC,NAM,2020,54.73201143015414
NAMC,NAM,2025,53.40874504047572
NAMC,NAM,2030,52.99728868312687
NAMC,NAM,2035,48.27292087479916
NAMC,NAM,2040,43.96235696168663
NAMC,NAM,2045,37.537731149264076
NAMC,NAM,2050,32.44920017578035
NAMC,NAM,2060,23.21016066483044
NAMC,NAM,2070,15.946346202580322
NAMC,NAM,2080,10.915909488190529
NAMC,NAM,2090,7.9187558521386405
NAMC,NAM,2100,6.070839699296102
ORAN,NAM,2005,9.539030321387157
ORAN,NAM,2010,10.015092656320185
ORAN,NAM,2015,9.968165293211092
ORAN,NAM,2020,9.210345945597151
ORAN,NAM,2025,8.632516868570411
ORAN,NAM,2030,7.464293895679161
ORAN,NAM,2035,6.668760626687445
ORAN,NAM,2040,6.0969203048822385
ORAN,NAM,2045,5.736837952701155
ORAN,NAM,2050,5.4334663788574975
ORAN,NAM,2060,4.741286086273172
ORAN,NAM,2070,4.092517346609329
ORAN,NAM,2080,3.6764228109126638
ORAN,NAM,2090,3.986168408054116
ORAN,NAM,2100,4.690940962791887
LCHA,NER,2005,2276.7564939255276
LCHA,NER,2010,2451.172088980523
LCHA,NER,2015,2752.5338259076275
LCHA,NER,2020,2748.9953716870386
LCHA,NER,2025,2990.9439288148
LCHA,NER,2030,3583.627155843845
LCHA,NER,2035,3807.7787772515335
LCHA,NER,2040,3922.892267227585
LCHA,NER,2045,4055.113782675475
LCHA,NER,2050,4248.903376083503
LCHA,NER,2060,4763.0039851977535
LCHA,NER,2070,5279.968799356596
LCHA,NER,2080,5167.994275483975
LCHA,NER,2090,4083.3541434147714
LCHA,NER,2100,3244.588453825789
NIGE,NER,2005,9589.041577202703
NIGE,NER,2010,10450.35933235079
NIGE,NER,2015,11709.94775713967
NIGE,NER,2020,11665.285445504283
NIGE,NER,2025,12263.987140887142
NIGE,NER,2030,12210.062331843059
NIGE,NER,2035,12310.211878820628
NIGE,NER,2040,12545.30578305465
NIGE,NER,2045,12887.153127572748
NIGE,NER,2050,13286.84561481981
NIGE,NER,2060,14161.821251388206
NIGE,NER,2070,14912.495834818748
NIGE,NER,2080,14687.494641656562
NIGE,NER,2090,12816.141839510432
NIGE,NER,2100,11401.920917901212
AFWC,NGA,2005,3082.673001243209
AFWC,NGA,2010,3414.158819348711
AFWC,NGA,2015,3082.995142813079
AFWC,NGA,2020,2980.3731577709623
AFWC,NGA,2025,2959.417046368516
AFWC,NGA,2030,2934.226732728376
AFWC,NGA,2035,2820.754023602661
AFWC,NGA,2040,2584.6878637850036
AFWC,NGA,2045,2276.7732022984696
AFWC,NGA,2050,1930.1965130550898
AFWC,NGA,2060,1306.3284745350115
AFWC,NGA,2070,832.9827157707839
AFWC,NGA,2080,535.4605580673059
AFWC,NGA,2090,342.09993093463873
AFWC,NGA,2100,243.66367473293306
GFGU,NGA,2005,1771.193040048544
GFGU,NGA,2010,1910.4360313093907
GFGU,NGA,2015,1955.2844353013184
GFGU,NGA,2020,1913.5193828823021
GFGU,NGA,2025,1911.1611873904808
GFGU,NGA,2030,1910.8120212504145
GFGU,NGA,2035,1854.655020740197
GFGU,NGA,2040,1704.004691922825
GFGU,NGA,2045,1494.6008538096794
GFGU,NGA,2050,1257.3685444217836
GFGU,NGA,2060,812.8512430123621
GFGU,NGA,2070,555.7134176201231
GFGU,NGA,2080,434.7372417026166
GFGU,NGA,2090,318.09185655964933
GFGU,NGA,2100,257.5373900265529
LCHA,NGA,2005,9400.913438329708
LCHA,NGA,2010,9055.305716537803
LCHA,NGA,2015,8439.767207906356
LCHA,NGA,2020,8136.610756726257
LCHA,NGA,2025,8045.32702614357
LCHA,NGA,2030,7796.583270606103
LCHA,NGA,2035,7232.810741610684
LCHA,NGA,2040,6608.816828243595
LCHA,NGA,2045,6083.329659650897
LCHA,NGA,2050,5630.672474489676
LCHA,NGA,2060,5128.794031108795
LCHA,NGA,2070,5122.638322192644
LCHA,NGA,2080,5033.931787726627
LCHA,NGA,2090,4722.813248290486
LCHA,NGA,2100,4573.263461382
NIGE,NGA,2005,24804.645616103244
NIGE,NGA,2010,25346.36904283106
NIGE,NGA,2015,26319.48155583829
NIGE,NGA,2020,25349.323595148584
NIGE,NGA,2025,24771.951547016703
NIGE,NGA,2030,23575.23927132369
NIGE,NGA,2035,21516.14716278769
NIGE,NGA,2040,18686.42789106822
NIGE,NGA,2045,15772.72698932522
NIGE,NGA,2050,13196.533839144782
NIGE,NGA,2060,9128.306212194264
NIGE,NGA,2070,6525.8346161782265
NIGE,NGA,2080,4978.899770673391
NIGE,NGA,2090,3853.8396377553245
NIGE,NGA,2100,3107.7768213239183
SCAM,NIC,2005,854.1259405596417
SCAM,NIC,2010,809.9527287762514
SCAM,NIC,2015,902.6745201596236
SCAM,NIC,2020,907.2584823191744
SCAM,NIC,2025,957.7988213665056
SCAM,NIC,2030,998.379945416487
SCAM,NIC,2035,1045.688500671105
SCAM,NIC,2040,1092.8463058543769
SCAM,NIC,2045,1140.3056639118067
SCAM,NIC,2050,1183.6197130007406
SCAM,NIC,2060,1256.320399206038
SCAM,NIC,2070,1348.320221590055
SCAM,NIC,2080,1441.828825561152
SCAM,NIC,2090,1574.6206072316286
SCAM,NIC,2100,1732.2877568474198
MAAS,NLD,2005,219.2067557153908
MAAS,NLD,2010,212.32257053718496
MAAS,NLD,2015,329.66777272685107
MAAS,NLD,2020,264.6664062676556
MAAS,NLD,2025,276.6741328954845
MAAS,NLD,2030,290.08618658517025
MAAS,NLD,2035,314.64849474114266
MAAS,NLD,2040,347.50966757677327
MAAS,NLD,2045,380.21756950905535
MAAS,NLD,2050,406.5365535133037
MAAS,NLD,2060,454.7185248684605
MAAS,NLD,2070,470.52353392309976
MAAS,NLD,2080,452.42501124069514
MAAS,NLD,2090,397.8711904527283
MAAS,NLD,2100,352.8097095065248
RHIN,NLD,2005,528.1734153108489
RHIN,NLD,2010,495.7254372261277
RHIN,NLD,2015,823.2555435107463
RHIN,NLD,2020,687.1854800222072
RHIN,NLD,2025,727.1710204486575
RHIN,NLD,2030,769.4723769288387
RHIN,NLD,2035,837.527691348741
RHIN,NLD,2040,928.175397424507
RHIN,NLD,2045,1022.1671855358685
RHIN,NLD,2050,1099.9159244575555
RHIN,NLD,2060,1248.1080901703951
RHIN,NLD,2070,1318.3643593271263
RHIN,NLD,2080,1322.1286671192008
RHIN,NLD,2090,1272.7353950424142
RHIN,NLD,2100,1202.027640842241
SCHE,NLD,2005,111.91741850653065
SCHE,NLD,2010,108.61279936314132
SCHE,NLD,2015,202.2198752569623
SCHE,NLD,2020,172.06712196165924
SCHE,NLD,2025,183.46903753702387
SCHE,NLD,2030,190.99462367995068
SCHE,NLD,2035,201.8581295038973
SCHE,NLD,2040,214.9852202383799
SCHE,NLD,2045,227.24350144085696
SCHE,NLD,2050,235.73177976244747
SCHE,NLD,2060,251.7412476492514
SCHE,NLD,2070,254.2184971416472
SCHE,NLD,2080,247.0575255713837
SCHE,NLD,2090,231.39794244751567
SCHE,NLD,2100,213.01304180698884
SNCC,NOR,2005,742.4687704271638
SNCC,NOR,2010,711.5267960786782
SNCC,NOR,2015,693.7656473994214
SNCC,NOR,2020,679.7848724817297
SNCC,NOR,2025,686.5025028950556
SNCC,NOR,2030,707.3971762173754
SNCC,NOR,2035,725.4330823650722
SNCC,NOR,2040,719.5169571093104
SNCC,NOR,2045,695.4426672653617
SNCC,NOR,2050,683.0876901090497
SNCC,NOR,2060,718.4542536358043
SNCC,NOR,2070,806.6181902382635
SNCC,NOR,2080,914.9479724016592
SNCC,NOR,2090,1018.5414502771634
SNCC,NOR,2100,1115.0225740961
SWED,NOR,2005,29.331035476142738
SWED,NOR,2010,28.151861833276485
SWED,NOR,2015,27.37106867214249
SWED,NOR,2020,26.8249173529272
SWED,NOR,2025,27.103486905458023
SWED,NOR,2030,27.945570772354753
SWED,NOR,2035,28.626513643717345
SWED,NOR,2040,28.345485820689696
SWED,NOR,2045,27.20459486758281
SWED,NOR,2050,26.46380344955948
SWED,NOR,2060,27.357614428751198
SWED,NOR,2070,30.484895593895164
SWED,NOR,2080,34.66801375522833
SWED,NOR,2090,38.83939952793352
SWED,NOR,2100,42.78329833588633
GABR,NPL,2005,2464.2401039820184
GABR,NPL,2010,2374.014558288477
GABR,NPL,2015,2239.1510727364807
GABR,NPL,2020,2217.4979552101113
GABR,NPL,2025,2303.312282846342
GABR,NPL,2030,2412.0216841242077
GABR,NPL,2035,2511.728353095712
GABR,NPL,2040,2615.9483263326065
GABR,NPL,2045,2738.295262985617
GABR,NPL,2050,2793.6492100040273
GABR,NPL,2060,2791.073414944355
GABR,NPL,2070,2780.3912752199376
GABR,NPL,2080,2723.428339745578
GABR,NPL,2090,2680.184422705313
GABR,NPL,2100,2632.3764866461584
NZLZ,NZL,2005,504.6425542627069
NZLZ,NZL,2010,596.3527284309932
NZLZ,NZL,2015,573.7224414820322
NZLZ,NZL,2020,544.7461813114707
NZLZ,NZL,2025,524.7835924900105
NZLZ,NZL,2030,506.0863777987342
NZLZ,NZL,2035,493.8548968637025
NZLZ,NZL,2040,492.0839956769178
NZLZ,NZL,2045,488.8023920747697
NZLZ,NZL,2050,484.7085861103629
NZLZ,NZL,2060,482.4670228026166
NZLZ,NZL,2070,470.7730317894424
NZLZ,NZL,2080,431.85326994956085
NZLZ,NZL,2090,397.6130946797855
NZLZ,NZL,2100,363.4178304753642
ARPA,OMN,2005,52.76738097967577
ARPA,OMN,2010,53.83746574260486
ARPA,OMN,2015,67.3798863237273
ARPA,OMN,2020,62.57888087041411
ARPA,OMN,2025,61.13969139733318
ARPA,OMN,2030,60.68386132292926
ARPA,OMN,2035,61.411804585125154
ARPA,OMN,2040,62.76747627029833
ARPA,OMN,2045,63.98280696389973
ARPA,OMN,2050,64.8374930031682
ARPA,OMN,2060,64.09745477498507
ARPA,OMN,2070,59.935002953165736
ARPA,OMN,2080,53.71273458338101
ARPA,OMN,2090,46.572597086832864
ARPA,OMN,2100,40.74170772107967
ASAC,PAK,2005,317.1014247087728
ASAC,PAK,2010,333.51395880716154
ASAC,PAK,2015,323.67317723446564
ASAC,PAK,2020,338.6728386801981
ASAC,PAK,2025,367.01307615228876
ASAC,PAK,2030,413.2395954582976
ASAC,PAK,2035,488.6777721725559
ASAC,PAK,2040,585.1910182597757
ASAC,PAK,2045,690.192025320621
ASAC,PAK,2050,819.7813043487752
ASAC,PAK,2060,1129.655601774592
ASAC,PAK,2070,1482.0154720491057
ASAC,PAK,2080,1718.2427622231053
ASAC,PAK,2090,1798.554130929371
ASAC,PAK,2100,1801.4450360019473
HAMU,PAK,2005,168.87477130579646
HAMU,PAK,2010,177.50153954476937
HAMU,PAK,2015,175.24586874800409
HAMU,PAK,2020,180.4598733481869
HAMU,PAK,2025,188.7253122646988
HAMU,PAK,2030,198.93094849372503
HAMU,PAK,2035,213.94450157742273
HAMU,PAK,2040,227.77874122007913
HAMU,PAK,2045,237.3046919830213
HAMU,PAK,2050,246.01255311192222
HAMU,PAK,2060,254.02958933761235
HAMU,PAK,2070,249.147578527039
HAMU,PAK,2080,247.03295318458413
HAMU,PAK,2090,247.92647743335988
HAMU,PAK,2100,252.8596353699511
INDU,PAK,2005,8784.910435099093
INDU,PAK,2010,9109.363595856988
INDU,PAK,2015,8967.904792413043
INDU,PAK,2020,9234.543593134047
INDU,PAK,2025,9715.028373972253
INDU,PAK,2030,10505.133330521103
INDU,PAK,2035,11417.528164508758
INDU,PAK,2040,12313.767004884388
INDU,PAK,2045,13173.26600110612
INDU,PAK,2050,14158.10711090104
INDU,PAK,2060,15839.531226358342
INDU,PAK,2070,16504.773461657765
INDU,PAK,2080,16944.097867272474
INDU,PAK,2090,17436.70421839557
INDU,PAK,2100,17900.534304065965
SABA,PAK,2005,2549.27265998437
SABA,PAK,2010,2621.432865263986
SABA,PAK,2015,2599.603961409476
SABA,PAK,2020,2689.2564618503593
SABA,PAK,2025,2848.420321880988
SABA,PAK,2030,3122.86322781803
SABA,PAK,2035,3458.4379885970034
SABA,PAK,2040,3822.008929539037
SABA,PAK,2045,4155.83213535289
SABA,PAK,2050,4288.749005977481
SABA,PAK,2060,4527.514836628608
SABA,PAK,2070,4712.912326183982
SABA,PAK,2080,4834.697422793813
SABA,PAK,2090,4861.390516908426
SABA,PAK,2100,4845.142985092457
CEPC,PAN,2005,122.02567720948798
CEPC,PAN,2010,134.9059495246491
CEPC,PAN,2015,119.12823159801042
CEPC,PAN,2020,119.57225230534476
CEPC,PAN,2025,125.54780113114055
CEPC,PAN,2030,132.35814039535705
CEPC,PAN,2035,139.15356260421356
CEPC,PAN,2040,144.88768496587647
CEPC,PAN,2045,150.47620106750782
CEPC,PAN,2050,154.93176814697205
CEPC,PAN,2060,158.20406945151655
CEPC,PAN,2070,154.16494578906565
CEPC,PAN,2080,146.85537189774843
CEPC,PAN,2090,139.02035185654304
CEPC,PAN,2100,130.47304968175493
SCAM,PAN,2005,290.2411871789535
SCAM,PAN,2010,315.11155041459267
SCAM,PAN,2015,289.3798795648774
SCAM,PAN,2020,289.96556974568784
SCAM,PAN,2025,302.94472242676886
SCAM,PAN,2030,318.4606842892663
SCAM,PAN,2035,334.27695182150114
SCAM,PAN,2040,348.6171333371142
SCAM,PAN,2045,362.2411079117381
SCAM,PAN,2050,372.7332417872374
SCAM,PAN,2060,386.3100285729411
SCAM,PAN,2070,393.3458892656224
SCAM,PAN,2080,399.25698402546834
SCAM,PAN,2090,406.93212449935214
SCAM,PAN,2100,412.45089792830476
AMAZ,PER,2005,1180.8754530620336
AMAZ,PER,2010,1282.3010234077174
AMAZ,PER,2015,1629.4788116933196
AMAZ,PER,2020,1632.2484383402848
AMAZ,PER,2025,1700.0507866756948
AMAZ,PER,2030,1770.1473300438593
AMAZ,PER,2035,1839.56769494922
AMAZ,PER,2040,1900.598420189899
AMAZ,PER,2045,1947.9665086617656
AMAZ,PER,2050,1947.9353874884262
AMAZ,PER,2060,1902.4972370833807
AMAZ,PER,2070,1867.2295829097413
AMAZ,PER,2080,1818.6028839356381
AMAZ,PER,2090,1763.1699499136118
AMAZ,PER,2100,1724.697756543395
PERU,PER,2005,1205.764365209538
PERU,PER,2010,1278.3867387753526
PERU,PER,2015,1610.2041448989692
PERU,PER,2020,1625.225346359639
PERU,PER,2025,1691.4519084803906
PERU,PER,2030,1780.7912080032736
PERU,PER,2035,1889.8474745093272
PERU,PER,2040,2004.6492247336382
PERU,PER,2045,2140.1188117012325
PERU,PER,2050,2231.6389193178525
PERU,PER,2060,2292.954971433861
PERU,PER,2070,2333.44565327747
PERU,PER,2080,2339.016621167534
PERU,PER,2090,2305.410412838687
PERU,PER,2100,2263.2326720765477
PHIL,PHL,2005,8246.263470007862
PHIL,PHL,2010,8869.804816989388
PHIL,PHL,2015,9225.915846356507
PHIL,PHL,2020,9376.914120741101
PHIL,PHL,2025,9743.499252704623
PHIL,PHL,2030,10188.293586357098
PHIL,PHL,2035,10643.397230045379
PHIL,PHL,2040,10985.725631259715
PHIL,PHL,2045,11205.117432525518
PHIL,PHL,2050,11315.908011190688
PHIL,PHL,2060,11101.056999284236
PHIL,PHL,2070,10398.617905972093
PHIL,PHL,2080,9936.814865358165
PHIL,PHL,2090,9848.66389516291
PHIL,PHL,2100,9763.337159364808
FLYY,PNG,2005,50.461760432888326
FLYY,PNG,2010,58.55041891283429
FLYY,PNG,2015,61.73604634670344
FLYY,PNG,2020,62.13418659844358
FLYY,PNG,2025,65.70929040049207
FLYY,PNG,2030,70.09372962706118
FLYY,PNG,2035,73.73684530533637
FLYY,PNG,2040,75.99059491822979
FLYY,PNG,2045,77.6886625173158
FLYY,PNG,2050,79.44175696384346
FLYY,PNG,2060,83.77857986755224
FLYY,PNG,2070,85.66271377992265
FLYY,PNG,2080,84.37486772998676
FLYY,PNG,2090,82.40083745416565
FLYY,PNG,2100,79.89112808097158
IRJA,PNG,2005,56.63560531489291
IRJA,PNG,2010,66.13573012680618
IRJA,PNG,2015,70.50997565842813
IRJA,PNG,2020,71.00499354222772
IRJA,PNG,2025,74.90835494772523
IRJA,PNG,2030,79.63774503643901
IRJA,PNG,2035,83.64028602907945
IRJA,PNG,2040,86.23666746225649
IRJA,PNG,2045,88.29290939290611
IRJA,PNG,2050,90.53458757724823
IRJA,PNG,2060,95.87894603556643
IRJA,PNG,2070,98.58768947925151
IRJA,PNG,2080,97.78800056570057
IRJA,PNG,2090,96.09265585657228
IRJA,PNG,2100,93.41836742259392
PNGC,PNG,2005,442.295212898757
PNGC,PNG,2010,499.1244092352799
PNGC,PNG,2015,524.0193619150176
PNGC,PNG,2020,525.3862380862948
PNGC,PNG,2025,556.8008779337239
PNGC,PNG,2030,598.9010363967432
PNGC,PNG,2035,634.8347717835235
PNGC,PNG,2040,658.4719406433106
PNGC,PNG,2045,676.90526351776
PNGC,PNG,2050,692.1769930031563
PNGC,PNG,2060,735.1984355264358
PNGC,PNG,2070,762.2326280610981
PNGC,PNG,2080,744.8719844252907
PNGC,PNG,2090,716.4196841698019
PNGC,PNG,2100,687.6124030581468
SEPI,PNG,2005,177.1550418685884
SEPI,PNG,2010,205.7287159262375
SEPI,PNG,2015,216.80594851040235
SEPI,PNG,2020,218.24400634297342
SEPI,PNG,2025,230.67058223493467
SEPI,PNG,2030,246.01186460428582
SEPI,PNG,2035,258.67013994050706
SEPI,PNG,2040,266.92807076256355
SEPI,PNG,2045,273.4522378275546
SEPI,PNG,2050,280.1318322951633
SEPI,PNG,2060,296.10104968075035
SEPI,PNG,2070,303.8778867430973
SEPI,PNG,2080,301.8720261349
SEPI,PNG,2090,296.8513214806381
SEPI,PNG,2100,289.62867012885556
ODER,POL,2005,3544.5042945066216
ODER,POL,2010,3368.922824717653
ODER,POL,2015,3535.019076623095
ODER,POL,2020,3527.140564257434
ODER,POL,2025,3737.281987616002
ODER,POL,2030,3845.10956315036
ODER,POL,2035,3945.5907969237655
ODER,POL,2040,4028.9017527033443
ODER,POL,2045,4146.508234457373
ODER,POL,2050,4282.386123330291
ODER,POL,2060,4570.6318859455705
ODER,POL,2070,4628.79699542177
ODER,POL,2080,4613.248712756074
ODER,POL,2090,4558.265212780039
ODER,POL,2100,4540.694234677182
PLCO,POL,2005,999.7091117157796
PLCO,POL,2010,960.702574716456
PLCO,POL,2015,940.8314087112711
PLCO,POL,2020,936.5365746724788
PLCO,POL,2025,988.5205829938996
PLCO,POL,2030,1026.6313555579088
PLCO,POL,2035,1059.675010578349
PLCO,POL,2040,1089.3590876351182
PLCO,POL,2045,1122.26045811306
PLCO,POL,2050,1154.5923244965768
PLCO,POL,2060,1222.3082870215844
PLCO,POL,2070,1218.0255945095914
PLCO,POL,2080,1199.0874750257776
PLCO,POL,2090,1175.8175930652567
PLCO,POL,2100,1166.1940925979172
WISL,POL,2005,5655.671034693171
WISL,POL,2010,5246.193004757037
WISL,POL,2015,5416.883294967497
WISL,POL,2020,5401.86851017915
WISL,POL,2025,5736.119832451737
WISL,POL,2030,5895.743535476996
WISL,POL,2035,6032.707633603601
WISL,POL,2040,6164.955299445084
WISL,POL,2045,6362.035231034848
WISL,POL,2050,6590.953559219404
WISL,POL,2060,7080.421682042692
WISL,POL,2070,7172.9365915891885
WISL,POL,2080,7132.017336218645
WISL,POL,2090,7041.677279144537
WISL,POL,2100,7017.568193762908
DOUR,PRT,2005,255.49993099269994
DOUR,PRT,2010,225.03308349012136
DOUR,PRT,2015,227.90313609330423
DOUR,PRT,2020,220.78805982151778
DOUR,PRT,2025,218.36778163162282
DOUR,PRT,2030,209.72976422340986
DOUR,PRT,2035,204.41439106694457
DOUR,PRT,2040,200.4852788639923
DOUR,PRT,2045,198.53920534737057
DOUR,PRT,2050,196.37206673456726
DOUR,PRT,2060,178.6106595999124
DOUR,PRT,2070,151.66842988503623
DOUR,PRT,2080,130.45583307748788
DOUR,PRT,2090,116.71721667048871
DOUR,PRT,2100,106.65077790476938
GUAD,PRT,2005,300.61558740236006
GUAD,PRT,2010,268.4495514246937
GUAD,PRT,2015,271.79113843384215
GUAD,PRT,2020,263.4678270665303
GUAD,PRT,2025,263.29354040068006
GUAD,PRT,2030,258.48580989489926
GUAD,PRT,2035,258.791848412255
GUAD,PRT,2040,259.7731018748297
GUAD,PRT,2045,261.2566384516282
GUAD,PRT,2050,260.38424399386804
GUAD,PRT,2060,249.10586083410533
GUAD,PRT,2070,226.21207567512295
GUAD,PRT,2080,201.36679139831696
GUAD,PRT,2090,178.21768104581568
GUAD,PRT,2100,157.7927500407236
SPAC,PRT,2005,674.5404407589352
SPAC,PRT,2010,612.6794958179499
SPAC,PRT,2015,617.2292213046524
SPAC,PRT,2020,596.5986543571402
SPAC,PRT,2025,592.6297272345263
SPAC,PRT,2030,576.8698076126462
SPAC,PRT,2035,570.374618202058
SPAC,PRT,2040,565.99686718803
SPAC,PRT,2045,564.5217301675573
SPAC,PRT,2050,559.0568397999336
SPAC,PRT,2060,523.4814683585352
SPAC,PRT,2070,463.4638036999047
SPAC,PRT,2080,408.9201754394576
SPAC,PRT,2090,367.0515442951869
SPAC,PRT,2100,331.41059359521597
TAGU,PRT,2005,243.64657965455018
TAGU,PRT,2010,229.96045585532292
TAGU,PRT,2015,237.43069159346518
TAGU,PRT,2020,229.55313571544315
TAGU,PRT,2025,227.86183629479427
TAGU,PRT,2030,222.50318114355304
TAGU,PRT,2035,220.4230855643258
TAGU,PRT,2040,218.58315311606097
TAGU,PRT,2045,217.1755893667917
TAGU,PRT,2050,213.77176377716728
TAGU,PRT,2060,198.82285670026536
TAGU,PRT,2070,175.98768228737902
TAGU,PRT,2080,154.08695721972336
TAGU,PRT,2090,134.8441196263581
TAGU,PRT,2100,118.60765856638369
LAPL,PRY,2005,3713.2720614264217
LAPL,PRY,2010,4161.4990719174375
LAPL,PRY,2015,4588.395766326595
LAPL,PRY,2020,4576.601721648569
LAPL,PRY,2025,4761.753943713449
LAPL,PRY,2030,4887.809982409839
LAPL,PRY,2035,4861.2568882984415
LAPL,PRY,2040,4738.077566903313
LAPL,PRY,2045,4649.894253566879
LAPL,PRY,2050,4591.069863716197
LAPL,PRY,2060,4306.838418494216
LAPL,PRY,2070,3963.4226991027417
LAPL,PRY,2080,3932.4982601533316
LAPL,PRY,2090,4207.900962714601
LAPL,PRY,2100,4634.434728559182
DANU,ROU,2005,9069.19079856988
DANU,ROU,2010,8363.875352729805
DANU,ROU,2015,8778.265488430487
DANU,ROU,2020,8853.792266941298
DANU,ROU,2025,9199.546784637447
DANU,ROU,2030,9343.65098783853
DANU,ROU,2035,9328.07860351789
DANU,ROU,2040,9214.949845854444
DANU,ROU,2045,9134.821888368613
DANU,ROU,2050,9055.695738645712
DANU,ROU,2060,8797.334973930492
DANU,ROU,2070,8499.28287124576
DANU,ROU,2080,8251.189272935255
DANU,ROU,2090,7997.455876028425
DANU,ROU,2100,7720.995295097758
AMUR,RUS,2005,4137.207449902753
AMUR,RUS,2010,4002.4147110297795
AMUR,RUS,2015,4074.4605306894036
AMUR,RUS,2020,3920.7609742250775
AMUR,RUS,2025,3915.6848124584862
AMUR,RUS,2030,3948.0002828852585
AMUR,RUS,2035,3963.546964302266
AMUR,RUS,2040,3971.1065310117824
AMUR,RUS,2045,3970.3704693391783
AMUR,RUS,2050,3947.5151096319437
AMUR,RUS,2060,3845.395885900246
AMUR,RUS,2070,3719.342174220431
AMUR,RUS,2080,3630.2307664244063
AMUR,RUS,2090,3615.8304587333223
AMUR,RUS,2100,3692.5906090278318
LENA,RUS,2005,0.3712234982733875
LENA,RUS,2010,1.28246749553227
LENA,RUS,2015,6.71465925751631
LENA,RUS,2020,6.277517693165272
LENA,RUS,2025,6.320809151848355
LENA,RUS,2030,6.3982888470388914
LENA,RUS,2035,6.476592592389679
LENA,RUS,2040,6.5385427171667985
LENA,RUS,2045,6.5690199809271945
LENA,RUS,2050,6.581770783724817
LENA,RUS,2060,6.560720378508254
LENA,RUS,2070,6.5001222751655625
LENA,RUS,2080,6.389564038168647
LENA,RUS,2090,6.263834088823778
LENA,RUS,2100,6.164704398612063
OBBB,RUS,2005,28134.538514956308
OBBB,RUS,2010,27495.530936395036
OBBB,RUS,2015,28113.20269426182
OBBB,RUS,2020,27513.02556884416
OBBB,RUS,2025,28083.82910883186
OBBB,RUS,2030,28880.45689425349
OBBB,RUS,2035,29487.62184556918
OBBB,RUS,2040,29926.50070816079
OBBB,RUS,2045,30278.198904021872
OBBB,RUS,2050,30534.576563387727
OBBB,RUS,2060,30886.08979159891
OBBB,RUS,2070,31143.672551255277
OBBB,RUS,2080,31533.406059558456
OBBB,RUS,2090,32207.50556039835
OBBB,RUS,2100,33211.55180171748
VOLG,RUS,2005,73279.36054352319
VOLG,RUS,2010,73956.12963861298
VOLG,RUS,2015,75862.02672839662
VOLG,RUS,2020,75056.25136979135
VOLG,RUS,2025,76447.7904252536
VOLG,RUS,2030,77526.22501966787
VOLG,RUS,2035,78076.1262416169
VOLG,RUS,2040,78523.11991336152
VOLG,RUS,2045,79117.96347999256
VOLG,RUS,2050,79573.90313000913
VOLG,RUS,2060,80007.94997428085
VOLG,RUS,2070,79917.33583826655
VOLG,RUS,2080,79316.34836234292
VOLG,RUS,2090,78640.2866321162
VOLG,RUS,2100,77800.38393629601
YENS,RUS,2005,3542.62241401886
YENS,RUS,2010,3431.5806278228897
YENS,RUS,2015,3427.3040480887717
YENS,RUS,2020,3290.0310183496304
YENS,RUS,2025,3294.319247736739
YENS,RUS,2030,3322.905220983963
YENS,RUS,2035,3327.0812150742895
YENS,RUS,2040,3312.673412291911
YENS,RUS,2045,3278.7970973220918
YENS,RUS,2050,3221.5822397341612
YENS,RUS,2060,3064.409680847875
YENS,RUS,2070,2913.983458438181
YENS,RUS,2080,2791.636578722661
YENS,RUS,2090,2732.8131148454536
YENS,RUS,2100,2744.3143872253
CONG,RWA,2005,192.19219233257124
CONG,RWA,2010,202.94841467781768
CONG,RWA,2015,216.30322263756665
CONG,RWA,2020,207.02440170508146
CONG,RWA,2025,207.83563859790505
CONG,RWA,2030,209.74603117644608
CONG,RWA,2035,205.3447019313796
CONG,RWA,2040,187.29917844541546
CONG,RWA,2045,161.66882336231916
CONG,RWA,2050,136.04957158403337
CONG,RWA,2060,94.28734615336904
CONG,RWA,2070,66.49894716713253
CONG,RWA,2080,49.465715484151204
CONG,RWA,2090,41.69715476962309
CONG,RWA,2100,39.21694065209415
NILE,RWA,2005,902.0620546657051
NILE,RWA,2010,903.5094112832644
NILE,RWA,2015,902.3581761933855
NILE,RWA,2020,850.031503654373
NILE,RWA,2025,817.2097864307127
NILE,RWA,2030,773.163330857806
NILE,RWA,2035,713.5611563154001
NILE,RWA,2040,617.5715688281699
NILE,RWA,2045,520.3451980876827
NILE,RWA,2050,429.73651125560013
NILE,RWA,2060,288.263941393
NILE,RWA,2070,197.53959233328487
NILE,RWA,2080,146.50612758501913
NILE,RWA,2090,124.69703091609217
NILE,RWA,2100,117.35001937951843
ARPA,SAU,2005,940.7844144592123
ARPA,SAU,2010,728.7869470362025
ARPA,SAU,2015,624.6288450275235
ARPA,SAU,2020,535.8375764544197
ARPA,SAU,2025,408.23163724997937
ARPA,SAU,2030,303.0762891623892
ARPA,SAU,2035,255.44103581991254
ARPA,SAU,2040,219.97752490911233
ARPA,SAU,2045,218.79180098379624
ARPA,SAU,2050,229.01555683590357
ARPA,SAU,2060,237.04905608948013
ARPA,SAU,2070,226.96853042949976
ARPA,SAU,2080,198.90080172895745
ARPA,SAU,2090,164.32128624882574
ARPA,SAU,2100,129.8715103839848
RSEE,SAU,2005,465.2606646012366
RSEE,SAU,2010,374.053484706626
RSEE,SAU,2015,594.317322446428
RSEE,SAU,2020,521.8030970141012
RSEE,SAU,2025,435.06127575405134
RSEE,SAU,2030,351.1181407236219
RSEE,SAU,2035,303.3441723092567
RSEE,SAU,2040,265.6565920920682
RSEE,SAU,2045,252.49971997647026
RSEE,SAU,2050,249.0370772006148
RSEE,SAU,2060,240.6483252799246
RSEE,SAU,2070,223.3148081502548
RSEE,SAU,2080,192.7221890128195
RSEE,SAU,2090,157.64893189367803
RSEE,SAU,2100,124.03354119275328
ANIN,SDN,2005,23.087412701846564
ANIN,SDN,2010,23.087412701846564
ANIN,SDN,2015,23.087412701846564
ANIN,SDN,2020,20.940004656268837
ANIN,SDN,2025,19.84313662109335
ANIN,SDN,2030,15.237742370327911
ANIN,SDN,2035,10.28676275460466
ANIN,SDN,2040,7.021881005753817
ANIN,SDN,2045,5.326567418717554
ANIN,SDN,2050,4.249679908418047
ANIN,SDN,2060,2.8832777428209355
ANIN,SDN,2070,1.9597721759229718
ANIN,SDN,2080,1.3274571586755437
ANIN,SDN,2090,1.3362831525634316
ANIN,SDN,2100,1.7491467015215814
ARGA,SDN,2005,13.26367771851589
ARGA,SDN,2010,13.26367771851589
ARGA,SDN,2015,13.26367771851589
ARGA,SDN,2020,12.576814666747675
ARGA,SDN,2025,11.127597707834434
ARGA,SDN,2030,8.73487480243182
ARGA,SDN,2035,5.963566289697274
ARGA,SDN,2040,3.983114876222434
ARGA,SDN,2045,2.9538943397401534
ARGA,SDN,2050,2.3413251509943662
ARGA,SDN,2060,1.6221251484364358
ARGA,SDN,2070,1.2922832890757538
ARGA,SDN,2080,1.5621689605068
ARGA,SDN,2090,2.5727272963365606
ARGA,SDN,2100,4.417171582695117
LCHA,SDN,2005,913.752766542773
LCHA,SDN,2010,913.752766542773
LCHA,SDN,2015,913.752766542773
LCHA,SDN,2020,841.5642797029694
LCHA,SDN,2025,693.0952312554014
LCHA,SDN,2030,547.136377910832
LCHA,SDN,2035,459.57645055672486
LCHA,SDN,2040,360.2624185107696
LCHA,SDN,2045,305.3445462985466
LCHA,SDN,2050,272.6802082943852
LCHA,SDN,2060,215.4799071288776
LCHA,SDN,2070,163.95411017639594
LCHA,SDN,2080,121.10658316101988
LCHA,SDN,2090,87.90789066732687
LCHA,SDN,2100,83.0489957130287
NILE,SDN,2005,21979.618086014725
NILE,SDN,2010,21979.618086014725
NILE,SDN,2015,21979.618086014725
NILE,SDN,2020,20893.956940546577
NILE,SDN,2025,17929.17867537591
NILE,SDN,2030,14147.285549738188
NILE,SDN,2035,9879.499407916208
NILE,SDN,2040,6359.422440375609
NILE,SDN,2045,4703.0361759054485
NILE,SDN,2050,3784.847559973714
NILE,SDN,2060,2665.4549126595944
NILE,SDN,2070,2022.2292793115912
NILE,SDN,2080,1882.5026391583524
NILE,SDN,2090,1823.391826488645
NILE,SDN,2100,1957.2073479017429
AFWC,SEN,2005,1497.6793386079935
AFWC,SEN,2010,1820.855333627997
AFWC,SEN,2015,1853.9168363982465
AFWC,SEN,2020,1774.7656952262018
AFWC,SEN,2025,1836.24047643818
AFWC,SEN,2030,1914.6757201702794
AFWC,SEN,2035,1985.2545539358819
AFWC,SEN,2040,2030.0244664540617
AFWC,SEN,2045,2037.5646982791125
AFWC,SEN,2050,2038.6434586562348
AFWC,SEN,2060,2064.268481109211
AFWC,SEN,2070,2023.9757249611916
AFWC,SEN,2080,2009.1382021026673
AFWC,SEN,2090,2023.882976718047
AFWC,SEN,2100,1969.6133196962285
SENE,SEN,2005,391.5591003667879
SENE,SEN,2010,467.54038496182545
SENE,SEN,2015,510.01659085094747
SENE,SEN,2020,489.03243981743174
SENE,SEN,2025,514.2223144863964
SENE,SEN,2030,547.1264683606036
SENE,SEN,2035,578.2736898183957
SENE,SEN,2040,599.4128888765172
SENE,SEN,2045,604.6128373534958
SENE,SEN,2050,607.0978591184783
SENE,SEN,2060,624.2954155871801
SENE,SEN,2070,613.6074646198354
SENE,SEN,2080,624.8296348459103
SENE,SEN,2090,634.822594296023
SENE,SEN,2100,620.0460648229499
SOLI,SLB,2005,40.94009582562573
SOLI,SLB,2010,39.706406284677854
SOLI,SLB,2015,42.863263387865025
SOLI,SLB,2020,43.47791049564569
SOLI,SLB,2025,45.87840419164659
SOLI,SLB,2030,49.23615057711277
SOLI,SLB,2035,52.76840926605853
SOLI,SLB,2040,55.525624184242844
SOLI,SLB,2045,57.36567311789817
SOLI,SLB,2050,59.45023931872118
SOLI,SLB,2060,61.121650557239036
SOLI,SLB,2070,58.60791787929327
SOLI,SLB,2080,56.54591242604456
SOLI,SLB,2090,55.35404742738759
SOLI,SLB,2100,53.420149367022226
SPII,SLB,2005,8.248612402997438
SPII,SLB,2010,7.78678518134058
SPII,SLB,2015,8.599186353588953
SPII,SLB,2020,8.71583492702973
SPII,SLB,2025,9.179420255475106
SPII,SLB,2030,9.850501729969684
SPII,SLB,2035,10.557506688882292
SPII,SLB,2040,11.11971393681239
SPII,SLB,2045,11.53402328959781
SPII,SLB,2050,12.01782281565012
SPII,SLB,2060,12.47216947664421
SPII,SLB,2070,12.01932034959173
SPII,SLB,2080,11.667131466805301
SPII,SLB,2090,11.52034140595787
SPII,SLB,2100,11.253076642415028
AFWC,SLE,2005,2012.1871724941213
AFWC,SLE,2010,2159.8754361596475
AFWC,SLE,2015,2185.6725447263666
AFWC,SLE,2020,2159.919885244304
AFWC,SLE,2025,2172.8270924145645
AFWC,SLE,2030,2175.548520606201
AFWC,SLE,2035,1993.51260547516
AFWC,SLE,2040,1784.8440963350208
AFWC,SLE,2045,1632.7283994230522
AFWC,SLE,2050,1503.9608407483804
AFWC,SLE,2060,1318.597464665803
AFWC,SLE,2070,1276.1612964750884
AFWC,SLE,2080,1207.3183054520703
AFWC,SLE,2090,1033.6345495062415
AFWC,SLE,2100,928.9225940666402
SCAM,SLV,2005,783.873488353378
SCAM,SLV,2010,831.1971200031949
SCAM,SLV,2015,849.9041054362013
SCAM,SLV,2020,844.3190420186372
SCAM,SLV,2025,866.5928451204973
SCAM,SLV,2030,873.1794845200935
SCAM,SLV,2035,884.7923351929477
SCAM,SLV,2040,895.0264476929677
SCAM,SLV,2045,910.7079225053327
SCAM,SLV,2050,923.9597982276198
SCAM,SLV,2060,937.4987938442155
SCAM,SLV,2070,981.3980875175338
SCAM,SLV,2080,953.1244604328646
SCAM,SLV,2090,954.8091032868253
SCAM,SLV,2100,1006.3446647326658
DANU,SRB,2005,3456.2577529909477
DANU,SRB,2010,3456.2577529909477
DANU,SRB,2015,3397.328237329965
DANU,SRB,2020,3396.94775839229
DANU,SRB,2025,3547.013833193555
DANU,SRB,2030,3676.3465290532968
DANU,SRB,2035,3786.66108625411
DANU,SRB,2040,3893.533113430922
DANU,SRB,2045,3974.6535386572036
DANU,SRB,2050,4019.0399051524582
DANU,SRB,2060,4081.1258569753586
DANU,SRB,2070,4236.523545209962
DANU,SRB,2080,4363.751866935988
DANU,SRB,2090,4395.035635310455
DANU,SRB,2100,4391.912197746926
GFGU,STP,2005,17.41534670819952
GFGU,STP,2010,16.916102005750155
GFGU,STP,2015,21.677443088017366
GFGU,STP,2020,20.531015424261746
GFGU,STP,2025,20.58627751900917
GFGU,STP,2030,21.712029890022247
GFGU,STP,2035,23.457368968297434
GFGU,STP,2040,24.8800947881875
GFGU,STP,2045,25.725309512471476
GFGU,STP,2050,26.289796910195243
GFGU,STP,2060,27.902412320647805
GFGU,STP,2070,28.42823409504309
GFGU,STP,2080,26.864668574253805
GFGU,STP,2090,24.409743449011724
GFGU,STP,2100,21.55203424436342
NESO,SUR,2005,46.452544876525394
NESO,SUR,2010,52.0275338566578
NESO,SUR,2015,60.91838541431937
NESO,SUR,2020,61.31865499912241
NESO,SUR,2025,63.72356830897027
NESO,SUR,2030,67.66872796595925
NESO,SUR,2035,76.48379794658536
NESO,SUR,2040,89.6661527122809
NESO,SUR,2045,101.72978597753442
NESO,SUR,2050,107.99699133227946
NESO,SUR,2060,105.33719382334904
NESO,SUR,2070,92.64182004901873
NESO,SUR,2080,83.66634906058971
NESO,SUR,2090,77.44915487777779
NESO,SUR,2100,73.70007359425017
DANU,SVK,2005,1409.1311124620527
DANU,SVK,2010,1245.2491205825102
DANU,SVK,2015,1324.9930423123687
DANU,SVK,2020,1302.2959035653507
DANU,SVK,2025,1359.510278506133
DANU,SVK,2030,1395.7863662324235
DANU,SVK,2035,1446.814281134286
DANU,SVK,2040,1494.3770519613984
DANU,SVK,2045,1547.189673351341
DANU,SVK,2050,1596.7704414091977
DANU,SVK,2060,1674.6123657414514
DANU,SVK,2070,1724.1211240296395
DANU,SVK,2080,1789.0235218233186
DANU,SVK,2090,1865.1707819646622
DANU,SVK,2100,1926.5566717278687
AGBS,SVN,2005,20.371381265254666
AGBS,SVN,2010,24.678154078998578
AGBS,SVN,2015,24.85249413640594
AGBS,SVN,2020,24.513912150608085
AGBS,SVN,2025,25.322691931581165
AGBS,SVN,2030,26.066993432797226
AGBS,SVN,2035,27.094642951879806
AGBS,SVN,2040,28.252615594689992
AGBS,SVN,2045,29.525869476026745
AGBS,SVN,2050,30.272366890703015
AGBS,SVN,2060,30.213737251159447
AGBS,SVN,2070,28.205399736102283
AGBS,SVN,2080,25.971981830452442
AGBS,SVN,2090,24.364659730128945
AGBS,SVN,2100,23.790910837556158
DANU,SVN,2005,137.36722506665902
DANU,SVN,2010,165.07422734477026
DANU,SVN,2015,165.77484344743667
DANU,SVN,2020,162.46778942890137
DANU,SVN,2025,167.61875782752205
DANU,SVN,2030,174.1319582753734
DANU,SVN,2035,180.80758238540122
DANU,SVN,2040,186.21559604827613
DANU,SVN,2045,190.65093932770677
DANU,SVN,2050,191.44947172174514
DANU,SVN,2060,185.02846652262275
DANU,SVN,2070,170.7598002834031
DANU,SVN,2080,155.26531596444843
DANU,SVN,2090,140.54712867667803
DANU,SVN,2100,129.9446902910079
SWED,SWE,2005,2175.6093137605408
SWED,SWE,2010,2240.504925305081
SWED,SWE,2015,2213.8582311162477
SWED,SWE,2020,2170.259519165551
SWED,SWE,2025,2300.3222077840574
SWED,SWE,2030,2308.1008069078143
SWED,SWE,2035,2340.203965877033
SWED,SWE,2040,2357.791728765169
SWED,SWE,2045,2373.9287121779007
SWED,SWE,2050,2372.492660241565
SWED,SWE,2060,2375.2578701425837
SWED,SWE,2070,2427.6112335910966
SWED,SWE,2080,2559.942579611684
SWED,SWE,2090,2698.0070787433524
SWED,SWE,2100,2675.336768258619
SASC,SWZ,2005,167.62277396223837
SASC,SWZ,2010,177.8822890583127
SASC,SWZ,2015,177.78520627349627
SASC,SWZ,2020,172.28864252147943
SASC,SWZ,2025,177.13652472919225
SASC,SWZ,2030,180.8582268908148
SASC,SWZ,2035,184.53183105367302
SASC,SWZ,2040,181.55578493694108
SASC,SWZ,2045,178.7935872458092
SASC,SWZ,2050,172.93568824082845
SASC,SWZ,2060,157.21134968166274
SASC,SWZ,2070,152.8219121798052
SASC,SWZ,2080,159.63525936153317
SASC,SWZ,2090,162.22603192665042
SASC,SWZ,2100,166.31964849238287
LCHA,TCD,2005,3708.627572096744
LCHA,TCD,2010,4053.267140056849
LCHA,TCD,2015,5049.15697202595
LCHA,TCD,2020,4789.045000071304
LCHA,TCD,2025,4885.655167566665
LCHA,TCD,2030,5065.332307720822
LCHA,TCD,2035,4634.167168016556
LCHA,TCD,2040,4017.296208419146
LCHA,TCD,2045,3533.523224804708
LCHA,TCD,2050,3145.0275056980754
LCHA,TCD,2060,2487.2516509323746
LCHA,TCD,2070,1896.8802656139671
LCHA,TCD,2080,1353.6850968119747
LCHA,TCD,2090,959.9090688189528
LCHA,TCD,2100,753.0740675804448
AFWC,TGO,2005,1206.604869470028
AFWC,TGO,2010,1306.8153943143589
AFWC,TGO,2015,1307.9058413041078
AFWC,TGO,2020,1279.8303422985912
AFWC,TGO,2025,1314.5352412959994
AFWC,TGO,2030,1356.1306639868267
AFWC,TGO,2035,1399.8782167508648
AFWC,TGO,2040,1453.6783054783482
AFWC,TGO,2045,1486.4718519706257
AFWC,TGO,2050,1505.8732667932748
AFWC,TGO,2060,1550.1817712789511
AFWC,TGO,2070,1573.6858631756654
AFWC,TGO,2080,1581.254655942718
AFWC,TGO,2090,1573.5440638808363
AFWC,TGO,2100,1551.1401782918338
VOLT,TGO,2005,1157.95094011912
VOLT,TGO,2010,1233.619847104785
VOLT,TGO,2015,1392.2670056468478
VOLT,TGO,2020,1342.6545644105113
VOLT,TGO,2025,1358.407350491389
VOLT,TGO,2030,1382.8847648227518
VOLT,TGO,2035,1408.418562020182
VOLT,TGO,2040,1433.0898637513242
VOLT,TGO,2045,1437.7208816573268
VOLT,TGO,2050,1443.2945279356861
VOLT,TGO,2060,1497.9258981838357
VOLT,TGO,2070,1569.2278766347417
VOLT,TGO,2080,1662.0094346549074
VOLT,TGO,2090,1762.419127087006
VOLT,TGO,2100,1813.4253690899675
CHAO,THA,2005,6659.911919990723
CHAO,THA,2010,6874.323735823611
CHAO,THA,2015,6730.224510710215
CHAO,THA,2020,6789.087210347359
CHAO,THA,2025,6961.175387875764
CHAO,THA,2030,7112.097510842328
CHAO,THA,2035,7281.054595791313
CHAO,THA,2040,7407.645950602442
CHAO,THA,2045,7483.2256706757325
CHAO,THA,2050,7495.602412663347
CHAO,THA,2060,7580.827842324837
CHAO,THA,2070,7679.827126651022
CHAO,THA,2080,7855.035619764552
CHAO,THA,2090,8024.422894376783
CHAO,THA,2100,8184.3210246305025
GTCC,THA,2005,1747.0601109537995
GTCC,THA,2010,1778.4957155624998
GTCC,THA,2015,1837.5599669543665
GTCC,THA,2020,1846.1218097444714
GTCC,THA,2025,1879.026440671721
GTCC,THA,2030,1897.4069538155914
GTCC,THA,2035,1921.3944748173699
GTCC,THA,2040,1936.0097597036643
GTCC,THA,2045,1938.775497973329
GTCC,THA,2050,1933.19773595623
GTCC,THA,2060,1936.6348939175384
GTCC,THA,2070,1958.5800405318853
GTCC,THA,2080,2002.2508981260858
GTCC,THA,2090,2046.4687461656995
GTCC,THA,2100,2097.8894340407182
MEKO,THA,2005,8846.625737032775
MEKO,THA,2010,9072.023903975774
MEKO,THA,2015,9038.474093969846
MEKO,THA,2020,9067.973898278313
MEKO,THA,2025,9207.967204639726
MEKO,THA,2030,9275.7927730867
MEKO,THA,2035,9363.050507268748
MEKO,THA,2040,9405.139859923187
MEKO,THA,2045,9388.425751762847
MEKO,THA,2050,9323.754548570267
MEKO,THA,2060,9167.602610742202
MEKO,THA,2070,8992.639437894964
MEKO,THA,2080,8933.608792846955
MEKO,THA,2090,8895.48934901029
MEKO,THA,2100,8833.574027936756
PMAL,THA,2005,3990.9782764819583
PMAL,THA,2010,4036.6410246203513
PMAL,THA,2015,4219.681123344806
PMAL,THA,2020,4255.105455058658
PMAL,THA,2025,4351.282515972423
PMAL,THA,2030,4429.36760305665
PMAL,THA,2035,4505.430445094345
PMAL,THA,2040,4549.1515046725
PMAL,THA,2045,4553.64034731332
PMAL,THA,2050,4533.232662551806
PMAL,THA,2060,4534.03680375314
PMAL,THA,2070,4591.873939465336
PMAL,THA,2080,4743.236883803064
PMAL,THA,2090,4909.343453863334
PMAL,THA,2100,5007.3083386766275
AMDA,TJK,2005,733.3284175213981
AMDA,TJK,2010,749.6612896085413
AMDA,TJK,2015,827.5825758594643
AMDA,TJK,2020,812.0110286162651
AMDA,TJK,2025,857.907489235093
AMDA,TJK,2030,927.6848571675304
AMDA,TJK,2035,1006.8249580040841
AMDA,TJK,2040,1087.3187621419897
AMDA,TJK,2045,1167.2949257900452
AMDA,TJK,2050,1252.7678722280343
AMDA,TJK,2060,1458.248124242378
AMDA,TJK,2070,1668.7188965881014
AMDA,TJK,2080,1845.7764907685819
AMDA,TJK,2090,1979.9441649222194
AMDA,TJK,2100,2072.86621110994
SYRD,TJK,2005,264.98075427974123
SYRD,TJK,2010,249.80878081577407
SYRD,TJK,2015,275.83381776328343
SYRD,TJK,2020,271.24954717785084
SYRD,TJK,2025,284.5285726864381
SYRD,TJK,2030,300.58080101662114
SYRD,TJK,2035,313.3297266315101
SYRD,TJK,2040,316.5984586254882
SYRD,TJK,2045,308.2948311390188
SYRD,TJK,2050,293.02873941431795
SYRD,TJK,2060,237.88590889769114
SYRD,TJK,2070,156.78048112333602
SYRD,TJK,2080,95.68319902440092
SYRD,TJK,2090,46.2441593503605
SYRD,TJK,2100,25.420610692262944
AMDA,TKM,2005,586.4515517002465
AMDA,TKM,2010,527.0634115238045
AMDA,TKM,2015,505.94166147504933
AMDA,TKM,2020,483.33183479807315
AMDA,TKM,2025,437.9993423499809
AMDA,TKM,2030,364.47886310908007
AMDA,TKM,2035,309.57853880218613
AMDA,TKM,2040,268.4803710175389
AMDA,TKM,2045,239.11052832606748
AMDA,TKM,2050,216.33076837513755
AMDA,TKM,2060,183.88567672783117
AMDA,TKM,2070,162.92781989992997
AMDA,TKM,2080,139.617483536322
AMDA,TKM,2090,121.72047537825682
AMDA,TKM,2100,102.20453057694891
CSEC,TKM,2005,1798.8576237640139
CSEC,TKM,2010,1617.931826796985
CSEC,TKM,2015,1551.798413365293
CSEC,TKM,2020,1504.1298561574588
CSEC,TKM,2025,1438.1239597596561
CSEC,TKM,2030,1237.5198028986977
CSEC,TKM,2035,1075.915557834284
CSEC,TKM,2040,950.4708558885226
CSEC,TKM,2045,860.0669551354919
CSEC,TKM,2050,794.1908783418693
CSEC,TKM,2060,726.7639370085624
CSEC,TKM,2070,729.8446253876182
CSEC,TKM,2080,730.5482964878028
CSEC,TKM,2090,749.8663155085356
CSEC,TKM,2100,833.2803670089919
JATI,TLS,2005,206.5360952137282
JATI,TLS,2010,212.13497344338273
JATI,TLS,2015,215.0135528508964
JATI,TLS,2020,206.49896275804352
JATI,TLS,2025,220.49572701164115
JATI,TLS,2030,225.62459670292395
JATI,TLS,2035,226.18887249127152
JATI,TLS,2040,225.78797607285068
JATI,TLS,2045,227.97886694932353
JATI,TLS,2050,232.95221025999322
JATI,TLS,2060,252.97275024495787
JATI,TLS,2070,280.1751250820797
JATI,TLS,2080,316.8022732605211
JATI,TLS,2090,315.9062043951219
JATI,TLS,2100,322.43718189250495
CARC,TTO,2005,18.83011394055709
CARC,TTO,2010,29.246036407083864
CARC,TTO,2015,32.946311427089725
CARC,TTO,2020,32.48850386889861
CARC,TTO,2025,33.47406920053002
CARC,TTO,2030,35.10144163880217
CARC,TTO,2035,37.58768187938835
CARC,TTO,2040,40.62386934153144
CARC,TTO,2045,43.81148197863016
CARC,TTO,2050,45.68177992743452
CARC,TTO,2060,48.545399434054815
CARC,TTO,2070,49.41971682226245
CARC,TTO,2080,49.293523497982584
CARC,TTO,2090,50.71250331183994
CARC,TTO,2100,54.48799461705019
ANIN,TUN,2005,243.1267465066977
ANIN,TUN,2010,242.43723824805866
ANIN,TUN,2015,227.8169960738506
ANIN,TUN,2020,216.61764406378776
ANIN,TUN,2025,214.52223569647447
ANIN,TUN,2030,214.24512308534148
ANIN,TUN,2035,216.21647970944906
ANIN,TUN,2040,220.1265798520534
ANIN,TUN,2045,225.67708583759722
ANIN,TUN,2050,231.7183923597222
ANIN,TUN,2060,243.74690684479694
ANIN,TUN,2070,249.269812904354
ANIN,TUN,2080,248.75167705464239
ANIN,TUN,2090,247.96470802857715
ANIN,TUN,2100,248.30624313466376
MSCC,TUN,2005,4008.7981040299205
MSCC,TUN,2010,4366.038679343351
MSCC,TUN,2015,3665.421730457354
MSCC,TUN,2020,3496.3498493627544
MSCC,TUN,2025,3439.129866633434
MSCC,TUN,2030,3409.176776186682
MSCC,TUN,2035,3385.4772325899844
MSCC,TUN,2040,3377.3617306693527
MSCC,TUN,2045,3387.407396088505
MSCC,TUN,2050,3394.8996861470628
MSCC,TUN,2060,3340.9236542772614
MSCC,TUN,2070,3203.560854749201
MSCC,TUN,2080,3047.580895074375
MSCC,TUN,2090,2981.6081087998896
MSCC,TUN,2100,2967.8493430408344
BSSC,TUR,2005,8198.858817746494
BSSC,TUR,2010,7600.241376346615
BSSC,TUR,2015,7462.755768477994
BSSC,TUR,2020,7129.065213357496
BSSC,TUR,2025,7280.799823470337
BSSC,TUR,2030,7585.067421093769
BSSC,TUR,2035,7841.8187577184735
BSSC,TUR,2040,8005.5779800680875
BSSC,TUR,2045,8058.630341904576
BSSC,TUR,2050,8010.882651815194
BSSC,TUR,2060,7767.629642745782
BSSC,TUR,2070,7408.853351871541
BSSC,TUR,2080,6994.56356512926
BSSC,TUR,2090,6593.372841075639
BSSC,TUR,2100,6179.023275098413
CSSW,TUR,2005,881.9020921100484
CSSW,TUR,2010,786.4637709652783
CSSW,TUR,2015,754.7552616612941
CSSW,TUR,2020,715.8482765420811
CSSW,TUR,2025,735.0145255623843
CSSW,TUR,2030,764.6998741218667
CSSW,TUR,2035,788.3701493067258
CSSW,TUR,2040,802.4374097253535
CSSW,TUR,2045,804.7254410781452
CSSW,TUR,2050,798.2281851349295
CSSW,TUR,2060,774.6145212312565
CSSW,TUR,2070,744.3260811095622
CSSW,TUR,2080,708.380704066446
CSSW,TUR,2090,666.8331165459105
CSSW,TUR,2100,626.9163932403775
MSEC,TUR,2005,7098.347411573608
MSEC,TUR,2010,6645.487593470215
MSEC,TUR,2015,6591.096689648669
MSEC,TUR,2020,6281.905564210409
MSEC,TUR,2025,6373.171410762487
MSEC,TUR,2030,6579.821728527757
MSEC,TUR,2035,6751.19743898317
MSEC,TUR,2040,6855.029579066723
MSEC,TUR,2045,6887.818370358324
MSEC,TUR,2050,6865.952295116017
MSEC,TUR,2060,6731.850937400563
MSEC,TUR,2070,6546.371393068912
MSEC,TUR,2080,6350.596041498884
MSEC,TUR,2090,6071.959591726724
MSEC,TUR,2100,5740.8317928925235
TIEU,TUR,2005,4331.996700555954
TIEU,TUR,2010,3983.7631622520303
TIEU,TUR,2015,3899.6343054414037
TIEU,TUR,2020,3704.553252675566
TIEU,TUR,2025,3760.431667064565
TIEU,TUR,2030,3900.071230070899
TIEU,TUR,2035,4023.204626378675
TIEU,TUR,2040,4110.341036023813
TIEU,TUR,2045,4163.511486477364
TIEU,TUR,2050,4189.696951025544
TIEU,TUR,2060,4205.183808669353
TIEU,TUR,2070,4192.294364164658
TIEU,TUR,2080,4112.128548505116
TIEU,TUR,2090,3997.9447846443513
TIEU,TUR,2100,3857.433398363031
AECC,TZA,2005,6986.758089046623
AECC,TZA,2010,8115.589079533567
AECC,TZA,2015,8880.59121408903
AECC,TZA,2020,8815.457699012035
AECC,TZA,2025,9289.076741990564
AECC,TZA,2030,10097.200673993844
AECC,TZA,2035,11123.420381629217
AECC,TZA,2040,12287.361675387127
AECC,TZA,2045,13657.927874116845
AECC,TZA,2050,14861.064628773469
AECC,TZA,2060,15971.151324911243
AECC,TZA,2070,16459.673907550263
AECC,TZA,2080,16137.029623330694
AECC,TZA,2090,16026.434729074952
AECC,TZA,2100,16558.952214831694
CONG,TZA,2005,2049.160258065466
CONG,TZA,2010,2397.460338119865
CONG,TZA,2015,2666.829715521101
CONG,TZA,2020,2676.20346161175
CONG,TZA,2025,2885.8395273644364
CONG,TZA,2030,3260.6110071315593
CONG,TZA,2035,3778.941043824052
CONG,TZA,2040,4341.2529734295895
CONG,TZA,2045,4873.569143946474
CONG,TZA,2050,5287.772570014524
CONG,TZA,2060,5871.933968323049
CONG,TZA,2070,6281.129940343202
CONG,TZA,2080,6131.302658095203
CONG,TZA,2090,5975.430698304124
CONG,TZA,2100,6014.4614505856
NILE,TZA,2005,2700.639708667513
NILE,TZA,2010,3125.758197867791
NILE,TZA,2015,3381.473850773661
NILE,TZA,2020,3318.548033567269
NILE,TZA,2025,3416.4107418053954
NILE,TZA,2030,3555.582908424333
NILE,TZA,2035,3712.0154112667283
NILE,TZA,2040,3828.0658836580324
NILE,TZA,2045,3942.743283921339
NILE,TZA,2050,3999.003484799608
NILE,TZA,2060,3972.1413694515045
NILE,TZA,2070,3968.255466613686
NILE,TZA,2080,3851.947019620611
NILE,TZA,2090,4102.58449326299
NILE,TZA,2100,4534.966731187564
RIFT,TZA,2005,2658.984833034896
RIFT,TZA,2010,3092.799224548345
RIFT,TZA,2015,3373.067617629209
RIFT,TZA,2020,3361.735258891559
RIFT,TZA,2025,3567.8745811662407
RIFT,TZA,2030,3913.684973643349
RIFT,TZA,2035,4337.786582093043
RIFT,TZA,2040,4797.216495632251
RIFT,TZA,2045,5311.244911071045
RIFT,TZA,2050,5753.311351521879
RIFT,TZA,2060,6238.408638790519
RIFT,TZA,2070,6503.792957137976
RIFT,TZA,2080,6303.065861790044
RIFT,TZA,2090,6128.84879923074
RIFT,TZA,2100,6196.871819910675
NILE,UGA,2005,7649.845796104707
NILE,UGA,2010,8454.393921174893
NILE,UGA,2015,8638.062323166667
NILE,UGA,2020,8384.64283944532
NILE,UGA,2025,8464.577371595868
NILE,UGA,2030,8562.597314900793
NILE,UGA,2035,8498.58253428459
NILE,UGA,2040,8347.893102256712
NILE,UGA,2045,8216.68292389251
NILE,UGA,2050,8135.502026967904
NILE,UGA,2060,8034.421248866306
NILE,UGA,2070,8156.317670546535
NILE,UGA,2080,8448.573527619918
NILE,UGA,2090,8662.519081183767
NILE,UGA,2100,8632.679528059827
BSNC,UKR,2005,8234.890512109561
BSNC,UKR,2010,8750.702193784198
BSNC,UKR,2015,9266.83358855585
BSNC,UKR,2020,9234.442913035935
BSNC,UKR,2025,9294.533170098657
BSNC,UKR,2030,9443.845680313898
BSNC,UKR,2035,9684.780977633558
BSNC,UKR,2040,10024.042708643037
BSNC,UKR,2045,10300.004278290115
BSNC,UKR,2050,10526.661143546722
BSNC,UKR,2060,10758.593623523575
BSNC,UKR,2070,10861.976798438462
BSNC,UKR,2080,10892.877452839968
BSNC,UKR,2090,10812.214102860537
BSNC,UKR,2100,10686.023325589596
DANU,UKR,2005,934.9062276979321
DANU,UKR,2010,989.2878142468448
DANU,UKR,2015,1117.3015380735274
DANU,UKR,2020,1101.4332152952854
DANU,UKR,2025,1112.4841595448256
DANU,UKR,2030,1151.908866092793
DANU,UKR,2035,1198.1197656241075
DANU,UKR,2040,1251.0855340759185
DANU,UKR,2045,1305.0256111972185
DANU,UKR,2050,1364.080893843672
DANU,UKR,2060,1462.1196985329898
DANU,UKR,2070,1493.5463535415915
DANU,UKR,2080,1522.5079628082765
DANU,UKR,2090,1525.661569640439
DANU,UKR,2100,1517.013324814813
DNIE,UKR,2005,3446.8123034723326
DNIE,UKR,2010,3379.4049097241386
DNIE,UKR,2015,3552.807621120139
DNIE,UKR,2020,3528.960912801495
DNIE,UKR,2025,3577.629466721558
DNIE,UKR,2030,3669.9468325945086
DNIE,UKR,2035,3771.629493911775
DNIE,UKR,2040,3887.7255941867456
DNIE,UKR,2045,3994.330166004586
DNIE,UKR,2050,4094.8547061935433
DNIE,UKR,2060,4236.376409849029
DNIE,UKR,2070,4271.563994983573
DNIE,UKR,2080,4317.480756547571
DNIE,UKR,2090,4329.861124615767
DNIE,UKR,2100,4315.185243969065
DNIP,UKR,2005,14847.231037635094
DNIP,UKR,2010,15115.813098748182
DNIP,UKR,2015,15587.233517488208
DNIP,UKR,2020,15558.353207573877
DNIP,UKR,2025,15768.808419393376
DNIP,UKR,2030,16164.50962316196
DNIP,UKR,2035,16637.286720636315
DNIP,UKR,2040,17201.897022528057
DNIP,UKR,2045,17687.217418034918
DNIP,UKR,2050,18123.17676393581
DNIP,UKR,2060,18731.100664077065
DNIP,UKR,2070,18963.96726128664
DNIP,UKR,2080,19168.862609618576
DNIP,UKR,2090,19038.298302119456
DNIP,UKR,2100,18828.893034841967
DONN,UKR,2005,2894.384510706715
DONN,UKR,2010,3088.982395592181
DONN,UKR,2015,3296.082947894954
DONN,UKR,2020,3286.548139798306
DONN,UKR,2025,3324.0559505028673
DONN,UKR,2030,3398.4500662342357
DONN,UKR,2035,3504.4536802516577
DONN,UKR,2040,3643.9851955156455
DONN,UKR,2045,3765.415518982343
DONN,UKR,2050,3872.3888387827797
DONN,UKR,2060,4024.255434047887
DONN,UKR,2070,4132.309714934768
DONN,UKR,2080,4211.158788795465
DONN,UKR,2090,4236.899244465956
DONN,UKR,2100,4234.982197258852
LAPL,URY,2005,640.8306206084849
LAPL,URY,2010,1092.0554567811953
LAPL,URY,2015,1305.3883259403437
LAPL,URY,2020,1242.7462797371727
LAPL,URY,2025,1266.749843053262
LAPL,URY,2030,1255.0020404610739
LAPL,URY,2035,1244.1489832263476
LAPL,URY,2040,1245.2062741714326
LAPL,URY,2045,1244.080039103382
LAPL,URY,2050,1226.3349978550698
LAPL,URY,2060,1175.601555477624
LAPL,URY,2070,1098.6002953468562
LAPL,URY,2080,1027.6148612373713
LAPL,URY,2090,993.7522800651418
LAPL,URY,2100,984.1925735810014
UBSA,URY,2005,197.2215610863669
UBSA,URY,2010,246.95930693879467
UBSA,URY,2015,326.58532271407296
UBSA,URY,2020,315.1003748490714
UBSA,URY,2025,312.0797699509832
UBSA,URY,2030,300.28407193022593
UBSA,URY,2035,290.3920099387101
UBSA,URY,2040,283.35299640311894
UBSA,URY,2045,280.5398659349521
UBSA,URY,2050,276.03084254832567
UBSA,URY,2060,254.9390584279975
UBSA,URY,2070,223.02033434058563
UBSA,URY,2080,192.28928154047034
UBSA,URY,2090,176.77498447563957
UBSA,URY,2100,166.15425011548152
COLU,USA,2005,9975.53632853816
COLU,USA,2010,9245.259085300064
COLU,USA,2015,9084.694886886764
COLU,USA,2020,8958.37828039596
COLU,USA,2025,9088.209437900257
COLU,USA,2030,8650.878140332043
COLU,USA,2035,8413.078643504747
COLU,USA,2040,8277.913256205147
COLU,USA,2045,8277.57842412337
COLU,USA,2050,8235.260506213093
COLU,USA,2060,8139.791061657481
COLU,USA,2070,8207.171989726157
COLU,USA,2080,7968.403756958391
COLU,USA,2090,7460.054513436826
COLU,USA,2100,6860.5111000935685
GFCO,USA,2005,13050.313913536074
GFCO,USA,2010,12069.363056654223
GFCO,USA,2015,12427.182626351121
GFCO,USA,2020,12097.730435287525
GFCO,USA,2025,12165.489379091929
GFCO,USA,2030,11085.470980514601
GFCO,USA,2035,10313.286364126594
GFCO,USA,2040,10016.95527341675
GFCO,USA,2045,10250.714856299419
GFCO,USA,2050,10564.085142171438
GFCO,USA,2060,11987.161657259496
GFCO,USA,2070,14224.912813456656
GFCO,USA,2080,15230.4542531131
GFCO,USA,2090,15862.68129305161
GFCO,USA,2100,16593.37431605909
GMAN,USA,2005,19804.184130235182
GMAN,USA,2010,18940.81887055772
GMAN,USA,2015,18782.35339075514
GMAN,USA,2020,18684.87359912078
GMAN,USA,2025,19474.929598512525
GMAN,USA,2030,18795.013491979345
GMAN,USA,2035,18729.998431739474
GMAN,USA,2040,19082.019875209597
GMAN,USA,2045,19810.42422489162
GMAN,USA,2050,20568.902712161896
GMAN,USA,2060,21600.508837512796
GMAN,USA,2070,21706.87735935836
GMAN,USA,2080,21932.194434890393
GMAN,USA,2090,22029.081559094797
GMAN,USA,2100,21876.635736828674
MSMM,USA,2005,108538.23415954105
MSMM,USA,2010,103688.81563393888
MSMM,USA,2015,102194.45077542067
MSMM,USA,2020,101668.69946933871
MSMM,USA,2025,107858.74927026243
MSMM,USA,2030,109426.6750085504
MSMM,USA,2035,113128.5289489982
MSMM,USA,2040,117140.8233503481
MSMM,USA,2045,122356.33352352155
MSMM,USA,2050,126777.78530375115
MSMM,USA,2060,138833.43477279786
MSMM,USA,2070,157757.73135600248
MSMM,USA,2080,170010.74390930266
MSMM,USA,2090,175166.7221969147
MSMM,USA,2100,175914.9484219311
NACC,USA,2005,1898.4134630985611
NACC,USA,2010,1749.5652927394424
NACC,USA,2015,1758.1307954564618
NACC,USA,2020,1711.198356375815
NACC,USA,2025,1739.2163650973698
NACC,USA,2030,1616.4484909960784
NACC,USA,2035,1553.3299880342518
NACC,USA,2040,1521.8036636847578
NACC,USA,2045,1534.6246495372966
NACC,USA,2050,1550.5970833497024
NACC,USA,2060,1593.1499879369649
NACC,USA,2070,1756.3235952371501
NACC,USA,2080,1903.237190670462
NACC,USA,2090,1980.5114173499755
NACC,USA,2100,1934.4483089496578
AMDA,UZB,2005,2160.793103441163
AMDA,UZB,2010,2110.9060922077524
AMDA,UZB,2015,2082.1191335600097
AMDA,UZB,2020,2051.22503803653
AMDA,UZB,2025,2158.2631847095818
AMDA,UZB,2030,2350.8273078691195
AMDA,UZB,2035,2582.734373350737
AMDA,UZB,2040,2834.7855128987258
AMDA,UZB,2045,3139.2266399603236
AMDA,UZB,2050,3469.6982823969447
AMDA,UZB,2060,4018.904359361622
AMDA,UZB,2070,4329.08418398608
AMDA,UZB,2080,4382.946449712906
AMDA,UZB,2090,4217.805355908818
AMDA,UZB,2100,4056.9237530144287
CSEC,UZB,2005,207.2053338697682
CSEC,UZB,2010,200.76873515040748
CSEC,UZB,2015,197.70988625082202
CSEC,UZB,2020,192.42998395774424
CSEC,UZB,2025,196.85056064107536
CSEC,UZB,2030,205.46179704484678
CSEC,UZB,2035,214.63259521591476
CSEC,UZB,2040,209.77484573818072
CSEC,UZB,2045,203.76438012481748
CSEC,UZB,2050,196.9337342590404
CSEC,UZB,2060,183.30280928370527
CSEC,UZB,2070,181.4664733074225
CSEC,UZB,2080,182.61897975240595
CSEC,UZB,2090,184.91478625544548
CSEC,UZB,2100,187.04504741715058
SYRD,UZB,2005,1796.3851705832044
SYRD,UZB,2010,1744.6720897693447
SYRD,UZB,2015,1709.8502995504252
SYRD,UZB,2020,1680.9142782262988
SYRD,UZB,2025,1716.1285725622179
SYRD,UZB,2030,1705.6529121170743
SYRD,UZB,2035,1576.1129498957605
SYRD,UZB,2040,1423.271215164399
SYRD,UZB,2045,1243.945317583821
SYRD,UZB,2050,1056.3253315870118
SYRD,UZB,2060,765.1389470931068
SYRD,UZB,2070,579.8356554654404
SYRD,UZB,2080,497.4351954785338
SYRD,UZB,2090,511.3549804379423
SYRD,UZB,2100,557.6826070442884
CARC,VCT,2005,1.3021692403674554
CARC,VCT,2010,10.78310738647418
CARC,VCT,2015,7.403704788757518
CARC,VCT,2020,7.175725229586884
CARC,VCT,2025,7.03909819895927
CARC,VCT,2030,6.909676796394543
CARC,VCT,2035,6.819013907056531
CARC,VCT,2040,6.758387265928986
CARC,VCT,2045,6.738380164743028
CARC,VCT,2050,6.803469957747232
CARC,VCT,2060,7.883596464993262
CARC,VCT,2070,12.300800949683365
CARC,VCT,2080,26.263027494822165
CARC,VCT,2090,32.27027526306233
CARC,VCT,2100,31.58150074203401
HRIV,VNM,2005,2383.107149520898
HRIV,VNM,2010,2585.9149378397665
HRIV,VNM,2015,2996.2394221864442
HRIV,VNM,2020,3151.9699760215763
HRIV,VNM,2025,3368.5869873257666
HRIV,VNM,2030,3543.9271346747655
HRIV,VNM,2035,3552.09738558875
HRIV,VNM,2040,3545.39317447345
HRIV,VNM,2045,3545.745836234437
HRIV,VNM,2050,3546.8454163985925
HRIV,VNM,2060,3546.9744842272994
HRIV,VNM,2070,3540.1239981405106
HRIV,VNM,2080,3529.2035796556634
HRIV,VNM,2090,3542.070777476471
HRIV,VNM,2100,3559.662004548274
MEKO,VNM,2005,2270.7223283490325
MEKO,VNM,2010,2432.241956928765
MEKO,VNM,2015,2750.649783862555
MEKO,VNM,2020,2833.5666574803304
MEKO,VNM,2025,2946.9700524375844
MEKO,VNM,2030,3077.707769732329
MEKO,VNM,2035,3238.321627102394
MEKO,VNM,2040,3385.7995165395046
MEKO,VNM,2045,3467.663051095738
MEKO,VNM,2050,3518.1024616798945
MEKO,VNM,2060,3697.6529800677476
MEKO,VNM,2070,3632.124665474715
MEKO,VNM,2080,3385.5007007447116
MEKO,VNM,2090,3210.409912198948
MEKO,VNM,2100,3117.628072896125
VNCO,VNM,2005,3627.967921206436
VNCO,VNM,2010,3892.7484649135477
VNCO,VNM,2015,4393.55964036061
VNCO,VNM,2020,4539.78201559823
VNCO,VNM,2025,4749.536744776822
VNCO,VNM,2030,4983.3941035694215
VNCO,VNM,2035,5252.667956618136
VNCO,VNM,2040,5488.680882120714
VNCO,VNM,2045,5595.112040965025
VNCO,VNM,2050,5633.918002824157
VNCO,VNM,2060,5829.019955223548
VNCO,VNM,2070,5529.434469175205
VNCO,VNM,2080,5283.501381376714
VNCO,VNM,2090,5261.351089469804
VNCO,VNM,2100,5284.549576816581
SPII,VUT,2005,69.89158757595037
SPII,VUT,2010,72.03859233218115
SPII,VUT,2015,72.10421201048668
SPII,VUT,2020,74.31466721035385
SPII,VUT,2025,77.22420955373178
SPII,VUT,2030,81.34177492752144
SPII,VUT,2035,85.97342744899068
SPII,VUT,2040,89.74841570831882
SPII,VUT,2045,92.92402196399695
SPII,VUT,2050,96.78780687204103
SPII,VUT,2060,100.26292085024896
SPII,VUT,2070,99.75000791813108
SPII,VUT,2080,102.75588614009516
SPII,VUT,2090,107.94752019162149
SPII,VUT,2100,111.50834121977377
LIMP,ZAF,2005,1721.3260264421144
LIMP,ZAF,2010,1680.952393297007
LIMP,ZAF,2015,1638.113012178594
LIMP,ZAF,2020,1562.7298681324683
LIMP,ZAF,2025,1542.0972561489075
LIMP,ZAF,2030,1461.270973727882
LIMP,ZAF,2035,1333.497390059251
LIMP,ZAF,2040,1232.3885895672086
LIMP,ZAF,2045,1187.3028392097153
LIMP,ZAF,2050,1189.748274448941
LIMP,ZAF,2060,1262.98760618969
LIMP,ZAF,2070,1481.7760019033763
LIMP,ZAF,2080,1682.377194774407
LIMP,ZAF,2090,1755.8513600717517
LIMP,ZAF,2100,1685.9419514769793
ORAN,ZAF,2005,3887.4228289890007
ORAN,ZAF,2010,3626.0308959218473
ORAN,ZAF,2015,3363.243011162073
ORAN,ZAF,2020,2963.9223808505867
ORAN,ZAF,2025,2705.878400103402
ORAN,ZAF,2030,2351.349912072221
ORAN,ZAF,2035,2101.4127030404984
ORAN,ZAF,2040,1955.8813729386711
ORAN,ZAF,2045,1921.9763080147811
ORAN,ZAF,2050,1949.8593073845639
ORAN,ZAF,2060,1986.2500638764081
ORAN,ZAF,2070,2124.9011021697106
ORAN,ZAF,2080,2135.5287501727153
ORAN,ZAF,2090,2480.1912223092613
ORAN,ZAF,2100,2812.2491058196647
SASC,ZAF,2005,3632.186331698403
SASC,ZAF,2010,3609.8729201774836
SASC,ZAF,2015,3720.617953224002
SASC,ZAF,2020,3489.359529298791
SASC,ZAF,2025,3101.995675414762
SASC,ZAF,2030,2704.719332378156
SASC,ZAF,2035,2474.3572570823358
SASC,ZAF,2040,2378.469525975174
SASC,ZAF,2045,2425.2973953615146
SASC,ZAF,2050,2554.1167362451233
SASC,ZAF,2060,2845.2921174888406
SASC,ZAF,2070,3294.0417161525957
SASC,ZAF,2080,3993.129814062002
SASC,ZAF,2090,4872.281904552604
SASC,ZAF,2100,5445.771891854977
SAWC,ZAF,2005,1065.6075794406013
SAWC,ZAF,2010,933.2143167131961
SAWC,ZAF,2015,800.6967521502544
SAWC,ZAF,2020,725.8953691483529
SAWC,ZAF,2025,652.1474649190071
SAWC,ZAF,2030,576.3623899028833
SAWC,ZAF,2035,541.2332802916414
SAWC,ZAF,2040,539.5804212157334
SAWC,ZAF,2045,571.695379987327
SAWC,ZAF,2050,625.1613294133618
SAWC,ZAF,2060,772.0458384196535
SAWC,ZAF,2070,968.1190077590846
SAWC,ZAF,2080,1124.33125438007
SAWC,ZAF,2090,1274.7349483200358
SAWC,ZAF,2100,1390.858523796851
CONG,ZMB,2005,562.2843914672981
CONG,ZMB,2010,675.4402265229095
CONG,ZMB,2015,756.4130750614371
CONG,ZMB,2020,765.3127220084015
CONG,ZMB,2025,778.117771046089
CONG,ZMB,2030,786.1563355543501
CONG,ZMB,2035,796.192996533732
CONG,ZMB,2040,808.8621757683007
CONG,ZMB,2045,819.1040732691706
CONG,ZMB,2050,825.8072730879637
CONG,ZMB,2060,820.1089880939306
CONG,ZMB,2070,771.536204103994
CONG,ZMB,2080,725.6806776138434
CONG,ZMB,2090,713.9865962539507
CONG,ZMB,2100,755.6499690185897
ZAMB,ZMB,2005,2158.4089324879064
ZAMB,ZMB,2010,2755.537664403707
ZAMB,ZMB,2015,3004.739641755135
ZAMB,ZMB,2020,3065.6079885005897
ZAMB,ZMB,2025,3190.113639308461
ZAMB,ZMB,2030,3307.2971931377992
ZAMB,ZMB,2035,3423.8340477231814
ZAMB,ZMB,2040,3550.9898320980315
ZAMB,ZMB,2045,3671.8913092067555
ZAMB,ZMB,2050,3801.9054498611536
ZAMB,ZMB,2060,4054.435181777164
ZAMB,ZMB,2070,4126.970012984298
ZAMB,ZMB,2080,4145.195492260094
ZAMB,ZMB,2090,4192.184431008404
ZAMB,ZMB,2100,4282.68527905994
AIOC,ZWE,2005,1217.7549636880044
AIOC,ZWE,2010,1198.6434807152423
AIOC,ZWE,2015,1238.0175369503042
AIOC,ZWE,2020,1157.8403785972216
AIOC,ZWE,2025,1190.950242950466
AIOC,ZWE,2030,1261.3397221956152
AIOC,ZWE,2035,1338.064955599259
AIOC,ZWE,2040,1353.843140503083
AIOC,ZWE,2045,1345.0804373330122
AIOC,ZWE,2050,1303.361449410167
AIOC,ZWE,2060,1251.7674075893055
AIOC,ZWE,2070,1242.6961824962602
AIOC,ZWE,2080,1272.2956770399612
AIOC,ZWE,2090,1410.9478646250536
AIOC,ZWE,2100,1738.5686308930765
ASII,ZWE,2005,84.63215868370737
ASII,ZWE,2010,93.07669480168335
ASII,ZWE,2015,97.09112064827119
ASII,ZWE,2020,89.44129313756378
ASII,ZWE,2025,90.39818170273584
ASII,ZWE,2030,99.57607900594677
ASII,ZWE,2035,115.79609519470958
ASII,ZWE,2040,132.23508390419008
ASII,ZWE,2045,143.07419655159092
ASII,ZWE,2050,147.39182590296937
ASII,ZWE,2060,153.10765375333514
ASII,ZWE,2070,152.22167184984826
ASII,ZWE,2080,143.63001190039057
ASII,ZWE,2090,119.7465167911617
ASII,ZWE,2100,100.95425314298559
LIMP,ZWE,2005,352.1516011107784
LIMP,ZWE,2010,413.60149062662293
LIMP,ZWE,2015,406.34441060475206
LIMP,ZWE,2020,379.68944149023315
LIMP,ZWE,2025,385.06258660525856
LIMP,ZWE,2030,416.9587793136221
LIMP,ZWE,2035,464.5339260631509
LIMP,ZWE,2040,506.44304713921866
LIMP,ZWE,2045,533.2311307486453
LIMP,ZWE,2050,546.787404121713
LIMP,ZWE,2060,585.5863075071798
LIMP,ZWE,2070,619.6507310771711
LIMP,ZWE,2080,591.8595237247939
LIMP,ZWE,2090,486.2372384461954
LIMP,ZWE,2100,342.5419475425702
ZAMB,ZWE,2005,1693.5915905073782
ZAMB,ZWE,2010,1756.9180777376882
ZAMB,ZWE,2015,1786.420449630656
ZAMB,ZWE,2020,1678.2251983141919
ZAMB,ZWE,2025,1723.212002271157
ZAMB,ZWE,2030,1851.0527642352981
ZAMB,ZWE,2035,2020.105577957676
ZAMB,ZWE,2040,2128.745284434176
ZAMB,ZWE,2045,2197.1840084484397
ZAMB,ZWE,2050,2202.663046815381
ZAMB,ZWE,2060,2232.2137541570182
ZAMB,ZWE,2070,2281.485351564264
ZAMB,ZWE,2080,2394.801403613725
ZAMB,ZWE,2090,2616.064569543433
ZAMB,ZWE,2100,2890.91358478356
