scenario,region,type,*,year,value
SSP2_BaU_NoCC,XE25,Emi_CO2_AFO,Mt CO2/yr,2005,-261.6208665938747
SSP2_BaU_NoCC,XE25,Emi_CO2_AFO,Mt CO2/yr,2010,-161.19553737479276
SSP2_BaU_NoCC,XE25,Emi_CO2_AFO,Mt CO2/yr,2015,-175.03442208188594
SSP2_BaU_NoCC,XE25,Emi_CO2_AFO,Mt CO2/yr,2020,316.16249290926334
SSP2_BaU_NoCC,XE25,Emi_CO2_AFO,Mt CO2/yr,2025,-332.0294233229941
SSP2_BaU_NoCC,XE25,Emi_CO2_AFO,Mt CO2/yr,2030,307.1049909037805
SSP2_BaU_NoCC,XE25,Emi_CO2_AFO,Mt CO2/yr,2040,-254.45694665321005
SSP2_BaU_NoCC,XE25,Emi_CO2_AFO,Mt CO2/yr,2050,-241.05439678540864
SSP2_BaU_NoCC,XE25,Emi_CO2_AFO,Mt CO2/yr,2060,-242.26519600723623
SSP2_BaU_NoCC,XE25,Emi_CO2_AFO,Mt CO2/yr,2070,-248.28121607052964
SSP2_BaU_NoCC,XE25,Emi_CO2_AFO,Mt CO2/yr,2080,-262.80968476656744
SSP2_BaU_NoCC,XE25,Emi_CO2_AFO,Mt CO2/yr,2090,-279.9726904796293
SSP2_BaU_NoCC,XE25,Emi_CO2_AFO,Mt CO2/yr,2100,-290.72167247204493
SSP2_BaU_NoCC,XER,Emi_CO2_AFO,Mt CO2/yr,2005,-99.40424153219128
SSP2_BaU_NoCC,XER,Emi_CO2_AFO,Mt CO2/yr,2010,65.46527618049424
SSP2_BaU_NoCC,XER,Emi_CO2_AFO,Mt CO2/yr,2015,-85.66612819618321
SSP2_BaU_NoCC,XER,Emi_CO2_AFO,Mt CO2/yr,2020,-62.12100740420355
SSP2_BaU_NoCC,XER,Emi_CO2_AFO,Mt CO2/yr,2025,-96.51179340383743
SSP2_BaU_NoCC,XER,Emi_CO2_AFO,Mt CO2/yr,2030,-35.59371362046236
SSP2_BaU_NoCC,XER,Emi_CO2_AFO,Mt CO2/yr,2040,-90.5098532386421
SSP2_BaU_NoCC,XER,Emi_CO2_AFO,Mt CO2/yr,2050,-92.75599889115603
SSP2_BaU_NoCC,XER,Emi_CO2_AFO,Mt CO2/yr,2060,-94.28365371167126
SSP2_BaU_NoCC,XER,Emi_CO2_AFO,Mt CO2/yr,2070,-94.48409465309653
SSP2_BaU_NoCC,XER,Emi_CO2_AFO,Mt CO2/yr,2080,-94.49810860009126
SSP2_BaU_NoCC,XER,Emi_CO2_AFO,Mt CO2/yr,2090,-92.59355384204203
SSP2_BaU_NoCC,XER,Emi_CO2_AFO,Mt CO2/yr,2100,-85.93907019340898
SSP2_BaU_NoCC,XOC,Emi_CO2_AFO,Mt CO2/yr,2005,-30.65114122482715
SSP2_BaU_NoCC,XOC,Emi_CO2_AFO,Mt CO2/yr,2010,-22.38029293629683
SSP2_BaU_NoCC,XOC,Emi_CO2_AFO,Mt CO2/yr,2015,44.4350952362192
SSP2_BaU_NoCC,XOC,Emi_CO2_AFO,Mt CO2/yr,2020,247.25679258873143
SSP2_BaU_NoCC,XOC,Emi_CO2_AFO,Mt CO2/yr,2025,269.3280706148143
SSP2_BaU_NoCC,XOC,Emi_CO2_AFO,Mt CO2/yr,2030,706.5059346492656
SSP2_BaU_NoCC,XOC,Emi_CO2_AFO,Mt CO2/yr,2040,311.5157041573931
SSP2_BaU_NoCC,XOC,Emi_CO2_AFO,Mt CO2/yr,2050,103.67457298567525
SSP2_BaU_NoCC,XOC,Emi_CO2_AFO,Mt CO2/yr,2060,125.3143057575812
SSP2_BaU_NoCC,XOC,Emi_CO2_AFO,Mt CO2/yr,2070,310.2256181695268
SSP2_BaU_NoCC,XOC,Emi_CO2_AFO,Mt CO2/yr,2080,140.08888611713218
SSP2_BaU_NoCC,XOC,Emi_CO2_AFO,Mt CO2/yr,2090,43.606130589396635
SSP2_BaU_NoCC,XOC,Emi_CO2_AFO,Mt CO2/yr,2100,5.158802354002354
SSP2_BaU_NoCC,XSE,Emi_CO2_AFO,Mt CO2/yr,2005,-565.9534700216985
SSP2_BaU_NoCC,XSE,Emi_CO2_AFO,Mt CO2/yr,2010,344.23086333427386
SSP2_BaU_NoCC,XSE,Emi_CO2_AFO,Mt CO2/yr,2015,-338.4124597660506
SSP2_BaU_NoCC,XSE,Emi_CO2_AFO,Mt CO2/yr,2020,165.9708610265992
SSP2_BaU_NoCC,XSE,Emi_CO2_AFO,Mt CO2/yr,2025,-249.52404786010402
SSP2_BaU_NoCC,XSE,Emi_CO2_AFO,Mt CO2/yr,2030,249.45497065077973
SSP2_BaU_NoCC,XSE,Emi_CO2_AFO,Mt CO2/yr,2040,-252.07289882813518
SSP2_BaU_NoCC,XSE,Emi_CO2_AFO,Mt CO2/yr,2050,-411.24826686857705
SSP2_BaU_NoCC,XSE,Emi_CO2_AFO,Mt CO2/yr,2060,-426.52718017495346
SSP2_BaU_NoCC,XSE,Emi_CO2_AFO,Mt CO2/yr,2070,-419.1760173513052
SSP2_BaU_NoCC,XSE,Emi_CO2_AFO,Mt CO2/yr,2080,-374.30040821744456
SSP2_BaU_NoCC,XSE,Emi_CO2_AFO,Mt CO2/yr,2090,-361.1675865705655
SSP2_BaU_NoCC,XSE,Emi_CO2_AFO,Mt CO2/yr,2100,-388.8421082409888
SSP2_BaU_NoCC,XSA,Emi_CO2_AFO,Mt CO2/yr,2005,-59.60830212833829
SSP2_BaU_NoCC,XSA,Emi_CO2_AFO,Mt CO2/yr,2010,12.968935411200036
SSP2_BaU_NoCC,XSA,Emi_CO2_AFO,Mt CO2/yr,2015,-38.28135597545622
SSP2_BaU_NoCC,XSA,Emi_CO2_AFO,Mt CO2/yr,2020,-1.2103034302017903
SSP2_BaU_NoCC,XSA,Emi_CO2_AFO,Mt CO2/yr,2025,2.469331834218721
SSP2_BaU_NoCC,XSA,Emi_CO2_AFO,Mt CO2/yr,2030,63.15133566238369
SSP2_BaU_NoCC,XSA,Emi_CO2_AFO,Mt CO2/yr,2040,64.10557282105245
SSP2_BaU_NoCC,XSA,Emi_CO2_AFO,Mt CO2/yr,2050,46.04572236046473
SSP2_BaU_NoCC,XSA,Emi_CO2_AFO,Mt CO2/yr,2060,28.20123812625946
SSP2_BaU_NoCC,XSA,Emi_CO2_AFO,Mt CO2/yr,2070,-2.965478245737849
SSP2_BaU_NoCC,XSA,Emi_CO2_AFO,Mt CO2/yr,2080,-38.782865007861524
SSP2_BaU_NoCC,XSA,Emi_CO2_AFO,Mt CO2/yr,2090,-46.852618559201765
SSP2_BaU_NoCC,XSA,Emi_CO2_AFO,Mt CO2/yr,2100,-54.23749379140026
SSP2_BaU_NoCC,XLM,Emi_CO2_AFO,Mt CO2/yr,2005,-315.5629604270151
SSP2_BaU_NoCC,XLM,Emi_CO2_AFO,Mt CO2/yr,2010,196.88274691128692
SSP2_BaU_NoCC,XLM,Emi_CO2_AFO,Mt CO2/yr,2015,-19.48754678644127
SSP2_BaU_NoCC,XLM,Emi_CO2_AFO,Mt CO2/yr,2020,460.747369559008
SSP2_BaU_NoCC,XLM,Emi_CO2_AFO,Mt CO2/yr,2025,-118.46545786695026
SSP2_BaU_NoCC,XLM,Emi_CO2_AFO,Mt CO2/yr,2030,467.4892901852132
SSP2_BaU_NoCC,XLM,Emi_CO2_AFO,Mt CO2/yr,2040,48.22427509615818
SSP2_BaU_NoCC,XLM,Emi_CO2_AFO,Mt CO2/yr,2050,-224.0114990708651
SSP2_BaU_NoCC,XLM,Emi_CO2_AFO,Mt CO2/yr,2060,-198.62359942840692
SSP2_BaU_NoCC,XLM,Emi_CO2_AFO,Mt CO2/yr,2070,-197.24206071511736
SSP2_BaU_NoCC,XLM,Emi_CO2_AFO,Mt CO2/yr,2080,-203.42061221527453
SSP2_BaU_NoCC,XLM,Emi_CO2_AFO,Mt CO2/yr,2090,-178.83282079745726
SSP2_BaU_NoCC,XLM,Emi_CO2_AFO,Mt CO2/yr,2100,-188.43244637130027
SSP2_BaU_NoCC,CIS,Emi_CO2_AFO,Mt CO2/yr,2005,-66.06837937421274
SSP2_BaU_NoCC,CIS,Emi_CO2_AFO,Mt CO2/yr,2010,81.32673110226571
SSP2_BaU_NoCC,CIS,Emi_CO2_AFO,Mt CO2/yr,2015,13.08375135877543
SSP2_BaU_NoCC,CIS,Emi_CO2_AFO,Mt CO2/yr,2020,17.09712724282045
SSP2_BaU_NoCC,CIS,Emi_CO2_AFO,Mt CO2/yr,2025,-41.47181758665917
SSP2_BaU_NoCC,CIS,Emi_CO2_AFO,Mt CO2/yr,2030,57.32960911576383
SSP2_BaU_NoCC,CIS,Emi_CO2_AFO,Mt CO2/yr,2040,-32.19522436563852
SSP2_BaU_NoCC,CIS,Emi_CO2_AFO,Mt CO2/yr,2050,-6.182587396298885
SSP2_BaU_NoCC,CIS,Emi_CO2_AFO,Mt CO2/yr,2060,-21.781084307699174
SSP2_BaU_NoCC,CIS,Emi_CO2_AFO,Mt CO2/yr,2070,-35.83798802362929
SSP2_BaU_NoCC,CIS,Emi_CO2_AFO,Mt CO2/yr,2080,-44.011693198036184
SSP2_BaU_NoCC,CIS,Emi_CO2_AFO,Mt CO2/yr,2090,-52.37416897999205
SSP2_BaU_NoCC,CIS,Emi_CO2_AFO,Mt CO2/yr,2100,-48.937278727037615
SSP2_BaU_NoCC,XME,Emi_CO2_AFO,Mt CO2/yr,2005,-17.990975998075776
SSP2_BaU_NoCC,XME,Emi_CO2_AFO,Mt CO2/yr,2010,-13.393045813226077
SSP2_BaU_NoCC,XME,Emi_CO2_AFO,Mt CO2/yr,2015,-16.52730303026251
SSP2_BaU_NoCC,XME,Emi_CO2_AFO,Mt CO2/yr,2020,-10.910097252185956
SSP2_BaU_NoCC,XME,Emi_CO2_AFO,Mt CO2/yr,2025,-19.444520633740282
SSP2_BaU_NoCC,XME,Emi_CO2_AFO,Mt CO2/yr,2030,-5.421813021101684
SSP2_BaU_NoCC,XME,Emi_CO2_AFO,Mt CO2/yr,2040,-8.916467253017897
SSP2_BaU_NoCC,XME,Emi_CO2_AFO,Mt CO2/yr,2050,-8.065184457593325
SSP2_BaU_NoCC,XME,Emi_CO2_AFO,Mt CO2/yr,2060,-9.461750497732995
SSP2_BaU_NoCC,XME,Emi_CO2_AFO,Mt CO2/yr,2070,-8.783987404110189
SSP2_BaU_NoCC,XME,Emi_CO2_AFO,Mt CO2/yr,2080,-8.37445505593626
SSP2_BaU_NoCC,XME,Emi_CO2_AFO,Mt CO2/yr,2090,-8.61300212679054
SSP2_BaU_NoCC,XME,Emi_CO2_AFO,Mt CO2/yr,2100,-5.738116863439599
SSP2_BaU_NoCC,XNF,Emi_CO2_AFO,Mt CO2/yr,2005,-14.54795544935719
SSP2_BaU_NoCC,XNF,Emi_CO2_AFO,Mt CO2/yr,2010,-9.767025953518917
SSP2_BaU_NoCC,XNF,Emi_CO2_AFO,Mt CO2/yr,2015,-17.76233803732121
SSP2_BaU_NoCC,XNF,Emi_CO2_AFO,Mt CO2/yr,2020,-10.762210533685773
SSP2_BaU_NoCC,XNF,Emi_CO2_AFO,Mt CO2/yr,2025,-15.849707944911211
SSP2_BaU_NoCC,XNF,Emi_CO2_AFO,Mt CO2/yr,2030,5.158228698953305
SSP2_BaU_NoCC,XNF,Emi_CO2_AFO,Mt CO2/yr,2040,-1.312065226143936
SSP2_BaU_NoCC,XNF,Emi_CO2_AFO,Mt CO2/yr,2050,1.6775373031259786
SSP2_BaU_NoCC,XNF,Emi_CO2_AFO,Mt CO2/yr,2060,-4.4941932127593684
SSP2_BaU_NoCC,XNF,Emi_CO2_AFO,Mt CO2/yr,2070,-6.320562974045577
SSP2_BaU_NoCC,XNF,Emi_CO2_AFO,Mt CO2/yr,2080,-4.540486338487119
SSP2_BaU_NoCC,XNF,Emi_CO2_AFO,Mt CO2/yr,2090,-5.182779309221633
SSP2_BaU_NoCC,XNF,Emi_CO2_AFO,Mt CO2/yr,2100,-9.354864174381227
SSP2_BaU_NoCC,XAF,Emi_CO2_AFO,Mt CO2/yr,2005,-383.2425060925726
SSP2_BaU_NoCC,XAF,Emi_CO2_AFO,Mt CO2/yr,2010,78.12064788613213
SSP2_BaU_NoCC,XAF,Emi_CO2_AFO,Mt CO2/yr,2015,1464.1466627931277
SSP2_BaU_NoCC,XAF,Emi_CO2_AFO,Mt CO2/yr,2020,265.9213691154903
SSP2_BaU_NoCC,XAF,Emi_CO2_AFO,Mt CO2/yr,2025,403.1763422592512
SSP2_BaU_NoCC,XAF,Emi_CO2_AFO,Mt CO2/yr,2030,1390.717251354583
SSP2_BaU_NoCC,XAF,Emi_CO2_AFO,Mt CO2/yr,2040,1011.6940236591718
SSP2_BaU_NoCC,XAF,Emi_CO2_AFO,Mt CO2/yr,2050,455.52775648881504
SSP2_BaU_NoCC,XAF,Emi_CO2_AFO,Mt CO2/yr,2060,298.7249030461814
SSP2_BaU_NoCC,XAF,Emi_CO2_AFO,Mt CO2/yr,2070,179.53436891253168
SSP2_BaU_NoCC,XAF,Emi_CO2_AFO,Mt CO2/yr,2080,115.55030538165025
SSP2_BaU_NoCC,XAF,Emi_CO2_AFO,Mt CO2/yr,2090,-166.79430041952605
SSP2_BaU_NoCC,XAF,Emi_CO2_AFO,Mt CO2/yr,2100,-148.9864215901095
SSP2_BaU_NoCC,AFG,Emi_CO2_AFO,Mt CO2/yr,2005,-3.752624567858534
SSP2_BaU_NoCC,AFG,Emi_CO2_AFO,Mt CO2/yr,2010,-3.6054481070238475
SSP2_BaU_NoCC,AFG,Emi_CO2_AFO,Mt CO2/yr,2015,-1.9836342141595042
SSP2_BaU_NoCC,AFG,Emi_CO2_AFO,Mt CO2/yr,2020,9.418238113254016
SSP2_BaU_NoCC,AFG,Emi_CO2_AFO,Mt CO2/yr,2025,-1.4476086958279586
SSP2_BaU_NoCC,AFG,Emi_CO2_AFO,Mt CO2/yr,2030,11.518208204088996
SSP2_BaU_NoCC,AFG,Emi_CO2_AFO,Mt CO2/yr,2040,-0.5728736765789657
SSP2_BaU_NoCC,AFG,Emi_CO2_AFO,Mt CO2/yr,2050,-0.5580583542640136
SSP2_BaU_NoCC,AFG,Emi_CO2_AFO,Mt CO2/yr,2060,-2.305914138834832
SSP2_BaU_NoCC,AFG,Emi_CO2_AFO,Mt CO2/yr,2070,-11.04545154637455
SSP2_BaU_NoCC,AFG,Emi_CO2_AFO,Mt CO2/yr,2080,-18.40529558572676
SSP2_BaU_NoCC,AFG,Emi_CO2_AFO,Mt CO2/yr,2090,-22.30731660034545
SSP2_BaU_NoCC,AFG,Emi_CO2_AFO,Mt CO2/yr,2100,-24.44533608017801
SSP2_BaU_NoCC,ALB,Emi_CO2_AFO,Mt CO2/yr,2005,-4.8235509424602485
SSP2_BaU_NoCC,ALB,Emi_CO2_AFO,Mt CO2/yr,2010,12.009107447500963
SSP2_BaU_NoCC,ALB,Emi_CO2_AFO,Mt CO2/yr,2015,-4.2826581519044264
SSP2_BaU_NoCC,ALB,Emi_CO2_AFO,Mt CO2/yr,2020,-1.6723202633150884
SSP2_BaU_NoCC,ALB,Emi_CO2_AFO,Mt CO2/yr,2025,-4.583146365615634
SSP2_BaU_NoCC,ALB,Emi_CO2_AFO,Mt CO2/yr,2030,1.0881847935403925
SSP2_BaU_NoCC,ALB,Emi_CO2_AFO,Mt CO2/yr,2040,-4.027864299175955
SSP2_BaU_NoCC,ALB,Emi_CO2_AFO,Mt CO2/yr,2050,-4.2514731198020765
SSP2_BaU_NoCC,ALB,Emi_CO2_AFO,Mt CO2/yr,2060,-4.223513838839475
SSP2_BaU_NoCC,ALB,Emi_CO2_AFO,Mt CO2/yr,2070,-4.13839835711817
SSP2_BaU_NoCC,ALB,Emi_CO2_AFO,Mt CO2/yr,2080,-4.083183622566639
SSP2_BaU_NoCC,ALB,Emi_CO2_AFO,Mt CO2/yr,2090,-3.8242191038315174
SSP2_BaU_NoCC,ALB,Emi_CO2_AFO,Mt CO2/yr,2100,-3.168232902061911
SSP2_BaU_NoCC,DZA,Emi_CO2_AFO,Mt CO2/yr,2005,-7.12192101450913
SSP2_BaU_NoCC,DZA,Emi_CO2_AFO,Mt CO2/yr,2010,0.7815846955000385
SSP2_BaU_NoCC,DZA,Emi_CO2_AFO,Mt CO2/yr,2015,-8.832812095645764
SSP2_BaU_NoCC,DZA,Emi_CO2_AFO,Mt CO2/yr,2020,-4.361900004690666
SSP2_BaU_NoCC,DZA,Emi_CO2_AFO,Mt CO2/yr,2025,-6.390006271162502
SSP2_BaU_NoCC,DZA,Emi_CO2_AFO,Mt CO2/yr,2030,8.193347878610247
SSP2_BaU_NoCC,DZA,Emi_CO2_AFO,Mt CO2/yr,2040,2.1765025063021533
SSP2_BaU_NoCC,DZA,Emi_CO2_AFO,Mt CO2/yr,2050,5.073094510174975
SSP2_BaU_NoCC,DZA,Emi_CO2_AFO,Mt CO2/yr,2060,-1.7166650187532069
SSP2_BaU_NoCC,DZA,Emi_CO2_AFO,Mt CO2/yr,2070,-4.1040061223214535
SSP2_BaU_NoCC,DZA,Emi_CO2_AFO,Mt CO2/yr,2080,-2.941768271603779
SSP2_BaU_NoCC,DZA,Emi_CO2_AFO,Mt CO2/yr,2090,-2.563940743061662
SSP2_BaU_NoCC,DZA,Emi_CO2_AFO,Mt CO2/yr,2100,-5.7038061860711355
SSP2_BaU_NoCC,ASM,Emi_CO2_AFO,Mt CO2/yr,2010,-8.874635690412712e-08
SSP2_BaU_NoCC,ASM,Emi_CO2_AFO,Mt CO2/yr,2025,0.0002976325448191355
SSP2_BaU_NoCC,ASM,Emi_CO2_AFO,Mt CO2/yr,2030,1.905203552444537e-18
SSP2_BaU_NoCC,ASM,Emi_CO2_AFO,Mt CO2/yr,2040,0.00017188004894536796
SSP2_BaU_NoCC,ASM,Emi_CO2_AFO,Mt CO2/yr,2050,0.0004096566022787332
SSP2_BaU_NoCC,ASM,Emi_CO2_AFO,Mt CO2/yr,2060,0.000906900641639851
SSP2_BaU_NoCC,ASM,Emi_CO2_AFO,Mt CO2/yr,2070,0.0008426515498615492
SSP2_BaU_NoCC,ASM,Emi_CO2_AFO,Mt CO2/yr,2080,0.0005971870710162496
SSP2_BaU_NoCC,ASM,Emi_CO2_AFO,Mt CO2/yr,2090,0.0004494690736798172
SSP2_BaU_NoCC,ASM,Emi_CO2_AFO,Mt CO2/yr,2100,0.0001337149901539836
SSP2_BaU_NoCC,AND,Emi_CO2_AFO,Mt CO2/yr,2005,-0.017256257425314187
SSP2_BaU_NoCC,AND,Emi_CO2_AFO,Mt CO2/yr,2010,0.23030857009036393
SSP2_BaU_NoCC,AND,Emi_CO2_AFO,Mt CO2/yr,2015,-0.0006623926144785551
SSP2_BaU_NoCC,AND,Emi_CO2_AFO,Mt CO2/yr,2020,-0.00045097549986722427
SSP2_BaU_NoCC,AND,Emi_CO2_AFO,Mt CO2/yr,2025,0.008639780690813522
SSP2_BaU_NoCC,AND,Emi_CO2_AFO,Mt CO2/yr,2030,0.00036671418923709363
SSP2_BaU_NoCC,AND,Emi_CO2_AFO,Mt CO2/yr,2040,-0.0005271724475618609
SSP2_BaU_NoCC,AND,Emi_CO2_AFO,Mt CO2/yr,2050,-0.0006886778204745738
SSP2_BaU_NoCC,AND,Emi_CO2_AFO,Mt CO2/yr,2060,-0.0005842168539865085
SSP2_BaU_NoCC,AND,Emi_CO2_AFO,Mt CO2/yr,2070,-0.00048777732350990436
SSP2_BaU_NoCC,AND,Emi_CO2_AFO,Mt CO2/yr,2080,-0.0003988565277213023
SSP2_BaU_NoCC,AND,Emi_CO2_AFO,Mt CO2/yr,2090,-0.00021819275845227966
SSP2_BaU_NoCC,AND,Emi_CO2_AFO,Mt CO2/yr,2100,0.0004503526217821571
SSP2_BaU_NoCC,AGO,Emi_CO2_AFO,Mt CO2/yr,2005,-48.49200660605341
SSP2_BaU_NoCC,AGO,Emi_CO2_AFO,Mt CO2/yr,2010,9.038862786112567
SSP2_BaU_NoCC,AGO,Emi_CO2_AFO,Mt CO2/yr,2015,236.30078876368557
SSP2_BaU_NoCC,AGO,Emi_CO2_AFO,Mt CO2/yr,2020,31.65825003503715
SSP2_BaU_NoCC,AGO,Emi_CO2_AFO,Mt CO2/yr,2025,80.43817587441436
SSP2_BaU_NoCC,AGO,Emi_CO2_AFO,Mt CO2/yr,2030,186.47279941876798
SSP2_BaU_NoCC,AGO,Emi_CO2_AFO,Mt CO2/yr,2040,152.9332994787565
SSP2_BaU_NoCC,AGO,Emi_CO2_AFO,Mt CO2/yr,2050,64.60995792007006
SSP2_BaU_NoCC,AGO,Emi_CO2_AFO,Mt CO2/yr,2060,44.47292053364775
SSP2_BaU_NoCC,AGO,Emi_CO2_AFO,Mt CO2/yr,2070,27.28055565706414
SSP2_BaU_NoCC,AGO,Emi_CO2_AFO,Mt CO2/yr,2080,18.66661393685373
SSP2_BaU_NoCC,AGO,Emi_CO2_AFO,Mt CO2/yr,2090,-22.985916602208544
SSP2_BaU_NoCC,AGO,Emi_CO2_AFO,Mt CO2/yr,2100,-22.316684718661207
SSP2_BaU_NoCC,ATG,Emi_CO2_AFO,Mt CO2/yr,2010,-5.019599513465489e-07
SSP2_BaU_NoCC,ATG,Emi_CO2_AFO,Mt CO2/yr,2015,-7.656900308422242e-09
SSP2_BaU_NoCC,ATG,Emi_CO2_AFO,Mt CO2/yr,2025,5.850347114488431e-20
SSP2_BaU_NoCC,ATG,Emi_CO2_AFO,Mt CO2/yr,2030,5.850347114488431e-20
SSP2_BaU_NoCC,ATG,Emi_CO2_AFO,Mt CO2/yr,2050,7.303917621274993e-05
SSP2_BaU_NoCC,ATG,Emi_CO2_AFO,Mt CO2/yr,2060,0.0001512140192840098
SSP2_BaU_NoCC,ATG,Emi_CO2_AFO,Mt CO2/yr,2070,0.00011442765195318405
SSP2_BaU_NoCC,ATG,Emi_CO2_AFO,Mt CO2/yr,2080,6.789535678020054e-05
SSP2_BaU_NoCC,ATG,Emi_CO2_AFO,Mt CO2/yr,2090,0.00013363755507008463
SSP2_BaU_NoCC,ATG,Emi_CO2_AFO,Mt CO2/yr,2100,0.0001934181737844571
SSP2_BaU_NoCC,ARG,Emi_CO2_AFO,Mt CO2/yr,2005,-22.99106528849165
SSP2_BaU_NoCC,ARG,Emi_CO2_AFO,Mt CO2/yr,2010,4.753190214786695
SSP2_BaU_NoCC,ARG,Emi_CO2_AFO,Mt CO2/yr,2015,-13.58077315438862
SSP2_BaU_NoCC,ARG,Emi_CO2_AFO,Mt CO2/yr,2020,41.27255168168962
SSP2_BaU_NoCC,ARG,Emi_CO2_AFO,Mt CO2/yr,2025,-8.778295148909422
SSP2_BaU_NoCC,ARG,Emi_CO2_AFO,Mt CO2/yr,2030,31.470547516819018
SSP2_BaU_NoCC,ARG,Emi_CO2_AFO,Mt CO2/yr,2040,6.853799686496295
SSP2_BaU_NoCC,ARG,Emi_CO2_AFO,Mt CO2/yr,2050,-18.4399613744579
SSP2_BaU_NoCC,ARG,Emi_CO2_AFO,Mt CO2/yr,2060,-16.55203397633612
SSP2_BaU_NoCC,ARG,Emi_CO2_AFO,Mt CO2/yr,2070,-17.472142917002557
SSP2_BaU_NoCC,ARG,Emi_CO2_AFO,Mt CO2/yr,2080,-18.620203398435606
SSP2_BaU_NoCC,ARG,Emi_CO2_AFO,Mt CO2/yr,2090,-16.803063441065706
SSP2_BaU_NoCC,ARG,Emi_CO2_AFO,Mt CO2/yr,2100,-16.59045956149611
SSP2_BaU_NoCC,ARM,Emi_CO2_AFO,Mt CO2/yr,2005,-0.13828610751678222
SSP2_BaU_NoCC,ARM,Emi_CO2_AFO,Mt CO2/yr,2010,-0.13981359673629018
SSP2_BaU_NoCC,ARM,Emi_CO2_AFO,Mt CO2/yr,2015,0.04895299452558283
SSP2_BaU_NoCC,ARM,Emi_CO2_AFO,Mt CO2/yr,2020,0.822214692507633
SSP2_BaU_NoCC,ARM,Emi_CO2_AFO,Mt CO2/yr,2025,-0.16510651571569865
SSP2_BaU_NoCC,ARM,Emi_CO2_AFO,Mt CO2/yr,2030,2.534511799854521
SSP2_BaU_NoCC,ARM,Emi_CO2_AFO,Mt CO2/yr,2040,-0.12828637877485533
SSP2_BaU_NoCC,ARM,Emi_CO2_AFO,Mt CO2/yr,2050,0.4610490891044122
SSP2_BaU_NoCC,ARM,Emi_CO2_AFO,Mt CO2/yr,2060,0.17775719320580285
SSP2_BaU_NoCC,ARM,Emi_CO2_AFO,Mt CO2/yr,2070,-0.1323818672893172
SSP2_BaU_NoCC,ARM,Emi_CO2_AFO,Mt CO2/yr,2080,-0.14258564806368826
SSP2_BaU_NoCC,ARM,Emi_CO2_AFO,Mt CO2/yr,2090,-0.04885757348595761
SSP2_BaU_NoCC,ARM,Emi_CO2_AFO,Mt CO2/yr,2100,-0.10224330925596656
SSP2_BaU_NoCC,ABW,Emi_CO2_AFO,Mt CO2/yr,2010,-2.2604098166586916e-07
SSP2_BaU_NoCC,ABW,Emi_CO2_AFO,Mt CO2/yr,2015,-2.6467070230693897e-08
SSP2_BaU_NoCC,ABW,Emi_CO2_AFO,Mt CO2/yr,2020,3.841858793711866e-18
SSP2_BaU_NoCC,ABW,Emi_CO2_AFO,Mt CO2/yr,2030,3.841858793711866e-18
SSP2_BaU_NoCC,ABW,Emi_CO2_AFO,Mt CO2/yr,2040,1.920929396855933e-18
SSP2_BaU_NoCC,ABW,Emi_CO2_AFO,Mt CO2/yr,2050,0.00024361488915133477
SSP2_BaU_NoCC,ABW,Emi_CO2_AFO,Mt CO2/yr,2060,0.0005030093790772391
SSP2_BaU_NoCC,ABW,Emi_CO2_AFO,Mt CO2/yr,2070,0.00038092509940026705
SSP2_BaU_NoCC,ABW,Emi_CO2_AFO,Mt CO2/yr,2080,0.0002250669373636752
SSP2_BaU_NoCC,ABW,Emi_CO2_AFO,Mt CO2/yr,2090,0.00044376666739725807
SSP2_BaU_NoCC,ABW,Emi_CO2_AFO,Mt CO2/yr,2100,0.0006436416105418729
SSP2_BaU_NoCC,AUS,Emi_CO2_AFO,Mt CO2/yr,2005,-26.554231833792716
SSP2_BaU_NoCC,AUS,Emi_CO2_AFO,Mt CO2/yr,2010,-18.597936143281515
SSP2_BaU_NoCC,AUS,Emi_CO2_AFO,Mt CO2/yr,2015,37.17443992355946
SSP2_BaU_NoCC,AUS,Emi_CO2_AFO,Mt CO2/yr,2020,204.26031565894888
SSP2_BaU_NoCC,AUS,Emi_CO2_AFO,Mt CO2/yr,2025,219.06435759731022
SSP2_BaU_NoCC,AUS,Emi_CO2_AFO,Mt CO2/yr,2030,528.0605266178156
SSP2_BaU_NoCC,AUS,Emi_CO2_AFO,Mt CO2/yr,2040,243.121967781934
SSP2_BaU_NoCC,AUS,Emi_CO2_AFO,Mt CO2/yr,2050,89.5123916832515
SSP2_BaU_NoCC,AUS,Emi_CO2_AFO,Mt CO2/yr,2060,111.11694023949073
SSP2_BaU_NoCC,AUS,Emi_CO2_AFO,Mt CO2/yr,2070,284.82158106644783
SSP2_BaU_NoCC,AUS,Emi_CO2_AFO,Mt CO2/yr,2080,140.29592018164442
SSP2_BaU_NoCC,AUS,Emi_CO2_AFO,Mt CO2/yr,2090,43.6611955415064
SSP2_BaU_NoCC,AUS,Emi_CO2_AFO,Mt CO2/yr,2100,4.898579019435186
SSP2_BaU_NoCC,AUT,Emi_CO2_AFO,Mt CO2/yr,2005,-14.857860978704595
SSP2_BaU_NoCC,AUT,Emi_CO2_AFO,Mt CO2/yr,2010,-12.916790169160617
SSP2_BaU_NoCC,AUT,Emi_CO2_AFO,Mt CO2/yr,2015,-12.00684596583964
SSP2_BaU_NoCC,AUT,Emi_CO2_AFO,Mt CO2/yr,2020,7.932976524732707
SSP2_BaU_NoCC,AUT,Emi_CO2_AFO,Mt CO2/yr,2025,-17.611488331657327
SSP2_BaU_NoCC,AUT,Emi_CO2_AFO,Mt CO2/yr,2030,8.289832944874929
SSP2_BaU_NoCC,AUT,Emi_CO2_AFO,Mt CO2/yr,2040,-14.664464256371197
SSP2_BaU_NoCC,AUT,Emi_CO2_AFO,Mt CO2/yr,2050,-15.176158154859186
SSP2_BaU_NoCC,AUT,Emi_CO2_AFO,Mt CO2/yr,2060,-14.79242103758854
SSP2_BaU_NoCC,AUT,Emi_CO2_AFO,Mt CO2/yr,2070,-15.562427932790666
SSP2_BaU_NoCC,AUT,Emi_CO2_AFO,Mt CO2/yr,2080,-16.45950789322241
SSP2_BaU_NoCC,AUT,Emi_CO2_AFO,Mt CO2/yr,2090,-16.060108704914075
SSP2_BaU_NoCC,AUT,Emi_CO2_AFO,Mt CO2/yr,2100,-15.466587109058178
SSP2_BaU_NoCC,AZE,Emi_CO2_AFO,Mt CO2/yr,2005,-0.2715483509411128
SSP2_BaU_NoCC,AZE,Emi_CO2_AFO,Mt CO2/yr,2010,-0.11925917267211117
SSP2_BaU_NoCC,AZE,Emi_CO2_AFO,Mt CO2/yr,2015,-0.024469656012794216
SSP2_BaU_NoCC,AZE,Emi_CO2_AFO,Mt CO2/yr,2020,1.2176119181238567
SSP2_BaU_NoCC,AZE,Emi_CO2_AFO,Mt CO2/yr,2025,-0.33077978448293555
SSP2_BaU_NoCC,AZE,Emi_CO2_AFO,Mt CO2/yr,2030,1.1573515268825894
SSP2_BaU_NoCC,AZE,Emi_CO2_AFO,Mt CO2/yr,2040,-0.20468521751573698
SSP2_BaU_NoCC,AZE,Emi_CO2_AFO,Mt CO2/yr,2050,-0.10263571194869592
SSP2_BaU_NoCC,AZE,Emi_CO2_AFO,Mt CO2/yr,2060,-0.15176592848240952
SSP2_BaU_NoCC,AZE,Emi_CO2_AFO,Mt CO2/yr,2070,-0.20983616815661027
SSP2_BaU_NoCC,AZE,Emi_CO2_AFO,Mt CO2/yr,2080,-0.22824486419917944
SSP2_BaU_NoCC,AZE,Emi_CO2_AFO,Mt CO2/yr,2090,-0.1517824671493341
SSP2_BaU_NoCC,AZE,Emi_CO2_AFO,Mt CO2/yr,2100,-0.20492006148835554
SSP2_BaU_NoCC,BHS,Emi_CO2_AFO,Mt CO2/yr,2010,-1.8016023931835655e-07
SSP2_BaU_NoCC,BHS,Emi_CO2_AFO,Mt CO2/yr,2015,0.009421417473667239
SSP2_BaU_NoCC,BHS,Emi_CO2_AFO,Mt CO2/yr,2020,0.001431022612965011
SSP2_BaU_NoCC,BHS,Emi_CO2_AFO,Mt CO2/yr,2025,-6.160732526666601e-06
SSP2_BaU_NoCC,BHS,Emi_CO2_AFO,Mt CO2/yr,2030,0.002664238145920912
SSP2_BaU_NoCC,BHS,Emi_CO2_AFO,Mt CO2/yr,2040,0.0005670456353885027
SSP2_BaU_NoCC,BHS,Emi_CO2_AFO,Mt CO2/yr,2050,0.0006198605006268794
SSP2_BaU_NoCC,BHS,Emi_CO2_AFO,Mt CO2/yr,2060,0.0004850536336932574
SSP2_BaU_NoCC,BHS,Emi_CO2_AFO,Mt CO2/yr,2070,0.0004837632203419726
SSP2_BaU_NoCC,BHS,Emi_CO2_AFO,Mt CO2/yr,2080,0.00034581644215235226
SSP2_BaU_NoCC,BHS,Emi_CO2_AFO,Mt CO2/yr,2090,0.0005719317485279853
SSP2_BaU_NoCC,BHS,Emi_CO2_AFO,Mt CO2/yr,2100,0.0007269465063961475
SSP2_BaU_NoCC,BHR,Emi_CO2_AFO,Mt CO2/yr,2010,-3.036253556874652e-07
SSP2_BaU_NoCC,BHR,Emi_CO2_AFO,Mt CO2/yr,2015,-2.3984499238929665e-09
SSP2_BaU_NoCC,BHR,Emi_CO2_AFO,Mt CO2/yr,2020,-2.798715332266834e-17
SSP2_BaU_NoCC,BHR,Emi_CO2_AFO,Mt CO2/yr,2025,2.8207524608673606e-17
SSP2_BaU_NoCC,BHR,Emi_CO2_AFO,Mt CO2/yr,2050,1.1992273602965277e-09
SSP2_BaU_NoCC,BHR,Emi_CO2_AFO,Mt CO2/yr,2060,1.1018564300263127e-19
SSP2_BaU_NoCC,BHR,Emi_CO2_AFO,Mt CO2/yr,2070,0.0002055584447664101
SSP2_BaU_NoCC,BHR,Emi_CO2_AFO,Mt CO2/yr,2090,-1.1956528022475256e-09
SSP2_BaU_NoCC,BHR,Emi_CO2_AFO,Mt CO2/yr,2100,1.399357666133417e-17
SSP2_BaU_NoCC,BGD,Emi_CO2_AFO,Mt CO2/yr,2005,-12.17677811343204
SSP2_BaU_NoCC,BGD,Emi_CO2_AFO,Mt CO2/yr,2010,-4.876241004406086
SSP2_BaU_NoCC,BGD,Emi_CO2_AFO,Mt CO2/yr,2015,-9.66291644844508
SSP2_BaU_NoCC,BGD,Emi_CO2_AFO,Mt CO2/yr,2020,-0.11892499222120811
SSP2_BaU_NoCC,BGD,Emi_CO2_AFO,Mt CO2/yr,2025,-4.56088798614751
SSP2_BaU_NoCC,BGD,Emi_CO2_AFO,Mt CO2/yr,2030,5.080973993534217
SSP2_BaU_NoCC,BGD,Emi_CO2_AFO,Mt CO2/yr,2040,25.68738753117991
SSP2_BaU_NoCC,BGD,Emi_CO2_AFO,Mt CO2/yr,2050,12.489950769742112
SSP2_BaU_NoCC,BGD,Emi_CO2_AFO,Mt CO2/yr,2060,6.775193020731582
SSP2_BaU_NoCC,BGD,Emi_CO2_AFO,Mt CO2/yr,2070,5.721622059162497
SSP2_BaU_NoCC,BGD,Emi_CO2_AFO,Mt CO2/yr,2080,0.3948884447480552
SSP2_BaU_NoCC,BGD,Emi_CO2_AFO,Mt CO2/yr,2090,-1.8501942341638038
SSP2_BaU_NoCC,BGD,Emi_CO2_AFO,Mt CO2/yr,2100,-2.087185700709223
SSP2_BaU_NoCC,BRB,Emi_CO2_AFO,Mt CO2/yr,2010,5.910977635795746e-08
SSP2_BaU_NoCC,BRB,Emi_CO2_AFO,Mt CO2/yr,2015,4.783394494881305e-19
SSP2_BaU_NoCC,BRB,Emi_CO2_AFO,Mt CO2/yr,2020,4.783394494881305e-19
SSP2_BaU_NoCC,BRB,Emi_CO2_AFO,Mt CO2/yr,2025,4.783394494881305e-19
SSP2_BaU_NoCC,BRB,Emi_CO2_AFO,Mt CO2/yr,2050,4.770369797114163e-05
SSP2_BaU_NoCC,BRB,Emi_CO2_AFO,Mt CO2/yr,2060,9.8716846607409e-05
SSP2_BaU_NoCC,BRB,Emi_CO2_AFO,Mt CO2/yr,2070,7.472710525731352e-05
SSP2_BaU_NoCC,BRB,Emi_CO2_AFO,Mt CO2/yr,2080,4.411902702533318e-05
SSP2_BaU_NoCC,BRB,Emi_CO2_AFO,Mt CO2/yr,2090,8.713507837503336e-05
SSP2_BaU_NoCC,BRB,Emi_CO2_AFO,Mt CO2/yr,2100,0.00012601497094110814
SSP2_BaU_NoCC,BLR,Emi_CO2_AFO,Mt CO2/yr,2005,-3.9474161949470354
SSP2_BaU_NoCC,BLR,Emi_CO2_AFO,Mt CO2/yr,2010,-3.98355129857145
SSP2_BaU_NoCC,BLR,Emi_CO2_AFO,Mt CO2/yr,2015,-2.581454833463773
SSP2_BaU_NoCC,BLR,Emi_CO2_AFO,Mt CO2/yr,2020,-0.4170280076450217
SSP2_BaU_NoCC,BLR,Emi_CO2_AFO,Mt CO2/yr,2025,-3.937224278879844
SSP2_BaU_NoCC,BLR,Emi_CO2_AFO,Mt CO2/yr,2030,5.783439234732148
SSP2_BaU_NoCC,BLR,Emi_CO2_AFO,Mt CO2/yr,2040,-2.9352729601973313
SSP2_BaU_NoCC,BLR,Emi_CO2_AFO,Mt CO2/yr,2050,0.9378427120370745
SSP2_BaU_NoCC,BLR,Emi_CO2_AFO,Mt CO2/yr,2060,0.06251671442429796
SSP2_BaU_NoCC,BLR,Emi_CO2_AFO,Mt CO2/yr,2070,-0.09575971873382283
SSP2_BaU_NoCC,BLR,Emi_CO2_AFO,Mt CO2/yr,2080,-0.5183920016913532
SSP2_BaU_NoCC,BLR,Emi_CO2_AFO,Mt CO2/yr,2090,-1.9150508065710188
SSP2_BaU_NoCC,BLR,Emi_CO2_AFO,Mt CO2/yr,2100,-2.5548522620839496
SSP2_BaU_NoCC,BEL,Emi_CO2_AFO,Mt CO2/yr,2005,-3.3932782456359067
SSP2_BaU_NoCC,BEL,Emi_CO2_AFO,Mt CO2/yr,2010,6.662000435348421
SSP2_BaU_NoCC,BEL,Emi_CO2_AFO,Mt CO2/yr,2015,-2.776017277326997
SSP2_BaU_NoCC,BEL,Emi_CO2_AFO,Mt CO2/yr,2020,27.00617283539522
SSP2_BaU_NoCC,BEL,Emi_CO2_AFO,Mt CO2/yr,2025,-5.661132999342302
SSP2_BaU_NoCC,BEL,Emi_CO2_AFO,Mt CO2/yr,2030,24.456318216926242
SSP2_BaU_NoCC,BEL,Emi_CO2_AFO,Mt CO2/yr,2040,-1.1467046349978307
SSP2_BaU_NoCC,BEL,Emi_CO2_AFO,Mt CO2/yr,2050,-1.2624781424273583
SSP2_BaU_NoCC,BEL,Emi_CO2_AFO,Mt CO2/yr,2060,-1.720415546937603
SSP2_BaU_NoCC,BEL,Emi_CO2_AFO,Mt CO2/yr,2070,-1.6195168346688076
SSP2_BaU_NoCC,BEL,Emi_CO2_AFO,Mt CO2/yr,2080,-1.6628253394983672
SSP2_BaU_NoCC,BEL,Emi_CO2_AFO,Mt CO2/yr,2090,-2.310920469868879
SSP2_BaU_NoCC,BEL,Emi_CO2_AFO,Mt CO2/yr,2100,-2.348176329972123
SSP2_BaU_NoCC,BLZ,Emi_CO2_AFO,Mt CO2/yr,2005,-5.739949031468219
SSP2_BaU_NoCC,BLZ,Emi_CO2_AFO,Mt CO2/yr,2010,-5.843057564100656
SSP2_BaU_NoCC,BLZ,Emi_CO2_AFO,Mt CO2/yr,2015,-3.31304610147071
SSP2_BaU_NoCC,BLZ,Emi_CO2_AFO,Mt CO2/yr,2020,-3.928528739660891
SSP2_BaU_NoCC,BLZ,Emi_CO2_AFO,Mt CO2/yr,2025,-5.62394722588195
SSP2_BaU_NoCC,BLZ,Emi_CO2_AFO,Mt CO2/yr,2030,-2.9324834079788293
SSP2_BaU_NoCC,BLZ,Emi_CO2_AFO,Mt CO2/yr,2040,-4.301882013645655
SSP2_BaU_NoCC,BLZ,Emi_CO2_AFO,Mt CO2/yr,2050,-5.6732847453644055
SSP2_BaU_NoCC,BLZ,Emi_CO2_AFO,Mt CO2/yr,2060,-5.457943336090527
SSP2_BaU_NoCC,BLZ,Emi_CO2_AFO,Mt CO2/yr,2070,-5.276864744924193
SSP2_BaU_NoCC,BLZ,Emi_CO2_AFO,Mt CO2/yr,2080,-5.2939778962666075
SSP2_BaU_NoCC,BLZ,Emi_CO2_AFO,Mt CO2/yr,2090,-4.359485778734584
SSP2_BaU_NoCC,BLZ,Emi_CO2_AFO,Mt CO2/yr,2100,-4.285518857998283
SSP2_BaU_NoCC,BEN,Emi_CO2_AFO,Mt CO2/yr,2005,-2.1113630603985785
SSP2_BaU_NoCC,BEN,Emi_CO2_AFO,Mt CO2/yr,2010,-0.6373039176524236
SSP2_BaU_NoCC,BEN,Emi_CO2_AFO,Mt CO2/yr,2015,-1.7689031697139344
SSP2_BaU_NoCC,BEN,Emi_CO2_AFO,Mt CO2/yr,2020,2.498070120470074
SSP2_BaU_NoCC,BEN,Emi_CO2_AFO,Mt CO2/yr,2025,-1.8438885056114982
SSP2_BaU_NoCC,BEN,Emi_CO2_AFO,Mt CO2/yr,2030,6.118485564404123
SSP2_BaU_NoCC,BEN,Emi_CO2_AFO,Mt CO2/yr,2040,1.8022595126334489
SSP2_BaU_NoCC,BEN,Emi_CO2_AFO,Mt CO2/yr,2050,0.7619007963801234
SSP2_BaU_NoCC,BEN,Emi_CO2_AFO,Mt CO2/yr,2060,0.4567493513762968
SSP2_BaU_NoCC,BEN,Emi_CO2_AFO,Mt CO2/yr,2070,-0.1631232878116915
SSP2_BaU_NoCC,BEN,Emi_CO2_AFO,Mt CO2/yr,2080,-0.3553835343587073
SSP2_BaU_NoCC,BEN,Emi_CO2_AFO,Mt CO2/yr,2090,-1.0565296423452213
SSP2_BaU_NoCC,BEN,Emi_CO2_AFO,Mt CO2/yr,2100,-1.0591116439565915
SSP2_BaU_NoCC,BTN,Emi_CO2_AFO,Mt CO2/yr,2005,-3.588259688634086
SSP2_BaU_NoCC,BTN,Emi_CO2_AFO,Mt CO2/yr,2010,0.16573802614553257
SSP2_BaU_NoCC,BTN,Emi_CO2_AFO,Mt CO2/yr,2015,-1.1940552629020025
SSP2_BaU_NoCC,BTN,Emi_CO2_AFO,Mt CO2/yr,2020,1.914295110566007
SSP2_BaU_NoCC,BTN,Emi_CO2_AFO,Mt CO2/yr,2025,-0.2621099451846898
SSP2_BaU_NoCC,BTN,Emi_CO2_AFO,Mt CO2/yr,2030,1.2148319685726285
SSP2_BaU_NoCC,BTN,Emi_CO2_AFO,Mt CO2/yr,2040,7.130715310010721
SSP2_BaU_NoCC,BTN,Emi_CO2_AFO,Mt CO2/yr,2050,3.1369537555962532
SSP2_BaU_NoCC,BTN,Emi_CO2_AFO,Mt CO2/yr,2060,0.8270703964648167
SSP2_BaU_NoCC,BTN,Emi_CO2_AFO,Mt CO2/yr,2070,0.1286230798649446
SSP2_BaU_NoCC,BTN,Emi_CO2_AFO,Mt CO2/yr,2080,-2.329636678635664
SSP2_BaU_NoCC,BTN,Emi_CO2_AFO,Mt CO2/yr,2090,-2.843952003892967
SSP2_BaU_NoCC,BTN,Emi_CO2_AFO,Mt CO2/yr,2100,-2.8993931837403295
SSP2_BaU_NoCC,BOL,Emi_CO2_AFO,Mt CO2/yr,2005,-17.73103509184268
SSP2_BaU_NoCC,BOL,Emi_CO2_AFO,Mt CO2/yr,2010,29.760482818025334
SSP2_BaU_NoCC,BOL,Emi_CO2_AFO,Mt CO2/yr,2015,7.18897210914848
SSP2_BaU_NoCC,BOL,Emi_CO2_AFO,Mt CO2/yr,2020,20.592581723056853
SSP2_BaU_NoCC,BOL,Emi_CO2_AFO,Mt CO2/yr,2025,-1.6204923480252695
SSP2_BaU_NoCC,BOL,Emi_CO2_AFO,Mt CO2/yr,2030,19.682407940664746
SSP2_BaU_NoCC,BOL,Emi_CO2_AFO,Mt CO2/yr,2040,6.631004627771345
SSP2_BaU_NoCC,BOL,Emi_CO2_AFO,Mt CO2/yr,2050,-11.682751300535946
SSP2_BaU_NoCC,BOL,Emi_CO2_AFO,Mt CO2/yr,2060,-9.794836979871835
SSP2_BaU_NoCC,BOL,Emi_CO2_AFO,Mt CO2/yr,2070,-9.479138647829075
SSP2_BaU_NoCC,BOL,Emi_CO2_AFO,Mt CO2/yr,2080,-10.162557597871913
SSP2_BaU_NoCC,BOL,Emi_CO2_AFO,Mt CO2/yr,2090,-8.691110061987322
SSP2_BaU_NoCC,BOL,Emi_CO2_AFO,Mt CO2/yr,2100,-8.943586508017521
SSP2_BaU_NoCC,BIH,Emi_CO2_AFO,Mt CO2/yr,2005,-11.69575937911321
SSP2_BaU_NoCC,BIH,Emi_CO2_AFO,Mt CO2/yr,2010,19.206587335875547
SSP2_BaU_NoCC,BIH,Emi_CO2_AFO,Mt CO2/yr,2015,-10.294940741210306
SSP2_BaU_NoCC,BIH,Emi_CO2_AFO,Mt CO2/yr,2020,-9.551861976172125
SSP2_BaU_NoCC,BIH,Emi_CO2_AFO,Mt CO2/yr,2025,-10.655459496486909
SSP2_BaU_NoCC,BIH,Emi_CO2_AFO,Mt CO2/yr,2030,-3.676952110059344
SSP2_BaU_NoCC,BIH,Emi_CO2_AFO,Mt CO2/yr,2040,-10.315704550357637
SSP2_BaU_NoCC,BIH,Emi_CO2_AFO,Mt CO2/yr,2050,-10.616212570318922
SSP2_BaU_NoCC,BIH,Emi_CO2_AFO,Mt CO2/yr,2060,-10.78228394953409
SSP2_BaU_NoCC,BIH,Emi_CO2_AFO,Mt CO2/yr,2070,-10.895150333370824
SSP2_BaU_NoCC,BIH,Emi_CO2_AFO,Mt CO2/yr,2080,-10.925380625133947
SSP2_BaU_NoCC,BIH,Emi_CO2_AFO,Mt CO2/yr,2090,-10.902226373604606
SSP2_BaU_NoCC,BIH,Emi_CO2_AFO,Mt CO2/yr,2100,-9.62106337954703
SSP2_BaU_NoCC,BWA,Emi_CO2_AFO,Mt CO2/yr,2010,-1.3221676012431813
SSP2_BaU_NoCC,BWA,Emi_CO2_AFO,Mt CO2/yr,2015,-2.4145814221870916
SSP2_BaU_NoCC,BWA,Emi_CO2_AFO,Mt CO2/yr,2020,-0.537069636209532
SSP2_BaU_NoCC,BWA,Emi_CO2_AFO,Mt CO2/yr,2025,-1.9678800171605118
SSP2_BaU_NoCC,BWA,Emi_CO2_AFO,Mt CO2/yr,2030,-1.802667370735307
SSP2_BaU_NoCC,BWA,Emi_CO2_AFO,Mt CO2/yr,2040,-1.0446092968265583
SSP2_BaU_NoCC,BWA,Emi_CO2_AFO,Mt CO2/yr,2050,-0.454170783774444
SSP2_BaU_NoCC,BWA,Emi_CO2_AFO,Mt CO2/yr,2060,0.10046923667559149
SSP2_BaU_NoCC,BWA,Emi_CO2_AFO,Mt CO2/yr,2070,0.21308476848919378
SSP2_BaU_NoCC,BWA,Emi_CO2_AFO,Mt CO2/yr,2080,0.12848194544802405
SSP2_BaU_NoCC,BWA,Emi_CO2_AFO,Mt CO2/yr,2090,0.017862966111713927
SSP2_BaU_NoCC,BWA,Emi_CO2_AFO,Mt CO2/yr,2100,1.3800764541853152
SSP2_BaU_NoCC,BRA,Emi_CO2_AFO,Mt CO2/yr,2005,-583.8323303892222
SSP2_BaU_NoCC,BRA,Emi_CO2_AFO,Mt CO2/yr,2010,-232.98801834618928
SSP2_BaU_NoCC,BRA,Emi_CO2_AFO,Mt CO2/yr,2015,-411.8207381045871
SSP2_BaU_NoCC,BRA,Emi_CO2_AFO,Mt CO2/yr,2020,250.0003813240303
SSP2_BaU_NoCC,BRA,Emi_CO2_AFO,Mt CO2/yr,2025,-191.21835576336775
SSP2_BaU_NoCC,BRA,Emi_CO2_AFO,Mt CO2/yr,2030,514.6601800673556
SSP2_BaU_NoCC,BRA,Emi_CO2_AFO,Mt CO2/yr,2040,134.58888362136219
SSP2_BaU_NoCC,BRA,Emi_CO2_AFO,Mt CO2/yr,2050,-308.40964783355423
SSP2_BaU_NoCC,BRA,Emi_CO2_AFO,Mt CO2/yr,2060,-402.23086389599086
SSP2_BaU_NoCC,BRA,Emi_CO2_AFO,Mt CO2/yr,2070,-545.4335242101831
SSP2_BaU_NoCC,BRA,Emi_CO2_AFO,Mt CO2/yr,2080,-777.4373458605384
SSP2_BaU_NoCC,BRA,Emi_CO2_AFO,Mt CO2/yr,2090,-1128.9739288095795
SSP2_BaU_NoCC,BRA,Emi_CO2_AFO,Mt CO2/yr,2100,-1473.7367758931755
SSP2_BaU_NoCC,BRN,Emi_CO2_AFO,Mt CO2/yr,2005,-0.4075187553901991
SSP2_BaU_NoCC,BRN,Emi_CO2_AFO,Mt CO2/yr,2010,1.0465459997423072
SSP2_BaU_NoCC,BRN,Emi_CO2_AFO,Mt CO2/yr,2015,1.004498907676107
SSP2_BaU_NoCC,BRN,Emi_CO2_AFO,Mt CO2/yr,2020,0.24115384328317335
SSP2_BaU_NoCC,BRN,Emi_CO2_AFO,Mt CO2/yr,2025,1.0510755866545287
SSP2_BaU_NoCC,BRN,Emi_CO2_AFO,Mt CO2/yr,2030,0.7875905475730489
SSP2_BaU_NoCC,BRN,Emi_CO2_AFO,Mt CO2/yr,2040,3.6266140129737603
SSP2_BaU_NoCC,BRN,Emi_CO2_AFO,Mt CO2/yr,2050,2.860483558656067
SSP2_BaU_NoCC,BRN,Emi_CO2_AFO,Mt CO2/yr,2060,0.6121513688830656
SSP2_BaU_NoCC,BRN,Emi_CO2_AFO,Mt CO2/yr,2070,0.011107491919666996
SSP2_BaU_NoCC,BRN,Emi_CO2_AFO,Mt CO2/yr,2080,0.0073845806731049155
SSP2_BaU_NoCC,BRN,Emi_CO2_AFO,Mt CO2/yr,2090,0.015092132886549111
SSP2_BaU_NoCC,BRN,Emi_CO2_AFO,Mt CO2/yr,2100,0.012799501020171477
SSP2_BaU_NoCC,BGR,Emi_CO2_AFO,Mt CO2/yr,2005,-9.862496500453618
SSP2_BaU_NoCC,BGR,Emi_CO2_AFO,Mt CO2/yr,2010,-2.691464706276882
SSP2_BaU_NoCC,BGR,Emi_CO2_AFO,Mt CO2/yr,2015,-7.673849998838491
SSP2_BaU_NoCC,BGR,Emi_CO2_AFO,Mt CO2/yr,2020,-8.282114015767327
SSP2_BaU_NoCC,BGR,Emi_CO2_AFO,Mt CO2/yr,2025,-10.117263942210535
SSP2_BaU_NoCC,BGR,Emi_CO2_AFO,Mt CO2/yr,2030,-6.503941193218484
SSP2_BaU_NoCC,BGR,Emi_CO2_AFO,Mt CO2/yr,2040,-9.313094982168325
SSP2_BaU_NoCC,BGR,Emi_CO2_AFO,Mt CO2/yr,2050,-9.273924707477052
SSP2_BaU_NoCC,BGR,Emi_CO2_AFO,Mt CO2/yr,2060,-9.442621640374572
SSP2_BaU_NoCC,BGR,Emi_CO2_AFO,Mt CO2/yr,2070,-9.51506913630601
SSP2_BaU_NoCC,BGR,Emi_CO2_AFO,Mt CO2/yr,2080,-9.58002718018398
SSP2_BaU_NoCC,BGR,Emi_CO2_AFO,Mt CO2/yr,2090,-9.564366304350747
SSP2_BaU_NoCC,BGR,Emi_CO2_AFO,Mt CO2/yr,2100,-9.198282506031797
SSP2_BaU_NoCC,BFA,Emi_CO2_AFO,Mt CO2/yr,2010,-0.40828630843783864
SSP2_BaU_NoCC,BFA,Emi_CO2_AFO,Mt CO2/yr,2015,-0.563003202612085
SSP2_BaU_NoCC,BFA,Emi_CO2_AFO,Mt CO2/yr,2020,0.22110724094603984
SSP2_BaU_NoCC,BFA,Emi_CO2_AFO,Mt CO2/yr,2025,0.0745570086139653
SSP2_BaU_NoCC,BFA,Emi_CO2_AFO,Mt CO2/yr,2030,0.8171123777272737
SSP2_BaU_NoCC,BFA,Emi_CO2_AFO,Mt CO2/yr,2040,0.8058311759736978
SSP2_BaU_NoCC,BFA,Emi_CO2_AFO,Mt CO2/yr,2050,0.4460833090694505
SSP2_BaU_NoCC,BFA,Emi_CO2_AFO,Mt CO2/yr,2060,0.38318579968991195
SSP2_BaU_NoCC,BFA,Emi_CO2_AFO,Mt CO2/yr,2070,0.35079713939656076
SSP2_BaU_NoCC,BFA,Emi_CO2_AFO,Mt CO2/yr,2080,0.23329632707357895
SSP2_BaU_NoCC,BFA,Emi_CO2_AFO,Mt CO2/yr,2090,0.18048286469334204
SSP2_BaU_NoCC,BFA,Emi_CO2_AFO,Mt CO2/yr,2100,0.7022164845003541
SSP2_BaU_NoCC,BDI,Emi_CO2_AFO,Mt CO2/yr,2005,-1.3087164532649627
SSP2_BaU_NoCC,BDI,Emi_CO2_AFO,Mt CO2/yr,2010,0.403058259686615
SSP2_BaU_NoCC,BDI,Emi_CO2_AFO,Mt CO2/yr,2015,6.567205776711402
SSP2_BaU_NoCC,BDI,Emi_CO2_AFO,Mt CO2/yr,2020,2.4508909773147765
SSP2_BaU_NoCC,BDI,Emi_CO2_AFO,Mt CO2/yr,2025,1.091799220968482
SSP2_BaU_NoCC,BDI,Emi_CO2_AFO,Mt CO2/yr,2030,12.60276470617895
SSP2_BaU_NoCC,BDI,Emi_CO2_AFO,Mt CO2/yr,2040,8.527291909749922
SSP2_BaU_NoCC,BDI,Emi_CO2_AFO,Mt CO2/yr,2050,5.40227752259024
SSP2_BaU_NoCC,BDI,Emi_CO2_AFO,Mt CO2/yr,2060,3.496042528192674
SSP2_BaU_NoCC,BDI,Emi_CO2_AFO,Mt CO2/yr,2070,2.3468342092595256
SSP2_BaU_NoCC,BDI,Emi_CO2_AFO,Mt CO2/yr,2080,1.414097784848896
SSP2_BaU_NoCC,BDI,Emi_CO2_AFO,Mt CO2/yr,2090,0.44308501333742617
SSP2_BaU_NoCC,BDI,Emi_CO2_AFO,Mt CO2/yr,2100,0.16258536242543897
SSP2_BaU_NoCC,CPV,Emi_CO2_AFO,Mt CO2/yr,2010,-0.021865726281740803
SSP2_BaU_NoCC,CPV,Emi_CO2_AFO,Mt CO2/yr,2015,-1.6114390626630216e-08
SSP2_BaU_NoCC,CPV,Emi_CO2_AFO,Mt CO2/yr,2020,0.01093239851733333
SSP2_BaU_NoCC,CPV,Emi_CO2_AFO,Mt CO2/yr,2025,-4.928919203397494e-09
SSP2_BaU_NoCC,CPV,Emi_CO2_AFO,Mt CO2/yr,2030,1.1834118470828543e-18
SSP2_BaU_NoCC,CPV,Emi_CO2_AFO,Mt CO2/yr,2040,-5.7138333490001915e-09
SSP2_BaU_NoCC,CPV,Emi_CO2_AFO,Mt CO2/yr,2050,2.3645680574654292e-18
SSP2_BaU_NoCC,CPV,Emi_CO2_AFO,Mt CO2/yr,2060,-2.689067677231481e-09
SSP2_BaU_NoCC,CPV,Emi_CO2_AFO,Mt CO2/yr,2070,-8.40290640603885e-09
SSP2_BaU_NoCC,CPV,Emi_CO2_AFO,Mt CO2/yr,2080,2.5767689086509332e-09
SSP2_BaU_NoCC,CPV,Emi_CO2_AFO,Mt CO2/yr,2090,-8.40290640603405e-09
SSP2_BaU_NoCC,CPV,Emi_CO2_AFO,Mt CO2/yr,2100,0.0004877569825160997
SSP2_BaU_NoCC,KHM,Emi_CO2_AFO,Mt CO2/yr,2005,-46.0920030239124
SSP2_BaU_NoCC,KHM,Emi_CO2_AFO,Mt CO2/yr,2010,-13.156049533698585
SSP2_BaU_NoCC,KHM,Emi_CO2_AFO,Mt CO2/yr,2015,-39.59709785264528
SSP2_BaU_NoCC,KHM,Emi_CO2_AFO,Mt CO2/yr,2020,-32.03605676026637
SSP2_BaU_NoCC,KHM,Emi_CO2_AFO,Mt CO2/yr,2025,-32.05132098626284
SSP2_BaU_NoCC,KHM,Emi_CO2_AFO,Mt CO2/yr,2030,-26.53998581019823
SSP2_BaU_NoCC,KHM,Emi_CO2_AFO,Mt CO2/yr,2040,-37.65106282146197
SSP2_BaU_NoCC,KHM,Emi_CO2_AFO,Mt CO2/yr,2050,-39.80305507618137
SSP2_BaU_NoCC,KHM,Emi_CO2_AFO,Mt CO2/yr,2060,-40.51601305421592
SSP2_BaU_NoCC,KHM,Emi_CO2_AFO,Mt CO2/yr,2070,-40.25212064391766
SSP2_BaU_NoCC,KHM,Emi_CO2_AFO,Mt CO2/yr,2080,-37.543887945449455
SSP2_BaU_NoCC,KHM,Emi_CO2_AFO,Mt CO2/yr,2090,-37.903215798388445
SSP2_BaU_NoCC,KHM,Emi_CO2_AFO,Mt CO2/yr,2100,-39.71778796511764
SSP2_BaU_NoCC,CMR,Emi_CO2_AFO,Mt CO2/yr,2005,-18.19786366390137
SSP2_BaU_NoCC,CMR,Emi_CO2_AFO,Mt CO2/yr,2010,16.305368431718072
SSP2_BaU_NoCC,CMR,Emi_CO2_AFO,Mt CO2/yr,2015,7.187835013891203
SSP2_BaU_NoCC,CMR,Emi_CO2_AFO,Mt CO2/yr,2020,-6.981303885661211
SSP2_BaU_NoCC,CMR,Emi_CO2_AFO,Mt CO2/yr,2025,-13.2926689081311
SSP2_BaU_NoCC,CMR,Emi_CO2_AFO,Mt CO2/yr,2030,3.570394778032508
SSP2_BaU_NoCC,CMR,Emi_CO2_AFO,Mt CO2/yr,2040,-5.706971967890734
SSP2_BaU_NoCC,CMR,Emi_CO2_AFO,Mt CO2/yr,2050,-8.22930322308767
SSP2_BaU_NoCC,CMR,Emi_CO2_AFO,Mt CO2/yr,2060,-9.840935389781205
SSP2_BaU_NoCC,CMR,Emi_CO2_AFO,Mt CO2/yr,2070,-12.16160310300167
SSP2_BaU_NoCC,CMR,Emi_CO2_AFO,Mt CO2/yr,2080,-12.574674599180636
SSP2_BaU_NoCC,CMR,Emi_CO2_AFO,Mt CO2/yr,2090,-16.210568075652144
SSP2_BaU_NoCC,CMR,Emi_CO2_AFO,Mt CO2/yr,2100,-15.752067445127427
SSP2_BaU_NoCC,CAN,Emi_CO2_AFO,Mt CO2/yr,2005,-35.06273159643378
SSP2_BaU_NoCC,CAN,Emi_CO2_AFO,Mt CO2/yr,2010,187.96054798683673
SSP2_BaU_NoCC,CAN,Emi_CO2_AFO,Mt CO2/yr,2015,53.38156734160429
SSP2_BaU_NoCC,CAN,Emi_CO2_AFO,Mt CO2/yr,2020,65.45504699469853
SSP2_BaU_NoCC,CAN,Emi_CO2_AFO,Mt CO2/yr,2025,-1.6488282678158583
SSP2_BaU_NoCC,CAN,Emi_CO2_AFO,Mt CO2/yr,2030,67.66701331975693
SSP2_BaU_NoCC,CAN,Emi_CO2_AFO,Mt CO2/yr,2040,-15.155743410064044
SSP2_BaU_NoCC,CAN,Emi_CO2_AFO,Mt CO2/yr,2050,-10.067898826037126
SSP2_BaU_NoCC,CAN,Emi_CO2_AFO,Mt CO2/yr,2060,-6.767734960882642
SSP2_BaU_NoCC,CAN,Emi_CO2_AFO,Mt CO2/yr,2070,-12.141470509347219
SSP2_BaU_NoCC,CAN,Emi_CO2_AFO,Mt CO2/yr,2080,-16.368794461581743
SSP2_BaU_NoCC,CAN,Emi_CO2_AFO,Mt CO2/yr,2090,-18.8979080545527
SSP2_BaU_NoCC,CAN,Emi_CO2_AFO,Mt CO2/yr,2100,-5.616057991389887
SSP2_BaU_NoCC,CYM,Emi_CO2_AFO,Mt CO2/yr,2015,-0.002991121116931198
SSP2_BaU_NoCC,CYM,Emi_CO2_AFO,Mt CO2/yr,2020,0.002991121116931198
SSP2_BaU_NoCC,CYM,Emi_CO2_AFO,Mt CO2/yr,2025,-0.003170845132540798
SSP2_BaU_NoCC,CYM,Emi_CO2_AFO,Mt CO2/yr,2030,0.003170845132540798
SSP2_BaU_NoCC,CAF,Emi_CO2_AFO,Mt CO2/yr,2005,-18.33325658929854
SSP2_BaU_NoCC,CAF,Emi_CO2_AFO,Mt CO2/yr,2010,13.683598217597122
SSP2_BaU_NoCC,CAF,Emi_CO2_AFO,Mt CO2/yr,2015,9.102757178788604
SSP2_BaU_NoCC,CAF,Emi_CO2_AFO,Mt CO2/yr,2020,-8.167237999979314
SSP2_BaU_NoCC,CAF,Emi_CO2_AFO,Mt CO2/yr,2025,-8.147778362816114
SSP2_BaU_NoCC,CAF,Emi_CO2_AFO,Mt CO2/yr,2030,5.61083336599626
SSP2_BaU_NoCC,CAF,Emi_CO2_AFO,Mt CO2/yr,2040,1.9805451600529373
SSP2_BaU_NoCC,CAF,Emi_CO2_AFO,Mt CO2/yr,2050,-2.4390223221679896
SSP2_BaU_NoCC,CAF,Emi_CO2_AFO,Mt CO2/yr,2060,-4.079965512015486
SSP2_BaU_NoCC,CAF,Emi_CO2_AFO,Mt CO2/yr,2070,-5.829858341806743
SSP2_BaU_NoCC,CAF,Emi_CO2_AFO,Mt CO2/yr,2080,-6.533544335299673
SSP2_BaU_NoCC,CAF,Emi_CO2_AFO,Mt CO2/yr,2090,-14.415779870770185
SSP2_BaU_NoCC,CAF,Emi_CO2_AFO,Mt CO2/yr,2100,-14.264762395759604
SSP2_BaU_NoCC,TCD,Emi_CO2_AFO,Mt CO2/yr,2005,-0.3056422216681628
SSP2_BaU_NoCC,TCD,Emi_CO2_AFO,Mt CO2/yr,2010,-1.802235913512582
SSP2_BaU_NoCC,TCD,Emi_CO2_AFO,Mt CO2/yr,2015,-3.4250202843956083
SSP2_BaU_NoCC,TCD,Emi_CO2_AFO,Mt CO2/yr,2020,-1.4152729755640214
SSP2_BaU_NoCC,TCD,Emi_CO2_AFO,Mt CO2/yr,2025,-2.6730468072006683
SSP2_BaU_NoCC,TCD,Emi_CO2_AFO,Mt CO2/yr,2030,-1.3852043347647296
SSP2_BaU_NoCC,TCD,Emi_CO2_AFO,Mt CO2/yr,2040,0.8983561576213548
SSP2_BaU_NoCC,TCD,Emi_CO2_AFO,Mt CO2/yr,2050,0.7316120055428037
SSP2_BaU_NoCC,TCD,Emi_CO2_AFO,Mt CO2/yr,2060,0.6086279147421347
SSP2_BaU_NoCC,TCD,Emi_CO2_AFO,Mt CO2/yr,2070,0.29607268180532853
SSP2_BaU_NoCC,TCD,Emi_CO2_AFO,Mt CO2/yr,2080,0.3415880141745765
SSP2_BaU_NoCC,TCD,Emi_CO2_AFO,Mt CO2/yr,2090,0.1366128266770008
SSP2_BaU_NoCC,TCD,Emi_CO2_AFO,Mt CO2/yr,2100,1.830642374885373
SSP2_BaU_NoCC,CHL,Emi_CO2_AFO,Mt CO2/yr,2005,-14.20499198705546
SSP2_BaU_NoCC,CHL,Emi_CO2_AFO,Mt CO2/yr,2010,0.853612551779559
SSP2_BaU_NoCC,CHL,Emi_CO2_AFO,Mt CO2/yr,2015,4.631551776053632
SSP2_BaU_NoCC,CHL,Emi_CO2_AFO,Mt CO2/yr,2020,15.824479515119013
SSP2_BaU_NoCC,CHL,Emi_CO2_AFO,Mt CO2/yr,2025,-5.233603931284927
SSP2_BaU_NoCC,CHL,Emi_CO2_AFO,Mt CO2/yr,2030,18.66924267120092
SSP2_BaU_NoCC,CHL,Emi_CO2_AFO,Mt CO2/yr,2040,-0.38956393863680283
SSP2_BaU_NoCC,CHL,Emi_CO2_AFO,Mt CO2/yr,2050,-11.614440751012909
SSP2_BaU_NoCC,CHL,Emi_CO2_AFO,Mt CO2/yr,2060,-11.921211137111944
SSP2_BaU_NoCC,CHL,Emi_CO2_AFO,Mt CO2/yr,2070,-12.570737792999878
SSP2_BaU_NoCC,CHL,Emi_CO2_AFO,Mt CO2/yr,2080,-12.757575728642138
SSP2_BaU_NoCC,CHL,Emi_CO2_AFO,Mt CO2/yr,2090,-12.166433824480402
SSP2_BaU_NoCC,CHL,Emi_CO2_AFO,Mt CO2/yr,2100,-10.87324718490068
SSP2_BaU_NoCC,CHN,Emi_CO2_AFO,Mt CO2/yr,2005,-413.0874502977312
SSP2_BaU_NoCC,CHN,Emi_CO2_AFO,Mt CO2/yr,2010,483.11688764875345
SSP2_BaU_NoCC,CHN,Emi_CO2_AFO,Mt CO2/yr,2015,13.82677329489752
SSP2_BaU_NoCC,CHN,Emi_CO2_AFO,Mt CO2/yr,2020,350.8002085551442
SSP2_BaU_NoCC,CHN,Emi_CO2_AFO,Mt CO2/yr,2025,-509.5122134770903
SSP2_BaU_NoCC,CHN,Emi_CO2_AFO,Mt CO2/yr,2030,372.6664752035598
SSP2_BaU_NoCC,CHN,Emi_CO2_AFO,Mt CO2/yr,2040,-648.6427869739036
SSP2_BaU_NoCC,CHN,Emi_CO2_AFO,Mt CO2/yr,2050,-770.7656245820533
SSP2_BaU_NoCC,CHN,Emi_CO2_AFO,Mt CO2/yr,2060,-878.8589222804927
SSP2_BaU_NoCC,CHN,Emi_CO2_AFO,Mt CO2/yr,2070,-825.4506786329488
SSP2_BaU_NoCC,CHN,Emi_CO2_AFO,Mt CO2/yr,2080,-870.1287209464858
SSP2_BaU_NoCC,CHN,Emi_CO2_AFO,Mt CO2/yr,2090,-690.2398547058862
SSP2_BaU_NoCC,CHN,Emi_CO2_AFO,Mt CO2/yr,2100,-208.62258889561133
SSP2_BaU_NoCC,COL,Emi_CO2_AFO,Mt CO2/yr,2005,-47.17728477669048
SSP2_BaU_NoCC,COL,Emi_CO2_AFO,Mt CO2/yr,2010,-12.465995101687284
SSP2_BaU_NoCC,COL,Emi_CO2_AFO,Mt CO2/yr,2015,9.165560767753249
SSP2_BaU_NoCC,COL,Emi_CO2_AFO,Mt CO2/yr,2020,110.13216626108172
SSP2_BaU_NoCC,COL,Emi_CO2_AFO,Mt CO2/yr,2025,-13.362698213976277
SSP2_BaU_NoCC,COL,Emi_CO2_AFO,Mt CO2/yr,2030,84.19848278034291
SSP2_BaU_NoCC,COL,Emi_CO2_AFO,Mt CO2/yr,2040,28.070377437494287
SSP2_BaU_NoCC,COL,Emi_CO2_AFO,Mt CO2/yr,2050,-31.63033613076153
SSP2_BaU_NoCC,COL,Emi_CO2_AFO,Mt CO2/yr,2060,-25.589215218036617
SSP2_BaU_NoCC,COL,Emi_CO2_AFO,Mt CO2/yr,2070,-24.181572893320986
SSP2_BaU_NoCC,COL,Emi_CO2_AFO,Mt CO2/yr,2080,-24.42393902655572
SSP2_BaU_NoCC,COL,Emi_CO2_AFO,Mt CO2/yr,2090,-22.518248572739626
SSP2_BaU_NoCC,COL,Emi_CO2_AFO,Mt CO2/yr,2100,-26.85877660792034
SSP2_BaU_NoCC,COM,Emi_CO2_AFO,Mt CO2/yr,2010,-0.022167522377104915
SSP2_BaU_NoCC,COM,Emi_CO2_AFO,Mt CO2/yr,2015,1.1073415138605804e-08
SSP2_BaU_NoCC,COM,Emi_CO2_AFO,Mt CO2/yr,2025,-9.37953807058561e-22
SSP2_BaU_NoCC,COM,Emi_CO2_AFO,Mt CO2/yr,2030,1.9320133344826587e-18
SSP2_BaU_NoCC,COM,Emi_CO2_AFO,Mt CO2/yr,2040,5.539752752372252e-09
SSP2_BaU_NoCC,COM,Emi_CO2_AFO,Mt CO2/yr,2050,-2.9965706421829016e-11
SSP2_BaU_NoCC,COM,Emi_CO2_AFO,Mt CO2/yr,2060,-5.569718458794081e-09
SSP2_BaU_NoCC,COM,Emi_CO2_AFO,Mt CO2/yr,2070,-5.569718459761026e-09
SSP2_BaU_NoCC,COM,Emi_CO2_AFO,Mt CO2/yr,2090,4.689769035292805e-22
SSP2_BaU_NoCC,COM,Emi_CO2_AFO,Mt CO2/yr,2100,1.9170107802266714e-05
SSP2_BaU_NoCC,COD,Emi_CO2_AFO,Mt CO2/yr,2005,-113.0821503395118
SSP2_BaU_NoCC,COD,Emi_CO2_AFO,Mt CO2/yr,2010,40.60130833432835
SSP2_BaU_NoCC,COD,Emi_CO2_AFO,Mt CO2/yr,2015,107.38509409772692
SSP2_BaU_NoCC,COD,Emi_CO2_AFO,Mt CO2/yr,2020,-6.300636041917784
SSP2_BaU_NoCC,COD,Emi_CO2_AFO,Mt CO2/yr,2025,2.1340012359409712
SSP2_BaU_NoCC,COD,Emi_CO2_AFO,Mt CO2/yr,2030,193.805535995553
SSP2_BaU_NoCC,COD,Emi_CO2_AFO,Mt CO2/yr,2040,141.90430392545392
SSP2_BaU_NoCC,COD,Emi_CO2_AFO,Mt CO2/yr,2050,64.98795788969618
SSP2_BaU_NoCC,COD,Emi_CO2_AFO,Mt CO2/yr,2060,44.95090383974197
SSP2_BaU_NoCC,COD,Emi_CO2_AFO,Mt CO2/yr,2070,26.016591105755708
SSP2_BaU_NoCC,COD,Emi_CO2_AFO,Mt CO2/yr,2080,11.77242049567036
SSP2_BaU_NoCC,COD,Emi_CO2_AFO,Mt CO2/yr,2090,-72.41644190747829
SSP2_BaU_NoCC,COD,Emi_CO2_AFO,Mt CO2/yr,2100,-74.7481452990747
SSP2_BaU_NoCC,COG,Emi_CO2_AFO,Mt CO2/yr,2005,-11.944263964209188
SSP2_BaU_NoCC,COG,Emi_CO2_AFO,Mt CO2/yr,2010,30.077522879612246
SSP2_BaU_NoCC,COG,Emi_CO2_AFO,Mt CO2/yr,2015,141.19938171531845
SSP2_BaU_NoCC,COG,Emi_CO2_AFO,Mt CO2/yr,2020,30.183798276506387
SSP2_BaU_NoCC,COG,Emi_CO2_AFO,Mt CO2/yr,2025,53.929294132673235
SSP2_BaU_NoCC,COG,Emi_CO2_AFO,Mt CO2/yr,2030,96.35164228275436
SSP2_BaU_NoCC,COG,Emi_CO2_AFO,Mt CO2/yr,2040,62.30422379145084
SSP2_BaU_NoCC,COG,Emi_CO2_AFO,Mt CO2/yr,2050,30.10013650219018
SSP2_BaU_NoCC,COG,Emi_CO2_AFO,Mt CO2/yr,2060,21.837680702123468
SSP2_BaU_NoCC,COG,Emi_CO2_AFO,Mt CO2/yr,2070,10.72496615866942
SSP2_BaU_NoCC,COG,Emi_CO2_AFO,Mt CO2/yr,2080,8.560437733263242
SSP2_BaU_NoCC,COG,Emi_CO2_AFO,Mt CO2/yr,2090,-3.759751835048095
SSP2_BaU_NoCC,COG,Emi_CO2_AFO,Mt CO2/yr,2100,-3.9103006940767577
SSP2_BaU_NoCC,CRI,Emi_CO2_AFO,Mt CO2/yr,2005,-6.581433317825991
SSP2_BaU_NoCC,CRI,Emi_CO2_AFO,Mt CO2/yr,2010,2.7169580393330035
SSP2_BaU_NoCC,CRI,Emi_CO2_AFO,Mt CO2/yr,2015,-5.421284210685484
SSP2_BaU_NoCC,CRI,Emi_CO2_AFO,Mt CO2/yr,2020,35.26358831155653
SSP2_BaU_NoCC,CRI,Emi_CO2_AFO,Mt CO2/yr,2025,-3.422691414217294
SSP2_BaU_NoCC,CRI,Emi_CO2_AFO,Mt CO2/yr,2030,30.32047478707996
SSP2_BaU_NoCC,CRI,Emi_CO2_AFO,Mt CO2/yr,2040,7.2467281318943995
SSP2_BaU_NoCC,CRI,Emi_CO2_AFO,Mt CO2/yr,2050,-5.3169124088020805
SSP2_BaU_NoCC,CRI,Emi_CO2_AFO,Mt CO2/yr,2060,-5.606021966714683
SSP2_BaU_NoCC,CRI,Emi_CO2_AFO,Mt CO2/yr,2070,-5.664308546706687
SSP2_BaU_NoCC,CRI,Emi_CO2_AFO,Mt CO2/yr,2080,-5.715081168427483
SSP2_BaU_NoCC,CRI,Emi_CO2_AFO,Mt CO2/yr,2090,-5.296641325616383
SSP2_BaU_NoCC,CRI,Emi_CO2_AFO,Mt CO2/yr,2100,-5.3717073013737995
SSP2_BaU_NoCC,CIV,Emi_CO2_AFO,Mt CO2/yr,2005,-13.629188017294148
SSP2_BaU_NoCC,CIV,Emi_CO2_AFO,Mt CO2/yr,2010,-9.855873982624122
SSP2_BaU_NoCC,CIV,Emi_CO2_AFO,Mt CO2/yr,2015,44.907079262953246
SSP2_BaU_NoCC,CIV,Emi_CO2_AFO,Mt CO2/yr,2020,29.559718751235007
SSP2_BaU_NoCC,CIV,Emi_CO2_AFO,Mt CO2/yr,2025,34.83138220933587
SSP2_BaU_NoCC,CIV,Emi_CO2_AFO,Mt CO2/yr,2030,96.27960209642501
SSP2_BaU_NoCC,CIV,Emi_CO2_AFO,Mt CO2/yr,2040,56.30892803243541
SSP2_BaU_NoCC,CIV,Emi_CO2_AFO,Mt CO2/yr,2050,19.780484754271335
SSP2_BaU_NoCC,CIV,Emi_CO2_AFO,Mt CO2/yr,2060,10.990833110976324
SSP2_BaU_NoCC,CIV,Emi_CO2_AFO,Mt CO2/yr,2070,7.462142314848846
SSP2_BaU_NoCC,CIV,Emi_CO2_AFO,Mt CO2/yr,2080,5.569523672657024
SSP2_BaU_NoCC,CIV,Emi_CO2_AFO,Mt CO2/yr,2090,-1.708344658815732
SSP2_BaU_NoCC,CIV,Emi_CO2_AFO,Mt CO2/yr,2100,-1.4054291176822602
SSP2_BaU_NoCC,HRV,Emi_CO2_AFO,Mt CO2/yr,2005,-10.905745382410718
SSP2_BaU_NoCC,HRV,Emi_CO2_AFO,Mt CO2/yr,2010,20.55229287595592
SSP2_BaU_NoCC,HRV,Emi_CO2_AFO,Mt CO2/yr,2015,-8.94976888612647
SSP2_BaU_NoCC,HRV,Emi_CO2_AFO,Mt CO2/yr,2020,-6.902175658944444
SSP2_BaU_NoCC,HRV,Emi_CO2_AFO,Mt CO2/yr,2025,-9.318371513616158
SSP2_BaU_NoCC,HRV,Emi_CO2_AFO,Mt CO2/yr,2030,-1.8937951272936164
SSP2_BaU_NoCC,HRV,Emi_CO2_AFO,Mt CO2/yr,2040,-8.5547834105956
SSP2_BaU_NoCC,HRV,Emi_CO2_AFO,Mt CO2/yr,2050,-8.80355625387551
SSP2_BaU_NoCC,HRV,Emi_CO2_AFO,Mt CO2/yr,2060,-8.865056208229934
SSP2_BaU_NoCC,HRV,Emi_CO2_AFO,Mt CO2/yr,2070,-8.801696926782155
SSP2_BaU_NoCC,HRV,Emi_CO2_AFO,Mt CO2/yr,2080,-8.81795116612935
SSP2_BaU_NoCC,HRV,Emi_CO2_AFO,Mt CO2/yr,2090,-8.633002734867043
SSP2_BaU_NoCC,HRV,Emi_CO2_AFO,Mt CO2/yr,2100,-7.51108167506369
SSP2_BaU_NoCC,CUB,Emi_CO2_AFO,Mt CO2/yr,2005,-4.319624752002403
SSP2_BaU_NoCC,CUB,Emi_CO2_AFO,Mt CO2/yr,2010,25.799767557850195
SSP2_BaU_NoCC,CUB,Emi_CO2_AFO,Mt CO2/yr,2015,-4.266690364793532
SSP2_BaU_NoCC,CUB,Emi_CO2_AFO,Mt CO2/yr,2020,11.04712358761892
SSP2_BaU_NoCC,CUB,Emi_CO2_AFO,Mt CO2/yr,2025,-2.568939496295579
SSP2_BaU_NoCC,CUB,Emi_CO2_AFO,Mt CO2/yr,2030,14.343943293531044
SSP2_BaU_NoCC,CUB,Emi_CO2_AFO,Mt CO2/yr,2040,4.3621179785430755
SSP2_BaU_NoCC,CUB,Emi_CO2_AFO,Mt CO2/yr,2050,-3.054850901375059
SSP2_BaU_NoCC,CUB,Emi_CO2_AFO,Mt CO2/yr,2060,-3.0934787492170925
SSP2_BaU_NoCC,CUB,Emi_CO2_AFO,Mt CO2/yr,2070,-3.3898349555596687
SSP2_BaU_NoCC,CUB,Emi_CO2_AFO,Mt CO2/yr,2080,-3.604830547016544
SSP2_BaU_NoCC,CUB,Emi_CO2_AFO,Mt CO2/yr,2090,-3.8448167916471285
SSP2_BaU_NoCC,CUB,Emi_CO2_AFO,Mt CO2/yr,2100,-4.039064072675819
SSP2_BaU_NoCC,CYP,Emi_CO2_AFO,Mt CO2/yr,2010,2.589168976581541e-05
SSP2_BaU_NoCC,CYP,Emi_CO2_AFO,Mt CO2/yr,2015,0.0001352967152615734
SSP2_BaU_NoCC,CYP,Emi_CO2_AFO,Mt CO2/yr,2020,1.977055320044281e-09
SSP2_BaU_NoCC,CYP,Emi_CO2_AFO,Mt CO2/yr,2025,2.0920958829486565e-05
SSP2_BaU_NoCC,CYP,Emi_CO2_AFO,Mt CO2/yr,2030,-7.89339713434859e-10
SSP2_BaU_NoCC,CYP,Emi_CO2_AFO,Mt CO2/yr,2040,9.60010391237332e-05
SSP2_BaU_NoCC,CYP,Emi_CO2_AFO,Mt CO2/yr,2050,0.00016015786083620868
SSP2_BaU_NoCC,CYP,Emi_CO2_AFO,Mt CO2/yr,2060,0.00014016555785963643
SSP2_BaU_NoCC,CYP,Emi_CO2_AFO,Mt CO2/yr,2070,8.344799614313998e-05
SSP2_BaU_NoCC,CYP,Emi_CO2_AFO,Mt CO2/yr,2080,4.253988565951214e-05
SSP2_BaU_NoCC,CYP,Emi_CO2_AFO,Mt CO2/yr,2090,3.6727617868417063e-05
SSP2_BaU_NoCC,CYP,Emi_CO2_AFO,Mt CO2/yr,2100,2.9520339904380665e-05
SSP2_BaU_NoCC,CZE,Emi_CO2_AFO,Mt CO2/yr,2005,-7.9354560063123385
SSP2_BaU_NoCC,CZE,Emi_CO2_AFO,Mt CO2/yr,2010,-7.248450801589323
SSP2_BaU_NoCC,CZE,Emi_CO2_AFO,Mt CO2/yr,2015,-8.861109327390544
SSP2_BaU_NoCC,CZE,Emi_CO2_AFO,Mt CO2/yr,2020,3.6202072556045106
SSP2_BaU_NoCC,CZE,Emi_CO2_AFO,Mt CO2/yr,2025,-10.985310156816782
SSP2_BaU_NoCC,CZE,Emi_CO2_AFO,Mt CO2/yr,2030,4.261558223809319
SSP2_BaU_NoCC,CZE,Emi_CO2_AFO,Mt CO2/yr,2040,-8.269282273486185
SSP2_BaU_NoCC,CZE,Emi_CO2_AFO,Mt CO2/yr,2050,-8.351881971160777
SSP2_BaU_NoCC,CZE,Emi_CO2_AFO,Mt CO2/yr,2060,-8.627420256205223
SSP2_BaU_NoCC,CZE,Emi_CO2_AFO,Mt CO2/yr,2070,-9.039968960002971
SSP2_BaU_NoCC,CZE,Emi_CO2_AFO,Mt CO2/yr,2080,-8.873412380072152
SSP2_BaU_NoCC,CZE,Emi_CO2_AFO,Mt CO2/yr,2090,-8.54075744204295
SSP2_BaU_NoCC,CZE,Emi_CO2_AFO,Mt CO2/yr,2100,-8.18530062823862
SSP2_BaU_NoCC,DNK,Emi_CO2_AFO,Mt CO2/yr,2005,-2.7480898995618053
SSP2_BaU_NoCC,DNK,Emi_CO2_AFO,Mt CO2/yr,2010,-2.4719840580584345
SSP2_BaU_NoCC,DNK,Emi_CO2_AFO,Mt CO2/yr,2015,-3.5704974270628465
SSP2_BaU_NoCC,DNK,Emi_CO2_AFO,Mt CO2/yr,2020,5.468172888967085
SSP2_BaU_NoCC,DNK,Emi_CO2_AFO,Mt CO2/yr,2025,-5.507191472484406
SSP2_BaU_NoCC,DNK,Emi_CO2_AFO,Mt CO2/yr,2030,6.269288602882478
SSP2_BaU_NoCC,DNK,Emi_CO2_AFO,Mt CO2/yr,2040,-4.003149051339266
SSP2_BaU_NoCC,DNK,Emi_CO2_AFO,Mt CO2/yr,2050,-3.844471579684097
SSP2_BaU_NoCC,DNK,Emi_CO2_AFO,Mt CO2/yr,2060,-3.778376534327146
SSP2_BaU_NoCC,DNK,Emi_CO2_AFO,Mt CO2/yr,2070,-4.08115230986848
SSP2_BaU_NoCC,DNK,Emi_CO2_AFO,Mt CO2/yr,2080,-3.9189550561066278
SSP2_BaU_NoCC,DNK,Emi_CO2_AFO,Mt CO2/yr,2090,-3.988649793185366
SSP2_BaU_NoCC,DNK,Emi_CO2_AFO,Mt CO2/yr,2100,-4.126877707628127
SSP2_BaU_NoCC,DJI,Emi_CO2_AFO,Mt CO2/yr,2010,-0.07545306548058067
SSP2_BaU_NoCC,DJI,Emi_CO2_AFO,Mt CO2/yr,2015,-0.35274974837811546
SSP2_BaU_NoCC,DJI,Emi_CO2_AFO,Mt CO2/yr,2020,-0.18963069281620476
SSP2_BaU_NoCC,DJI,Emi_CO2_AFO,Mt CO2/yr,2025,-0.35280203700944174
SSP2_BaU_NoCC,DJI,Emi_CO2_AFO,Mt CO2/yr,2030,-0.5077323517460625
SSP2_BaU_NoCC,DJI,Emi_CO2_AFO,Mt CO2/yr,2040,-0.22522170885441975
SSP2_BaU_NoCC,DJI,Emi_CO2_AFO,Mt CO2/yr,2050,-0.1275125929685747
SSP2_BaU_NoCC,DJI,Emi_CO2_AFO,Mt CO2/yr,2060,-0.07722492862856398
SSP2_BaU_NoCC,DJI,Emi_CO2_AFO,Mt CO2/yr,2070,-0.0624566203709858
SSP2_BaU_NoCC,DJI,Emi_CO2_AFO,Mt CO2/yr,2080,-0.05120862543532111
SSP2_BaU_NoCC,DJI,Emi_CO2_AFO,Mt CO2/yr,2090,0.0004346518235259314
SSP2_BaU_NoCC,DJI,Emi_CO2_AFO,Mt CO2/yr,2100,0.08870875988129119
SSP2_BaU_NoCC,DMA,Emi_CO2_AFO,Mt CO2/yr,2010,1.0573839230293451e-07
SSP2_BaU_NoCC,DMA,Emi_CO2_AFO,Mt CO2/yr,2015,4.741172089188041e-19
SSP2_BaU_NoCC,DMA,Emi_CO2_AFO,Mt CO2/yr,2020,4.741172089188041e-19
SSP2_BaU_NoCC,DMA,Emi_CO2_AFO,Mt CO2/yr,2040,2.3705860445940204e-19
SSP2_BaU_NoCC,DMA,Emi_CO2_AFO,Mt CO2/yr,2050,0.0001222010675040836
SSP2_BaU_NoCC,DMA,Emi_CO2_AFO,Mt CO2/yr,2060,0.00025285822774639077
SSP2_BaU_NoCC,DMA,Emi_CO2_AFO,Mt CO2/yr,2070,0.000191485044675925
SSP2_BaU_NoCC,DMA,Emi_CO2_AFO,Mt CO2/yr,2080,0.00011292814382951952
SSP2_BaU_NoCC,DMA,Emi_CO2_AFO,Mt CO2/yr,2090,0.00022312623914789943
SSP2_BaU_NoCC,DMA,Emi_CO2_AFO,Mt CO2/yr,2100,0.00032323280219193306
SSP2_BaU_NoCC,DOM,Emi_CO2_AFO,Mt CO2/yr,2005,-3.0183833043235646
SSP2_BaU_NoCC,DOM,Emi_CO2_AFO,Mt CO2/yr,2010,5.863067423708718
SSP2_BaU_NoCC,DOM,Emi_CO2_AFO,Mt CO2/yr,2015,-2.9783224302202997
SSP2_BaU_NoCC,DOM,Emi_CO2_AFO,Mt CO2/yr,2020,13.679629228007459
SSP2_BaU_NoCC,DOM,Emi_CO2_AFO,Mt CO2/yr,2025,-2.709617162978405
SSP2_BaU_NoCC,DOM,Emi_CO2_AFO,Mt CO2/yr,2030,15.516215616185331
SSP2_BaU_NoCC,DOM,Emi_CO2_AFO,Mt CO2/yr,2040,3.2047500694677855
SSP2_BaU_NoCC,DOM,Emi_CO2_AFO,Mt CO2/yr,2050,-1.79056997745242
SSP2_BaU_NoCC,DOM,Emi_CO2_AFO,Mt CO2/yr,2060,-2.0092757789303035
SSP2_BaU_NoCC,DOM,Emi_CO2_AFO,Mt CO2/yr,2070,-2.419426236615544
SSP2_BaU_NoCC,DOM,Emi_CO2_AFO,Mt CO2/yr,2080,-2.368303545193383
SSP2_BaU_NoCC,DOM,Emi_CO2_AFO,Mt CO2/yr,2090,-1.8373028296627605
SSP2_BaU_NoCC,DOM,Emi_CO2_AFO,Mt CO2/yr,2100,-1.994449000064971
SSP2_BaU_NoCC,ECU,Emi_CO2_AFO,Mt CO2/yr,2005,-14.851296428238747
SSP2_BaU_NoCC,ECU,Emi_CO2_AFO,Mt CO2/yr,2010,3.949431687705438
SSP2_BaU_NoCC,ECU,Emi_CO2_AFO,Mt CO2/yr,2015,1.21739000938752
SSP2_BaU_NoCC,ECU,Emi_CO2_AFO,Mt CO2/yr,2020,1.8926943003449939
SSP2_BaU_NoCC,ECU,Emi_CO2_AFO,Mt CO2/yr,2025,-4.13709627887382
SSP2_BaU_NoCC,ECU,Emi_CO2_AFO,Mt CO2/yr,2030,7.886965117141477
SSP2_BaU_NoCC,ECU,Emi_CO2_AFO,Mt CO2/yr,2040,-4.42338685284281
SSP2_BaU_NoCC,ECU,Emi_CO2_AFO,Mt CO2/yr,2050,-12.859746482536792
SSP2_BaU_NoCC,ECU,Emi_CO2_AFO,Mt CO2/yr,2060,-12.34580225591631
SSP2_BaU_NoCC,ECU,Emi_CO2_AFO,Mt CO2/yr,2070,-11.715352995013514
SSP2_BaU_NoCC,ECU,Emi_CO2_AFO,Mt CO2/yr,2080,-12.065013574430555
SSP2_BaU_NoCC,ECU,Emi_CO2_AFO,Mt CO2/yr,2090,-7.803989797492462
SSP2_BaU_NoCC,ECU,Emi_CO2_AFO,Mt CO2/yr,2100,-8.445964972139397
SSP2_BaU_NoCC,EGY,Emi_CO2_AFO,Mt CO2/yr,2010,-3.7481791902404824
SSP2_BaU_NoCC,EGY,Emi_CO2_AFO,Mt CO2/yr,2015,0.11804741690777004
SSP2_BaU_NoCC,EGY,Emi_CO2_AFO,Mt CO2/yr,2020,1.3383532965650728
SSP2_BaU_NoCC,EGY,Emi_CO2_AFO,Mt CO2/yr,2025,-0.20280119426972343
SSP2_BaU_NoCC,EGY,Emi_CO2_AFO,Mt CO2/yr,2030,-0.09094646385582475
SSP2_BaU_NoCC,EGY,Emi_CO2_AFO,Mt CO2/yr,2040,-0.10612863187676205
SSP2_BaU_NoCC,EGY,Emi_CO2_AFO,Mt CO2/yr,2050,-0.08990363229548165
SSP2_BaU_NoCC,EGY,Emi_CO2_AFO,Mt CO2/yr,2060,0.04101087822182491
SSP2_BaU_NoCC,EGY,Emi_CO2_AFO,Mt CO2/yr,2070,0.046698638661201296
SSP2_BaU_NoCC,EGY,Emi_CO2_AFO,Mt CO2/yr,2080,-0.2308335950235081
SSP2_BaU_NoCC,EGY,Emi_CO2_AFO,Mt CO2/yr,2090,-0.13087418661851752
SSP2_BaU_NoCC,EGY,Emi_CO2_AFO,Mt CO2/yr,2100,0.10618285277247044
SSP2_BaU_NoCC,SLV,Emi_CO2_AFO,Mt CO2/yr,2005,-3.7581585637333457
SSP2_BaU_NoCC,SLV,Emi_CO2_AFO,Mt CO2/yr,2010,3.0417010000938243
SSP2_BaU_NoCC,SLV,Emi_CO2_AFO,Mt CO2/yr,2015,-2.8454888592235377
SSP2_BaU_NoCC,SLV,Emi_CO2_AFO,Mt CO2/yr,2020,1.8917722922910722
SSP2_BaU_NoCC,SLV,Emi_CO2_AFO,Mt CO2/yr,2025,-3.194724121526036
SSP2_BaU_NoCC,SLV,Emi_CO2_AFO,Mt CO2/yr,2030,4.621206522314941
SSP2_BaU_NoCC,SLV,Emi_CO2_AFO,Mt CO2/yr,2040,-1.7190867412326445
SSP2_BaU_NoCC,SLV,Emi_CO2_AFO,Mt CO2/yr,2050,-3.244705528644106
SSP2_BaU_NoCC,SLV,Emi_CO2_AFO,Mt CO2/yr,2060,-3.3027299459827724
SSP2_BaU_NoCC,SLV,Emi_CO2_AFO,Mt CO2/yr,2070,-3.2237546419130445
SSP2_BaU_NoCC,SLV,Emi_CO2_AFO,Mt CO2/yr,2080,-3.1871567985059968
SSP2_BaU_NoCC,SLV,Emi_CO2_AFO,Mt CO2/yr,2090,-1.7835789120507386
SSP2_BaU_NoCC,SLV,Emi_CO2_AFO,Mt CO2/yr,2100,-1.4211974970698065
SSP2_BaU_NoCC,GNQ,Emi_CO2_AFO,Mt CO2/yr,2005,-2.2794525599430835
SSP2_BaU_NoCC,GNQ,Emi_CO2_AFO,Mt CO2/yr,2010,0.48514794149288054
SSP2_BaU_NoCC,GNQ,Emi_CO2_AFO,Mt CO2/yr,2015,-2.140675362977246
SSP2_BaU_NoCC,GNQ,Emi_CO2_AFO,Mt CO2/yr,2020,-1.334205072832475
SSP2_BaU_NoCC,GNQ,Emi_CO2_AFO,Mt CO2/yr,2025,-2.218235296230953
SSP2_BaU_NoCC,GNQ,Emi_CO2_AFO,Mt CO2/yr,2030,-0.447089350006211
SSP2_BaU_NoCC,GNQ,Emi_CO2_AFO,Mt CO2/yr,2040,-1.4459128746819936
SSP2_BaU_NoCC,GNQ,Emi_CO2_AFO,Mt CO2/yr,2050,-1.5841425893205021
SSP2_BaU_NoCC,GNQ,Emi_CO2_AFO,Mt CO2/yr,2060,-1.6058395153667209
SSP2_BaU_NoCC,GNQ,Emi_CO2_AFO,Mt CO2/yr,2070,-1.6761408345432072
SSP2_BaU_NoCC,GNQ,Emi_CO2_AFO,Mt CO2/yr,2080,-1.7002100005768142
SSP2_BaU_NoCC,GNQ,Emi_CO2_AFO,Mt CO2/yr,2090,-2.011190590207781
SSP2_BaU_NoCC,GNQ,Emi_CO2_AFO,Mt CO2/yr,2100,-2.0120740405741646
SSP2_BaU_NoCC,ERI,Emi_CO2_AFO,Mt CO2/yr,2005,-0.19852115980880636
SSP2_BaU_NoCC,ERI,Emi_CO2_AFO,Mt CO2/yr,2010,0.1206932153151199
SSP2_BaU_NoCC,ERI,Emi_CO2_AFO,Mt CO2/yr,2015,1.1282426515144568
SSP2_BaU_NoCC,ERI,Emi_CO2_AFO,Mt CO2/yr,2020,1.3139470304034617
SSP2_BaU_NoCC,ERI,Emi_CO2_AFO,Mt CO2/yr,2025,1.0638992767804798
SSP2_BaU_NoCC,ERI,Emi_CO2_AFO,Mt CO2/yr,2030,3.5638009060211204
SSP2_BaU_NoCC,ERI,Emi_CO2_AFO,Mt CO2/yr,2040,2.2815964619760436
SSP2_BaU_NoCC,ERI,Emi_CO2_AFO,Mt CO2/yr,2050,0.48585927617933544
SSP2_BaU_NoCC,ERI,Emi_CO2_AFO,Mt CO2/yr,2060,0.39447373140235353
SSP2_BaU_NoCC,ERI,Emi_CO2_AFO,Mt CO2/yr,2070,0.1842531590824858
SSP2_BaU_NoCC,ERI,Emi_CO2_AFO,Mt CO2/yr,2080,0.28358525919814737
SSP2_BaU_NoCC,ERI,Emi_CO2_AFO,Mt CO2/yr,2090,0.042561472529485334
SSP2_BaU_NoCC,ERI,Emi_CO2_AFO,Mt CO2/yr,2100,0.38976556818654545
SSP2_BaU_NoCC,EST,Emi_CO2_AFO,Mt CO2/yr,2005,-4.952575099363831
SSP2_BaU_NoCC,EST,Emi_CO2_AFO,Mt CO2/yr,2010,-4.087951217718907
SSP2_BaU_NoCC,EST,Emi_CO2_AFO,Mt CO2/yr,2015,-5.321740271260105
SSP2_BaU_NoCC,EST,Emi_CO2_AFO,Mt CO2/yr,2020,-5.354101460670025
SSP2_BaU_NoCC,EST,Emi_CO2_AFO,Mt CO2/yr,2025,-5.707527485573428
SSP2_BaU_NoCC,EST,Emi_CO2_AFO,Mt CO2/yr,2030,-5.412059224110368
SSP2_BaU_NoCC,EST,Emi_CO2_AFO,Mt CO2/yr,2040,-5.993469790303454
SSP2_BaU_NoCC,EST,Emi_CO2_AFO,Mt CO2/yr,2050,-6.072745106533505
SSP2_BaU_NoCC,EST,Emi_CO2_AFO,Mt CO2/yr,2060,-6.084116314601663
SSP2_BaU_NoCC,EST,Emi_CO2_AFO,Mt CO2/yr,2070,-6.106131316304248
SSP2_BaU_NoCC,EST,Emi_CO2_AFO,Mt CO2/yr,2080,-6.101558552079018
SSP2_BaU_NoCC,EST,Emi_CO2_AFO,Mt CO2/yr,2090,-6.081478819776729
SSP2_BaU_NoCC,EST,Emi_CO2_AFO,Mt CO2/yr,2100,-6.284314022301599
SSP2_BaU_NoCC,SWZ,Emi_CO2_AFO,Mt CO2/yr,2005,-0.4371098104626937
SSP2_BaU_NoCC,SWZ,Emi_CO2_AFO,Mt CO2/yr,2010,-0.06272630361266979
SSP2_BaU_NoCC,SWZ,Emi_CO2_AFO,Mt CO2/yr,2015,4.999655685285854
SSP2_BaU_NoCC,SWZ,Emi_CO2_AFO,Mt CO2/yr,2020,1.245065259694098
SSP2_BaU_NoCC,SWZ,Emi_CO2_AFO,Mt CO2/yr,2025,1.2551794417618372
SSP2_BaU_NoCC,SWZ,Emi_CO2_AFO,Mt CO2/yr,2030,1.8458257542848862
SSP2_BaU_NoCC,SWZ,Emi_CO2_AFO,Mt CO2/yr,2040,1.0241050331537653
SSP2_BaU_NoCC,SWZ,Emi_CO2_AFO,Mt CO2/yr,2050,0.39151814497292403
SSP2_BaU_NoCC,SWZ,Emi_CO2_AFO,Mt CO2/yr,2060,0.18603385598724415
SSP2_BaU_NoCC,SWZ,Emi_CO2_AFO,Mt CO2/yr,2070,0.01758704919375352
SSP2_BaU_NoCC,SWZ,Emi_CO2_AFO,Mt CO2/yr,2080,0.029844427586213484
SSP2_BaU_NoCC,SWZ,Emi_CO2_AFO,Mt CO2/yr,2090,0.02395208794461554
SSP2_BaU_NoCC,SWZ,Emi_CO2_AFO,Mt CO2/yr,2100,0.05744185658725409
SSP2_BaU_NoCC,ETH,Emi_CO2_AFO,Mt CO2/yr,2005,-20.057016200859376
SSP2_BaU_NoCC,ETH,Emi_CO2_AFO,Mt CO2/yr,2010,-1.5555287247745788
SSP2_BaU_NoCC,ETH,Emi_CO2_AFO,Mt CO2/yr,2015,120.88895985393974
SSP2_BaU_NoCC,ETH,Emi_CO2_AFO,Mt CO2/yr,2020,-5.0877839211396445
SSP2_BaU_NoCC,ETH,Emi_CO2_AFO,Mt CO2/yr,2025,4.319022996698244
SSP2_BaU_NoCC,ETH,Emi_CO2_AFO,Mt CO2/yr,2030,44.795434338326764
SSP2_BaU_NoCC,ETH,Emi_CO2_AFO,Mt CO2/yr,2040,35.66139422799476
SSP2_BaU_NoCC,ETH,Emi_CO2_AFO,Mt CO2/yr,2050,20.586371996755396
SSP2_BaU_NoCC,ETH,Emi_CO2_AFO,Mt CO2/yr,2060,16.937994105433383
SSP2_BaU_NoCC,ETH,Emi_CO2_AFO,Mt CO2/yr,2070,18.212187643865985
SSP2_BaU_NoCC,ETH,Emi_CO2_AFO,Mt CO2/yr,2080,12.526869728338475
SSP2_BaU_NoCC,ETH,Emi_CO2_AFO,Mt CO2/yr,2090,-7.388644605094422
SSP2_BaU_NoCC,ETH,Emi_CO2_AFO,Mt CO2/yr,2100,-6.980433184962626
SSP2_BaU_NoCC,FRO,Emi_CO2_AFO,Mt CO2/yr,2005,-0.06840328999553333
SSP2_BaU_NoCC,FRO,Emi_CO2_AFO,Mt CO2/yr,2010,-0.06798670204431148
SSP2_BaU_NoCC,FRO,Emi_CO2_AFO,Mt CO2/yr,2015,-0.06842758838362353
SSP2_BaU_NoCC,FRO,Emi_CO2_AFO,Mt CO2/yr,2020,-0.06842865337790233
SSP2_BaU_NoCC,FRO,Emi_CO2_AFO,Mt CO2/yr,2025,-0.06845830325528612
SSP2_BaU_NoCC,FRO,Emi_CO2_AFO,Mt CO2/yr,2030,-0.06843945735295343
SSP2_BaU_NoCC,FRO,Emi_CO2_AFO,Mt CO2/yr,2040,-0.06846535138587893
SSP2_BaU_NoCC,FRO,Emi_CO2_AFO,Mt CO2/yr,2050,-0.06845465495981297
SSP2_BaU_NoCC,FRO,Emi_CO2_AFO,Mt CO2/yr,2060,-0.06845031074702629
SSP2_BaU_NoCC,FRO,Emi_CO2_AFO,Mt CO2/yr,2070,-0.0684513247781277
SSP2_BaU_NoCC,FRO,Emi_CO2_AFO,Mt CO2/yr,2080,-0.06845255777139864
SSP2_BaU_NoCC,FRO,Emi_CO2_AFO,Mt CO2/yr,2090,-0.06845238016788999
SSP2_BaU_NoCC,FRO,Emi_CO2_AFO,Mt CO2/yr,2100,-0.06845095230668702
SSP2_BaU_NoCC,FJI,Emi_CO2_AFO,Mt CO2/yr,2005,-0.827281527964998
SSP2_BaU_NoCC,FJI,Emi_CO2_AFO,Mt CO2/yr,2010,0.5454377381845344
SSP2_BaU_NoCC,FJI,Emi_CO2_AFO,Mt CO2/yr,2015,0.21747636551024352
SSP2_BaU_NoCC,FJI,Emi_CO2_AFO,Mt CO2/yr,2020,1.0348669177379997
SSP2_BaU_NoCC,FJI,Emi_CO2_AFO,Mt CO2/yr,2025,0.5806836970752204
SSP2_BaU_NoCC,FJI,Emi_CO2_AFO,Mt CO2/yr,2030,2.640174068260574
SSP2_BaU_NoCC,FJI,Emi_CO2_AFO,Mt CO2/yr,2040,-0.676820737215409
SSP2_BaU_NoCC,FJI,Emi_CO2_AFO,Mt CO2/yr,2050,-0.6888562581038414
SSP2_BaU_NoCC,FJI,Emi_CO2_AFO,Mt CO2/yr,2060,-0.7250699752022652
SSP2_BaU_NoCC,FJI,Emi_CO2_AFO,Mt CO2/yr,2070,-0.7973008673262667
SSP2_BaU_NoCC,FJI,Emi_CO2_AFO,Mt CO2/yr,2080,-0.8741366111364713
SSP2_BaU_NoCC,FJI,Emi_CO2_AFO,Mt CO2/yr,2090,-0.9123205396934835
SSP2_BaU_NoCC,FJI,Emi_CO2_AFO,Mt CO2/yr,2100,-0.9286289251271214
SSP2_BaU_NoCC,FIN,Emi_CO2_AFO,Mt CO2/yr,2005,-24.07760361197927
SSP2_BaU_NoCC,FIN,Emi_CO2_AFO,Mt CO2/yr,2010,-22.253792773181544
SSP2_BaU_NoCC,FIN,Emi_CO2_AFO,Mt CO2/yr,2015,-25.149909401386473
SSP2_BaU_NoCC,FIN,Emi_CO2_AFO,Mt CO2/yr,2020,-26.048324697148136
SSP2_BaU_NoCC,FIN,Emi_CO2_AFO,Mt CO2/yr,2025,-27.88229546838771
SSP2_BaU_NoCC,FIN,Emi_CO2_AFO,Mt CO2/yr,2030,-26.43378896083246
SSP2_BaU_NoCC,FIN,Emi_CO2_AFO,Mt CO2/yr,2040,-29.05367025805422
SSP2_BaU_NoCC,FIN,Emi_CO2_AFO,Mt CO2/yr,2050,-28.569261335145963
SSP2_BaU_NoCC,FIN,Emi_CO2_AFO,Mt CO2/yr,2060,-27.66968931513144
SSP2_BaU_NoCC,FIN,Emi_CO2_AFO,Mt CO2/yr,2070,-27.408132006448806
SSP2_BaU_NoCC,FIN,Emi_CO2_AFO,Mt CO2/yr,2080,-27.11375704328962
SSP2_BaU_NoCC,FIN,Emi_CO2_AFO,Mt CO2/yr,2090,-27.063224189775767
SSP2_BaU_NoCC,FIN,Emi_CO2_AFO,Mt CO2/yr,2100,-27.092960185986048
SSP2_BaU_NoCC,FRA,Emi_CO2_AFO,Mt CO2/yr,2005,-56.48140665896745
SSP2_BaU_NoCC,FRA,Emi_CO2_AFO,Mt CO2/yr,2010,-32.03665355647838
SSP2_BaU_NoCC,FRA,Emi_CO2_AFO,Mt CO2/yr,2015,11.11997588245329
SSP2_BaU_NoCC,FRA,Emi_CO2_AFO,Mt CO2/yr,2020,114.28276957891467
SSP2_BaU_NoCC,FRA,Emi_CO2_AFO,Mt CO2/yr,2025,-65.51423314711055
SSP2_BaU_NoCC,FRA,Emi_CO2_AFO,Mt CO2/yr,2030,122.98872398592658
SSP2_BaU_NoCC,FRA,Emi_CO2_AFO,Mt CO2/yr,2040,-36.776143825882684
SSP2_BaU_NoCC,FRA,Emi_CO2_AFO,Mt CO2/yr,2050,-30.203229242657812
SSP2_BaU_NoCC,FRA,Emi_CO2_AFO,Mt CO2/yr,2060,-28.655039372915155
SSP2_BaU_NoCC,FRA,Emi_CO2_AFO,Mt CO2/yr,2070,-22.982553632432293
SSP2_BaU_NoCC,FRA,Emi_CO2_AFO,Mt CO2/yr,2080,-27.372474433078814
SSP2_BaU_NoCC,FRA,Emi_CO2_AFO,Mt CO2/yr,2090,-41.39222152341704
SSP2_BaU_NoCC,FRA,Emi_CO2_AFO,Mt CO2/yr,2100,-51.9020544014684
SSP2_BaU_NoCC,GAB,Emi_CO2_AFO,Mt CO2/yr,2005,-11.610544487238478
SSP2_BaU_NoCC,GAB,Emi_CO2_AFO,Mt CO2/yr,2010,9.686194357054648
SSP2_BaU_NoCC,GAB,Emi_CO2_AFO,Mt CO2/yr,2015,91.9588744115645
SSP2_BaU_NoCC,GAB,Emi_CO2_AFO,Mt CO2/yr,2020,-2.3582868768257788
SSP2_BaU_NoCC,GAB,Emi_CO2_AFO,Mt CO2/yr,2025,1.27245369527542
SSP2_BaU_NoCC,GAB,Emi_CO2_AFO,Mt CO2/yr,2030,13.375055599388308
SSP2_BaU_NoCC,GAB,Emi_CO2_AFO,Mt CO2/yr,2040,16.27536250441586
SSP2_BaU_NoCC,GAB,Emi_CO2_AFO,Mt CO2/yr,2050,9.577992183624858
SSP2_BaU_NoCC,GAB,Emi_CO2_AFO,Mt CO2/yr,2060,7.2993207465139385
SSP2_BaU_NoCC,GAB,Emi_CO2_AFO,Mt CO2/yr,2070,0.8137384949139292
SSP2_BaU_NoCC,GAB,Emi_CO2_AFO,Mt CO2/yr,2080,0.017833764983373968
SSP2_BaU_NoCC,GAB,Emi_CO2_AFO,Mt CO2/yr,2090,-7.158205309275685
SSP2_BaU_NoCC,GAB,Emi_CO2_AFO,Mt CO2/yr,2100,-7.29432042698328
SSP2_BaU_NoCC,GMB,Emi_CO2_AFO,Mt CO2/yr,2005,-0.6047868433142187
SSP2_BaU_NoCC,GMB,Emi_CO2_AFO,Mt CO2/yr,2010,-0.2278408719764199
SSP2_BaU_NoCC,GMB,Emi_CO2_AFO,Mt CO2/yr,2015,0.22256114646714498
SSP2_BaU_NoCC,GMB,Emi_CO2_AFO,Mt CO2/yr,2020,0.8274225014172296
SSP2_BaU_NoCC,GMB,Emi_CO2_AFO,Mt CO2/yr,2025,0.06178895561987785
SSP2_BaU_NoCC,GMB,Emi_CO2_AFO,Mt CO2/yr,2030,2.5342947219293768
SSP2_BaU_NoCC,GMB,Emi_CO2_AFO,Mt CO2/yr,2040,1.5771680630866896
SSP2_BaU_NoCC,GMB,Emi_CO2_AFO,Mt CO2/yr,2050,0.5310143622634371
SSP2_BaU_NoCC,GMB,Emi_CO2_AFO,Mt CO2/yr,2060,0.29254499533130907
SSP2_BaU_NoCC,GMB,Emi_CO2_AFO,Mt CO2/yr,2070,0.1835013591511238
SSP2_BaU_NoCC,GMB,Emi_CO2_AFO,Mt CO2/yr,2080,0.14936580847784148
SSP2_BaU_NoCC,GMB,Emi_CO2_AFO,Mt CO2/yr,2090,-0.1626188303549125
SSP2_BaU_NoCC,GMB,Emi_CO2_AFO,Mt CO2/yr,2100,-0.12390754110114519
SSP2_BaU_NoCC,GEO,Emi_CO2_AFO,Mt CO2/yr,2005,-0.802783159461087
SSP2_BaU_NoCC,GEO,Emi_CO2_AFO,Mt CO2/yr,2010,-0.7563243404355722
SSP2_BaU_NoCC,GEO,Emi_CO2_AFO,Mt CO2/yr,2015,-0.4547051685949658
SSP2_BaU_NoCC,GEO,Emi_CO2_AFO,Mt CO2/yr,2020,7.3005674078847065
SSP2_BaU_NoCC,GEO,Emi_CO2_AFO,Mt CO2/yr,2025,-0.8124376750835266
SSP2_BaU_NoCC,GEO,Emi_CO2_AFO,Mt CO2/yr,2030,23.57437328508697
SSP2_BaU_NoCC,GEO,Emi_CO2_AFO,Mt CO2/yr,2040,-0.008168091411222655
SSP2_BaU_NoCC,GEO,Emi_CO2_AFO,Mt CO2/yr,2050,8.69511638504681
SSP2_BaU_NoCC,GEO,Emi_CO2_AFO,Mt CO2/yr,2060,7.560814795651677
SSP2_BaU_NoCC,GEO,Emi_CO2_AFO,Mt CO2/yr,2070,4.132531993932405
SSP2_BaU_NoCC,GEO,Emi_CO2_AFO,Mt CO2/yr,2080,3.024885702809981
SSP2_BaU_NoCC,GEO,Emi_CO2_AFO,Mt CO2/yr,2090,-0.07465361515875135
SSP2_BaU_NoCC,GEO,Emi_CO2_AFO,Mt CO2/yr,2100,-0.4591538003722512
SSP2_BaU_NoCC,DEU,Emi_CO2_AFO,Mt CO2/yr,2005,-33.22726681946527
SSP2_BaU_NoCC,DEU,Emi_CO2_AFO,Mt CO2/yr,2010,-15.994548060575333
SSP2_BaU_NoCC,DEU,Emi_CO2_AFO,Mt CO2/yr,2015,-30.91472374029489
SSP2_BaU_NoCC,DEU,Emi_CO2_AFO,Mt CO2/yr,2020,53.781117342942764
SSP2_BaU_NoCC,DEU,Emi_CO2_AFO,Mt CO2/yr,2025,-45.053718514008764
SSP2_BaU_NoCC,DEU,Emi_CO2_AFO,Mt CO2/yr,2030,53.58154298216154
SSP2_BaU_NoCC,DEU,Emi_CO2_AFO,Mt CO2/yr,2040,-27.151281767889188
SSP2_BaU_NoCC,DEU,Emi_CO2_AFO,Mt CO2/yr,2050,-21.612917662729735
SSP2_BaU_NoCC,DEU,Emi_CO2_AFO,Mt CO2/yr,2060,-18.040911654703976
SSP2_BaU_NoCC,DEU,Emi_CO2_AFO,Mt CO2/yr,2070,-20.27459682692631
SSP2_BaU_NoCC,DEU,Emi_CO2_AFO,Mt CO2/yr,2080,-23.11317128255582
SSP2_BaU_NoCC,DEU,Emi_CO2_AFO,Mt CO2/yr,2090,-24.302119823190896
SSP2_BaU_NoCC,DEU,Emi_CO2_AFO,Mt CO2/yr,2100,-24.01820984555032
SSP2_BaU_NoCC,GHA,Emi_CO2_AFO,Mt CO2/yr,2005,-7.602643995829049
SSP2_BaU_NoCC,GHA,Emi_CO2_AFO,Mt CO2/yr,2010,-6.058176984044374
SSP2_BaU_NoCC,GHA,Emi_CO2_AFO,Mt CO2/yr,2015,4.169681001064829
SSP2_BaU_NoCC,GHA,Emi_CO2_AFO,Mt CO2/yr,2020,24.433330726494383
SSP2_BaU_NoCC,GHA,Emi_CO2_AFO,Mt CO2/yr,2025,0.2610313245905562
SSP2_BaU_NoCC,GHA,Emi_CO2_AFO,Mt CO2/yr,2030,51.96382633572681
SSP2_BaU_NoCC,GHA,Emi_CO2_AFO,Mt CO2/yr,2040,26.007745937061955
SSP2_BaU_NoCC,GHA,Emi_CO2_AFO,Mt CO2/yr,2050,15.212059965340377
SSP2_BaU_NoCC,GHA,Emi_CO2_AFO,Mt CO2/yr,2060,10.126773374069504
SSP2_BaU_NoCC,GHA,Emi_CO2_AFO,Mt CO2/yr,2070,7.583480820088772
SSP2_BaU_NoCC,GHA,Emi_CO2_AFO,Mt CO2/yr,2080,5.819629428407978
SSP2_BaU_NoCC,GHA,Emi_CO2_AFO,Mt CO2/yr,2090,-0.759927331512084
SSP2_BaU_NoCC,GHA,Emi_CO2_AFO,Mt CO2/yr,2100,-0.4075249984723759
SSP2_BaU_NoCC,GRC,Emi_CO2_AFO,Mt CO2/yr,2005,-1.8618888211067153
SSP2_BaU_NoCC,GRC,Emi_CO2_AFO,Mt CO2/yr,2010,-1.7138469378718155
SSP2_BaU_NoCC,GRC,Emi_CO2_AFO,Mt CO2/yr,2015,-1.622907227575956
SSP2_BaU_NoCC,GRC,Emi_CO2_AFO,Mt CO2/yr,2020,0.2564265892091173
SSP2_BaU_NoCC,GRC,Emi_CO2_AFO,Mt CO2/yr,2025,-1.8888928055458245
SSP2_BaU_NoCC,GRC,Emi_CO2_AFO,Mt CO2/yr,2030,-0.7713610738162884
SSP2_BaU_NoCC,GRC,Emi_CO2_AFO,Mt CO2/yr,2040,-2.2526885813752364
SSP2_BaU_NoCC,GRC,Emi_CO2_AFO,Mt CO2/yr,2050,-2.569593487513735
SSP2_BaU_NoCC,GRC,Emi_CO2_AFO,Mt CO2/yr,2060,-3.2654372673164773
SSP2_BaU_NoCC,GRC,Emi_CO2_AFO,Mt CO2/yr,2070,-3.8494029795081124
SSP2_BaU_NoCC,GRC,Emi_CO2_AFO,Mt CO2/yr,2080,-4.112229497920354
SSP2_BaU_NoCC,GRC,Emi_CO2_AFO,Mt CO2/yr,2090,-4.028118448764056
SSP2_BaU_NoCC,GRC,Emi_CO2_AFO,Mt CO2/yr,2100,-3.923308105676171
SSP2_BaU_NoCC,GRL,Emi_CO2_AFO,Mt CO2/yr,2010,-1.9753032336128475
SSP2_BaU_NoCC,GRL,Emi_CO2_AFO,Mt CO2/yr,2015,-0.4764872081647088
SSP2_BaU_NoCC,GRL,Emi_CO2_AFO,Mt CO2/yr,2020,1.2936622513033635
SSP2_BaU_NoCC,GRL,Emi_CO2_AFO,Mt CO2/yr,2025,-0.4152114211050614
SSP2_BaU_NoCC,GRL,Emi_CO2_AFO,Mt CO2/yr,2030,-0.0037643335195955154
SSP2_BaU_NoCC,GRL,Emi_CO2_AFO,Mt CO2/yr,2040,0.2100772091079575
SSP2_BaU_NoCC,GRL,Emi_CO2_AFO,Mt CO2/yr,2050,0.3189307952363649
SSP2_BaU_NoCC,GRL,Emi_CO2_AFO,Mt CO2/yr,2060,0.27740488628458604
SSP2_BaU_NoCC,GRL,Emi_CO2_AFO,Mt CO2/yr,2070,0.21288435611173687
SSP2_BaU_NoCC,GRL,Emi_CO2_AFO,Mt CO2/yr,2080,0.2138042984145679
SSP2_BaU_NoCC,GRL,Emi_CO2_AFO,Mt CO2/yr,2090,0.23329962171562854
SSP2_BaU_NoCC,GRL,Emi_CO2_AFO,Mt CO2/yr,2100,-0.005584288863613248
SSP2_BaU_NoCC,GRD,Emi_CO2_AFO,Mt CO2/yr,2010,-1.592305531572496e-07
SSP2_BaU_NoCC,GRD,Emi_CO2_AFO,Mt CO2/yr,2015,-2.274474918004912e-09
SSP2_BaU_NoCC,GRD,Emi_CO2_AFO,Mt CO2/yr,2050,2.103946769943323e-05
SSP2_BaU_NoCC,GRD,Emi_CO2_AFO,Mt CO2/yr,2060,4.3186275804099946e-05
SSP2_BaU_NoCC,GRD,Emi_CO2_AFO,Mt CO2/yr,2070,3.266654195438332e-05
SSP2_BaU_NoCC,GRD,Emi_CO2_AFO,Mt CO2/yr,2080,1.937845709158337e-05
SSP2_BaU_NoCC,GRD,Emi_CO2_AFO,Mt CO2/yr,2090,3.820324398054988e-05
SSP2_BaU_NoCC,GRD,Emi_CO2_AFO,Mt CO2/yr,2100,5.536702026166665e-05
SSP2_BaU_NoCC,GUM,Emi_CO2_AFO,Mt CO2/yr,2015,-0.0036486435349950643
SSP2_BaU_NoCC,GUM,Emi_CO2_AFO,Mt CO2/yr,2020,0.0036486435349950643
SSP2_BaU_NoCC,GUM,Emi_CO2_AFO,Mt CO2/yr,2025,-0.00401814038633223
SSP2_BaU_NoCC,GUM,Emi_CO2_AFO,Mt CO2/yr,2030,0.00401814038633223
SSP2_BaU_NoCC,GTM,Emi_CO2_AFO,Mt CO2/yr,2005,-21.394271340325417
SSP2_BaU_NoCC,GTM,Emi_CO2_AFO,Mt CO2/yr,2010,76.10842766299726
SSP2_BaU_NoCC,GTM,Emi_CO2_AFO,Mt CO2/yr,2015,-13.891149322876577
SSP2_BaU_NoCC,GTM,Emi_CO2_AFO,Mt CO2/yr,2020,41.60701269758563
SSP2_BaU_NoCC,GTM,Emi_CO2_AFO,Mt CO2/yr,2025,-10.548920544090194
SSP2_BaU_NoCC,GTM,Emi_CO2_AFO,Mt CO2/yr,2030,56.15179643820642
SSP2_BaU_NoCC,GTM,Emi_CO2_AFO,Mt CO2/yr,2040,6.301105393059139
SSP2_BaU_NoCC,GTM,Emi_CO2_AFO,Mt CO2/yr,2050,-14.364162850116504
SSP2_BaU_NoCC,GTM,Emi_CO2_AFO,Mt CO2/yr,2060,-15.59125915126495
SSP2_BaU_NoCC,GTM,Emi_CO2_AFO,Mt CO2/yr,2070,-15.56951657219868
SSP2_BaU_NoCC,GTM,Emi_CO2_AFO,Mt CO2/yr,2080,-15.372562528444913
SSP2_BaU_NoCC,GTM,Emi_CO2_AFO,Mt CO2/yr,2090,-12.00927838034594
SSP2_BaU_NoCC,GTM,Emi_CO2_AFO,Mt CO2/yr,2100,-12.54812496658401
SSP2_BaU_NoCC,GIN,Emi_CO2_AFO,Mt CO2/yr,2005,-5.195762278650149
SSP2_BaU_NoCC,GIN,Emi_CO2_AFO,Mt CO2/yr,2010,-4.845551921396023
SSP2_BaU_NoCC,GIN,Emi_CO2_AFO,Mt CO2/yr,2015,16.489332059609318
SSP2_BaU_NoCC,GIN,Emi_CO2_AFO,Mt CO2/yr,2020,9.41735861652187
SSP2_BaU_NoCC,GIN,Emi_CO2_AFO,Mt CO2/yr,2025,12.364384458789205
SSP2_BaU_NoCC,GIN,Emi_CO2_AFO,Mt CO2/yr,2030,45.83779273726322
SSP2_BaU_NoCC,GIN,Emi_CO2_AFO,Mt CO2/yr,2040,37.92391145764378
SSP2_BaU_NoCC,GIN,Emi_CO2_AFO,Mt CO2/yr,2050,17.529197772565198
SSP2_BaU_NoCC,GIN,Emi_CO2_AFO,Mt CO2/yr,2060,10.563650968445728
SSP2_BaU_NoCC,GIN,Emi_CO2_AFO,Mt CO2/yr,2070,5.506808867449316
SSP2_BaU_NoCC,GIN,Emi_CO2_AFO,Mt CO2/yr,2080,2.4068010853681283
SSP2_BaU_NoCC,GIN,Emi_CO2_AFO,Mt CO2/yr,2090,-0.9131787276760468
SSP2_BaU_NoCC,GIN,Emi_CO2_AFO,Mt CO2/yr,2100,-0.5088086302161619
SSP2_BaU_NoCC,GNB,Emi_CO2_AFO,Mt CO2/yr,2005,-1.2567613087165816
SSP2_BaU_NoCC,GNB,Emi_CO2_AFO,Mt CO2/yr,2010,-1.10120572049864
SSP2_BaU_NoCC,GNB,Emi_CO2_AFO,Mt CO2/yr,2015,-0.8066245226033483
SSP2_BaU_NoCC,GNB,Emi_CO2_AFO,Mt CO2/yr,2020,-0.8911573603082099
SSP2_BaU_NoCC,GNB,Emi_CO2_AFO,Mt CO2/yr,2025,-1.024728186816912
SSP2_BaU_NoCC,GNB,Emi_CO2_AFO,Mt CO2/yr,2030,-0.38981132719798595
SSP2_BaU_NoCC,GNB,Emi_CO2_AFO,Mt CO2/yr,2040,-0.6619994153860979
SSP2_BaU_NoCC,GNB,Emi_CO2_AFO,Mt CO2/yr,2050,-0.74550723998818
SSP2_BaU_NoCC,GNB,Emi_CO2_AFO,Mt CO2/yr,2060,-0.7376896495808626
SSP2_BaU_NoCC,GNB,Emi_CO2_AFO,Mt CO2/yr,2070,-0.7665623409409666
SSP2_BaU_NoCC,GNB,Emi_CO2_AFO,Mt CO2/yr,2080,-0.806428082592028
SSP2_BaU_NoCC,GNB,Emi_CO2_AFO,Mt CO2/yr,2090,-1.1560407774115118
SSP2_BaU_NoCC,GNB,Emi_CO2_AFO,Mt CO2/yr,2100,-1.143448803186385
SSP2_BaU_NoCC,GUY,Emi_CO2_AFO,Mt CO2/yr,2005,-2.7922174779186957
SSP2_BaU_NoCC,GUY,Emi_CO2_AFO,Mt CO2/yr,2010,-2.817020430544072
SSP2_BaU_NoCC,GUY,Emi_CO2_AFO,Mt CO2/yr,2015,3.6267325116973943
SSP2_BaU_NoCC,GUY,Emi_CO2_AFO,Mt CO2/yr,2020,0.6603946765348003
SSP2_BaU_NoCC,GUY,Emi_CO2_AFO,Mt CO2/yr,2025,-2.5007319120334945
SSP2_BaU_NoCC,GUY,Emi_CO2_AFO,Mt CO2/yr,2030,0.9818108233739817
SSP2_BaU_NoCC,GUY,Emi_CO2_AFO,Mt CO2/yr,2040,-1.0815958390458813
SSP2_BaU_NoCC,GUY,Emi_CO2_AFO,Mt CO2/yr,2050,-2.183908693928554
SSP2_BaU_NoCC,GUY,Emi_CO2_AFO,Mt CO2/yr,2060,-2.292375195704639
SSP2_BaU_NoCC,GUY,Emi_CO2_AFO,Mt CO2/yr,2070,-1.9651745842079036
SSP2_BaU_NoCC,GUY,Emi_CO2_AFO,Mt CO2/yr,2080,-2.3761496979716177
SSP2_BaU_NoCC,GUY,Emi_CO2_AFO,Mt CO2/yr,2090,-2.0353789740229713
SSP2_BaU_NoCC,GUY,Emi_CO2_AFO,Mt CO2/yr,2100,-2.039651030064616
SSP2_BaU_NoCC,HTI,Emi_CO2_AFO,Mt CO2/yr,2005,-0.7332671454007361
SSP2_BaU_NoCC,HTI,Emi_CO2_AFO,Mt CO2/yr,2010,-0.7971415519703167
SSP2_BaU_NoCC,HTI,Emi_CO2_AFO,Mt CO2/yr,2015,-0.9683409833092722
SSP2_BaU_NoCC,HTI,Emi_CO2_AFO,Mt CO2/yr,2020,6.810271485370967
SSP2_BaU_NoCC,HTI,Emi_CO2_AFO,Mt CO2/yr,2025,-1.0463924125949942
SSP2_BaU_NoCC,HTI,Emi_CO2_AFO,Mt CO2/yr,2030,7.445898957977104
SSP2_BaU_NoCC,HTI,Emi_CO2_AFO,Mt CO2/yr,2040,1.1405322770019501
SSP2_BaU_NoCC,HTI,Emi_CO2_AFO,Mt CO2/yr,2050,-0.3575859568452645
SSP2_BaU_NoCC,HTI,Emi_CO2_AFO,Mt CO2/yr,2060,-0.4545569909869218
SSP2_BaU_NoCC,HTI,Emi_CO2_AFO,Mt CO2/yr,2070,-0.4916350091793885
SSP2_BaU_NoCC,HTI,Emi_CO2_AFO,Mt CO2/yr,2080,-0.5267360644448393
SSP2_BaU_NoCC,HTI,Emi_CO2_AFO,Mt CO2/yr,2090,-0.3744592519852692
SSP2_BaU_NoCC,HTI,Emi_CO2_AFO,Mt CO2/yr,2100,-0.30835322219570876
SSP2_BaU_NoCC,HND,Emi_CO2_AFO,Mt CO2/yr,2005,-22.431693447901083
SSP2_BaU_NoCC,HND,Emi_CO2_AFO,Mt CO2/yr,2010,-13.345384949804004
SSP2_BaU_NoCC,HND,Emi_CO2_AFO,Mt CO2/yr,2015,-15.585841997996187
SSP2_BaU_NoCC,HND,Emi_CO2_AFO,Mt CO2/yr,2020,21.499570587465865
SSP2_BaU_NoCC,HND,Emi_CO2_AFO,Mt CO2/yr,2025,-15.735148918654083
SSP2_BaU_NoCC,HND,Emi_CO2_AFO,Mt CO2/yr,2030,26.001793274432
SSP2_BaU_NoCC,HND,Emi_CO2_AFO,Mt CO2/yr,2040,0.06338444071019111
SSP2_BaU_NoCC,HND,Emi_CO2_AFO,Mt CO2/yr,2050,-19.096608929937016
SSP2_BaU_NoCC,HND,Emi_CO2_AFO,Mt CO2/yr,2060,-19.846714998881026
SSP2_BaU_NoCC,HND,Emi_CO2_AFO,Mt CO2/yr,2070,-20.031913376047235
SSP2_BaU_NoCC,HND,Emi_CO2_AFO,Mt CO2/yr,2080,-19.639525879886957
SSP2_BaU_NoCC,HND,Emi_CO2_AFO,Mt CO2/yr,2090,-16.59493773823693
SSP2_BaU_NoCC,HND,Emi_CO2_AFO,Mt CO2/yr,2100,-16.8722563275513
SSP2_BaU_NoCC,HKG,Emi_CO2_AFO,Mt CO2/yr,2005,-0.26006269901749185
SSP2_BaU_NoCC,HKG,Emi_CO2_AFO,Mt CO2/yr,2010,-0.2599538992293834
SSP2_BaU_NoCC,HKG,Emi_CO2_AFO,Mt CO2/yr,2015,-0.6462815785498103
SSP2_BaU_NoCC,HKG,Emi_CO2_AFO,Mt CO2/yr,2020,0.5539687060243657
SSP2_BaU_NoCC,HKG,Emi_CO2_AFO,Mt CO2/yr,2025,-1.2375322137337996
SSP2_BaU_NoCC,HKG,Emi_CO2_AFO,Mt CO2/yr,2030,0.5861081797986859
SSP2_BaU_NoCC,HKG,Emi_CO2_AFO,Mt CO2/yr,2040,-0.06352708222220799
SSP2_BaU_NoCC,HKG,Emi_CO2_AFO,Mt CO2/yr,2050,-0.07488505911219176
SSP2_BaU_NoCC,HKG,Emi_CO2_AFO,Mt CO2/yr,2060,-0.07813332976721409
SSP2_BaU_NoCC,HKG,Emi_CO2_AFO,Mt CO2/yr,2070,-0.021260242952518348
SSP2_BaU_NoCC,HKG,Emi_CO2_AFO,Mt CO2/yr,2080,-0.007889548126338772
SSP2_BaU_NoCC,HKG,Emi_CO2_AFO,Mt CO2/yr,2090,0.0024199208135378862
SSP2_BaU_NoCC,HKG,Emi_CO2_AFO,Mt CO2/yr,2100,0.007448904475483712
SSP2_BaU_NoCC,HUN,Emi_CO2_AFO,Mt CO2/yr,2005,-1.961144385082604
SSP2_BaU_NoCC,HUN,Emi_CO2_AFO,Mt CO2/yr,2010,-0.6054506124276069
SSP2_BaU_NoCC,HUN,Emi_CO2_AFO,Mt CO2/yr,2015,-1.6520255571574347
SSP2_BaU_NoCC,HUN,Emi_CO2_AFO,Mt CO2/yr,2020,4.378487012267691
SSP2_BaU_NoCC,HUN,Emi_CO2_AFO,Mt CO2/yr,2025,-2.1802555980724265
SSP2_BaU_NoCC,HUN,Emi_CO2_AFO,Mt CO2/yr,2030,4.737648072590376
SSP2_BaU_NoCC,HUN,Emi_CO2_AFO,Mt CO2/yr,2040,-1.524938680837021
SSP2_BaU_NoCC,HUN,Emi_CO2_AFO,Mt CO2/yr,2050,-1.2730965769592448
SSP2_BaU_NoCC,HUN,Emi_CO2_AFO,Mt CO2/yr,2060,-1.3794198356873701
SSP2_BaU_NoCC,HUN,Emi_CO2_AFO,Mt CO2/yr,2070,-1.3519418338218738
SSP2_BaU_NoCC,HUN,Emi_CO2_AFO,Mt CO2/yr,2080,-1.2365944773682882
SSP2_BaU_NoCC,HUN,Emi_CO2_AFO,Mt CO2/yr,2090,-1.063389988123645
SSP2_BaU_NoCC,HUN,Emi_CO2_AFO,Mt CO2/yr,2100,-0.8456556774980908
SSP2_BaU_NoCC,ISL,Emi_CO2_AFO,Mt CO2/yr,2005,-0.1414889063636801
SSP2_BaU_NoCC,ISL,Emi_CO2_AFO,Mt CO2/yr,2010,3.775239840890253
SSP2_BaU_NoCC,ISL,Emi_CO2_AFO,Mt CO2/yr,2015,0.8807683308436509
SSP2_BaU_NoCC,ISL,Emi_CO2_AFO,Mt CO2/yr,2020,-0.3816353625640278
SSP2_BaU_NoCC,ISL,Emi_CO2_AFO,Mt CO2/yr,2025,-0.23747349442939208
SSP2_BaU_NoCC,ISL,Emi_CO2_AFO,Mt CO2/yr,2030,-0.5461720276953957
SSP2_BaU_NoCC,ISL,Emi_CO2_AFO,Mt CO2/yr,2040,-1.0688674267272398
SSP2_BaU_NoCC,ISL,Emi_CO2_AFO,Mt CO2/yr,2050,-2.1562076121412743
SSP2_BaU_NoCC,ISL,Emi_CO2_AFO,Mt CO2/yr,2060,-3.275628808113893
SSP2_BaU_NoCC,ISL,Emi_CO2_AFO,Mt CO2/yr,2070,-3.7604560374879603
SSP2_BaU_NoCC,ISL,Emi_CO2_AFO,Mt CO2/yr,2080,-3.9874672475001605
SSP2_BaU_NoCC,ISL,Emi_CO2_AFO,Mt CO2/yr,2090,-3.9533076739980664
SSP2_BaU_NoCC,ISL,Emi_CO2_AFO,Mt CO2/yr,2100,-2.798838360054859
SSP2_BaU_NoCC,IND,Emi_CO2_AFO,Mt CO2/yr,2005,-65.53183242878039
SSP2_BaU_NoCC,IND,Emi_CO2_AFO,Mt CO2/yr,2010,34.30817811064895
SSP2_BaU_NoCC,IND,Emi_CO2_AFO,Mt CO2/yr,2015,52.68201692714898
SSP2_BaU_NoCC,IND,Emi_CO2_AFO,Mt CO2/yr,2020,66.0814627321667
SSP2_BaU_NoCC,IND,Emi_CO2_AFO,Mt CO2/yr,2025,108.89031025421501
SSP2_BaU_NoCC,IND,Emi_CO2_AFO,Mt CO2/yr,2030,173.7222397219757
SSP2_BaU_NoCC,IND,Emi_CO2_AFO,Mt CO2/yr,2040,34.95916823346332
SSP2_BaU_NoCC,IND,Emi_CO2_AFO,Mt CO2/yr,2050,3.3246717154011165
SSP2_BaU_NoCC,IND,Emi_CO2_AFO,Mt CO2/yr,2060,-1.9010694772949108
SSP2_BaU_NoCC,IND,Emi_CO2_AFO,Mt CO2/yr,2070,-6.685714058260253
SSP2_BaU_NoCC,IND,Emi_CO2_AFO,Mt CO2/yr,2080,-18.31945206696732
SSP2_BaU_NoCC,IND,Emi_CO2_AFO,Mt CO2/yr,2090,-29.074687122237883
SSP2_BaU_NoCC,IND,Emi_CO2_AFO,Mt CO2/yr,2100,-30.37040321216512
SSP2_BaU_NoCC,IDN,Emi_CO2_AFO,Mt CO2/yr,2005,-131.84253246779073
SSP2_BaU_NoCC,IDN,Emi_CO2_AFO,Mt CO2/yr,2010,35.92618367835004
SSP2_BaU_NoCC,IDN,Emi_CO2_AFO,Mt CO2/yr,2015,-41.133492512050324
SSP2_BaU_NoCC,IDN,Emi_CO2_AFO,Mt CO2/yr,2020,242.90079816408138
SSP2_BaU_NoCC,IDN,Emi_CO2_AFO,Mt CO2/yr,2025,15.20262950902449
SSP2_BaU_NoCC,IDN,Emi_CO2_AFO,Mt CO2/yr,2030,244.313969782332
SSP2_BaU_NoCC,IDN,Emi_CO2_AFO,Mt CO2/yr,2040,41.75333739004354
SSP2_BaU_NoCC,IDN,Emi_CO2_AFO,Mt CO2/yr,2050,-63.60610611397644
SSP2_BaU_NoCC,IDN,Emi_CO2_AFO,Mt CO2/yr,2060,-79.41526465191023
SSP2_BaU_NoCC,IDN,Emi_CO2_AFO,Mt CO2/yr,2070,-77.12663337341922
SSP2_BaU_NoCC,IDN,Emi_CO2_AFO,Mt CO2/yr,2080,-58.83721230017047
SSP2_BaU_NoCC,IDN,Emi_CO2_AFO,Mt CO2/yr,2090,-60.031295043254914
SSP2_BaU_NoCC,IDN,Emi_CO2_AFO,Mt CO2/yr,2100,-73.34488734300812
SSP2_BaU_NoCC,IRN,Emi_CO2_AFO,Mt CO2/yr,2005,-10.35907946825896
SSP2_BaU_NoCC,IRN,Emi_CO2_AFO,Mt CO2/yr,2010,-7.341867319904976
SSP2_BaU_NoCC,IRN,Emi_CO2_AFO,Mt CO2/yr,2015,-8.655375644912041
SSP2_BaU_NoCC,IRN,Emi_CO2_AFO,Mt CO2/yr,2020,-4.488281174831801
SSP2_BaU_NoCC,IRN,Emi_CO2_AFO,Mt CO2/yr,2025,-7.776596610717148
SSP2_BaU_NoCC,IRN,Emi_CO2_AFO,Mt CO2/yr,2030,-5.055875533162534
SSP2_BaU_NoCC,IRN,Emi_CO2_AFO,Mt CO2/yr,2040,-4.710933337533033
SSP2_BaU_NoCC,IRN,Emi_CO2_AFO,Mt CO2/yr,2050,-4.469584836819593
SSP2_BaU_NoCC,IRN,Emi_CO2_AFO,Mt CO2/yr,2060,-5.68607964245429
SSP2_BaU_NoCC,IRN,Emi_CO2_AFO,Mt CO2/yr,2070,-5.797701061320386
SSP2_BaU_NoCC,IRN,Emi_CO2_AFO,Mt CO2/yr,2080,-6.062663525490207
SSP2_BaU_NoCC,IRN,Emi_CO2_AFO,Mt CO2/yr,2090,-5.070902163497376
SSP2_BaU_NoCC,IRN,Emi_CO2_AFO,Mt CO2/yr,2100,-2.454595465561786
SSP2_BaU_NoCC,IRQ,Emi_CO2_AFO,Mt CO2/yr,2005,-1.480041781615023
SSP2_BaU_NoCC,IRQ,Emi_CO2_AFO,Mt CO2/yr,2010,-1.2046003904476608
SSP2_BaU_NoCC,IRQ,Emi_CO2_AFO,Mt CO2/yr,2015,-2.153983356501461
SSP2_BaU_NoCC,IRQ,Emi_CO2_AFO,Mt CO2/yr,2020,-1.989310673490781
SSP2_BaU_NoCC,IRQ,Emi_CO2_AFO,Mt CO2/yr,2025,-2.02062989716693
SSP2_BaU_NoCC,IRQ,Emi_CO2_AFO,Mt CO2/yr,2030,-1.6520420754485667
SSP2_BaU_NoCC,IRQ,Emi_CO2_AFO,Mt CO2/yr,2040,-1.3194322483103873
SSP2_BaU_NoCC,IRQ,Emi_CO2_AFO,Mt CO2/yr,2050,-1.1860598649915763
SSP2_BaU_NoCC,IRQ,Emi_CO2_AFO,Mt CO2/yr,2060,-0.9814808800059419
SSP2_BaU_NoCC,IRQ,Emi_CO2_AFO,Mt CO2/yr,2070,-0.6787812417779852
SSP2_BaU_NoCC,IRQ,Emi_CO2_AFO,Mt CO2/yr,2080,-0.9808392157730095
SSP2_BaU_NoCC,IRQ,Emi_CO2_AFO,Mt CO2/yr,2090,-0.8193593577082587
SSP2_BaU_NoCC,IRQ,Emi_CO2_AFO,Mt CO2/yr,2100,-0.9598762792710964
SSP2_BaU_NoCC,IRL,Emi_CO2_AFO,Mt CO2/yr,2005,-7.293659624371822
SSP2_BaU_NoCC,IRL,Emi_CO2_AFO,Mt CO2/yr,2010,-6.726500261574291
SSP2_BaU_NoCC,IRL,Emi_CO2_AFO,Mt CO2/yr,2015,-9.097985814581104
SSP2_BaU_NoCC,IRL,Emi_CO2_AFO,Mt CO2/yr,2020,23.00282248954031
SSP2_BaU_NoCC,IRL,Emi_CO2_AFO,Mt CO2/yr,2025,-12.017050072394932
SSP2_BaU_NoCC,IRL,Emi_CO2_AFO,Mt CO2/yr,2030,17.83428448098335
SSP2_BaU_NoCC,IRL,Emi_CO2_AFO,Mt CO2/yr,2040,-10.424728403444764
SSP2_BaU_NoCC,IRL,Emi_CO2_AFO,Mt CO2/yr,2050,-16.099281127593603
SSP2_BaU_NoCC,IRL,Emi_CO2_AFO,Mt CO2/yr,2060,-22.064833259642267
SSP2_BaU_NoCC,IRL,Emi_CO2_AFO,Mt CO2/yr,2070,-26.187304376667807
SSP2_BaU_NoCC,IRL,Emi_CO2_AFO,Mt CO2/yr,2080,-26.71498347650105
SSP2_BaU_NoCC,IRL,Emi_CO2_AFO,Mt CO2/yr,2090,-26.062546895418077
SSP2_BaU_NoCC,IRL,Emi_CO2_AFO,Mt CO2/yr,2100,-25.021474755297916
SSP2_BaU_NoCC,ISR,Emi_CO2_AFO,Mt CO2/yr,2005,-1.4123076637730723
SSP2_BaU_NoCC,ISR,Emi_CO2_AFO,Mt CO2/yr,2010,-1.365300471863432
SSP2_BaU_NoCC,ISR,Emi_CO2_AFO,Mt CO2/yr,2015,-1.8439198029781914
SSP2_BaU_NoCC,ISR,Emi_CO2_AFO,Mt CO2/yr,2020,0.3808800036434319
SSP2_BaU_NoCC,ISR,Emi_CO2_AFO,Mt CO2/yr,2025,-2.3652793652839317
SSP2_BaU_NoCC,ISR,Emi_CO2_AFO,Mt CO2/yr,2030,0.39770535295855747
SSP2_BaU_NoCC,ISR,Emi_CO2_AFO,Mt CO2/yr,2040,-1.0426596145932536
SSP2_BaU_NoCC,ISR,Emi_CO2_AFO,Mt CO2/yr,2050,-0.9410766472918354
SSP2_BaU_NoCC,ISR,Emi_CO2_AFO,Mt CO2/yr,2060,-1.0264070417115125
SSP2_BaU_NoCC,ISR,Emi_CO2_AFO,Mt CO2/yr,2070,-1.0504335621486887
SSP2_BaU_NoCC,ISR,Emi_CO2_AFO,Mt CO2/yr,2080,-1.1219484205296761
SSP2_BaU_NoCC,ISR,Emi_CO2_AFO,Mt CO2/yr,2090,-0.9997422678318524
SSP2_BaU_NoCC,ISR,Emi_CO2_AFO,Mt CO2/yr,2100,-0.7411627304388606
SSP2_BaU_NoCC,ITA,Emi_CO2_AFO,Mt CO2/yr,2005,-19.086135923831886
SSP2_BaU_NoCC,ITA,Emi_CO2_AFO,Mt CO2/yr,2010,-2.323366471779863
SSP2_BaU_NoCC,ITA,Emi_CO2_AFO,Mt CO2/yr,2015,-10.409749488830581
SSP2_BaU_NoCC,ITA,Emi_CO2_AFO,Mt CO2/yr,2020,24.042936504912515
SSP2_BaU_NoCC,ITA,Emi_CO2_AFO,Mt CO2/yr,2025,-21.463257464049022
SSP2_BaU_NoCC,ITA,Emi_CO2_AFO,Mt CO2/yr,2030,24.56929423822415
SSP2_BaU_NoCC,ITA,Emi_CO2_AFO,Mt CO2/yr,2040,-14.974061145790865
SSP2_BaU_NoCC,ITA,Emi_CO2_AFO,Mt CO2/yr,2050,-12.830164697968561
SSP2_BaU_NoCC,ITA,Emi_CO2_AFO,Mt CO2/yr,2060,-11.607006655785007
SSP2_BaU_NoCC,ITA,Emi_CO2_AFO,Mt CO2/yr,2070,-14.359482805407925
SSP2_BaU_NoCC,ITA,Emi_CO2_AFO,Mt CO2/yr,2080,-16.370175810518646
SSP2_BaU_NoCC,ITA,Emi_CO2_AFO,Mt CO2/yr,2090,-16.179540586904128
SSP2_BaU_NoCC,ITA,Emi_CO2_AFO,Mt CO2/yr,2100,-14.828154728551427
SSP2_BaU_NoCC,JAM,Emi_CO2_AFO,Mt CO2/yr,2005,-0.6047149142083814
SSP2_BaU_NoCC,JAM,Emi_CO2_AFO,Mt CO2/yr,2010,-0.6046743182481239
SSP2_BaU_NoCC,JAM,Emi_CO2_AFO,Mt CO2/yr,2015,-0.6944999516300625
SSP2_BaU_NoCC,JAM,Emi_CO2_AFO,Mt CO2/yr,2020,5.146446006912449
SSP2_BaU_NoCC,JAM,Emi_CO2_AFO,Mt CO2/yr,2025,-0.7178602082695564
SSP2_BaU_NoCC,JAM,Emi_CO2_AFO,Mt CO2/yr,2030,5.076758760475911
SSP2_BaU_NoCC,JAM,Emi_CO2_AFO,Mt CO2/yr,2040,0.43521609809518336
SSP2_BaU_NoCC,JAM,Emi_CO2_AFO,Mt CO2/yr,2050,-0.38356065886815643
SSP2_BaU_NoCC,JAM,Emi_CO2_AFO,Mt CO2/yr,2060,-0.4745420506293643
SSP2_BaU_NoCC,JAM,Emi_CO2_AFO,Mt CO2/yr,2070,-0.3724033547643687
SSP2_BaU_NoCC,JAM,Emi_CO2_AFO,Mt CO2/yr,2080,-0.234399739965712
SSP2_BaU_NoCC,JAM,Emi_CO2_AFO,Mt CO2/yr,2090,0.29444670378201027
SSP2_BaU_NoCC,JAM,Emi_CO2_AFO,Mt CO2/yr,2100,0.28047198209231694
SSP2_BaU_NoCC,JPN,Emi_CO2_AFO,Mt CO2/yr,2005,-65.21253689130006
SSP2_BaU_NoCC,JPN,Emi_CO2_AFO,Mt CO2/yr,2010,-64.19919760006412
SSP2_BaU_NoCC,JPN,Emi_CO2_AFO,Mt CO2/yr,2015,-75.98199148537421
SSP2_BaU_NoCC,JPN,Emi_CO2_AFO,Mt CO2/yr,2020,194.07400823909677
SSP2_BaU_NoCC,JPN,Emi_CO2_AFO,Mt CO2/yr,2025,-91.37184198251975
SSP2_BaU_NoCC,JPN,Emi_CO2_AFO,Mt CO2/yr,2030,154.85729293744293
SSP2_BaU_NoCC,JPN,Emi_CO2_AFO,Mt CO2/yr,2040,-61.946995345029656
SSP2_BaU_NoCC,JPN,Emi_CO2_AFO,Mt CO2/yr,2050,-54.66346038949655
SSP2_BaU_NoCC,JPN,Emi_CO2_AFO,Mt CO2/yr,2060,-52.142835510586885
SSP2_BaU_NoCC,JPN,Emi_CO2_AFO,Mt CO2/yr,2070,-50.521951576133596
SSP2_BaU_NoCC,JPN,Emi_CO2_AFO,Mt CO2/yr,2080,-46.380258450881
SSP2_BaU_NoCC,JPN,Emi_CO2_AFO,Mt CO2/yr,2090,-40.965119998767456
SSP2_BaU_NoCC,JPN,Emi_CO2_AFO,Mt CO2/yr,2100,-41.875788842649996
SSP2_BaU_NoCC,JOR,Emi_CO2_AFO,Mt CO2/yr,2005,-0.9797464824038307
SSP2_BaU_NoCC,JOR,Emi_CO2_AFO,Mt CO2/yr,2010,-0.9268691906000832
SSP2_BaU_NoCC,JOR,Emi_CO2_AFO,Mt CO2/yr,2015,-1.1421256958722996
SSP2_BaU_NoCC,JOR,Emi_CO2_AFO,Mt CO2/yr,2020,-0.380663241708762
SSP2_BaU_NoCC,JOR,Emi_CO2_AFO,Mt CO2/yr,2025,-1.40141571388351
SSP2_BaU_NoCC,JOR,Emi_CO2_AFO,Mt CO2/yr,2030,-0.422671512188851
SSP2_BaU_NoCC,JOR,Emi_CO2_AFO,Mt CO2/yr,2040,-0.9461168985272799
SSP2_BaU_NoCC,JOR,Emi_CO2_AFO,Mt CO2/yr,2050,-0.955521371802546
SSP2_BaU_NoCC,JOR,Emi_CO2_AFO,Mt CO2/yr,2060,-0.8932435238853982
SSP2_BaU_NoCC,JOR,Emi_CO2_AFO,Mt CO2/yr,2070,-0.885399021685562
SSP2_BaU_NoCC,JOR,Emi_CO2_AFO,Mt CO2/yr,2080,-0.8845418657711476
SSP2_BaU_NoCC,JOR,Emi_CO2_AFO,Mt CO2/yr,2090,-0.9383891766230725
SSP2_BaU_NoCC,JOR,Emi_CO2_AFO,Mt CO2/yr,2100,-0.9588539369535357
SSP2_BaU_NoCC,KAZ,Emi_CO2_AFO,Mt CO2/yr,2005,-0.21863388124127014
SSP2_BaU_NoCC,KAZ,Emi_CO2_AFO,Mt CO2/yr,2010,14.414989507509194
SSP2_BaU_NoCC,KAZ,Emi_CO2_AFO,Mt CO2/yr,2015,4.583745604946753
SSP2_BaU_NoCC,KAZ,Emi_CO2_AFO,Mt CO2/yr,2020,-0.8100355639359211
SSP2_BaU_NoCC,KAZ,Emi_CO2_AFO,Mt CO2/yr,2025,-1.0361127673004318
SSP2_BaU_NoCC,KAZ,Emi_CO2_AFO,Mt CO2/yr,2030,-0.31690461964575434
SSP2_BaU_NoCC,KAZ,Emi_CO2_AFO,Mt CO2/yr,2040,6.460775984877349
SSP2_BaU_NoCC,KAZ,Emi_CO2_AFO,Mt CO2/yr,2050,11.455861218956723
SSP2_BaU_NoCC,KAZ,Emi_CO2_AFO,Mt CO2/yr,2060,9.32410405505222
SSP2_BaU_NoCC,KAZ,Emi_CO2_AFO,Mt CO2/yr,2070,6.409704462048503
SSP2_BaU_NoCC,KAZ,Emi_CO2_AFO,Mt CO2/yr,2080,3.7483521192599767
SSP2_BaU_NoCC,KAZ,Emi_CO2_AFO,Mt CO2/yr,2090,-0.15268770459749015
SSP2_BaU_NoCC,KAZ,Emi_CO2_AFO,Mt CO2/yr,2100,4.598200781918985
SSP2_BaU_NoCC,KEN,Emi_CO2_AFO,Mt CO2/yr,2005,-3.5277716712112226
SSP2_BaU_NoCC,KEN,Emi_CO2_AFO,Mt CO2/yr,2010,3.653358945955193
SSP2_BaU_NoCC,KEN,Emi_CO2_AFO,Mt CO2/yr,2015,37.4815299452853
SSP2_BaU_NoCC,KEN,Emi_CO2_AFO,Mt CO2/yr,2020,8.828509785681
SSP2_BaU_NoCC,KEN,Emi_CO2_AFO,Mt CO2/yr,2025,17.169536428491355
SSP2_BaU_NoCC,KEN,Emi_CO2_AFO,Mt CO2/yr,2030,44.36540785954633
SSP2_BaU_NoCC,KEN,Emi_CO2_AFO,Mt CO2/yr,2040,30.577202430690868
SSP2_BaU_NoCC,KEN,Emi_CO2_AFO,Mt CO2/yr,2050,16.098805916071466
SSP2_BaU_NoCC,KEN,Emi_CO2_AFO,Mt CO2/yr,2060,11.576984320886565
SSP2_BaU_NoCC,KEN,Emi_CO2_AFO,Mt CO2/yr,2070,9.939981403715933
SSP2_BaU_NoCC,KEN,Emi_CO2_AFO,Mt CO2/yr,2080,5.372122091481025
SSP2_BaU_NoCC,KEN,Emi_CO2_AFO,Mt CO2/yr,2090,-0.4830277283777393
SSP2_BaU_NoCC,KEN,Emi_CO2_AFO,Mt CO2/yr,2100,1.430121344837898
SSP2_BaU_NoCC,KIR,Emi_CO2_AFO,Mt CO2/yr,2015,-2.2652244141999986e-06
SSP2_BaU_NoCC,KIR,Emi_CO2_AFO,Mt CO2/yr,2020,2.2652244141999986e-06
SSP2_BaU_NoCC,KIR,Emi_CO2_AFO,Mt CO2/yr,2025,-2.2652244141999986e-06
SSP2_BaU_NoCC,KIR,Emi_CO2_AFO,Mt CO2/yr,2030,2.2652244141999986e-06
SSP2_BaU_NoCC,PRK,Emi_CO2_AFO,Mt CO2/yr,2005,-19.838995704079405
SSP2_BaU_NoCC,PRK,Emi_CO2_AFO,Mt CO2/yr,2010,-14.452994653938342
SSP2_BaU_NoCC,PRK,Emi_CO2_AFO,Mt CO2/yr,2015,-17.977321178953993
SSP2_BaU_NoCC,PRK,Emi_CO2_AFO,Mt CO2/yr,2020,-3.400656475210045
SSP2_BaU_NoCC,PRK,Emi_CO2_AFO,Mt CO2/yr,2025,-18.00143747561797
SSP2_BaU_NoCC,PRK,Emi_CO2_AFO,Mt CO2/yr,2030,-4.667043270549014
SSP2_BaU_NoCC,PRK,Emi_CO2_AFO,Mt CO2/yr,2040,-18.03095076725508
SSP2_BaU_NoCC,PRK,Emi_CO2_AFO,Mt CO2/yr,2050,-17.950294244409
SSP2_BaU_NoCC,PRK,Emi_CO2_AFO,Mt CO2/yr,2060,-17.60675743882403
SSP2_BaU_NoCC,PRK,Emi_CO2_AFO,Mt CO2/yr,2070,-17.328895846058337
SSP2_BaU_NoCC,PRK,Emi_CO2_AFO,Mt CO2/yr,2080,-15.530001219329801
SSP2_BaU_NoCC,PRK,Emi_CO2_AFO,Mt CO2/yr,2090,-15.584013226971942
SSP2_BaU_NoCC,PRK,Emi_CO2_AFO,Mt CO2/yr,2100,-16.398543753714986
SSP2_BaU_NoCC,KOR,Emi_CO2_AFO,Mt CO2/yr,2005,-21.13432027244381
SSP2_BaU_NoCC,KOR,Emi_CO2_AFO,Mt CO2/yr,2010,34.54850715033486
SSP2_BaU_NoCC,KOR,Emi_CO2_AFO,Mt CO2/yr,2015,-18.80812550985773
SSP2_BaU_NoCC,KOR,Emi_CO2_AFO,Mt CO2/yr,2020,16.883442706427893
SSP2_BaU_NoCC,KOR,Emi_CO2_AFO,Mt CO2/yr,2025,-18.789411142433917
SSP2_BaU_NoCC,KOR,Emi_CO2_AFO,Mt CO2/yr,2030,15.90338699015767
SSP2_BaU_NoCC,KOR,Emi_CO2_AFO,Mt CO2/yr,2040,-13.993147538189707
SSP2_BaU_NoCC,KOR,Emi_CO2_AFO,Mt CO2/yr,2050,-15.446235928741302
SSP2_BaU_NoCC,KOR,Emi_CO2_AFO,Mt CO2/yr,2060,-15.371382183970855
SSP2_BaU_NoCC,KOR,Emi_CO2_AFO,Mt CO2/yr,2070,-15.282359910225386
SSP2_BaU_NoCC,KOR,Emi_CO2_AFO,Mt CO2/yr,2080,-12.312887128702178
SSP2_BaU_NoCC,KOR,Emi_CO2_AFO,Mt CO2/yr,2090,-6.487665932154249
SSP2_BaU_NoCC,KOR,Emi_CO2_AFO,Mt CO2/yr,2100,-9.745758605854526
SSP2_BaU_NoCC,XKX,Emi_CO2_AFO,Mt CO2/yr,2005,-0.29036807264339975
SSP2_BaU_NoCC,XKX,Emi_CO2_AFO,Mt CO2/yr,2010,-0.2910850633033702
SSP2_BaU_NoCC,XKX,Emi_CO2_AFO,Mt CO2/yr,2015,0.5137073403632249
SSP2_BaU_NoCC,XKX,Emi_CO2_AFO,Mt CO2/yr,2020,1.1736074196574082
SSP2_BaU_NoCC,XKX,Emi_CO2_AFO,Mt CO2/yr,2025,0.5258252290308076
SSP2_BaU_NoCC,XKX,Emi_CO2_AFO,Mt CO2/yr,2030,0.9533520777694344
SSP2_BaU_NoCC,XKX,Emi_CO2_AFO,Mt CO2/yr,2040,0.6222281392068778
SSP2_BaU_NoCC,XKX,Emi_CO2_AFO,Mt CO2/yr,2050,0.45777329745308376
SSP2_BaU_NoCC,XKX,Emi_CO2_AFO,Mt CO2/yr,2060,0.1363683422614176
SSP2_BaU_NoCC,XKX,Emi_CO2_AFO,Mt CO2/yr,2070,0.0593448027396756
SSP2_BaU_NoCC,XKX,Emi_CO2_AFO,Mt CO2/yr,2080,1.610143198610352
SSP2_BaU_NoCC,XKX,Emi_CO2_AFO,Mt CO2/yr,2090,0.7579851561430689
SSP2_BaU_NoCC,XKX,Emi_CO2_AFO,Mt CO2/yr,2100,0.7444796353031343
SSP2_BaU_NoCC,KWT,Emi_CO2_AFO,Mt CO2/yr,2010,0.00044358185294480416
SSP2_BaU_NoCC,KWT,Emi_CO2_AFO,Mt CO2/yr,2015,-0.00584164617085834
SSP2_BaU_NoCC,KWT,Emi_CO2_AFO,Mt CO2/yr,2020,-0.03283595542523578
SSP2_BaU_NoCC,KWT,Emi_CO2_AFO,Mt CO2/yr,2025,-0.01642524924173659
SSP2_BaU_NoCC,KWT,Emi_CO2_AFO,Mt CO2/yr,2030,-0.022995298327922305
SSP2_BaU_NoCC,KWT,Emi_CO2_AFO,Mt CO2/yr,2040,-0.02283889655194282
SSP2_BaU_NoCC,KWT,Emi_CO2_AFO,Mt CO2/yr,2050,-0.01873310982510437
SSP2_BaU_NoCC,KWT,Emi_CO2_AFO,Mt CO2/yr,2060,-0.006337552269611565
SSP2_BaU_NoCC,KWT,Emi_CO2_AFO,Mt CO2/yr,2070,0.005954401136950052
SSP2_BaU_NoCC,KWT,Emi_CO2_AFO,Mt CO2/yr,2080,-5.787195043681321e-05
SSP2_BaU_NoCC,KWT,Emi_CO2_AFO,Mt CO2/yr,2090,-0.01186373611775542
SSP2_BaU_NoCC,KWT,Emi_CO2_AFO,Mt CO2/yr,2100,-0.035691688275054104
SSP2_BaU_NoCC,KGZ,Emi_CO2_AFO,Mt CO2/yr,2005,-0.09374513123252697
SSP2_BaU_NoCC,KGZ,Emi_CO2_AFO,Mt CO2/yr,2010,0.7233541076798046
SSP2_BaU_NoCC,KGZ,Emi_CO2_AFO,Mt CO2/yr,2015,0.6283510599684501
SSP2_BaU_NoCC,KGZ,Emi_CO2_AFO,Mt CO2/yr,2020,2.0303990127740774
SSP2_BaU_NoCC,KGZ,Emi_CO2_AFO,Mt CO2/yr,2025,0.22822946265917954
SSP2_BaU_NoCC,KGZ,Emi_CO2_AFO,Mt CO2/yr,2030,1.1000687172024288
SSP2_BaU_NoCC,KGZ,Emi_CO2_AFO,Mt CO2/yr,2040,0.12192517087697868
SSP2_BaU_NoCC,KGZ,Emi_CO2_AFO,Mt CO2/yr,2050,0.38731853578087055
SSP2_BaU_NoCC,KGZ,Emi_CO2_AFO,Mt CO2/yr,2060,0.11286517800782897
SSP2_BaU_NoCC,KGZ,Emi_CO2_AFO,Mt CO2/yr,2070,-0.18756639333390784
SSP2_BaU_NoCC,KGZ,Emi_CO2_AFO,Mt CO2/yr,2080,-0.3369861076105764
SSP2_BaU_NoCC,KGZ,Emi_CO2_AFO,Mt CO2/yr,2090,-0.535660860877573
SSP2_BaU_NoCC,KGZ,Emi_CO2_AFO,Mt CO2/yr,2100,-0.27515512155781174
SSP2_BaU_NoCC,LAO,Emi_CO2_AFO,Mt CO2/yr,2005,-69.83145001587314
SSP2_BaU_NoCC,LAO,Emi_CO2_AFO,Mt CO2/yr,2010,31.42332047594772
SSP2_BaU_NoCC,LAO,Emi_CO2_AFO,Mt CO2/yr,2015,-42.58613205666201
SSP2_BaU_NoCC,LAO,Emi_CO2_AFO,Mt CO2/yr,2020,-39.66048414144066
SSP2_BaU_NoCC,LAO,Emi_CO2_AFO,Mt CO2/yr,2025,-39.47621877616139
SSP2_BaU_NoCC,LAO,Emi_CO2_AFO,Mt CO2/yr,2030,-36.593421828634234
SSP2_BaU_NoCC,LAO,Emi_CO2_AFO,Mt CO2/yr,2040,-56.18152510618897
SSP2_BaU_NoCC,LAO,Emi_CO2_AFO,Mt CO2/yr,2050,-62.67253257263254
SSP2_BaU_NoCC,LAO,Emi_CO2_AFO,Mt CO2/yr,2060,-61.33589544175814
SSP2_BaU_NoCC,LAO,Emi_CO2_AFO,Mt CO2/yr,2070,-60.686178106330864
SSP2_BaU_NoCC,LAO,Emi_CO2_AFO,Mt CO2/yr,2080,-58.31539486911881
SSP2_BaU_NoCC,LAO,Emi_CO2_AFO,Mt CO2/yr,2090,-57.2418024316812
SSP2_BaU_NoCC,LAO,Emi_CO2_AFO,Mt CO2/yr,2100,-60.136562444583056
SSP2_BaU_NoCC,LVA,Emi_CO2_AFO,Mt CO2/yr,2005,-8.75526361992247
SSP2_BaU_NoCC,LVA,Emi_CO2_AFO,Mt CO2/yr,2010,-7.453240685947948
SSP2_BaU_NoCC,LVA,Emi_CO2_AFO,Mt CO2/yr,2015,-9.610293307489735
SSP2_BaU_NoCC,LVA,Emi_CO2_AFO,Mt CO2/yr,2020,-9.961831282066195
SSP2_BaU_NoCC,LVA,Emi_CO2_AFO,Mt CO2/yr,2025,-11.59074404545944
SSP2_BaU_NoCC,LVA,Emi_CO2_AFO,Mt CO2/yr,2030,-10.707973070202218
SSP2_BaU_NoCC,LVA,Emi_CO2_AFO,Mt CO2/yr,2040,-12.673108547869266
SSP2_BaU_NoCC,LVA,Emi_CO2_AFO,Mt CO2/yr,2050,-13.065384082439609
SSP2_BaU_NoCC,LVA,Emi_CO2_AFO,Mt CO2/yr,2060,-13.20563352518793
SSP2_BaU_NoCC,LVA,Emi_CO2_AFO,Mt CO2/yr,2070,-13.350464211883661
SSP2_BaU_NoCC,LVA,Emi_CO2_AFO,Mt CO2/yr,2080,-13.489479835678118
SSP2_BaU_NoCC,LVA,Emi_CO2_AFO,Mt CO2/yr,2090,-13.565686422052448
SSP2_BaU_NoCC,LVA,Emi_CO2_AFO,Mt CO2/yr,2100,-13.80400773577855
SSP2_BaU_NoCC,LBN,Emi_CO2_AFO,Mt CO2/yr,2005,-1.918286438226739
SSP2_BaU_NoCC,LBN,Emi_CO2_AFO,Mt CO2/yr,2010,-1.8727989472598632
SSP2_BaU_NoCC,LBN,Emi_CO2_AFO,Mt CO2/yr,2015,-2.2262004654419316
SSP2_BaU_NoCC,LBN,Emi_CO2_AFO,Mt CO2/yr,2020,2.6500832746167386
SSP2_BaU_NoCC,LBN,Emi_CO2_AFO,Mt CO2/yr,2025,-2.1468609684265605
SSP2_BaU_NoCC,LBN,Emi_CO2_AFO,Mt CO2/yr,2030,2.5166471438142106
SSP2_BaU_NoCC,LBN,Emi_CO2_AFO,Mt CO2/yr,2040,-0.015149160880932877
SSP2_BaU_NoCC,LBN,Emi_CO2_AFO,Mt CO2/yr,2050,-0.3317332735449331
SSP2_BaU_NoCC,LBN,Emi_CO2_AFO,Mt CO2/yr,2060,-0.7257962490801617
SSP2_BaU_NoCC,LBN,Emi_CO2_AFO,Mt CO2/yr,2070,-0.8825911618120619
SSP2_BaU_NoCC,LBN,Emi_CO2_AFO,Mt CO2/yr,2080,-0.9702957549187817
SSP2_BaU_NoCC,LBN,Emi_CO2_AFO,Mt CO2/yr,2090,-0.5100876307230764
SSP2_BaU_NoCC,LBN,Emi_CO2_AFO,Mt CO2/yr,2100,0.026822164457265152
SSP2_BaU_NoCC,LSO,Emi_CO2_AFO,Mt CO2/yr,2010,0.12450374035443132
SSP2_BaU_NoCC,LSO,Emi_CO2_AFO,Mt CO2/yr,2015,3.2800734006171868
SSP2_BaU_NoCC,LSO,Emi_CO2_AFO,Mt CO2/yr,2020,0.7282984032900712
SSP2_BaU_NoCC,LSO,Emi_CO2_AFO,Mt CO2/yr,2025,0.6929315080039422
SSP2_BaU_NoCC,LSO,Emi_CO2_AFO,Mt CO2/yr,2030,0.6369133247523866
SSP2_BaU_NoCC,LSO,Emi_CO2_AFO,Mt CO2/yr,2040,0.05614074151309756
SSP2_BaU_NoCC,LSO,Emi_CO2_AFO,Mt CO2/yr,2050,-0.02116020721054344
SSP2_BaU_NoCC,LSO,Emi_CO2_AFO,Mt CO2/yr,2060,-0.01552056261564944
SSP2_BaU_NoCC,LSO,Emi_CO2_AFO,Mt CO2/yr,2070,0.008791864306296433
SSP2_BaU_NoCC,LSO,Emi_CO2_AFO,Mt CO2/yr,2080,0.009406029183640608
SSP2_BaU_NoCC,LSO,Emi_CO2_AFO,Mt CO2/yr,2090,0.012123624254140722
SSP2_BaU_NoCC,LSO,Emi_CO2_AFO,Mt CO2/yr,2100,0.11271173063299204
SSP2_BaU_NoCC,LBR,Emi_CO2_AFO,Mt CO2/yr,2005,-8.829927157404784
SSP2_BaU_NoCC,LBR,Emi_CO2_AFO,Mt CO2/yr,2010,-7.395127047746533
SSP2_BaU_NoCC,LBR,Emi_CO2_AFO,Mt CO2/yr,2015,2.0926048570680713
SSP2_BaU_NoCC,LBR,Emi_CO2_AFO,Mt CO2/yr,2020,3.7529987801810663
SSP2_BaU_NoCC,LBR,Emi_CO2_AFO,Mt CO2/yr,2025,-1.6008202984679984
SSP2_BaU_NoCC,LBR,Emi_CO2_AFO,Mt CO2/yr,2030,32.39841946277325
SSP2_BaU_NoCC,LBR,Emi_CO2_AFO,Mt CO2/yr,2040,22.51976258029141
SSP2_BaU_NoCC,LBR,Emi_CO2_AFO,Mt CO2/yr,2050,9.963975318752105
SSP2_BaU_NoCC,LBR,Emi_CO2_AFO,Mt CO2/yr,2060,7.403649536664819
SSP2_BaU_NoCC,LBR,Emi_CO2_AFO,Mt CO2/yr,2070,5.074363298876319
SSP2_BaU_NoCC,LBR,Emi_CO2_AFO,Mt CO2/yr,2080,3.058086897785655
SSP2_BaU_NoCC,LBR,Emi_CO2_AFO,Mt CO2/yr,2090,-4.130388749355514
SSP2_BaU_NoCC,LBR,Emi_CO2_AFO,Mt CO2/yr,2100,-4.715037723210855
SSP2_BaU_NoCC,LBY,Emi_CO2_AFO,Mt CO2/yr,2005,-0.9698884821851375
SSP2_BaU_NoCC,LBY,Emi_CO2_AFO,Mt CO2/yr,2010,-1.0393362825927313
SSP2_BaU_NoCC,LBY,Emi_CO2_AFO,Mt CO2/yr,2015,-1.7653541326635416
SSP2_BaU_NoCC,LBY,Emi_CO2_AFO,Mt CO2/yr,2020,-1.975456813739823
SSP2_BaU_NoCC,LBY,Emi_CO2_AFO,Mt CO2/yr,2025,-1.993396516715379
SSP2_BaU_NoCC,LBY,Emi_CO2_AFO,Mt CO2/yr,2030,-2.6907963329412663
SSP2_BaU_NoCC,LBY,Emi_CO2_AFO,Mt CO2/yr,2040,-2.8127153784390897
SSP2_BaU_NoCC,LBY,Emi_CO2_AFO,Mt CO2/yr,2050,-1.3175019297773232
SSP2_BaU_NoCC,LBY,Emi_CO2_AFO,Mt CO2/yr,2060,-0.4748950067162796
SSP2_BaU_NoCC,LBY,Emi_CO2_AFO,Mt CO2/yr,2070,-0.1276197804068679
SSP2_BaU_NoCC,LBY,Emi_CO2_AFO,Mt CO2/yr,2080,0.270344277402112
SSP2_BaU_NoCC,LBY,Emi_CO2_AFO,Mt CO2/yr,2090,0.08502592114232199
SSP2_BaU_NoCC,LBY,Emi_CO2_AFO,Mt CO2/yr,2100,-0.08321463750599073
SSP2_BaU_NoCC,LIE,Emi_CO2_AFO,Mt CO2/yr,2005,-0.12695302647185905
SSP2_BaU_NoCC,LIE,Emi_CO2_AFO,Mt CO2/yr,2010,1.0147736851097566
SSP2_BaU_NoCC,LIE,Emi_CO2_AFO,Mt CO2/yr,2015,-0.0483016855042985
SSP2_BaU_NoCC,LIE,Emi_CO2_AFO,Mt CO2/yr,2020,-0.05859023907697708
SSP2_BaU_NoCC,LIE,Emi_CO2_AFO,Mt CO2/yr,2025,0.0271321069915218
SSP2_BaU_NoCC,LIE,Emi_CO2_AFO,Mt CO2/yr,2030,0.03973014041291471
SSP2_BaU_NoCC,LIE,Emi_CO2_AFO,Mt CO2/yr,2040,-0.026755011677284453
SSP2_BaU_NoCC,LIE,Emi_CO2_AFO,Mt CO2/yr,2050,-0.040412265455881606
SSP2_BaU_NoCC,LIE,Emi_CO2_AFO,Mt CO2/yr,2060,-0.021680312196124325
SSP2_BaU_NoCC,LIE,Emi_CO2_AFO,Mt CO2/yr,2070,-0.013127565247645797
SSP2_BaU_NoCC,LIE,Emi_CO2_AFO,Mt CO2/yr,2080,-0.008357649881893726
SSP2_BaU_NoCC,LIE,Emi_CO2_AFO,Mt CO2/yr,2090,0.011680018631134569
SSP2_BaU_NoCC,LIE,Emi_CO2_AFO,Mt CO2/yr,2100,0.029540067265440135
SSP2_BaU_NoCC,LTU,Emi_CO2_AFO,Mt CO2/yr,2005,-6.029868857033563
SSP2_BaU_NoCC,LTU,Emi_CO2_AFO,Mt CO2/yr,2010,-4.69167787110994
SSP2_BaU_NoCC,LTU,Emi_CO2_AFO,Mt CO2/yr,2015,-6.847030915860483
SSP2_BaU_NoCC,LTU,Emi_CO2_AFO,Mt CO2/yr,2020,-6.789368296376363
SSP2_BaU_NoCC,LTU,Emi_CO2_AFO,Mt CO2/yr,2025,-9.32424092038366
SSP2_BaU_NoCC,LTU,Emi_CO2_AFO,Mt CO2/yr,2030,-8.737066245174466
SSP2_BaU_NoCC,LTU,Emi_CO2_AFO,Mt CO2/yr,2040,-10.844892061368723
SSP2_BaU_NoCC,LTU,Emi_CO2_AFO,Mt CO2/yr,2050,-11.300326791913143
SSP2_BaU_NoCC,LTU,Emi_CO2_AFO,Mt CO2/yr,2060,-11.246415900002615
SSP2_BaU_NoCC,LTU,Emi_CO2_AFO,Mt CO2/yr,2070,-11.220813236986597
SSP2_BaU_NoCC,LTU,Emi_CO2_AFO,Mt CO2/yr,2080,-11.446534722873926
SSP2_BaU_NoCC,LTU,Emi_CO2_AFO,Mt CO2/yr,2090,-11.806483896495822
SSP2_BaU_NoCC,LTU,Emi_CO2_AFO,Mt CO2/yr,2100,-12.331944022064407
SSP2_BaU_NoCC,LUX,Emi_CO2_AFO,Mt CO2/yr,2005,-1.7068353397195974
SSP2_BaU_NoCC,LUX,Emi_CO2_AFO,Mt CO2/yr,2010,0.5314093538238258
SSP2_BaU_NoCC,LUX,Emi_CO2_AFO,Mt CO2/yr,2015,-0.5155885539844298
SSP2_BaU_NoCC,LUX,Emi_CO2_AFO,Mt CO2/yr,2020,2.3646335199263975
SSP2_BaU_NoCC,LUX,Emi_CO2_AFO,Mt CO2/yr,2025,-2.0113086945655243
SSP2_BaU_NoCC,LUX,Emi_CO2_AFO,Mt CO2/yr,2030,2.268072095831188
SSP2_BaU_NoCC,LUX,Emi_CO2_AFO,Mt CO2/yr,2040,-1.0653300228810267
SSP2_BaU_NoCC,LUX,Emi_CO2_AFO,Mt CO2/yr,2050,-0.3932959678453116
SSP2_BaU_NoCC,LUX,Emi_CO2_AFO,Mt CO2/yr,2060,-0.2949744942179915
SSP2_BaU_NoCC,LUX,Emi_CO2_AFO,Mt CO2/yr,2070,-0.0515811883155759
SSP2_BaU_NoCC,LUX,Emi_CO2_AFO,Mt CO2/yr,2080,0.1508837820557356
SSP2_BaU_NoCC,LUX,Emi_CO2_AFO,Mt CO2/yr,2090,-0.7667007886781882
SSP2_BaU_NoCC,LUX,Emi_CO2_AFO,Mt CO2/yr,2100,-0.8968113691406553
SSP2_BaU_NoCC,MAC,Emi_CO2_AFO,Mt CO2/yr,2010,1.0709266325950986e-08
SSP2_BaU_NoCC,MAC,Emi_CO2_AFO,Mt CO2/yr,2020,0.00036339801942674935
SSP2_BaU_NoCC,MAC,Emi_CO2_AFO,Mt CO2/yr,2025,0.0014378605617145013
SSP2_BaU_NoCC,MAC,Emi_CO2_AFO,Mt CO2/yr,2030,0.0009213424532940836
SSP2_BaU_NoCC,MAC,Emi_CO2_AFO,Mt CO2/yr,2040,0.0008387519943334588
SSP2_BaU_NoCC,MAC,Emi_CO2_AFO,Mt CO2/yr,2050,0.0008828002391124581
SSP2_BaU_NoCC,MAC,Emi_CO2_AFO,Mt CO2/yr,2060,0.0009137388872310425
SSP2_BaU_NoCC,MAC,Emi_CO2_AFO,Mt CO2/yr,2070,0.0007711064755657084
SSP2_BaU_NoCC,MAC,Emi_CO2_AFO,Mt CO2/yr,2080,0.0005372270800100134
SSP2_BaU_NoCC,MAC,Emi_CO2_AFO,Mt CO2/yr,2090,4.548305017482386e-19
SSP2_BaU_NoCC,MAC,Emi_CO2_AFO,Mt CO2/yr,2100,9.096610034964771e-19
SSP2_BaU_NoCC,MDG,Emi_CO2_AFO,Mt CO2/yr,2005,-5.061558658260688
SSP2_BaU_NoCC,MDG,Emi_CO2_AFO,Mt CO2/yr,2010,9.224336884534722
SSP2_BaU_NoCC,MDG,Emi_CO2_AFO,Mt CO2/yr,2015,110.32780456939165
SSP2_BaU_NoCC,MDG,Emi_CO2_AFO,Mt CO2/yr,2020,23.416845250027205
SSP2_BaU_NoCC,MDG,Emi_CO2_AFO,Mt CO2/yr,2025,40.390696143957484
SSP2_BaU_NoCC,MDG,Emi_CO2_AFO,Mt CO2/yr,2030,70.37199830614888
SSP2_BaU_NoCC,MDG,Emi_CO2_AFO,Mt CO2/yr,2040,53.90181470886006
SSP2_BaU_NoCC,MDG,Emi_CO2_AFO,Mt CO2/yr,2050,23.809920891307854
SSP2_BaU_NoCC,MDG,Emi_CO2_AFO,Mt CO2/yr,2060,15.518433005452508
SSP2_BaU_NoCC,MDG,Emi_CO2_AFO,Mt CO2/yr,2070,10.967859668211087
SSP2_BaU_NoCC,MDG,Emi_CO2_AFO,Mt CO2/yr,2080,9.12483450300113
SSP2_BaU_NoCC,MDG,Emi_CO2_AFO,Mt CO2/yr,2090,-0.6174148909013528
SSP2_BaU_NoCC,MDG,Emi_CO2_AFO,Mt CO2/yr,2100,0.1819870246804356
SSP2_BaU_NoCC,MWI,Emi_CO2_AFO,Mt CO2/yr,2005,-5.874292362753892
SSP2_BaU_NoCC,MWI,Emi_CO2_AFO,Mt CO2/yr,2010,2.742271868686882
SSP2_BaU_NoCC,MWI,Emi_CO2_AFO,Mt CO2/yr,2015,67.0217774276499
SSP2_BaU_NoCC,MWI,Emi_CO2_AFO,Mt CO2/yr,2020,5.706534765025887
SSP2_BaU_NoCC,MWI,Emi_CO2_AFO,Mt CO2/yr,2025,9.627240757352144
SSP2_BaU_NoCC,MWI,Emi_CO2_AFO,Mt CO2/yr,2030,32.58536892290467
SSP2_BaU_NoCC,MWI,Emi_CO2_AFO,Mt CO2/yr,2040,30.173900579863265
SSP2_BaU_NoCC,MWI,Emi_CO2_AFO,Mt CO2/yr,2050,15.372199402471558
SSP2_BaU_NoCC,MWI,Emi_CO2_AFO,Mt CO2/yr,2060,13.752510856453714
SSP2_BaU_NoCC,MWI,Emi_CO2_AFO,Mt CO2/yr,2070,6.665147043572487
SSP2_BaU_NoCC,MWI,Emi_CO2_AFO,Mt CO2/yr,2080,7.378090157426378
SSP2_BaU_NoCC,MWI,Emi_CO2_AFO,Mt CO2/yr,2090,-0.7145536810492084
SSP2_BaU_NoCC,MWI,Emi_CO2_AFO,Mt CO2/yr,2100,1.7164804508788016
SSP2_BaU_NoCC,MYS,Emi_CO2_AFO,Mt CO2/yr,2005,-40.75238561197557
SSP2_BaU_NoCC,MYS,Emi_CO2_AFO,Mt CO2/yr,2010,65.84516074538504
SSP2_BaU_NoCC,MYS,Emi_CO2_AFO,Mt CO2/yr,2015,-7.0201566558013795
SSP2_BaU_NoCC,MYS,Emi_CO2_AFO,Mt CO2/yr,2020,10.764241581353268
SSP2_BaU_NoCC,MYS,Emi_CO2_AFO,Mt CO2/yr,2025,-19.192526540163893
SSP2_BaU_NoCC,MYS,Emi_CO2_AFO,Mt CO2/yr,2030,5.138614304314451
SSP2_BaU_NoCC,MYS,Emi_CO2_AFO,Mt CO2/yr,2040,-19.173799381924027
SSP2_BaU_NoCC,MYS,Emi_CO2_AFO,Mt CO2/yr,2050,-33.86559644825875
SSP2_BaU_NoCC,MYS,Emi_CO2_AFO,Mt CO2/yr,2060,-33.54756496533852
SSP2_BaU_NoCC,MYS,Emi_CO2_AFO,Mt CO2/yr,2070,-33.358825867305626
SSP2_BaU_NoCC,MYS,Emi_CO2_AFO,Mt CO2/yr,2080,-32.14460671417241
SSP2_BaU_NoCC,MYS,Emi_CO2_AFO,Mt CO2/yr,2090,-31.57840600235894
SSP2_BaU_NoCC,MYS,Emi_CO2_AFO,Mt CO2/yr,2100,-30.3378522768185
SSP2_BaU_NoCC,MLI,Emi_CO2_AFO,Mt CO2/yr,2005,-0.4518420660831923
SSP2_BaU_NoCC,MLI,Emi_CO2_AFO,Mt CO2/yr,2010,-1.1384812216582616
SSP2_BaU_NoCC,MLI,Emi_CO2_AFO,Mt CO2/yr,2015,2.019454505748623
SSP2_BaU_NoCC,MLI,Emi_CO2_AFO,Mt CO2/yr,2020,1.6079243541380857
SSP2_BaU_NoCC,MLI,Emi_CO2_AFO,Mt CO2/yr,2025,2.608689959729899
SSP2_BaU_NoCC,MLI,Emi_CO2_AFO,Mt CO2/yr,2030,5.851402519745582
SSP2_BaU_NoCC,MLI,Emi_CO2_AFO,Mt CO2/yr,2040,4.383063290041842
SSP2_BaU_NoCC,MLI,Emi_CO2_AFO,Mt CO2/yr,2050,0.5856836494556501
SSP2_BaU_NoCC,MLI,Emi_CO2_AFO,Mt CO2/yr,2060,0.2771901390881246
SSP2_BaU_NoCC,MLI,Emi_CO2_AFO,Mt CO2/yr,2070,0.010433406127388078
SSP2_BaU_NoCC,MLI,Emi_CO2_AFO,Mt CO2/yr,2080,-0.04989887684547478
SSP2_BaU_NoCC,MLI,Emi_CO2_AFO,Mt CO2/yr,2090,0.1714299264591476
SSP2_BaU_NoCC,MLI,Emi_CO2_AFO,Mt CO2/yr,2100,1.7962169548755011
SSP2_BaU_NoCC,MRT,Emi_CO2_AFO,Mt CO2/yr,2010,-1.5948612028777849
SSP2_BaU_NoCC,MRT,Emi_CO2_AFO,Mt CO2/yr,2015,-16.77402517398027
SSP2_BaU_NoCC,MRT,Emi_CO2_AFO,Mt CO2/yr,2020,-2.825696517975171
SSP2_BaU_NoCC,MRT,Emi_CO2_AFO,Mt CO2/yr,2025,-2.3216150527139074
SSP2_BaU_NoCC,MRT,Emi_CO2_AFO,Mt CO2/yr,2030,-1.3523375457669307
SSP2_BaU_NoCC,MRT,Emi_CO2_AFO,Mt CO2/yr,2040,-0.5157997173427583
SSP2_BaU_NoCC,MRT,Emi_CO2_AFO,Mt CO2/yr,2050,-0.1740460694325987
SSP2_BaU_NoCC,MRT,Emi_CO2_AFO,Mt CO2/yr,2060,-0.10377331002734386
SSP2_BaU_NoCC,MRT,Emi_CO2_AFO,Mt CO2/yr,2070,-0.1039295703711618
SSP2_BaU_NoCC,MRT,Emi_CO2_AFO,Mt CO2/yr,2080,-0.0683257577177169
SSP2_BaU_NoCC,MRT,Emi_CO2_AFO,Mt CO2/yr,2090,0.4229091640297165
SSP2_BaU_NoCC,MRT,Emi_CO2_AFO,Mt CO2/yr,2100,1.34287672391411
SSP2_BaU_NoCC,MUS,Emi_CO2_AFO,Mt CO2/yr,2010,-7.990112218860466e-08
SSP2_BaU_NoCC,MUS,Emi_CO2_AFO,Mt CO2/yr,2015,6.336099699847654e-10
SSP2_BaU_NoCC,MUS,Emi_CO2_AFO,Mt CO2/yr,2030,-1.1526184882839487e-19
SSP2_BaU_NoCC,MUS,Emi_CO2_AFO,Mt CO2/yr,2040,5.763092441419743e-20
SSP2_BaU_NoCC,MUS,Emi_CO2_AFO,Mt CO2/yr,2060,5.763092441419743e-20
SSP2_BaU_NoCC,MUS,Emi_CO2_AFO,Mt CO2/yr,2080,5.763092441419743e-20
SSP2_BaU_NoCC,MUS,Emi_CO2_AFO,Mt CO2/yr,2090,5.763092441419743e-20
SSP2_BaU_NoCC,MUS,Emi_CO2_AFO,Mt CO2/yr,2100,9.036374763899985e-06
SSP2_BaU_NoCC,MEX,Emi_CO2_AFO,Mt CO2/yr,2005,-75.92234877324877
SSP2_BaU_NoCC,MEX,Emi_CO2_AFO,Mt CO2/yr,2010,51.330266463750235
SSP2_BaU_NoCC,MEX,Emi_CO2_AFO,Mt CO2/yr,2015,-56.67135051451462
SSP2_BaU_NoCC,MEX,Emi_CO2_AFO,Mt CO2/yr,2020,37.78188788641394
SSP2_BaU_NoCC,MEX,Emi_CO2_AFO,Mt CO2/yr,2025,-56.6753679574761
SSP2_BaU_NoCC,MEX,Emi_CO2_AFO,Mt CO2/yr,2030,60.172333614376214
SSP2_BaU_NoCC,MEX,Emi_CO2_AFO,Mt CO2/yr,2040,-27.24294238190076
SSP2_BaU_NoCC,MEX,Emi_CO2_AFO,Mt CO2/yr,2050,-57.37462936348129
SSP2_BaU_NoCC,MEX,Emi_CO2_AFO,Mt CO2/yr,2060,-56.30956455900512
SSP2_BaU_NoCC,MEX,Emi_CO2_AFO,Mt CO2/yr,2070,-56.73605256369267
SSP2_BaU_NoCC,MEX,Emi_CO2_AFO,Mt CO2/yr,2080,-57.410606358463326
SSP2_BaU_NoCC,MEX,Emi_CO2_AFO,Mt CO2/yr,2090,-55.225670058398904
SSP2_BaU_NoCC,MEX,Emi_CO2_AFO,Mt CO2/yr,2100,-53.86221750000885
SSP2_BaU_NoCC,FSM,Emi_CO2_AFO,Mt CO2/yr,2015,-6.864246451553328e-05
SSP2_BaU_NoCC,FSM,Emi_CO2_AFO,Mt CO2/yr,2020,6.864246451553328e-05
SSP2_BaU_NoCC,FSM,Emi_CO2_AFO,Mt CO2/yr,2025,-0.00013278378381693324
SSP2_BaU_NoCC,FSM,Emi_CO2_AFO,Mt CO2/yr,2030,0.00013278378381693324
SSP2_BaU_NoCC,MDA,Emi_CO2_AFO,Mt CO2/yr,2005,-0.011966765829752151
SSP2_BaU_NoCC,MDA,Emi_CO2_AFO,Mt CO2/yr,2010,0.41450571934100966
SSP2_BaU_NoCC,MDA,Emi_CO2_AFO,Mt CO2/yr,2015,-0.029653622146527336
SSP2_BaU_NoCC,MDA,Emi_CO2_AFO,Mt CO2/yr,2020,0.3630020462864363
SSP2_BaU_NoCC,MDA,Emi_CO2_AFO,Mt CO2/yr,2025,-0.031416328745434687
SSP2_BaU_NoCC,MDA,Emi_CO2_AFO,Mt CO2/yr,2030,0.22596507536723548
SSP2_BaU_NoCC,MDA,Emi_CO2_AFO,Mt CO2/yr,2040,-0.024873271081177456
SSP2_BaU_NoCC,MDA,Emi_CO2_AFO,Mt CO2/yr,2050,-0.1077936410846124
SSP2_BaU_NoCC,MDA,Emi_CO2_AFO,Mt CO2/yr,2060,0.010410392807757789
SSP2_BaU_NoCC,MDA,Emi_CO2_AFO,Mt CO2/yr,2070,0.027432850540098926
SSP2_BaU_NoCC,MDA,Emi_CO2_AFO,Mt CO2/yr,2080,0.02582842781854467
SSP2_BaU_NoCC,MDA,Emi_CO2_AFO,Mt CO2/yr,2090,0.02572187041697189
SSP2_BaU_NoCC,MDA,Emi_CO2_AFO,Mt CO2/yr,2100,0.034596198795615506
SSP2_BaU_NoCC,MCO,Emi_CO2_AFO,Mt CO2/yr,2005,-0.005896279046753037
SSP2_BaU_NoCC,MCO,Emi_CO2_AFO,Mt CO2/yr,2010,0.2492831703353778
SSP2_BaU_NoCC,MCO,Emi_CO2_AFO,Mt CO2/yr,2015,-0.0002713621194363234
SSP2_BaU_NoCC,MCO,Emi_CO2_AFO,Mt CO2/yr,2020,-0.000316222390255369
SSP2_BaU_NoCC,MCO,Emi_CO2_AFO,Mt CO2/yr,2025,0.013367380532258904
SSP2_BaU_NoCC,MCO,Emi_CO2_AFO,Mt CO2/yr,2030,3.069527038874957e-05
SSP2_BaU_NoCC,MCO,Emi_CO2_AFO,Mt CO2/yr,2040,-1.2687378427349562e-05
SSP2_BaU_NoCC,MCO,Emi_CO2_AFO,Mt CO2/yr,2050,0.0016864022638262914
SSP2_BaU_NoCC,MCO,Emi_CO2_AFO,Mt CO2/yr,2060,-0.0006716125161058495
SSP2_BaU_NoCC,MCO,Emi_CO2_AFO,Mt CO2/yr,2070,-0.0003667092574531258
SSP2_BaU_NoCC,MCO,Emi_CO2_AFO,Mt CO2/yr,2080,-0.00019338020344912465
SSP2_BaU_NoCC,MCO,Emi_CO2_AFO,Mt CO2/yr,2090,-0.00012993965734373414
SSP2_BaU_NoCC,MCO,Emi_CO2_AFO,Mt CO2/yr,2100,-7.244083811745008e-05
SSP2_BaU_NoCC,MNG,Emi_CO2_AFO,Mt CO2/yr,2005,-1.3558943261629213
SSP2_BaU_NoCC,MNG,Emi_CO2_AFO,Mt CO2/yr,2010,-1.1578409624929153
SSP2_BaU_NoCC,MNG,Emi_CO2_AFO,Mt CO2/yr,2015,19.603813282228405
SSP2_BaU_NoCC,MNG,Emi_CO2_AFO,Mt CO2/yr,2020,0.10322802563196021
SSP2_BaU_NoCC,MNG,Emi_CO2_AFO,Mt CO2/yr,2025,-0.2912349684393618
SSP2_BaU_NoCC,MNG,Emi_CO2_AFO,Mt CO2/yr,2030,2.2398695062217175
SSP2_BaU_NoCC,MNG,Emi_CO2_AFO,Mt CO2/yr,2040,-4.954940061021296
SSP2_BaU_NoCC,MNG,Emi_CO2_AFO,Mt CO2/yr,2050,-3.6819174169949003
SSP2_BaU_NoCC,MNG,Emi_CO2_AFO,Mt CO2/yr,2060,-1.7714829769573752
SSP2_BaU_NoCC,MNG,Emi_CO2_AFO,Mt CO2/yr,2070,-0.0625473829340768
SSP2_BaU_NoCC,MNG,Emi_CO2_AFO,Mt CO2/yr,2080,-0.19109703834798264
SSP2_BaU_NoCC,MNG,Emi_CO2_AFO,Mt CO2/yr,2090,-0.9812748164613525
SSP2_BaU_NoCC,MNG,Emi_CO2_AFO,Mt CO2/yr,2100,-1.1745174134240117
SSP2_BaU_NoCC,MNE,Emi_CO2_AFO,Mt CO2/yr,2005,-4.927178534824508
SSP2_BaU_NoCC,MNE,Emi_CO2_AFO,Mt CO2/yr,2010,7.862103235787167
SSP2_BaU_NoCC,MNE,Emi_CO2_AFO,Mt CO2/yr,2015,-4.437883983502352
SSP2_BaU_NoCC,MNE,Emi_CO2_AFO,Mt CO2/yr,2020,-3.025632386760674
SSP2_BaU_NoCC,MNE,Emi_CO2_AFO,Mt CO2/yr,2025,-4.338945431331854
SSP2_BaU_NoCC,MNE,Emi_CO2_AFO,Mt CO2/yr,2030,-0.3977825770002337
SSP2_BaU_NoCC,MNE,Emi_CO2_AFO,Mt CO2/yr,2040,-4.316288129185706
SSP2_BaU_NoCC,MNE,Emi_CO2_AFO,Mt CO2/yr,2050,-4.5485374510318115
SSP2_BaU_NoCC,MNE,Emi_CO2_AFO,Mt CO2/yr,2060,-4.618224043595571
SSP2_BaU_NoCC,MNE,Emi_CO2_AFO,Mt CO2/yr,2070,-4.663692757416742
SSP2_BaU_NoCC,MNE,Emi_CO2_AFO,Mt CO2/yr,2080,-4.679522903603714
SSP2_BaU_NoCC,MNE,Emi_CO2_AFO,Mt CO2/yr,2090,-4.564142416021075
SSP2_BaU_NoCC,MNE,Emi_CO2_AFO,Mt CO2/yr,2100,-3.7088036993936275
SSP2_BaU_NoCC,MAR,Emi_CO2_AFO,Mt CO2/yr,2005,-5.748079043441333
SSP2_BaU_NoCC,MAR,Emi_CO2_AFO,Mt CO2/yr,2010,-4.859735318718478
SSP2_BaU_NoCC,MAR,Emi_CO2_AFO,Mt CO2/yr,2015,-6.292577406140024
SSP2_BaU_NoCC,MAR,Emi_CO2_AFO,Mt CO2/yr,2020,-5.0513397353597735
SSP2_BaU_NoCC,MAR,Emi_CO2_AFO,Mt CO2/yr,2025,-6.1737221227762635
SSP2_BaU_NoCC,MAR,Emi_CO2_AFO,Mt CO2/yr,2030,-0.34988000508196215
SSP2_BaU_NoCC,MAR,Emi_CO2_AFO,Mt CO2/yr,2040,-0.8035211101093127
SSP2_BaU_NoCC,MAR,Emi_CO2_AFO,Mt CO2/yr,2050,-1.931841505963787
SSP2_BaU_NoCC,MAR,Emi_CO2_AFO,Mt CO2/yr,2060,-2.089907442147645
SSP2_BaU_NoCC,MAR,Emi_CO2_AFO,Mt CO2/yr,2070,-1.7815312864778061
SSP2_BaU_NoCC,MAR,Emi_CO2_AFO,Mt CO2/yr,2080,-1.5343042487393328
SSP2_BaU_NoCC,MAR,Emi_CO2_AFO,Mt CO2/yr,2090,-2.2683971814451107
SSP2_BaU_NoCC,MAR,Emi_CO2_AFO,Mt CO2/yr,2100,-3.419434272224427
SSP2_BaU_NoCC,MOZ,Emi_CO2_AFO,Mt CO2/yr,2005,-32.22319012096595
SSP2_BaU_NoCC,MOZ,Emi_CO2_AFO,Mt CO2/yr,2010,-3.854761043071729
SSP2_BaU_NoCC,MOZ,Emi_CO2_AFO,Mt CO2/yr,2015,110.25535771418508
SSP2_BaU_NoCC,MOZ,Emi_CO2_AFO,Mt CO2/yr,2020,35.71184934677268
SSP2_BaU_NoCC,MOZ,Emi_CO2_AFO,Mt CO2/yr,2025,73.98331297791749
SSP2_BaU_NoCC,MOZ,Emi_CO2_AFO,Mt CO2/yr,2030,151.50303023093414
SSP2_BaU_NoCC,MOZ,Emi_CO2_AFO,Mt CO2/yr,2040,117.17591654976859
SSP2_BaU_NoCC,MOZ,Emi_CO2_AFO,Mt CO2/yr,2050,54.17592887530285
SSP2_BaU_NoCC,MOZ,Emi_CO2_AFO,Mt CO2/yr,2060,34.18488539668856
SSP2_BaU_NoCC,MOZ,Emi_CO2_AFO,Mt CO2/yr,2070,21.63774159718041
SSP2_BaU_NoCC,MOZ,Emi_CO2_AFO,Mt CO2/yr,2080,16.149325403732263
SSP2_BaU_NoCC,MOZ,Emi_CO2_AFO,Mt CO2/yr,2090,-8.147130269233468
SSP2_BaU_NoCC,MOZ,Emi_CO2_AFO,Mt CO2/yr,2100,-6.954900285413434
SSP2_BaU_NoCC,MMR,Emi_CO2_AFO,Mt CO2/yr,2005,-122.86769445170921
SSP2_BaU_NoCC,MMR,Emi_CO2_AFO,Mt CO2/yr,2010,51.67050167330555
SSP2_BaU_NoCC,MMR,Emi_CO2_AFO,Mt CO2/yr,2015,-91.93071023960039
SSP2_BaU_NoCC,MMR,Emi_CO2_AFO,Mt CO2/yr,2020,-57.49248620427401
SSP2_BaU_NoCC,MMR,Emi_CO2_AFO,Mt CO2/yr,2025,-53.762599942625215
SSP2_BaU_NoCC,MMR,Emi_CO2_AFO,Mt CO2/yr,2030,-31.956237138107824
SSP2_BaU_NoCC,MMR,Emi_CO2_AFO,Mt CO2/yr,2040,-81.49168578235157
SSP2_BaU_NoCC,MMR,Emi_CO2_AFO,Mt CO2/yr,2050,-98.04841523777444
SSP2_BaU_NoCC,MMR,Emi_CO2_AFO,Mt CO2/yr,2060,-97.90197285842686
SSP2_BaU_NoCC,MMR,Emi_CO2_AFO,Mt CO2/yr,2070,-94.32964521230038
SSP2_BaU_NoCC,MMR,Emi_CO2_AFO,Mt CO2/yr,2080,-83.91886396876322
SSP2_BaU_NoCC,MMR,Emi_CO2_AFO,Mt CO2/yr,2090,-89.6962345056538
SSP2_BaU_NoCC,MMR,Emi_CO2_AFO,Mt CO2/yr,2100,-97.85298175687772
SSP2_BaU_NoCC,NAM,Emi_CO2_AFO,Mt CO2/yr,2010,-0.5571122538154836
SSP2_BaU_NoCC,NAM,Emi_CO2_AFO,Mt CO2/yr,2015,-2.4618236802136364
SSP2_BaU_NoCC,NAM,Emi_CO2_AFO,Mt CO2/yr,2020,-0.3523678561249879
SSP2_BaU_NoCC,NAM,Emi_CO2_AFO,Mt CO2/yr,2025,-1.951397263179964
SSP2_BaU_NoCC,NAM,Emi_CO2_AFO,Mt CO2/yr,2030,0.21282859927268305
SSP2_BaU_NoCC,NAM,Emi_CO2_AFO,Mt CO2/yr,2040,0.9567094834259553
SSP2_BaU_NoCC,NAM,Emi_CO2_AFO,Mt CO2/yr,2050,0.5908189676810713
SSP2_BaU_NoCC,NAM,Emi_CO2_AFO,Mt CO2/yr,2060,0.28580708999704063
SSP2_BaU_NoCC,NAM,Emi_CO2_AFO,Mt CO2/yr,2070,0.1723640718299877
SSP2_BaU_NoCC,NAM,Emi_CO2_AFO,Mt CO2/yr,2080,0.07484657851569476
SSP2_BaU_NoCC,NAM,Emi_CO2_AFO,Mt CO2/yr,2090,0.05822534688291894
SSP2_BaU_NoCC,NAM,Emi_CO2_AFO,Mt CO2/yr,2100,1.7840290397450584
SSP2_BaU_NoCC,NPL,Emi_CO2_AFO,Mt CO2/yr,2005,-14.528803525443063
SSP2_BaU_NoCC,NPL,Emi_CO2_AFO,Mt CO2/yr,2010,-6.029229618139031
SSP2_BaU_NoCC,NPL,Emi_CO2_AFO,Mt CO2/yr,2015,-8.614723426471986
SSP2_BaU_NoCC,NPL,Emi_CO2_AFO,Mt CO2/yr,2020,-5.310040694078102
SSP2_BaU_NoCC,NPL,Emi_CO2_AFO,Mt CO2/yr,2025,-7.4543636369642385
SSP2_BaU_NoCC,NPL,Emi_CO2_AFO,Mt CO2/yr,2030,0.58837771620931
SSP2_BaU_NoCC,NPL,Emi_CO2_AFO,Mt CO2/yr,2040,10.757662825775615
SSP2_BaU_NoCC,NPL,Emi_CO2_AFO,Mt CO2/yr,2050,6.216999009588591
SSP2_BaU_NoCC,NPL,Emi_CO2_AFO,Mt CO2/yr,2060,2.6431966529252975
SSP2_BaU_NoCC,NPL,Emi_CO2_AFO,Mt CO2/yr,2070,-4.180942917836328
SSP2_BaU_NoCC,NPL,Emi_CO2_AFO,Mt CO2/yr,2080,-6.335358998731436
SSP2_BaU_NoCC,NPL,Emi_CO2_AFO,Mt CO2/yr,2090,-7.286847191214994
SSP2_BaU_NoCC,NPL,Emi_CO2_AFO,Mt CO2/yr,2100,-11.72843380299331
SSP2_BaU_NoCC,NLD,Emi_CO2_AFO,Mt CO2/yr,2005,-3.7179006995403623
SSP2_BaU_NoCC,NLD,Emi_CO2_AFO,Mt CO2/yr,2010,10.281421755939526
SSP2_BaU_NoCC,NLD,Emi_CO2_AFO,Mt CO2/yr,2015,-5.78088873822395
SSP2_BaU_NoCC,NLD,Emi_CO2_AFO,Mt CO2/yr,2020,48.85783396102369
SSP2_BaU_NoCC,NLD,Emi_CO2_AFO,Mt CO2/yr,2025,-8.340495455156013
SSP2_BaU_NoCC,NLD,Emi_CO2_AFO,Mt CO2/yr,2030,43.86674745549262
SSP2_BaU_NoCC,NLD,Emi_CO2_AFO,Mt CO2/yr,2040,-1.4051078089133981
SSP2_BaU_NoCC,NLD,Emi_CO2_AFO,Mt CO2/yr,2050,0.8900774606868054
SSP2_BaU_NoCC,NLD,Emi_CO2_AFO,Mt CO2/yr,2060,1.2937491400853975
SSP2_BaU_NoCC,NLD,Emi_CO2_AFO,Mt CO2/yr,2070,0.6917468150174457
SSP2_BaU_NoCC,NLD,Emi_CO2_AFO,Mt CO2/yr,2080,0.5563143939934436
SSP2_BaU_NoCC,NLD,Emi_CO2_AFO,Mt CO2/yr,2090,-1.1745865628349867
SSP2_BaU_NoCC,NLD,Emi_CO2_AFO,Mt CO2/yr,2100,-1.5844043982419764
SSP2_BaU_NoCC,NCL,Emi_CO2_AFO,Mt CO2/yr,2005,-0.41268381295628614
SSP2_BaU_NoCC,NCL,Emi_CO2_AFO,Mt CO2/yr,2010,-0.38470093442194897
SSP2_BaU_NoCC,NCL,Emi_CO2_AFO,Mt CO2/yr,2015,-0.3961436039113134
SSP2_BaU_NoCC,NCL,Emi_CO2_AFO,Mt CO2/yr,2020,-0.33229528770717687
SSP2_BaU_NoCC,NCL,Emi_CO2_AFO,Mt CO2/yr,2025,-0.36287077756157504
SSP2_BaU_NoCC,NCL,Emi_CO2_AFO,Mt CO2/yr,2030,-0.27181333540405106
SSP2_BaU_NoCC,NCL,Emi_CO2_AFO,Mt CO2/yr,2040,-0.3402742523800955
SSP2_BaU_NoCC,NCL,Emi_CO2_AFO,Mt CO2/yr,2050,-0.34486426460536934
SSP2_BaU_NoCC,NCL,Emi_CO2_AFO,Mt CO2/yr,2060,-0.35631576037087875
SSP2_BaU_NoCC,NCL,Emi_CO2_AFO,Mt CO2/yr,2070,-0.38300643194545253
SSP2_BaU_NoCC,NCL,Emi_CO2_AFO,Mt CO2/yr,2080,-0.41719494821974634
SSP2_BaU_NoCC,NCL,Emi_CO2_AFO,Mt CO2/yr,2090,-0.466375493009838
SSP2_BaU_NoCC,NCL,Emi_CO2_AFO,Mt CO2/yr,2100,-0.49864984980927707
SSP2_BaU_NoCC,NZL,Emi_CO2_AFO,Mt CO2/yr,2005,-4.096909391034445
SSP2_BaU_NoCC,NZL,Emi_CO2_AFO,Mt CO2/yr,2010,-3.782356793015315
SSP2_BaU_NoCC,NZL,Emi_CO2_AFO,Mt CO2/yr,2015,7.26065531265979
SSP2_BaU_NoCC,NZL,Emi_CO2_AFO,Mt CO2/yr,2020,42.99647692978241
SSP2_BaU_NoCC,NZL,Emi_CO2_AFO,Mt CO2/yr,2025,50.26371301750404
SSP2_BaU_NoCC,NZL,Emi_CO2_AFO,Mt CO2/yr,2030,178.44540803145054
SSP2_BaU_NoCC,NZL,Emi_CO2_AFO,Mt CO2/yr,2040,68.39373637545923
SSP2_BaU_NoCC,NZL,Emi_CO2_AFO,Mt CO2/yr,2050,14.162181302423777
SSP2_BaU_NoCC,NZL,Emi_CO2_AFO,Mt CO2/yr,2060,14.197365518090493
SSP2_BaU_NoCC,NZL,Emi_CO2_AFO,Mt CO2/yr,2070,25.404037103078856
SSP2_BaU_NoCC,NZL,Emi_CO2_AFO,Mt CO2/yr,2080,-0.20703406451224066
SSP2_BaU_NoCC,NZL,Emi_CO2_AFO,Mt CO2/yr,2090,-0.055064952109768084
SSP2_BaU_NoCC,NZL,Emi_CO2_AFO,Mt CO2/yr,2100,0.2602233345671677
SSP2_BaU_NoCC,NIC,Emi_CO2_AFO,Mt CO2/yr,2005,-19.183749207101663
SSP2_BaU_NoCC,NIC,Emi_CO2_AFO,Mt CO2/yr,2010,-19.608849875643788
SSP2_BaU_NoCC,NIC,Emi_CO2_AFO,Mt CO2/yr,2015,-14.844773799090191
SSP2_BaU_NoCC,NIC,Emi_CO2_AFO,Mt CO2/yr,2020,31.03754118031683
SSP2_BaU_NoCC,NIC,Emi_CO2_AFO,Mt CO2/yr,2025,-9.063921054687212
SSP2_BaU_NoCC,NIC,Emi_CO2_AFO,Mt CO2/yr,2030,25.47305772241579
SSP2_BaU_NoCC,NIC,Emi_CO2_AFO,Mt CO2/yr,2040,8.009593563490238
SSP2_BaU_NoCC,NIC,Emi_CO2_AFO,Mt CO2/yr,2050,-17.252299417886224
SSP2_BaU_NoCC,NIC,Emi_CO2_AFO,Mt CO2/yr,2060,-16.435705025762875
SSP2_BaU_NoCC,NIC,Emi_CO2_AFO,Mt CO2/yr,2070,-16.800700576323635
SSP2_BaU_NoCC,NIC,Emi_CO2_AFO,Mt CO2/yr,2080,-16.928040931518304
SSP2_BaU_NoCC,NIC,Emi_CO2_AFO,Mt CO2/yr,2090,-17.366589916586854
SSP2_BaU_NoCC,NIC,Emi_CO2_AFO,Mt CO2/yr,2100,-18.119625149444694
SSP2_BaU_NoCC,NER,Emi_CO2_AFO,Mt CO2/yr,2010,-2.570139984385298
SSP2_BaU_NoCC,NER,Emi_CO2_AFO,Mt CO2/yr,2015,-22.666602293582375
SSP2_BaU_NoCC,NER,Emi_CO2_AFO,Mt CO2/yr,2020,-1.315833272725586
SSP2_BaU_NoCC,NER,Emi_CO2_AFO,Mt CO2/yr,2025,-2.946983150890456
SSP2_BaU_NoCC,NER,Emi_CO2_AFO,Mt CO2/yr,2030,-2.178710589913864
SSP2_BaU_NoCC,NER,Emi_CO2_AFO,Mt CO2/yr,2040,-1.8284733591934703
SSP2_BaU_NoCC,NER,Emi_CO2_AFO,Mt CO2/yr,2050,-0.8412954596477547
SSP2_BaU_NoCC,NER,Emi_CO2_AFO,Mt CO2/yr,2060,-0.45662720515248034
SSP2_BaU_NoCC,NER,Emi_CO2_AFO,Mt CO2/yr,2070,-0.07429745117535536
SSP2_BaU_NoCC,NER,Emi_CO2_AFO,Mt CO2/yr,2080,-0.017111053869216297
SSP2_BaU_NoCC,NER,Emi_CO2_AFO,Mt CO2/yr,2090,0.7599649794494021
SSP2_BaU_NoCC,NER,Emi_CO2_AFO,Mt CO2/yr,2100,1.1944614315704436
SSP2_BaU_NoCC,NGA,Emi_CO2_AFO,Mt CO2/yr,2005,-6.624306778114281
SSP2_BaU_NoCC,NGA,Emi_CO2_AFO,Mt CO2/yr,2010,3.6471829391648907
SSP2_BaU_NoCC,NGA,Emi_CO2_AFO,Mt CO2/yr,2015,9.081927091389645
SSP2_BaU_NoCC,NGA,Emi_CO2_AFO,Mt CO2/yr,2020,28.599985471641446
SSP2_BaU_NoCC,NGA,Emi_CO2_AFO,Mt CO2/yr,2025,2.3174268993611875
SSP2_BaU_NoCC,NGA,Emi_CO2_AFO,Mt CO2/yr,2030,55.96456111971847
SSP2_BaU_NoCC,NGA,Emi_CO2_AFO,Mt CO2/yr,2040,22.115818656381645
SSP2_BaU_NoCC,NGA,Emi_CO2_AFO,Mt CO2/yr,2050,10.555054278140522
SSP2_BaU_NoCC,NGA,Emi_CO2_AFO,Mt CO2/yr,2060,6.568429873711427
SSP2_BaU_NoCC,NGA,Emi_CO2_AFO,Mt CO2/yr,2070,4.9770616178524625
SSP2_BaU_NoCC,NGA,Emi_CO2_AFO,Mt CO2/yr,2080,5.66508807514647
SSP2_BaU_NoCC,NGA,Emi_CO2_AFO,Mt CO2/yr,2090,2.107464792464394
SSP2_BaU_NoCC,NGA,Emi_CO2_AFO,Mt CO2/yr,2100,2.338266638353974
SSP2_BaU_NoCC,MKD,Emi_CO2_AFO,Mt CO2/yr,2005,-3.812707070137337
SSP2_BaU_NoCC,MKD,Emi_CO2_AFO,Mt CO2/yr,2010,3.077093902532118
SSP2_BaU_NoCC,MKD,Emi_CO2_AFO,Mt CO2/yr,2015,-3.4769634216291796
SSP2_BaU_NoCC,MKD,Emi_CO2_AFO,Mt CO2/yr,2020,-3.030014775127299
SSP2_BaU_NoCC,MKD,Emi_CO2_AFO,Mt CO2/yr,2025,-3.559076716309759
SSP2_BaU_NoCC,MKD,Emi_CO2_AFO,Mt CO2/yr,2030,-2.3965266693407967
SSP2_BaU_NoCC,MKD,Emi_CO2_AFO,Mt CO2/yr,2040,-3.4140463849880014
SSP2_BaU_NoCC,MKD,Emi_CO2_AFO,Mt CO2/yr,2050,-3.481740233008068
SSP2_BaU_NoCC,MKD,Emi_CO2_AFO,Mt CO2/yr,2060,-3.5672873778730922
SSP2_BaU_NoCC,MKD,Emi_CO2_AFO,Mt CO2/yr,2070,-3.619297689043785
SSP2_BaU_NoCC,MKD,Emi_CO2_AFO,Mt CO2/yr,2080,-3.636900956907642
SSP2_BaU_NoCC,MKD,Emi_CO2_AFO,Mt CO2/yr,2090,-3.6060191926981036
SSP2_BaU_NoCC,MKD,Emi_CO2_AFO,Mt CO2/yr,2100,-3.3981338883002232
SSP2_BaU_NoCC,MNP,Emi_CO2_AFO,Mt CO2/yr,2015,-0.0008964566784213327
SSP2_BaU_NoCC,MNP,Emi_CO2_AFO,Mt CO2/yr,2020,0.0008964566784213327
SSP2_BaU_NoCC,MNP,Emi_CO2_AFO,Mt CO2/yr,2025,-0.0009073890769386661
SSP2_BaU_NoCC,MNP,Emi_CO2_AFO,Mt CO2/yr,2030,0.0009073890769386661
SSP2_BaU_NoCC,NOR,Emi_CO2_AFO,Mt CO2/yr,2005,-39.74114809622348
SSP2_BaU_NoCC,NOR,Emi_CO2_AFO,Mt CO2/yr,2010,-19.84405572931533
SSP2_BaU_NoCC,NOR,Emi_CO2_AFO,Mt CO2/yr,2015,-39.93993657251065
SSP2_BaU_NoCC,NOR,Emi_CO2_AFO,Mt CO2/yr,2020,-31.515996527315608
SSP2_BaU_NoCC,NOR,Emi_CO2_AFO,Mt CO2/yr,2025,-41.16024405690141
SSP2_BaU_NoCC,NOR,Emi_CO2_AFO,Mt CO2/yr,2030,-26.987239286758424
SSP2_BaU_NoCC,NOR,Emi_CO2_AFO,Mt CO2/yr,2040,-39.13380060793396
SSP2_BaU_NoCC,NOR,Emi_CO2_AFO,Mt CO2/yr,2050,-38.90983539169435
SSP2_BaU_NoCC,NOR,Emi_CO2_AFO,Mt CO2/yr,2060,-38.96880323164832
SSP2_BaU_NoCC,NOR,Emi_CO2_AFO,Mt CO2/yr,2070,-38.81047609380549
SSP2_BaU_NoCC,NOR,Emi_CO2_AFO,Mt CO2/yr,2080,-38.635642349373875
SSP2_BaU_NoCC,NOR,Emi_CO2_AFO,Mt CO2/yr,2090,-38.638026387126985
SSP2_BaU_NoCC,NOR,Emi_CO2_AFO,Mt CO2/yr,2100,-38.334021927756886
SSP2_BaU_NoCC,OMN,Emi_CO2_AFO,Mt CO2/yr,2010,0.009520315716979668
SSP2_BaU_NoCC,OMN,Emi_CO2_AFO,Mt CO2/yr,2015,-0.06402214166506048
SSP2_BaU_NoCC,OMN,Emi_CO2_AFO,Mt CO2/yr,2020,-0.2818874800501699
SSP2_BaU_NoCC,OMN,Emi_CO2_AFO,Mt CO2/yr,2025,-0.18296987373326984
SSP2_BaU_NoCC,OMN,Emi_CO2_AFO,Mt CO2/yr,2030,-0.21073339624367476
SSP2_BaU_NoCC,OMN,Emi_CO2_AFO,Mt CO2/yr,2040,-0.1785805413484179
SSP2_BaU_NoCC,OMN,Emi_CO2_AFO,Mt CO2/yr,2050,-0.1388792300498818
SSP2_BaU_NoCC,OMN,Emi_CO2_AFO,Mt CO2/yr,2060,-0.04450022840637388
SSP2_BaU_NoCC,OMN,Emi_CO2_AFO,Mt CO2/yr,2070,0.005159120132377172
SSP2_BaU_NoCC,OMN,Emi_CO2_AFO,Mt CO2/yr,2080,-0.0010897258180772877
SSP2_BaU_NoCC,OMN,Emi_CO2_AFO,Mt CO2/yr,2090,-0.07528052457214014
SSP2_BaU_NoCC,OMN,Emi_CO2_AFO,Mt CO2/yr,2100,-0.2294683121528198
SSP2_BaU_NoCC,PAK,Emi_CO2_AFO,Mt CO2/yr,2005,-2.450674245895954
SSP2_BaU_NoCC,PAK,Emi_CO2_AFO,Mt CO2/yr,2010,-3.75346024444513
SSP2_BaU_NoCC,PAK,Emi_CO2_AFO,Mt CO2/yr,2015,-1.5922458527410364
SSP2_BaU_NoCC,PAK,Emi_CO2_AFO,Mt CO2/yr,2020,1.0053222404065094
SSP2_BaU_NoCC,PAK,Emi_CO2_AFO,Mt CO2/yr,2025,-2.349864646570254
SSP2_BaU_NoCC,PAK,Emi_CO2_AFO,Mt CO2/yr,2030,0.8588511258490943
SSP2_BaU_NoCC,PAK,Emi_CO2_AFO,Mt CO2/yr,2040,1.239344583492251
SSP2_BaU_NoCC,PAK,Emi_CO2_AFO,Mt CO2/yr,2050,0.7194267655245628
SSP2_BaU_NoCC,PAK,Emi_CO2_AFO,Mt CO2/yr,2060,-0.3156935577278732
SSP2_BaU_NoCC,PAK,Emi_CO2_AFO,Mt CO2/yr,2070,-1.175969098965378
SSP2_BaU_NoCC,PAK,Emi_CO2_AFO,Mt CO2/yr,2080,-2.2462183784916085
SSP2_BaU_NoCC,PAK,Emi_CO2_AFO,Mt CO2/yr,2090,-2.617504862127733
SSP2_BaU_NoCC,PAK,Emi_CO2_AFO,Mt CO2/yr,2100,-3.2060576802951686
SSP2_BaU_NoCC,PLW,Emi_CO2_AFO,Mt CO2/yr,2015,-1.686121813749999e-05
SSP2_BaU_NoCC,PLW,Emi_CO2_AFO,Mt CO2/yr,2020,1.686121813749999e-05
SSP2_BaU_NoCC,PLW,Emi_CO2_AFO,Mt CO2/yr,2025,-1.686121813749999e-05
SSP2_BaU_NoCC,PLW,Emi_CO2_AFO,Mt CO2/yr,2030,1.686121813749999e-05
SSP2_BaU_NoCC,PAN,Emi_CO2_AFO,Mt CO2/yr,2005,-8.211811249009939
SSP2_BaU_NoCC,PAN,Emi_CO2_AFO,Mt CO2/yr,2010,1.046768346971394
SSP2_BaU_NoCC,PAN,Emi_CO2_AFO,Mt CO2/yr,2015,-7.8375631569466675
SSP2_BaU_NoCC,PAN,Emi_CO2_AFO,Mt CO2/yr,2020,18.9608223796051
SSP2_BaU_NoCC,PAN,Emi_CO2_AFO,Mt CO2/yr,2025,-3.62160151045856
SSP2_BaU_NoCC,PAN,Emi_CO2_AFO,Mt CO2/yr,2030,15.411613479378696
SSP2_BaU_NoCC,PAN,Emi_CO2_AFO,Mt CO2/yr,2040,2.9318075218874213
SSP2_BaU_NoCC,PAN,Emi_CO2_AFO,Mt CO2/yr,2050,-7.333689133467719
SSP2_BaU_NoCC,PAN,Emi_CO2_AFO,Mt CO2/yr,2060,-7.4446046075817955
SSP2_BaU_NoCC,PAN,Emi_CO2_AFO,Mt CO2/yr,2070,-7.6088251133148646
SSP2_BaU_NoCC,PAN,Emi_CO2_AFO,Mt CO2/yr,2080,-7.736465448280768
SSP2_BaU_NoCC,PAN,Emi_CO2_AFO,Mt CO2/yr,2090,-7.6710716254821945
SSP2_BaU_NoCC,PAN,Emi_CO2_AFO,Mt CO2/yr,2100,-7.98275799141741
SSP2_BaU_NoCC,PNG,Emi_CO2_AFO,Mt CO2/yr,2005,-17.598646232798885
SSP2_BaU_NoCC,PNG,Emi_CO2_AFO,Mt CO2/yr,2010,30.948944022461824
SSP2_BaU_NoCC,PNG,Emi_CO2_AFO,Mt CO2/yr,2015,-12.893410718893282
SSP2_BaU_NoCC,PNG,Emi_CO2_AFO,Mt CO2/yr,2020,-9.187193244222978
SSP2_BaU_NoCC,PNG,Emi_CO2_AFO,Mt CO2/yr,2025,20.44893290357598
SSP2_BaU_NoCC,PNG,Emi_CO2_AFO,Mt CO2/yr,2030,36.888498267688824
SSP2_BaU_NoCC,PNG,Emi_CO2_AFO,Mt CO2/yr,2040,17.103499326368738
SSP2_BaU_NoCC,PNG,Emi_CO2_AFO,Mt CO2/yr,2050,19.734454581894664
SSP2_BaU_NoCC,PNG,Emi_CO2_AFO,Mt CO2/yr,2060,17.837412978548716
SSP2_BaU_NoCC,PNG,Emi_CO2_AFO,Mt CO2/yr,2070,6.165032345465928
SSP2_BaU_NoCC,PNG,Emi_CO2_AFO,Mt CO2/yr,2080,-10.666438629216296
SSP2_BaU_NoCC,PNG,Emi_CO2_AFO,Mt CO2/yr,2090,-10.4963857703011
SSP2_BaU_NoCC,PNG,Emi_CO2_AFO,Mt CO2/yr,2100,-10.557638687152652
SSP2_BaU_NoCC,PRY,Emi_CO2_AFO,Mt CO2/yr,2005,-21.658026379652412
SSP2_BaU_NoCC,PRY,Emi_CO2_AFO,Mt CO2/yr,2010,-21.09552936020568
SSP2_BaU_NoCC,PRY,Emi_CO2_AFO,Mt CO2/yr,2015,-10.472208321323507
SSP2_BaU_NoCC,PRY,Emi_CO2_AFO,Mt CO2/yr,2020,46.768805900710376
SSP2_BaU_NoCC,PRY,Emi_CO2_AFO,Mt CO2/yr,2025,-6.843450870635289
SSP2_BaU_NoCC,PRY,Emi_CO2_AFO,Mt CO2/yr,2030,35.36338743980018
SSP2_BaU_NoCC,PRY,Emi_CO2_AFO,Mt CO2/yr,2040,13.154491403412337
SSP2_BaU_NoCC,PRY,Emi_CO2_AFO,Mt CO2/yr,2050,-17.85645851527113
SSP2_BaU_NoCC,PRY,Emi_CO2_AFO,Mt CO2/yr,2060,-18.193265975422925
SSP2_BaU_NoCC,PRY,Emi_CO2_AFO,Mt CO2/yr,2070,-18.807842438053978
SSP2_BaU_NoCC,PRY,Emi_CO2_AFO,Mt CO2/yr,2080,-19.300473218683834
SSP2_BaU_NoCC,PRY,Emi_CO2_AFO,Mt CO2/yr,2090,-19.155556541966885
SSP2_BaU_NoCC,PRY,Emi_CO2_AFO,Mt CO2/yr,2100,-20.0928443115185
SSP2_BaU_NoCC,PER,Emi_CO2_AFO,Mt CO2/yr,2005,-22.412899770055862
SSP2_BaU_NoCC,PER,Emi_CO2_AFO,Mt CO2/yr,2010,-9.219741544150015
SSP2_BaU_NoCC,PER,Emi_CO2_AFO,Mt CO2/yr,2015,65.30660666016037
SSP2_BaU_NoCC,PER,Emi_CO2_AFO,Mt CO2/yr,2020,-5.26866060593353
SSP2_BaU_NoCC,PER,Emi_CO2_AFO,Mt CO2/yr,2025,25.510909205871517
SSP2_BaU_NoCC,PER,Emi_CO2_AFO,Mt CO2/yr,2030,24.88726161479807
SSP2_BaU_NoCC,PER,Emi_CO2_AFO,Mt CO2/yr,2040,2.6636662799335866
SSP2_BaU_NoCC,PER,Emi_CO2_AFO,Mt CO2/yr,2050,-5.199342470629672
SSP2_BaU_NoCC,PER,Emi_CO2_AFO,Mt CO2/yr,2060,11.445580916256901
SSP2_BaU_NoCC,PER,Emi_CO2_AFO,Mt CO2/yr,2070,14.901979434965739
SSP2_BaU_NoCC,PER,Emi_CO2_AFO,Mt CO2/yr,2080,14.882288897672591
SSP2_BaU_NoCC,PER,Emi_CO2_AFO,Mt CO2/yr,2090,20.602595978355318
SSP2_BaU_NoCC,PER,Emi_CO2_AFO,Mt CO2/yr,2100,16.882897677158116
SSP2_BaU_NoCC,PHL,Emi_CO2_AFO,Mt CO2/yr,2005,-24.75637641323003
SSP2_BaU_NoCC,PHL,Emi_CO2_AFO,Mt CO2/yr,2010,72.60877351650082
SSP2_BaU_NoCC,PHL,Emi_CO2_AFO,Mt CO2/yr,2015,-13.672138778249574
SSP2_BaU_NoCC,PHL,Emi_CO2_AFO,Mt CO2/yr,2020,22.868098523861754
SSP2_BaU_NoCC,PHL,Emi_CO2_AFO,Mt CO2/yr,2025,-6.955914207340758
SSP2_BaU_NoCC,PHL,Emi_CO2_AFO,Mt CO2/yr,2030,28.08574117631761
SSP2_BaU_NoCC,PHL,Emi_CO2_AFO,Mt CO2/yr,2040,-12.335584629534889
SSP2_BaU_NoCC,PHL,Emi_CO2_AFO,Mt CO2/yr,2050,-17.262632111929808
SSP2_BaU_NoCC,PHL,Emi_CO2_AFO,Mt CO2/yr,2060,-15.36188374075549
SSP2_BaU_NoCC,PHL,Emi_CO2_AFO,Mt CO2/yr,2070,-14.33059712121274
SSP2_BaU_NoCC,PHL,Emi_CO2_AFO,Mt CO2/yr,2080,-12.06091868525213
SSP2_BaU_NoCC,PHL,Emi_CO2_AFO,Mt CO2/yr,2090,-13.642917851623604
SSP2_BaU_NoCC,PHL,Emi_CO2_AFO,Mt CO2/yr,2100,-15.559104537646812
SSP2_BaU_NoCC,POL,Emi_CO2_AFO,Mt CO2/yr,2005,-10.8818337316062
SSP2_BaU_NoCC,POL,Emi_CO2_AFO,Mt CO2/yr,2010,-6.515467218002276
SSP2_BaU_NoCC,POL,Emi_CO2_AFO,Mt CO2/yr,2015,-11.721541374452642
SSP2_BaU_NoCC,POL,Emi_CO2_AFO,Mt CO2/yr,2020,4.704889184308922
SSP2_BaU_NoCC,POL,Emi_CO2_AFO,Mt CO2/yr,2025,-13.774150229574545
SSP2_BaU_NoCC,POL,Emi_CO2_AFO,Mt CO2/yr,2030,5.605697555122076
SSP2_BaU_NoCC,POL,Emi_CO2_AFO,Mt CO2/yr,2040,-10.4595927213493
SSP2_BaU_NoCC,POL,Emi_CO2_AFO,Mt CO2/yr,2050,-9.911872615248905
SSP2_BaU_NoCC,POL,Emi_CO2_AFO,Mt CO2/yr,2060,-10.712468875561749
SSP2_BaU_NoCC,POL,Emi_CO2_AFO,Mt CO2/yr,2070,-11.257884147740796
SSP2_BaU_NoCC,POL,Emi_CO2_AFO,Mt CO2/yr,2080,-10.991799051103557
SSP2_BaU_NoCC,POL,Emi_CO2_AFO,Mt CO2/yr,2090,-10.696454504405578
SSP2_BaU_NoCC,POL,Emi_CO2_AFO,Mt CO2/yr,2100,-10.42236395573603
SSP2_BaU_NoCC,PRT,Emi_CO2_AFO,Mt CO2/yr,2005,-5.929942337752738
SSP2_BaU_NoCC,PRT,Emi_CO2_AFO,Mt CO2/yr,2010,-5.417218034431299
SSP2_BaU_NoCC,PRT,Emi_CO2_AFO,Mt CO2/yr,2015,-6.08938888107585
SSP2_BaU_NoCC,PRT,Emi_CO2_AFO,Mt CO2/yr,2020,8.377360138300286
SSP2_BaU_NoCC,PRT,Emi_CO2_AFO,Mt CO2/yr,2025,-7.873729874727435
SSP2_BaU_NoCC,PRT,Emi_CO2_AFO,Mt CO2/yr,2030,8.00021577359642
SSP2_BaU_NoCC,PRT,Emi_CO2_AFO,Mt CO2/yr,2040,-6.752467675253719
SSP2_BaU_NoCC,PRT,Emi_CO2_AFO,Mt CO2/yr,2050,-7.4106313061581846
SSP2_BaU_NoCC,PRT,Emi_CO2_AFO,Mt CO2/yr,2060,-7.93728388352911
SSP2_BaU_NoCC,PRT,Emi_CO2_AFO,Mt CO2/yr,2070,-7.898374996993076
SSP2_BaU_NoCC,PRT,Emi_CO2_AFO,Mt CO2/yr,2080,-7.909715074587256
SSP2_BaU_NoCC,PRT,Emi_CO2_AFO,Mt CO2/yr,2090,-7.7228305373012525
SSP2_BaU_NoCC,PRT,Emi_CO2_AFO,Mt CO2/yr,2100,-7.672081110773805
SSP2_BaU_NoCC,PRI,Emi_CO2_AFO,Mt CO2/yr,2005,-0.3521526104913779
SSP2_BaU_NoCC,PRI,Emi_CO2_AFO,Mt CO2/yr,2010,-0.359076806231485
SSP2_BaU_NoCC,PRI,Emi_CO2_AFO,Mt CO2/yr,2015,-0.5829056158180101
SSP2_BaU_NoCC,PRI,Emi_CO2_AFO,Mt CO2/yr,2020,6.126176139252912
SSP2_BaU_NoCC,PRI,Emi_CO2_AFO,Mt CO2/yr,2025,-0.7833159892222434
SSP2_BaU_NoCC,PRI,Emi_CO2_AFO,Mt CO2/yr,2030,5.255344427000067
SSP2_BaU_NoCC,PRI,Emi_CO2_AFO,Mt CO2/yr,2040,0.1407679110913746
SSP2_BaU_NoCC,PRI,Emi_CO2_AFO,Mt CO2/yr,2050,-0.2197824094461242
SSP2_BaU_NoCC,PRI,Emi_CO2_AFO,Mt CO2/yr,2060,-0.22979823988739573
SSP2_BaU_NoCC,PRI,Emi_CO2_AFO,Mt CO2/yr,2070,-0.23329015091666966
SSP2_BaU_NoCC,PRI,Emi_CO2_AFO,Mt CO2/yr,2080,-0.22886286302730569
SSP2_BaU_NoCC,PRI,Emi_CO2_AFO,Mt CO2/yr,2090,-0.11799458240302022
SSP2_BaU_NoCC,PRI,Emi_CO2_AFO,Mt CO2/yr,2100,-0.16871310122465408
SSP2_BaU_NoCC,QAT,Emi_CO2_AFO,Mt CO2/yr,2010,-2.3579614116179167e-07
SSP2_BaU_NoCC,QAT,Emi_CO2_AFO,Mt CO2/yr,2015,-5.156225343192336e-06
SSP2_BaU_NoCC,QAT,Emi_CO2_AFO,Mt CO2/yr,2020,-0.006996351787783508
SSP2_BaU_NoCC,QAT,Emi_CO2_AFO,Mt CO2/yr,2025,-0.0035072287858370164
SSP2_BaU_NoCC,QAT,Emi_CO2_AFO,Mt CO2/yr,2030,-0.004766514341792789
SSP2_BaU_NoCC,QAT,Emi_CO2_AFO,Mt CO2/yr,2040,-0.005042502148322742
SSP2_BaU_NoCC,QAT,Emi_CO2_AFO,Mt CO2/yr,2050,-0.004104898388962838
SSP2_BaU_NoCC,QAT,Emi_CO2_AFO,Mt CO2/yr,2060,-0.0013965228516082762
SSP2_BaU_NoCC,QAT,Emi_CO2_AFO,Mt CO2/yr,2070,0.0002201236192734639
SSP2_BaU_NoCC,QAT,Emi_CO2_AFO,Mt CO2/yr,2080,1.0221995632609488e-05
SSP2_BaU_NoCC,QAT,Emi_CO2_AFO,Mt CO2/yr,2090,-0.0026178695733811747
SSP2_BaU_NoCC,QAT,Emi_CO2_AFO,Mt CO2/yr,2100,-0.008317933390899113
SSP2_BaU_NoCC,ROU,Emi_CO2_AFO,Mt CO2/yr,2005,-14.297999802001149
SSP2_BaU_NoCC,ROU,Emi_CO2_AFO,Mt CO2/yr,2010,5.988816647628454
SSP2_BaU_NoCC,ROU,Emi_CO2_AFO,Mt CO2/yr,2015,-9.737209158768671
SSP2_BaU_NoCC,ROU,Emi_CO2_AFO,Mt CO2/yr,2020,-9.901419077222908
SSP2_BaU_NoCC,ROU,Emi_CO2_AFO,Mt CO2/yr,2025,-14.828069648713942
SSP2_BaU_NoCC,ROU,Emi_CO2_AFO,Mt CO2/yr,2030,-5.047128270643235
SSP2_BaU_NoCC,ROU,Emi_CO2_AFO,Mt CO2/yr,2040,-13.27950932457892
SSP2_BaU_NoCC,ROU,Emi_CO2_AFO,Mt CO2/yr,2050,-13.529417513606976
SSP2_BaU_NoCC,ROU,Emi_CO2_AFO,Mt CO2/yr,2060,-13.82270965732407
SSP2_BaU_NoCC,ROU,Emi_CO2_AFO,Mt CO2/yr,2070,-13.9831596198865
SSP2_BaU_NoCC,ROU,Emi_CO2_AFO,Mt CO2/yr,2080,-14.141915007390327
SSP2_BaU_NoCC,ROU,Emi_CO2_AFO,Mt CO2/yr,2090,-13.9407061678559
SSP2_BaU_NoCC,ROU,Emi_CO2_AFO,Mt CO2/yr,2100,-12.85382105366066
SSP2_BaU_NoCC,RUS,Emi_CO2_AFO,Mt CO2/yr,2005,-59.350165640701775
SSP2_BaU_NoCC,RUS,Emi_CO2_AFO,Mt CO2/yr,2010,75.86508003275355
SSP2_BaU_NoCC,RUS,Emi_CO2_AFO,Mt CO2/yr,2015,12.10628864739735
SSP2_BaU_NoCC,RUS,Emi_CO2_AFO,Mt CO2/yr,2020,0.14463946093722768
SSP2_BaU_NoCC,RUS,Emi_CO2_AFO,Mt CO2/yr,2025,-33.02958498423324
SSP2_BaU_NoCC,RUS,Emi_CO2_AFO,Mt CO2/yr,2030,7.554103856748327
SSP2_BaU_NoCC,RUS,Emi_CO2_AFO,Mt CO2/yr,2040,-36.92983357892973
SSP2_BaU_NoCC,RUS,Emi_CO2_AFO,Mt CO2/yr,2050,-33.69113383635152
SSP2_BaU_NoCC,RUS,Emi_CO2_AFO,Mt CO2/yr,2060,-42.668651599440764
SSP2_BaU_NoCC,RUS,Emi_CO2_AFO,Mt CO2/yr,2070,-47.44946626785522
SSP2_BaU_NoCC,RUS,Emi_CO2_AFO,Mt CO2/yr,2080,-49.70328742543692
SSP2_BaU_NoCC,RUS,Emi_CO2_AFO,Mt CO2/yr,2090,-48.94841686962867
SSP2_BaU_NoCC,RUS,Emi_CO2_AFO,Mt CO2/yr,2100,-50.6829827269051
SSP2_BaU_NoCC,RWA,Emi_CO2_AFO,Mt CO2/yr,2005,-0.7491708578199754
SSP2_BaU_NoCC,RWA,Emi_CO2_AFO,Mt CO2/yr,2010,0.0989166805491819
SSP2_BaU_NoCC,RWA,Emi_CO2_AFO,Mt CO2/yr,2015,7.874362684793692
SSP2_BaU_NoCC,RWA,Emi_CO2_AFO,Mt CO2/yr,2020,0.630299890191724
SSP2_BaU_NoCC,RWA,Emi_CO2_AFO,Mt CO2/yr,2025,0.4278120427551144
SSP2_BaU_NoCC,RWA,Emi_CO2_AFO,Mt CO2/yr,2030,4.171752076319973
SSP2_BaU_NoCC,RWA,Emi_CO2_AFO,Mt CO2/yr,2040,2.9747721752597855
SSP2_BaU_NoCC,RWA,Emi_CO2_AFO,Mt CO2/yr,2050,1.9911956926491865
SSP2_BaU_NoCC,RWA,Emi_CO2_AFO,Mt CO2/yr,2060,2.7790057695107047
SSP2_BaU_NoCC,RWA,Emi_CO2_AFO,Mt CO2/yr,2070,3.257765252203083
SSP2_BaU_NoCC,RWA,Emi_CO2_AFO,Mt CO2/yr,2080,1.308136410552001
SSP2_BaU_NoCC,RWA,Emi_CO2_AFO,Mt CO2/yr,2090,-0.12243799179691012
SSP2_BaU_NoCC,RWA,Emi_CO2_AFO,Mt CO2/yr,2100,-0.11041348712568366
SSP2_BaU_NoCC,WSM,Emi_CO2_AFO,Mt CO2/yr,2010,0.010386613314633954
SSP2_BaU_NoCC,WSM,Emi_CO2_AFO,Mt CO2/yr,2015,0.015959647218652943
SSP2_BaU_NoCC,WSM,Emi_CO2_AFO,Mt CO2/yr,2020,0.00043821103301711555
SSP2_BaU_NoCC,WSM,Emi_CO2_AFO,Mt CO2/yr,2025,0.015224021509309644
SSP2_BaU_NoCC,WSM,Emi_CO2_AFO,Mt CO2/yr,2030,0.015909788878274662
SSP2_BaU_NoCC,WSM,Emi_CO2_AFO,Mt CO2/yr,2040,0.0010570252908237946
SSP2_BaU_NoCC,WSM,Emi_CO2_AFO,Mt CO2/yr,2050,0.0007872836706643508
SSP2_BaU_NoCC,WSM,Emi_CO2_AFO,Mt CO2/yr,2060,0.000817489773558757
SSP2_BaU_NoCC,WSM,Emi_CO2_AFO,Mt CO2/yr,2070,0.002267981298394549
SSP2_BaU_NoCC,WSM,Emi_CO2_AFO,Mt CO2/yr,2080,0.002272268872629367
SSP2_BaU_NoCC,WSM,Emi_CO2_AFO,Mt CO2/yr,2090,0.00193054754419951
SSP2_BaU_NoCC,WSM,Emi_CO2_AFO,Mt CO2/yr,2100,2.1262223201486076e-05
SSP2_BaU_NoCC,SMR,Emi_CO2_AFO,Mt CO2/yr,2005,-0.013846321226675966
SSP2_BaU_NoCC,SMR,Emi_CO2_AFO,Mt CO2/yr,2010,0.12206012354065962
SSP2_BaU_NoCC,SMR,Emi_CO2_AFO,Mt CO2/yr,2015,-0.0008885257601863492
SSP2_BaU_NoCC,SMR,Emi_CO2_AFO,Mt CO2/yr,2020,-0.00026357005507139934
SSP2_BaU_NoCC,SMR,Emi_CO2_AFO,Mt CO2/yr,2025,-0.00011746056802095024
SSP2_BaU_NoCC,SMR,Emi_CO2_AFO,Mt CO2/yr,2030,0.00015265781140005045
SSP2_BaU_NoCC,SMR,Emi_CO2_AFO,Mt CO2/yr,2040,-8.390040572925043e-05
SSP2_BaU_NoCC,SMR,Emi_CO2_AFO,Mt CO2/yr,2050,-8.983482467107551e-05
SSP2_BaU_NoCC,SMR,Emi_CO2_AFO,Mt CO2/yr,2060,-7.366864893299934e-05
SSP2_BaU_NoCC,SMR,Emi_CO2_AFO,Mt CO2/yr,2070,0.002116733971043137
SSP2_BaU_NoCC,SMR,Emi_CO2_AFO,Mt CO2/yr,2080,-0.0006638461391620313
SSP2_BaU_NoCC,SMR,Emi_CO2_AFO,Mt CO2/yr,2090,-0.0004233900962288245
SSP2_BaU_NoCC,SMR,Emi_CO2_AFO,Mt CO2/yr,2100,-0.00023677369771194854
SSP2_BaU_NoCC,STP,Emi_CO2_AFO,Mt CO2/yr,2010,-7.323411248057014e-08
SSP2_BaU_NoCC,STP,Emi_CO2_AFO,Mt CO2/yr,2015,1.1960396868835075e-09
SSP2_BaU_NoCC,STP,Emi_CO2_AFO,Mt CO2/yr,2020,4.914167557832728e-19
SSP2_BaU_NoCC,STP,Emi_CO2_AFO,Mt CO2/yr,2030,4.914167557832728e-19
SSP2_BaU_NoCC,STP,Emi_CO2_AFO,Mt CO2/yr,2070,1.145028899882328e-09
SSP2_BaU_NoCC,STP,Emi_CO2_AFO,Mt CO2/yr,2080,2.457083778916364e-19
SSP2_BaU_NoCC,STP,Emi_CO2_AFO,Mt CO2/yr,2100,4.928223997149025e-05
SSP2_BaU_NoCC,SAU,Emi_CO2_AFO,Mt CO2/yr,2010,0.6758834304680938
SSP2_BaU_NoCC,SAU,Emi_CO2_AFO,Mt CO2/yr,2015,0.34738082382179797
SSP2_BaU_NoCC,SAU,Emi_CO2_AFO,Mt CO2/yr,2020,-4.920693146362196
SSP2_BaU_NoCC,SAU,Emi_CO2_AFO,Mt CO2/yr,2025,-1.6422723804403727
SSP2_BaU_NoCC,SAU,Emi_CO2_AFO,Mt CO2/yr,2030,-1.506737787425448
SSP2_BaU_NoCC,SAU,Emi_CO2_AFO,Mt CO2/yr,2040,-1.126472686899238
SSP2_BaU_NoCC,SAU,Emi_CO2_AFO,Mt CO2/yr,2050,-0.5696916028332253
SSP2_BaU_NoCC,SAU,Emi_CO2_AFO,Mt CO2/yr,2060,-0.07348555629313225
SSP2_BaU_NoCC,SAU,Emi_CO2_AFO,Mt CO2/yr,2070,0.5762267605595899
SSP2_BaU_NoCC,SAU,Emi_CO2_AFO,Mt CO2/yr,2080,-0.16276089985986328
SSP2_BaU_NoCC,SAU,Emi_CO2_AFO,Mt CO2/yr,2090,-0.5869190294564139
SSP2_BaU_NoCC,SAU,Emi_CO2_AFO,Mt CO2/yr,2100,-0.8078179964463108
SSP2_BaU_NoCC,SEN,Emi_CO2_AFO,Mt CO2/yr,2005,-1.2415190117001962
SSP2_BaU_NoCC,SEN,Emi_CO2_AFO,Mt CO2/yr,2010,-0.9800483511619895
SSP2_BaU_NoCC,SEN,Emi_CO2_AFO,Mt CO2/yr,2015,-0.5439038480619129
SSP2_BaU_NoCC,SEN,Emi_CO2_AFO,Mt CO2/yr,2020,0.9595972464666307
SSP2_BaU_NoCC,SEN,Emi_CO2_AFO,Mt CO2/yr,2025,-0.6108365224705312
SSP2_BaU_NoCC,SEN,Emi_CO2_AFO,Mt CO2/yr,2030,4.05490266586221
SSP2_BaU_NoCC,SEN,Emi_CO2_AFO,Mt CO2/yr,2040,2.731184189090971
SSP2_BaU_NoCC,SEN,Emi_CO2_AFO,Mt CO2/yr,2050,1.1338650472399863
SSP2_BaU_NoCC,SEN,Emi_CO2_AFO,Mt CO2/yr,2060,0.699650533780297
SSP2_BaU_NoCC,SEN,Emi_CO2_AFO,Mt CO2/yr,2070,0.49616057951752857
SSP2_BaU_NoCC,SEN,Emi_CO2_AFO,Mt CO2/yr,2080,0.4200534316550677
SSP2_BaU_NoCC,SEN,Emi_CO2_AFO,Mt CO2/yr,2090,-0.3881507444760237
SSP2_BaU_NoCC,SEN,Emi_CO2_AFO,Mt CO2/yr,2100,0.04914546426007438
SSP2_BaU_NoCC,SRB,Emi_CO2_AFO,Mt CO2/yr,2005,-14.304776041838096
SSP2_BaU_NoCC,SRB,Emi_CO2_AFO,Mt CO2/yr,2010,11.99991594623565
SSP2_BaU_NoCC,SRB,Emi_CO2_AFO,Mt CO2/yr,2015,-12.236366239931304
SSP2_BaU_NoCC,SRB,Emi_CO2_AFO,Mt CO2/yr,2020,-11.096107420334452
SSP2_BaU_NoCC,SRB,Emi_CO2_AFO,Mt CO2/yr,2025,-12.384888499704937
SSP2_BaU_NoCC,SRB,Emi_CO2_AFO,Mt CO2/yr,2030,-7.670339500586875
SSP2_BaU_NoCC,SRB,Emi_CO2_AFO,Mt CO2/yr,2040,-11.652171405585296
SSP2_BaU_NoCC,SRB,Emi_CO2_AFO,Mt CO2/yr,2050,-11.851225404961689
SSP2_BaU_NoCC,SRB,Emi_CO2_AFO,Mt CO2/yr,2060,-11.742485808445805
SSP2_BaU_NoCC,SRB,Emi_CO2_AFO,Mt CO2/yr,2070,-11.562598046685883
SSP2_BaU_NoCC,SRB,Emi_CO2_AFO,Mt CO2/yr,2080,-11.38319660885146
SSP2_BaU_NoCC,SRB,Emi_CO2_AFO,Mt CO2/yr,2090,-10.909611161526131
SSP2_BaU_NoCC,SRB,Emi_CO2_AFO,Mt CO2/yr,2100,-10.296877453096064
SSP2_BaU_NoCC,SLE,Emi_CO2_AFO,Mt CO2/yr,2005,-2.862568380851159
SSP2_BaU_NoCC,SLE,Emi_CO2_AFO,Mt CO2/yr,2010,-0.14911110887062895
SSP2_BaU_NoCC,SLE,Emi_CO2_AFO,Mt CO2/yr,2015,7.2827869340985405
SSP2_BaU_NoCC,SLE,Emi_CO2_AFO,Mt CO2/yr,2020,6.107806785533023
SSP2_BaU_NoCC,SLE,Emi_CO2_AFO,Mt CO2/yr,2025,5.470881622297453
SSP2_BaU_NoCC,SLE,Emi_CO2_AFO,Mt CO2/yr,2030,25.78254504442771
SSP2_BaU_NoCC,SLE,Emi_CO2_AFO,Mt CO2/yr,2040,20.52327023785
SSP2_BaU_NoCC,SLE,Emi_CO2_AFO,Mt CO2/yr,2050,9.428280908682693
SSP2_BaU_NoCC,SLE,Emi_CO2_AFO,Mt CO2/yr,2060,6.42500156412407
SSP2_BaU_NoCC,SLE,Emi_CO2_AFO,Mt CO2/yr,2070,2.4332232018309035
SSP2_BaU_NoCC,SLE,Emi_CO2_AFO,Mt CO2/yr,2080,1.1772566920390903
SSP2_BaU_NoCC,SLE,Emi_CO2_AFO,Mt CO2/yr,2090,-0.302950753728154
SSP2_BaU_NoCC,SLE,Emi_CO2_AFO,Mt CO2/yr,2100,-0.3060829814172827
SSP2_BaU_NoCC,SGP,Emi_CO2_AFO,Mt CO2/yr,2010,-5.043408658632608e-07
SSP2_BaU_NoCC,SGP,Emi_CO2_AFO,Mt CO2/yr,2015,-0.01038061759097166
SSP2_BaU_NoCC,SGP,Emi_CO2_AFO,Mt CO2/yr,2020,1.6704352371558334e-17
SSP2_BaU_NoCC,SGP,Emi_CO2_AFO,Mt CO2/yr,2025,-0.011328710040999985
SSP2_BaU_NoCC,SGP,Emi_CO2_AFO,Mt CO2/yr,2030,1.6704352371558334e-17
SSP2_BaU_NoCC,SGP,Emi_CO2_AFO,Mt CO2/yr,2050,8.352176185779167e-18
SSP2_BaU_NoCC,SGP,Emi_CO2_AFO,Mt CO2/yr,2060,-7.114479434073187e-08
SSP2_BaU_NoCC,SGP,Emi_CO2_AFO,Mt CO2/yr,2090,7.114493663724885e-08
SSP2_BaU_NoCC,SGP,Emi_CO2_AFO,Mt CO2/yr,2100,2.124133132688346e-05
SSP2_BaU_NoCC,SVK,Emi_CO2_AFO,Mt CO2/yr,2005,-4.24741899007762
SSP2_BaU_NoCC,SVK,Emi_CO2_AFO,Mt CO2/yr,2010,-3.575112520493924
SSP2_BaU_NoCC,SVK,Emi_CO2_AFO,Mt CO2/yr,2015,-4.667337322957956
SSP2_BaU_NoCC,SVK,Emi_CO2_AFO,Mt CO2/yr,2020,3.6824864683440577
SSP2_BaU_NoCC,SVK,Emi_CO2_AFO,Mt CO2/yr,2025,-5.715049853606373
SSP2_BaU_NoCC,SVK,Emi_CO2_AFO,Mt CO2/yr,2030,4.4993084599299085
SSP2_BaU_NoCC,SVK,Emi_CO2_AFO,Mt CO2/yr,2040,-4.38822472207568
SSP2_BaU_NoCC,SVK,Emi_CO2_AFO,Mt CO2/yr,2050,-4.31125491488426
SSP2_BaU_NoCC,SVK,Emi_CO2_AFO,Mt CO2/yr,2060,-4.2825650700072035
SSP2_BaU_NoCC,SVK,Emi_CO2_AFO,Mt CO2/yr,2070,-4.525913188024371
SSP2_BaU_NoCC,SVK,Emi_CO2_AFO,Mt CO2/yr,2080,-4.278523781511781
SSP2_BaU_NoCC,SVK,Emi_CO2_AFO,Mt CO2/yr,2090,-4.031369008382896
SSP2_BaU_NoCC,SVK,Emi_CO2_AFO,Mt CO2/yr,2100,-3.7851222640288475
SSP2_BaU_NoCC,SVN,Emi_CO2_AFO,Mt CO2/yr,2005,-3.8928044602692378
SSP2_BaU_NoCC,SVN,Emi_CO2_AFO,Mt CO2/yr,2010,-0.24962391669601747
SSP2_BaU_NoCC,SVN,Emi_CO2_AFO,Mt CO2/yr,2015,1.4167538175567396
SSP2_BaU_NoCC,SVN,Emi_CO2_AFO,Mt CO2/yr,2020,2.285655155320162
SSP2_BaU_NoCC,SVN,Emi_CO2_AFO,Mt CO2/yr,2025,-3.6221385081495727
SSP2_BaU_NoCC,SVN,Emi_CO2_AFO,Mt CO2/yr,2030,2.4948890219875306
SSP2_BaU_NoCC,SVN,Emi_CO2_AFO,Mt CO2/yr,2040,-2.9873111421215657
SSP2_BaU_NoCC,SVN,Emi_CO2_AFO,Mt CO2/yr,2050,-2.357615577115011
SSP2_BaU_NoCC,SVN,Emi_CO2_AFO,Mt CO2/yr,2060,-2.82379172301858
SSP2_BaU_NoCC,SVN,Emi_CO2_AFO,Mt CO2/yr,2070,-2.723528847301779
SSP2_BaU_NoCC,SVN,Emi_CO2_AFO,Mt CO2/yr,2080,-2.7020735383989125
SSP2_BaU_NoCC,SVN,Emi_CO2_AFO,Mt CO2/yr,2090,-2.7494308492547694
SSP2_BaU_NoCC,SVN,Emi_CO2_AFO,Mt CO2/yr,2100,-2.6245118276130355
SSP2_BaU_NoCC,SLB,Emi_CO2_AFO,Mt CO2/yr,2005,-0.2493847250144626
SSP2_BaU_NoCC,SLB,Emi_CO2_AFO,Mt CO2/yr,2010,1.1933109761619287
SSP2_BaU_NoCC,SLB,Emi_CO2_AFO,Mt CO2/yr,2015,1.233324264635915
SSP2_BaU_NoCC,SLB,Emi_CO2_AFO,Mt CO2/yr,2020,0.32786822609148
SSP2_BaU_NoCC,SLB,Emi_CO2_AFO,Mt CO2/yr,2025,1.219342183323727
SSP2_BaU_NoCC,SLB,Emi_CO2_AFO,Mt CO2/yr,2030,1.3632480981555322
SSP2_BaU_NoCC,SLB,Emi_CO2_AFO,Mt CO2/yr,2040,1.0011013176851749
SSP2_BaU_NoCC,SLB,Emi_CO2_AFO,Mt CO2/yr,2050,0.2986958601653569
SSP2_BaU_NoCC,SLB,Emi_CO2_AFO,Mt CO2/yr,2060,-0.39597324641384923
SSP2_BaU_NoCC,SLB,Emi_CO2_AFO,Mt CO2/yr,2070,-0.13498502167285895
SSP2_BaU_NoCC,SLB,Emi_CO2_AFO,Mt CO2/yr,2080,-0.06812264473309276
SSP2_BaU_NoCC,SLB,Emi_CO2_AFO,Mt CO2/yr,2090,-0.07327148245276864
SSP2_BaU_NoCC,SLB,Emi_CO2_AFO,Mt CO2/yr,2100,-0.09543631150798093
SSP2_BaU_NoCC,SOM,Emi_CO2_AFO,Mt CO2/yr,2010,-0.5252797415128083
SSP2_BaU_NoCC,SOM,Emi_CO2_AFO,Mt CO2/yr,2015,-1.703449293495149
SSP2_BaU_NoCC,SOM,Emi_CO2_AFO,Mt CO2/yr,2020,0.7213511870803222
SSP2_BaU_NoCC,SOM,Emi_CO2_AFO,Mt CO2/yr,2025,-2.0887382498184817
SSP2_BaU_NoCC,SOM,Emi_CO2_AFO,Mt CO2/yr,2030,-0.7409299363631057
SSP2_BaU_NoCC,SOM,Emi_CO2_AFO,Mt CO2/yr,2040,-1.3060381401977463
SSP2_BaU_NoCC,SOM,Emi_CO2_AFO,Mt CO2/yr,2050,-0.8272780209195278
SSP2_BaU_NoCC,SOM,Emi_CO2_AFO,Mt CO2/yr,2060,-0.45651120467282025
SSP2_BaU_NoCC,SOM,Emi_CO2_AFO,Mt CO2/yr,2070,-0.3335902248761659
SSP2_BaU_NoCC,SOM,Emi_CO2_AFO,Mt CO2/yr,2080,-0.2364329952604598
SSP2_BaU_NoCC,SOM,Emi_CO2_AFO,Mt CO2/yr,2090,0.16555821322292677
SSP2_BaU_NoCC,SOM,Emi_CO2_AFO,Mt CO2/yr,2100,1.7012511193044266
SSP2_BaU_NoCC,ZAF,Emi_CO2_AFO,Mt CO2/yr,2005,-6.801112276177066
SSP2_BaU_NoCC,ZAF,Emi_CO2_AFO,Mt CO2/yr,2010,0.7128517451016467
SSP2_BaU_NoCC,ZAF,Emi_CO2_AFO,Mt CO2/yr,2015,80.35397365662436
SSP2_BaU_NoCC,ZAF,Emi_CO2_AFO,Mt CO2/yr,2020,32.40985211579608
SSP2_BaU_NoCC,ZAF,Emi_CO2_AFO,Mt CO2/yr,2025,21.699915466986663
SSP2_BaU_NoCC,ZAF,Emi_CO2_AFO,Mt CO2/yr,2030,65.41605402341158
SSP2_BaU_NoCC,ZAF,Emi_CO2_AFO,Mt CO2/yr,2040,32.96994467675232
SSP2_BaU_NoCC,ZAF,Emi_CO2_AFO,Mt CO2/yr,2050,10.277191673838843
SSP2_BaU_NoCC,ZAF,Emi_CO2_AFO,Mt CO2/yr,2060,5.372785604106668
SSP2_BaU_NoCC,ZAF,Emi_CO2_AFO,Mt CO2/yr,2070,3.5207704888356015
SSP2_BaU_NoCC,ZAF,Emi_CO2_AFO,Mt CO2/yr,2080,2.1751262581866935
SSP2_BaU_NoCC,ZAF,Emi_CO2_AFO,Mt CO2/yr,2090,0.1940309852040017
SSP2_BaU_NoCC,ZAF,Emi_CO2_AFO,Mt CO2/yr,2100,2.188606806186775
SSP2_BaU_NoCC,SSD,Emi_CO2_AFO,Mt CO2/yr,2005,-2.5320404582101794
SSP2_BaU_NoCC,SSD,Emi_CO2_AFO,Mt CO2/yr,2010,2.1688934807861484
SSP2_BaU_NoCC,SSD,Emi_CO2_AFO,Mt CO2/yr,2015,22.50376736906836
SSP2_BaU_NoCC,SSD,Emi_CO2_AFO,Mt CO2/yr,2020,5.208783053953301
SSP2_BaU_NoCC,SSD,Emi_CO2_AFO,Mt CO2/yr,2025,8.552329523869153
SSP2_BaU_NoCC,SSD,Emi_CO2_AFO,Mt CO2/yr,2030,14.822686522657902
SSP2_BaU_NoCC,SSD,Emi_CO2_AFO,Mt CO2/yr,2040,13.984262644070547
SSP2_BaU_NoCC,SSD,Emi_CO2_AFO,Mt CO2/yr,2050,7.83253962556379
SSP2_BaU_NoCC,SSD,Emi_CO2_AFO,Mt CO2/yr,2060,5.883393651906636
SSP2_BaU_NoCC,SSD,Emi_CO2_AFO,Mt CO2/yr,2070,4.746203406740111
SSP2_BaU_NoCC,SSD,Emi_CO2_AFO,Mt CO2/yr,2080,3.7915031800420937
SSP2_BaU_NoCC,SSD,Emi_CO2_AFO,Mt CO2/yr,2090,-0.3903433160656766
SSP2_BaU_NoCC,SSD,Emi_CO2_AFO,Mt CO2/yr,2100,0.9096301769775961
SSP2_BaU_NoCC,ESP,Emi_CO2_AFO,Mt CO2/yr,2005,-20.903427359263866
SSP2_BaU_NoCC,ESP,Emi_CO2_AFO,Mt CO2/yr,2010,-6.472395974989711
SSP2_BaU_NoCC,ESP,Emi_CO2_AFO,Mt CO2/yr,2015,2.680734563590363
SSP2_BaU_NoCC,ESP,Emi_CO2_AFO,Mt CO2/yr,2020,6.544495828291286
SSP2_BaU_NoCC,ESP,Emi_CO2_AFO,Mt CO2/yr,2025,-23.51031518992903
SSP2_BaU_NoCC,ESP,Emi_CO2_AFO,Mt CO2/yr,2030,6.391706531267431
SSP2_BaU_NoCC,ESP,Emi_CO2_AFO,Mt CO2/yr,2040,-21.739360931385885
SSP2_BaU_NoCC,ESP,Emi_CO2_AFO,Mt CO2/yr,2050,-20.6594651997315
SSP2_BaU_NoCC,ESP,Emi_CO2_AFO,Mt CO2/yr,2060,-22.276583303554624
SSP2_BaU_NoCC,ESP,Emi_CO2_AFO,Mt CO2/yr,2070,-23.865373520088646
SSP2_BaU_NoCC,ESP,Emi_CO2_AFO,Mt CO2/yr,2080,-26.679377567418925
SSP2_BaU_NoCC,ESP,Emi_CO2_AFO,Mt CO2/yr,2090,-26.505375952660142
SSP2_BaU_NoCC,ESP,Emi_CO2_AFO,Mt CO2/yr,2100,-26.258328568036283
SSP2_BaU_NoCC,LKA,Emi_CO2_AFO,Mt CO2/yr,2005,-4.844976325622561
SSP2_BaU_NoCC,LKA,Emi_CO2_AFO,Mt CO2/yr,2010,-3.6453231417322263
SSP2_BaU_NoCC,LKA,Emi_CO2_AFO,Mt CO2/yr,2015,-4.90201246978623
SSP2_BaU_NoCC,LKA,Emi_CO2_AFO,Mt CO2/yr,2020,0.19086411721804186
SSP2_BaU_NoCC,LKA,Emi_CO2_AFO,Mt CO2/yr,2025,-4.784064358963358
SSP2_BaU_NoCC,LKA,Emi_CO2_AFO,Mt CO2/yr,2030,2.455280238189882
SSP2_BaU_NoCC,LKA,Emi_CO2_AFO,Mt CO2/yr,2040,1.434041811812441
SSP2_BaU_NoCC,LKA,Emi_CO2_AFO,Mt CO2/yr,2050,2.0516696788315105
SSP2_BaU_NoCC,LKA,Emi_CO2_AFO,Mt CO2/yr,2060,3.200691427042857
SSP2_BaU_NoCC,LKA,Emi_CO2_AFO,Mt CO2/yr,2070,1.1146750591620163
SSP2_BaU_NoCC,LKA,Emi_CO2_AFO,Mt CO2/yr,2080,0.08130974913685662
SSP2_BaU_NoCC,LKA,Emi_CO2_AFO,Mt CO2/yr,2090,-0.31729199016399834
SSP2_BaU_NoCC,LKA,Emi_CO2_AFO,Mt CO2/yr,2100,-0.5149120517160304
SSP2_BaU_NoCC,KNA,Emi_CO2_AFO,Mt CO2/yr,2010,1.211154248935514e-07
SSP2_BaU_NoCC,KNA,Emi_CO2_AFO,Mt CO2/yr,2025,-3.2373142915749094e-09
SSP2_BaU_NoCC,KNA,Emi_CO2_AFO,Mt CO2/yr,2050,2.9759729921166607e-05
SSP2_BaU_NoCC,KNA,Emi_CO2_AFO,Mt CO2/yr,2060,6.141167193987078e-05
SSP2_BaU_NoCC,KNA,Emi_CO2_AFO,Mt CO2/yr,2070,4.653339587673338e-05
SSP2_BaU_NoCC,KNA,Emi_CO2_AFO,Mt CO2/yr,2080,2.7596866880759316e-05
SSP2_BaU_NoCC,KNA,Emi_CO2_AFO,Mt CO2/yr,2090,5.437914285595015e-05
SSP2_BaU_NoCC,KNA,Emi_CO2_AFO,Mt CO2/yr,2100,7.872801279145008e-05
SSP2_BaU_NoCC,LCA,Emi_CO2_AFO,Mt CO2/yr,2010,1.95526297346134e-07
SSP2_BaU_NoCC,LCA,Emi_CO2_AFO,Mt CO2/yr,2015,1.1969768517363857e-09
SSP2_BaU_NoCC,LCA,Emi_CO2_AFO,Mt CO2/yr,2030,9.526017762222686e-19
SSP2_BaU_NoCC,LCA,Emi_CO2_AFO,Mt CO2/yr,2040,4.763008881111343e-19
SSP2_BaU_NoCC,LCA,Emi_CO2_AFO,Mt CO2/yr,2050,9.256316565081701e-05
SSP2_BaU_NoCC,LCA,Emi_CO2_AFO,Mt CO2/yr,2060,0.00019116886618896942
SSP2_BaU_NoCC,LCA,Emi_CO2_AFO,Mt CO2/yr,2070,0.000144749771141067
SSP2_BaU_NoCC,LCA,Emi_CO2_AFO,Mt CO2/yr,2080,8.542138743086748e-05
SSP2_BaU_NoCC,LCA,Emi_CO2_AFO,Mt CO2/yr,2090,0.00016864616379271414
SSP2_BaU_NoCC,LCA,Emi_CO2_AFO,Mt CO2/yr,2100,0.00024473211246581796
SSP2_BaU_NoCC,VCT,Emi_CO2_AFO,Mt CO2/yr,2010,6.467661686421448e-08
SSP2_BaU_NoCC,VCT,Emi_CO2_AFO,Mt CO2/yr,2015,4.783394494881305e-19
SSP2_BaU_NoCC,VCT,Emi_CO2_AFO,Mt CO2/yr,2025,4.783394494881305e-19
SSP2_BaU_NoCC,VCT,Emi_CO2_AFO,Mt CO2/yr,2030,4.783394494881305e-19
SSP2_BaU_NoCC,VCT,Emi_CO2_AFO,Mt CO2/yr,2040,2.3916972474406526e-19
SSP2_BaU_NoCC,VCT,Emi_CO2_AFO,Mt CO2/yr,2050,3.584670945808329e-05
SSP2_BaU_NoCC,VCT,Emi_CO2_AFO,Mt CO2/yr,2060,7.390127538407417e-05
SSP2_BaU_NoCC,VCT,Emi_CO2_AFO,Mt CO2/yr,2070,5.5977846755588426e-05
SSP2_BaU_NoCC,VCT,Emi_CO2_AFO,Mt CO2/yr,2080,3.309104551012519e-05
SSP2_BaU_NoCC,VCT,Emi_CO2_AFO,Mt CO2/yr,2090,6.507556486236665e-05
SSP2_BaU_NoCC,VCT,Emi_CO2_AFO,Mt CO2/yr,2100,9.430274319381228e-05
SSP2_BaU_NoCC,SDN,Emi_CO2_AFO,Mt CO2/yr,2005,-0.6711433476202157
SSP2_BaU_NoCC,SDN,Emi_CO2_AFO,Mt CO2/yr,2010,-1.256668812495615
SSP2_BaU_NoCC,SDN,Emi_CO2_AFO,Mt CO2/yr,2015,3.602474027202536
SSP2_BaU_NoCC,SDN,Emi_CO2_AFO,Mt CO2/yr,2020,0.8470052015845528
SSP2_BaU_NoCC,SDN,Emi_CO2_AFO,Mt CO2/yr,2025,-0.6571920129334483
SSP2_BaU_NoCC,SDN,Emi_CO2_AFO,Mt CO2/yr,2030,4.047771634094106
SSP2_BaU_NoCC,SDN,Emi_CO2_AFO,Mt CO2/yr,2040,1.4640838694158145
SSP2_BaU_NoCC,SDN,Emi_CO2_AFO,Mt CO2/yr,2050,1.182046341609725
SSP2_BaU_NoCC,SDN,Emi_CO2_AFO,Mt CO2/yr,2060,1.2288756087308301
SSP2_BaU_NoCC,SDN,Emi_CO2_AFO,Mt CO2/yr,2070,4.027418541986837
SSP2_BaU_NoCC,SDN,Emi_CO2_AFO,Mt CO2/yr,2080,2.8450801819466913
SSP2_BaU_NoCC,SDN,Emi_CO2_AFO,Mt CO2/yr,2090,3.2144696115424214
SSP2_BaU_NoCC,SDN,Emi_CO2_AFO,Mt CO2/yr,2100,4.629664388630079
SSP2_BaU_NoCC,SUR,Emi_CO2_AFO,Mt CO2/yr,2005,-1.4617349354049392
SSP2_BaU_NoCC,SUR,Emi_CO2_AFO,Mt CO2/yr,2010,-1.4620791708894156
SSP2_BaU_NoCC,SUR,Emi_CO2_AFO,Mt CO2/yr,2015,3.900068129338692
SSP2_BaU_NoCC,SUR,Emi_CO2_AFO,Mt CO2/yr,2020,-0.6667316157104858
SSP2_BaU_NoCC,SUR,Emi_CO2_AFO,Mt CO2/yr,2025,-1.3071501953817337
SSP2_BaU_NoCC,SUR,Emi_CO2_AFO,Mt CO2/yr,2030,-0.584664405024476
SSP2_BaU_NoCC,SUR,Emi_CO2_AFO,Mt CO2/yr,2040,-0.4756852801595738
SSP2_BaU_NoCC,SUR,Emi_CO2_AFO,Mt CO2/yr,2050,-0.506322724394989
SSP2_BaU_NoCC,SUR,Emi_CO2_AFO,Mt CO2/yr,2060,-0.517068090758539
SSP2_BaU_NoCC,SUR,Emi_CO2_AFO,Mt CO2/yr,2070,-1.1557071205246683
SSP2_BaU_NoCC,SUR,Emi_CO2_AFO,Mt CO2/yr,2080,-1.1785022822817353
SSP2_BaU_NoCC,SUR,Emi_CO2_AFO,Mt CO2/yr,2090,-1.1378409170613124
SSP2_BaU_NoCC,SUR,Emi_CO2_AFO,Mt CO2/yr,2100,-1.1622465110401923
SSP2_BaU_NoCC,SWE,Emi_CO2_AFO,Mt CO2/yr,2005,-52.59069779703869
SSP2_BaU_NoCC,SWE,Emi_CO2_AFO,Mt CO2/yr,2010,-52.5869966381629
SSP2_BaU_NoCC,SWE,Emi_CO2_AFO,Mt CO2/yr,2015,-53.58116221012473
SSP2_BaU_NoCC,SWE,Emi_CO2_AFO,Mt CO2/yr,2020,-49.002700137731196
SSP2_BaU_NoCC,SWE,Emi_CO2_AFO,Mt CO2/yr,2025,-54.44541849470882
SSP2_BaU_NoCC,SWE,Emi_CO2_AFO,Mt CO2/yr,2030,-48.4776216721519
SSP2_BaU_NoCC,SWE,Emi_CO2_AFO,Mt CO2/yr,2040,-54.039528778971146
SSP2_BaU_NoCC,SWE,Emi_CO2_AFO,Mt CO2/yr,2050,-53.39202614985429
SSP2_BaU_NoCC,SWE,Emi_CO2_AFO,Mt CO2/yr,2060,-52.18686359580756
SSP2_BaU_NoCC,SWE,Emi_CO2_AFO,Mt CO2/yr,2070,-52.444747338462626
SSP2_BaU_NoCC,SWE,Emi_CO2_AFO,Mt CO2/yr,2080,-52.66028156993224
SSP2_BaU_NoCC,SWE,Emi_CO2_AFO,Mt CO2/yr,2090,-52.9107798082183
SSP2_BaU_NoCC,SWE,Emi_CO2_AFO,Mt CO2/yr,2100,-54.02331863892852
SSP2_BaU_NoCC,CHE,Emi_CO2_AFO,Mt CO2/yr,2005,-5.858516128533614
SSP2_BaU_NoCC,CHE,Emi_CO2_AFO,Mt CO2/yr,2010,26.26597828592383
SSP2_BaU_NoCC,CHE,Emi_CO2_AFO,Mt CO2/yr,2015,-3.463579892493044
SSP2_BaU_NoCC,CHE,Emi_CO2_AFO,Mt CO2/yr,2020,6.886816732388485
SSP2_BaU_NoCC,CHE,Emi_CO2_AFO,Mt CO2/yr,2025,-4.535429888821522
SSP2_BaU_NoCC,CHE,Emi_CO2_AFO,Mt CO2/yr,2030,10.393581398536288
SSP2_BaU_NoCC,CHE,Emi_CO2_AFO,Mt CO2/yr,2040,-3.986108289160887
SSP2_BaU_NoCC,CHE,Emi_CO2_AFO,Mt CO2/yr,2050,-4.4047331807824115
SSP2_BaU_NoCC,CHE,Emi_CO2_AFO,Mt CO2/yr,2060,-4.360768722807674
SSP2_BaU_NoCC,CHE,Emi_CO2_AFO,Mt CO2/yr,2070,-4.279357374373592
SSP2_BaU_NoCC,CHE,Emi_CO2_AFO,Mt CO2/yr,2080,-4.1814843905941315
SSP2_BaU_NoCC,CHE,Emi_CO2_AFO,Mt CO2/yr,2090,-3.3548434597649224
SSP2_BaU_NoCC,CHE,Emi_CO2_AFO,Mt CO2/yr,2100,-2.2687783900444964
SSP2_BaU_NoCC,SYR,Emi_CO2_AFO,Mt CO2/yr,2005,-2.8989176365361033
SSP2_BaU_NoCC,SYR,Emi_CO2_AFO,Mt CO2/yr,2010,-2.491478384895476
SSP2_BaU_NoCC,SYR,Emi_CO2_AFO,Mt CO2/yr,2015,-3.0967636352327714
SSP2_BaU_NoCC,SYR,Emi_CO2_AFO,Mt CO2/yr,2020,1.172181004270577
SSP2_BaU_NoCC,SYR,Emi_CO2_AFO,Mt CO2/yr,2025,-3.6214382300618215
SSP2_BaU_NoCC,SYR,Emi_CO2_AFO,Mt CO2/yr,2030,1.660221476256774
SSP2_BaU_NoCC,SYR,Emi_CO2_AFO,Mt CO2/yr,2040,-0.6949328880804169
SSP2_BaU_NoCC,SYR,Emi_CO2_AFO,Mt CO2/yr,2050,-0.7790137114981082
SSP2_BaU_NoCC,SYR,Emi_CO2_AFO,Mt CO2/yr,2060,-1.2471700706376068
SSP2_BaU_NoCC,SYR,Emi_CO2_AFO,Mt CO2/yr,2070,-1.3845302677645204
SSP2_BaU_NoCC,SYR,Emi_CO2_AFO,Mt CO2/yr,2080,-0.9996171236630883
SSP2_BaU_NoCC,SYR,Emi_CO2_AFO,Mt CO2/yr,2090,-1.166579775633096
SSP2_BaU_NoCC,SYR,Emi_CO2_AFO,Mt CO2/yr,2100,-0.9979091983468518
SSP2_BaU_NoCC,TJK,Emi_CO2_AFO,Mt CO2/yr,2005,-0.11546270013735277
SSP2_BaU_NoCC,TJK,Emi_CO2_AFO,Mt CO2/yr,2010,0.05505098887033752
SSP2_BaU_NoCC,TJK,Emi_CO2_AFO,Mt CO2/yr,2015,0.24358977850476404
SSP2_BaU_NoCC,TJK,Emi_CO2_AFO,Mt CO2/yr,2020,0.5094132170486784
SSP2_BaU_NoCC,TJK,Emi_CO2_AFO,Mt CO2/yr,2025,-0.050535252651704166
SSP2_BaU_NoCC,TJK,Emi_CO2_AFO,Mt CO2/yr,2030,0.16121867982156213
SSP2_BaU_NoCC,TJK,Emi_CO2_AFO,Mt CO2/yr,2040,-0.047535850490826426
SSP2_BaU_NoCC,TJK,Emi_CO2_AFO,Mt CO2/yr,2050,0.14051863629383157
SSP2_BaU_NoCC,TJK,Emi_CO2_AFO,Mt CO2/yr,2060,0.08183049807267753
SSP2_BaU_NoCC,TJK,Emi_CO2_AFO,Mt CO2/yr,2070,-0.038220047172064536
SSP2_BaU_NoCC,TJK,Emi_CO2_AFO,Mt CO2/yr,2080,-0.13114863711408292
SSP2_BaU_NoCC,TJK,Emi_CO2_AFO,Mt CO2/yr,2090,-0.23376251982952612
SSP2_BaU_NoCC,TJK,Emi_CO2_AFO,Mt CO2/yr,2100,-0.08395187662789927
SSP2_BaU_NoCC,TZA,Emi_CO2_AFO,Mt CO2/yr,2005,-34.91310241435043
SSP2_BaU_NoCC,TZA,Emi_CO2_AFO,Mt CO2/yr,2010,1.0087081885030642
SSP2_BaU_NoCC,TZA,Emi_CO2_AFO,Mt CO2/yr,2015,165.73137970047839
SSP2_BaU_NoCC,TZA,Emi_CO2_AFO,Mt CO2/yr,2020,21.197358381782543
SSP2_BaU_NoCC,TZA,Emi_CO2_AFO,Mt CO2/yr,2025,55.564036412005834
SSP2_BaU_NoCC,TZA,Emi_CO2_AFO,Mt CO2/yr,2030,153.10029098783406
SSP2_BaU_NoCC,TZA,Emi_CO2_AFO,Mt CO2/yr,2040,131.65497593540846
SSP2_BaU_NoCC,TZA,Emi_CO2_AFO,Mt CO2/yr,2050,66.17064023077543
SSP2_BaU_NoCC,TZA,Emi_CO2_AFO,Mt CO2/yr,2060,47.09707656393715
SSP2_BaU_NoCC,TZA,Emi_CO2_AFO,Mt CO2/yr,2070,33.39916625327676
SSP2_BaU_NoCC,TZA,Emi_CO2_AFO,Mt CO2/yr,2080,22.839775380464914
SSP2_BaU_NoCC,TZA,Emi_CO2_AFO,Mt CO2/yr,2090,-12.132052286254032
SSP2_BaU_NoCC,TZA,Emi_CO2_AFO,Mt CO2/yr,2100,-11.297083075422645
SSP2_BaU_NoCC,THA,Emi_CO2_AFO,Mt CO2/yr,2005,-108.35589919227574
SSP2_BaU_NoCC,THA,Emi_CO2_AFO,Mt CO2/yr,2010,-34.562014807871535
SSP2_BaU_NoCC,THA,Emi_CO2_AFO,Mt CO2/yr,2015,-90.98388078971405
SSP2_BaU_NoCC,THA,Emi_CO2_AFO,Mt CO2/yr,2020,-43.43982010875258
SSP2_BaU_NoCC,THA,Emi_CO2_AFO,Mt CO2/yr,2025,-94.18532428371374
SSP2_BaU_NoCC,THA,Emi_CO2_AFO,Mt CO2/yr,2030,-36.0006438702906
SSP2_BaU_NoCC,THA,Emi_CO2_AFO,Mt CO2/yr,2040,-86.16898594934815
SSP2_BaU_NoCC,THA,Emi_CO2_AFO,Mt CO2/yr,2050,-90.39776430615976
SSP2_BaU_NoCC,THA,Emi_CO2_AFO,Mt CO2/yr,2060,-91.69250723468612
SSP2_BaU_NoCC,THA,Emi_CO2_AFO,Mt CO2/yr,2070,-91.44938492358003
SSP2_BaU_NoCC,THA,Emi_CO2_AFO,Mt CO2/yr,2080,-88.4105103605207
SSP2_BaU_NoCC,THA,Emi_CO2_AFO,Mt CO2/yr,2090,-87.56011120992878
SSP2_BaU_NoCC,THA,Emi_CO2_AFO,Mt CO2/yr,2100,-88.19473493547345
SSP2_BaU_NoCC,TLS,Emi_CO2_AFO,Mt CO2/yr,2005,-4.146222472812424
SSP2_BaU_NoCC,TLS,Emi_CO2_AFO,Mt CO2/yr,2010,-4.149229569312221
SSP2_BaU_NoCC,TLS,Emi_CO2_AFO,Mt CO2/yr,2015,-4.337393956148782
SSP2_BaU_NoCC,TLS,Emi_CO2_AFO,Mt CO2/yr,2020,-0.11450626345214143
SSP2_BaU_NoCC,TLS,Emi_CO2_AFO,Mt CO2/yr,2025,-4.213357732823665
SSP2_BaU_NoCC,TLS,Emi_CO2_AFO,Mt CO2/yr,2030,0.3757917420991497
SSP2_BaU_NoCC,TLS,Emi_CO2_AFO,Mt CO2/yr,2040,-3.596953094904142
SSP2_BaU_NoCC,TLS,Emi_CO2_AFO,Mt CO2/yr,2050,-3.61000612370409
SSP2_BaU_NoCC,TLS,Emi_CO2_AFO,Mt CO2/yr,2060,-3.2202681522127143
SSP2_BaU_NoCC,TLS,Emi_CO2_AFO,Mt CO2/yr,2070,-2.958209628916679
SSP2_BaU_NoCC,TLS,Emi_CO2_AFO,Mt CO2/yr,2080,-2.4875101478249872
SSP2_BaU_NoCC,TLS,Emi_CO2_AFO,Mt CO2/yr,2090,-2.833063239403847
SSP2_BaU_NoCC,TLS,Emi_CO2_AFO,Mt CO2/yr,2100,-3.5726467523211336
SSP2_BaU_NoCC,TGO,Emi_CO2_AFO,Mt CO2/yr,2005,-2.0019772345036024
SSP2_BaU_NoCC,TGO,Emi_CO2_AFO,Mt CO2/yr,2010,-0.7452147852334077
SSP2_BaU_NoCC,TGO,Emi_CO2_AFO,Mt CO2/yr,2015,-0.22246616608076009
SSP2_BaU_NoCC,TGO,Emi_CO2_AFO,Mt CO2/yr,2020,1.5322888044631635
SSP2_BaU_NoCC,TGO,Emi_CO2_AFO,Mt CO2/yr,2025,-0.6341295181525111
SSP2_BaU_NoCC,TGO,Emi_CO2_AFO,Mt CO2/yr,2030,6.057990828455999
SSP2_BaU_NoCC,TGO,Emi_CO2_AFO,Mt CO2/yr,2040,2.9156050206912365
SSP2_BaU_NoCC,TGO,Emi_CO2_AFO,Mt CO2/yr,2050,0.9563385573287042
SSP2_BaU_NoCC,TGO,Emi_CO2_AFO,Mt CO2/yr,2060,0.5655171252304034
SSP2_BaU_NoCC,TGO,Emi_CO2_AFO,Mt CO2/yr,2070,0.3416439971811276
SSP2_BaU_NoCC,TGO,Emi_CO2_AFO,Mt CO2/yr,2080,0.3085184501587399
SSP2_BaU_NoCC,TGO,Emi_CO2_AFO,Mt CO2/yr,2090,-0.7484812650890127
SSP2_BaU_NoCC,TGO,Emi_CO2_AFO,Mt CO2/yr,2100,-0.6796038949498496
SSP2_BaU_NoCC,TON,Emi_CO2_AFO,Mt CO2/yr,2010,-0.010561328497917744
SSP2_BaU_NoCC,TON,Emi_CO2_AFO,Mt CO2/yr,2015,-0.010560961425666655
SSP2_BaU_NoCC,TON,Emi_CO2_AFO,Mt CO2/yr,2020,-0.010560961425666657
SSP2_BaU_NoCC,TON,Emi_CO2_AFO,Mt CO2/yr,2025,-0.010374220842488607
SSP2_BaU_NoCC,TON,Emi_CO2_AFO,Mt CO2/yr,2030,0.006895251714817768
SSP2_BaU_NoCC,TON,Emi_CO2_AFO,Mt CO2/yr,2040,-0.013633308891853742
SSP2_BaU_NoCC,TON,Emi_CO2_AFO,Mt CO2/yr,2050,-0.0017882895313232477
SSP2_BaU_NoCC,TON,Emi_CO2_AFO,Mt CO2/yr,2060,-0.0008928397250703346
SSP2_BaU_NoCC,TON,Emi_CO2_AFO,Mt CO2/yr,2070,-0.0005422203914493582
SSP2_BaU_NoCC,TON,Emi_CO2_AFO,Mt CO2/yr,2080,0.00033231455305720794
SSP2_BaU_NoCC,TON,Emi_CO2_AFO,Mt CO2/yr,2090,0.002368042539387065
SSP2_BaU_NoCC,TON,Emi_CO2_AFO,Mt CO2/yr,2100,7.397394667217495e-05
SSP2_BaU_NoCC,TTO,Emi_CO2_AFO,Mt CO2/yr,2005,-0.48387191125699375
SSP2_BaU_NoCC,TTO,Emi_CO2_AFO,Mt CO2/yr,2010,-0.48618327804824757
SSP2_BaU_NoCC,TTO,Emi_CO2_AFO,Mt CO2/yr,2015,-0.5368395636030499
SSP2_BaU_NoCC,TTO,Emi_CO2_AFO,Mt CO2/yr,2020,2.057577435296634
SSP2_BaU_NoCC,TTO,Emi_CO2_AFO,Mt CO2/yr,2025,-0.5395745243021655
SSP2_BaU_NoCC,TTO,Emi_CO2_AFO,Mt CO2/yr,2030,2.810341123540028
SSP2_BaU_NoCC,TTO,Emi_CO2_AFO,Mt CO2/yr,2040,-0.09376911372770919
SSP2_BaU_NoCC,TTO,Emi_CO2_AFO,Mt CO2/yr,2050,0.16239036086137387
SSP2_BaU_NoCC,TTO,Emi_CO2_AFO,Mt CO2/yr,2060,0.7238048632271978
SSP2_BaU_NoCC,TTO,Emi_CO2_AFO,Mt CO2/yr,2070,0.2560350755032014
SSP2_BaU_NoCC,TTO,Emi_CO2_AFO,Mt CO2/yr,2080,0.6514932130811952
SSP2_BaU_NoCC,TTO,Emi_CO2_AFO,Mt CO2/yr,2090,1.0594791542681066
SSP2_BaU_NoCC,TTO,Emi_CO2_AFO,Mt CO2/yr,2100,0.8163631835706532
SSP2_BaU_NoCC,TUN,Emi_CO2_AFO,Mt CO2/yr,2005,-1.5544893905330386
SSP2_BaU_NoCC,TUN,Emi_CO2_AFO,Mt CO2/yr,2010,-1.6418087647519488
SSP2_BaU_NoCC,TUN,Emi_CO2_AFO,Mt CO2/yr,2015,-2.1221387673209575
SSP2_BaU_NoCC,TUN,Emi_CO2_AFO,Mt CO2/yr,2020,-1.9726904171014044
SSP2_BaU_NoCC,TUN,Emi_CO2_AFO,Mt CO2/yr,2025,-1.8360585864107763
SSP2_BaU_NoCC,TUN,Emi_CO2_AFO,Mt CO2/yr,2030,2.3752903982439917
SSP2_BaU_NoCC,TUN,Emi_CO2_AFO,Mt CO2/yr,2040,1.7354956455488222
SSP2_BaU_NoCC,TUN,Emi_CO2_AFO,Mt CO2/yr,2050,3.9053638633826484
SSP2_BaU_NoCC,TUN,Emi_CO2_AFO,Mt CO2/yr,2060,-0.694443213840373
SSP2_BaU_NoCC,TUN,Emi_CO2_AFO,Mt CO2/yr,2070,-0.7199581713329507
SSP2_BaU_NoCC,TUN,Emi_CO2_AFO,Mt CO2/yr,2080,-0.3907021449432665
SSP2_BaU_NoCC,TUN,Emi_CO2_AFO,Mt CO2/yr,2090,-0.06183762201478804
SSP2_BaU_NoCC,TUN,Emi_CO2_AFO,Mt CO2/yr,2100,-0.583712642937595
SSP2_BaU_NoCC,TUR,Emi_CO2_AFO,Mt CO2/yr,2005,-6.240951299666495
SSP2_BaU_NoCC,TUR,Emi_CO2_AFO,Mt CO2/yr,2010,15.250444265651794
SSP2_BaU_NoCC,TUR,Emi_CO2_AFO,Mt CO2/yr,2015,-3.9663613048916964
SSP2_BaU_NoCC,TUR,Emi_CO2_AFO,Mt CO2/yr,2020,3.5931732531132363
SSP2_BaU_NoCC,TUR,Emi_CO2_AFO,Mt CO2/yr,2025,-4.264188591184558
SSP2_BaU_NoCC,TUR,Emi_CO2_AFO,Mt CO2/yr,2030,9.355157755421551
SSP2_BaU_NoCC,TUR,Emi_CO2_AFO,Mt CO2/yr,2040,5.640480571435841
SSP2_BaU_NoCC,TUR,Emi_CO2_AFO,Mt CO2/yr,2050,-2.6307496180950443
SSP2_BaU_NoCC,TUR,Emi_CO2_AFO,Mt CO2/yr,2060,-2.548756123929193
SSP2_BaU_NoCC,TUR,Emi_CO2_AFO,Mt CO2/yr,2070,-2.7504143201798983
SSP2_BaU_NoCC,TUR,Emi_CO2_AFO,Mt CO2/yr,2080,-3.524168218365198
SSP2_BaU_NoCC,TUR,Emi_CO2_AFO,Mt CO2/yr,2090,-2.7094078871654563
SSP2_BaU_NoCC,TUR,Emi_CO2_AFO,Mt CO2/yr,2100,-3.296612866510691
SSP2_BaU_NoCC,TKM,Emi_CO2_AFO,Mt CO2/yr,2010,0.2556324798003721
SSP2_BaU_NoCC,TKM,Emi_CO2_AFO,Mt CO2/yr,2015,0.9930913836732077
SSP2_BaU_NoCC,TKM,Emi_CO2_AFO,Mt CO2/yr,2020,-0.7479435366924351
SSP2_BaU_NoCC,TKM,Emi_CO2_AFO,Mt CO2/yr,2025,-0.3169517955917476
SSP2_BaU_NoCC,TKM,Emi_CO2_AFO,Mt CO2/yr,2030,-0.4822408780181956
SSP2_BaU_NoCC,TKM,Emi_CO2_AFO,Mt CO2/yr,2040,1.198784150213452
SSP2_BaU_NoCC,TKM,Emi_CO2_AFO,Mt CO2/yr,2050,2.030574081441515
SSP2_BaU_NoCC,TKM,Emi_CO2_AFO,Mt CO2/yr,2060,1.6732976252484935
SSP2_BaU_NoCC,TKM,Emi_CO2_AFO,Mt CO2/yr,2070,1.1687599758898346
SSP2_BaU_NoCC,TKM,Emi_CO2_AFO,Mt CO2/yr,2080,0.6785686027750305
SSP2_BaU_NoCC,TKM,Emi_CO2_AFO,Mt CO2/yr,2090,-0.0026890810356642414
SSP2_BaU_NoCC,TKM,Emi_CO2_AFO,Mt CO2/yr,2100,0.9000852850588253
SSP2_BaU_NoCC,UGA,Emi_CO2_AFO,Mt CO2/yr,2005,-1.4454442494900623
SSP2_BaU_NoCC,UGA,Emi_CO2_AFO,Mt CO2/yr,2010,0.8357099941458039
SSP2_BaU_NoCC,UGA,Emi_CO2_AFO,Mt CO2/yr,2015,30.610568711294768
SSP2_BaU_NoCC,UGA,Emi_CO2_AFO,Mt CO2/yr,2020,3.5016553806083897
SSP2_BaU_NoCC,UGA,Emi_CO2_AFO,Mt CO2/yr,2025,5.540637921685235
SSP2_BaU_NoCC,UGA,Emi_CO2_AFO,Mt CO2/yr,2030,12.495135626594207
SSP2_BaU_NoCC,UGA,Emi_CO2_AFO,Mt CO2/yr,2040,5.590210825374737
SSP2_BaU_NoCC,UGA,Emi_CO2_AFO,Mt CO2/yr,2050,3.0023496062853363
SSP2_BaU_NoCC,UGA,Emi_CO2_AFO,Mt CO2/yr,2060,1.9923472656003012
SSP2_BaU_NoCC,UGA,Emi_CO2_AFO,Mt CO2/yr,2070,2.69818033851538
SSP2_BaU_NoCC,UGA,Emi_CO2_AFO,Mt CO2/yr,2080,1.0094511118333824
SSP2_BaU_NoCC,UGA,Emi_CO2_AFO,Mt CO2/yr,2090,0.23827644948001026
SSP2_BaU_NoCC,UGA,Emi_CO2_AFO,Mt CO2/yr,2100,0.44271018824565556
SSP2_BaU_NoCC,UKR,Emi_CO2_AFO,Mt CO2/yr,2005,-3.395838764534346
SSP2_BaU_NoCC,UKR,Emi_CO2_AFO,Mt CO2/yr,2010,-2.9124944493817537
SSP2_BaU_NoCC,UKR,Emi_CO2_AFO,Mt CO2/yr,2015,-3.3533086833282266
SSP2_BaU_NoCC,UKR,Emi_CO2_AFO,Mt CO2/yr,2020,9.27428049812137
SSP2_BaU_NoCC,UKR,Emi_CO2_AFO,Mt CO2/yr,2025,-4.059080833960744
SSP2_BaU_NoCC,UKR,Emi_CO2_AFO,Mt CO2/yr,2030,21.689836187351908
SSP2_BaU_NoCC,UKR,Emi_CO2_AFO,Mt CO2/yr,2040,-1.5204837070915875
SSP2_BaU_NoCC,UKR,Emi_CO2_AFO,Mt CO2/yr,2050,3.8026094523845773
SSP2_BaU_NoCC,UKR,Emi_CO2_AFO,Mt CO2/yr,2060,1.2022700479880872
SSP2_BaU_NoCC,UKR,Emi_CO2_AFO,Mt CO2/yr,2070,-0.7670122686898653
SSP2_BaU_NoCC,UKR,Emi_CO2_AFO,Mt CO2/yr,2080,-1.5928812828997814
SSP2_BaU_NoCC,UKR,Emi_CO2_AFO,Mt CO2/yr,2090,-1.5354214789613727
SSP2_BaU_NoCC,UKR,Emi_CO2_AFO,Mt CO2/yr,2100,-1.946103281276402
SSP2_BaU_NoCC,ARE,Emi_CO2_AFO,Mt CO2/yr,2010,0.002015268150189657
SSP2_BaU_NoCC,ARE,Emi_CO2_AFO,Mt CO2/yr,2015,-6.995636395498955e-05
SSP2_BaU_NoCC,ARE,Emi_CO2_AFO,Mt CO2/yr,2020,-0.09155486158621179
SSP2_BaU_NoCC,ARE,Emi_CO2_AFO,Mt CO2/yr,2025,-0.042753498367472755
SSP2_BaU_NoCC,ARE,Emi_CO2_AFO,Mt CO2/yr,2030,-0.0682949555604126
SSP2_BaU_NoCC,ARE,Emi_CO2_AFO,Mt CO2/yr,2040,-0.05997880790984951
SSP2_BaU_NoCC,ARE,Emi_CO2_AFO,Mt CO2/yr,2050,-0.04690273472010296
SSP2_BaU_NoCC,ARE,Emi_CO2_AFO,Mt CO2/yr,2060,-0.01578608564177604
SSP2_BaU_NoCC,ARE,Emi_CO2_AFO,Mt CO2/yr,2070,0.0017173503600468954
SSP2_BaU_NoCC,ARE,Emi_CO2_AFO,Mt CO2/yr,2080,-0.0005898610590705428
SSP2_BaU_NoCC,ARE,Emi_CO2_AFO,Mt CO2/yr,2090,-0.028983006999383224
SSP2_BaU_NoCC,ARE,Emi_CO2_AFO,Mt CO2/yr,2100,-0.08847097854605393
SSP2_BaU_NoCC,GBR,Emi_CO2_AFO,Mt CO2/yr,2005,-8.494068147806614
SSP2_BaU_NoCC,GBR,Emi_CO2_AFO,Mt CO2/yr,2010,-5.175132867394974
SSP2_BaU_NoCC,GBR,Emi_CO2_AFO,Mt CO2/yr,2015,-15.200314857119967
SSP2_BaU_NoCC,GBR,Emi_CO2_AFO,Mt CO2/yr,2020,114.00945687032633
SSP2_BaU_NoCC,GBR,Emi_CO2_AFO,Mt CO2/yr,2025,-25.538396332599373
SSP2_BaU_NoCC,GBR,Emi_CO2_AFO,Mt CO2/yr,2030,105.92769456653619
SSP2_BaU_NoCC,GBR,Emi_CO2_AFO,Mt CO2/yr,2040,-14.151761591617014
SSP2_BaU_NoCC,GBR,Emi_CO2_AFO,Mt CO2/yr,2050,-14.757757149449098
SSP2_BaU_NoCC,GBR,Emi_CO2_AFO,Mt CO2/yr,2060,-15.806949922260708
SSP2_BaU_NoCC,GBR,Emi_CO2_AFO,Mt CO2/yr,2070,-15.546967713638885
SSP2_BaU_NoCC,GBR,Emi_CO2_AFO,Mt CO2/yr,2080,-17.14981157287781
SSP2_BaU_NoCC,GBR,Emi_CO2_AFO,Mt CO2/yr,2090,-18.86284141843561
SSP2_BaU_NoCC,GBR,Emi_CO2_AFO,Mt CO2/yr,2100,-20.687302868797016
SSP2_BaU_NoCC,USA,Emi_CO2_AFO,Mt CO2/yr,2005,-167.96809961427402
SSP2_BaU_NoCC,USA,Emi_CO2_AFO,Mt CO2/yr,2010,-142.36785064006202
SSP2_BaU_NoCC,USA,Emi_CO2_AFO,Mt CO2/yr,2015,-166.1482323157548
SSP2_BaU_NoCC,USA,Emi_CO2_AFO,Mt CO2/yr,2020,372.86700070192603
SSP2_BaU_NoCC,USA,Emi_CO2_AFO,Mt CO2/yr,2025,-165.15374754937443
SSP2_BaU_NoCC,USA,Emi_CO2_AFO,Mt CO2/yr,2030,280.35717858472333
SSP2_BaU_NoCC,USA,Emi_CO2_AFO,Mt CO2/yr,2040,-72.66113954420968
SSP2_BaU_NoCC,USA,Emi_CO2_AFO,Mt CO2/yr,2050,6.850988683896986
SSP2_BaU_NoCC,USA,Emi_CO2_AFO,Mt CO2/yr,2060,38.163030083424985
SSP2_BaU_NoCC,USA,Emi_CO2_AFO,Mt CO2/yr,2070,119.66361526795876
SSP2_BaU_NoCC,USA,Emi_CO2_AFO,Mt CO2/yr,2080,21.367583811060655
SSP2_BaU_NoCC,USA,Emi_CO2_AFO,Mt CO2/yr,2090,-69.51114553111783
SSP2_BaU_NoCC,USA,Emi_CO2_AFO,Mt CO2/yr,2100,-126.21627625249968
SSP2_BaU_NoCC,URY,Emi_CO2_AFO,Mt CO2/yr,2005,-0.36180185260901365
SSP2_BaU_NoCC,URY,Emi_CO2_AFO,Mt CO2/yr,2010,-0.24340395647738666
SSP2_BaU_NoCC,URY,Emi_CO2_AFO,Mt CO2/yr,2015,0.2849488512692677
SSP2_BaU_NoCC,URY,Emi_CO2_AFO,Mt CO2/yr,2020,7.458910388669889
SSP2_BaU_NoCC,URY,Emi_CO2_AFO,Mt CO2/yr,2025,0.6265491766857976
SSP2_BaU_NoCC,URY,Emi_CO2_AFO,Mt CO2/yr,2030,3.88327254540264
SSP2_BaU_NoCC,URY,Emi_CO2_AFO,Mt CO2/yr,2040,1.6760120344410971
SSP2_BaU_NoCC,URY,Emi_CO2_AFO,Mt CO2/yr,2050,0.007486288921277506
SSP2_BaU_NoCC,URY,Emi_CO2_AFO,Mt CO2/yr,2060,0.23738262316891418
SSP2_BaU_NoCC,URY,Emi_CO2_AFO,Mt CO2/yr,2070,0.12001544429020145
SSP2_BaU_NoCC,URY,Emi_CO2_AFO,Mt CO2/yr,2080,-0.12118034042553305
SSP2_BaU_NoCC,URY,Emi_CO2_AFO,Mt CO2/yr,2090,-0.005536413824260289
SSP2_BaU_NoCC,URY,Emi_CO2_AFO,Mt CO2/yr,2100,0.006317053217273494
SSP2_BaU_NoCC,UZB,Emi_CO2_AFO,Mt CO2/yr,2005,-0.02095890458083001
SSP2_BaU_NoCC,UZB,Emi_CO2_AFO,Mt CO2/yr,2010,0.6594467310415962
SSP2_BaU_NoCC,UZB,Emi_CO2_AFO,Mt CO2/yr,2015,0.8430511589726865
SSP2_BaU_NoCC,UZB,Emi_CO2_AFO,Mt CO2/yr,2020,0.04140315974142328
SSP2_BaU_NoCC,UZB,Emi_CO2_AFO,Mt CO2/yr,2025,-0.20074707859454793
SSP2_BaU_NoCC,UZB,Emi_CO2_AFO,Mt CO2/yr,2030,-0.04408541414201683
SSP2_BaU_NoCC,UZB,Emi_CO2_AFO,Mt CO2/yr,2040,0.7806084498652426
SSP2_BaU_NoCC,UZB,Emi_CO2_AFO,Mt CO2/yr,2050,1.6060955113165656
SSP2_BaU_NoCC,UZB,Emi_CO2_AFO,Mt CO2/yr,2060,1.3742436593317016
SSP2_BaU_NoCC,UZB,Emi_CO2_AFO,Mt CO2/yr,2070,0.9571613771665946
SSP2_BaU_NoCC,UZB,Emi_CO2_AFO,Mt CO2/yr,2080,0.587513680087724
SSP2_BaU_NoCC,UZB,Emi_CO2_AFO,Mt CO2/yr,2090,-0.021341721814770245
SSP2_BaU_NoCC,UZB,Emi_CO2_AFO,Mt CO2/yr,2100,0.7961906807655215
SSP2_BaU_NoCC,VUT,Emi_CO2_AFO,Mt CO2/yr,2005,-0.23416981575973467
SSP2_BaU_NoCC,VUT,Emi_CO2_AFO,Mt CO2/yr,2010,0.1863674145921289
SSP2_BaU_NoCC,VUT,Emi_CO2_AFO,Mt CO2/yr,2015,-0.2116517664004201
SSP2_BaU_NoCC,VUT,Emi_CO2_AFO,Mt CO2/yr,2020,-0.23788020973326296
SSP2_BaU_NoCC,VUT,Emi_CO2_AFO,Mt CO2/yr,2025,-0.21557988954455082
SSP2_BaU_NoCC,VUT,Emi_CO2_AFO,Mt CO2/yr,2030,0.32144427267965914
SSP2_BaU_NoCC,VUT,Emi_CO2_AFO,Mt CO2/yr,2040,-0.1951841845855904
SSP2_BaU_NoCC,VUT,Emi_CO2_AFO,Mt CO2/yr,2050,-0.20001724903892767
SSP2_BaU_NoCC,VUT,Emi_CO2_AFO,Mt CO2/yr,2060,-0.1932406207936093
SSP2_BaU_NoCC,VUT,Emi_CO2_AFO,Mt CO2/yr,2070,-0.15510775877652055
SSP2_BaU_NoCC,VUT,Emi_CO2_AFO,Mt CO2/yr,2080,-0.155359620257605
SSP2_BaU_NoCC,VUT,Emi_CO2_AFO,Mt CO2/yr,2090,-0.16643323050959455
SSP2_BaU_NoCC,VUT,Emi_CO2_AFO,Mt CO2/yr,2100,-0.2118131250773037
SSP2_BaU_NoCC,VEN,Emi_CO2_AFO,Mt CO2/yr,2005,-14.635956198294021
SSP2_BaU_NoCC,VEN,Emi_CO2_AFO,Mt CO2/yr,2010,103.50532239224248
SSP2_BaU_NoCC,VEN,Emi_CO2_AFO,Mt CO2/yr,2015,34.074636413418276
SSP2_BaU_NoCC,VEN,Emi_CO2_AFO,Mt CO2/yr,2020,28.673235728490084
SSP2_BaU_NoCC,VEN,Emi_CO2_AFO,Mt CO2/yr,2025,0.8891245439666147
SSP2_BaU_NoCC,VEN,Emi_CO2_AFO,Mt CO2/yr,2030,15.838232373499213
SSP2_BaU_NoCC,VEN,Emi_CO2_AFO,Mt CO2/yr,2040,-0.7368333661675681
SSP2_BaU_NoCC,VEN,Emi_CO2_AFO,Mt CO2/yr,2050,-6.039326502645487
SSP2_BaU_NoCC,VEN,Emi_CO2_AFO,Mt CO2/yr,2060,-5.257368912696416
SSP2_BaU_NoCC,VEN,Emi_CO2_AFO,Mt CO2/yr,2070,-4.292460605020269
SSP2_BaU_NoCC,VEN,Emi_CO2_AFO,Mt CO2/yr,2080,-6.868244428359324
SSP2_BaU_NoCC,VEN,Emi_CO2_AFO,Mt CO2/yr,2090,-5.254475908034625
SSP2_BaU_NoCC,VEN,Emi_CO2_AFO,Mt CO2/yr,2100,-8.158405952407136
SSP2_BaU_NoCC,VNM,Emi_CO2_AFO,Mt CO2/yr,2005,-66.97919166309771
SSP2_BaU_NoCC,VNM,Emi_CO2_AFO,Mt CO2/yr,2010,205.63835371008173
SSP2_BaU_NoCC,VNM,Emi_CO2_AFO,Mt CO2/yr,2015,-45.23643602879749
SSP2_BaU_NoCC,VNM,Emi_CO2_AFO,Mt CO2/yr,2020,11.755289834850004
SSP2_BaU_NoCC,VNM,Emi_CO2_AFO,Mt CO2/yr,2025,-34.01843135555181
SSP2_BaU_NoCC,VNM,Emi_CO2_AFO,Mt CO2/yr,2030,60.85803042605781
SSP2_BaU_NoCC,VNM,Emi_CO2_AFO,Mt CO2/yr,2040,-15.711845061496753
SSP2_BaU_NoCC,VNM,Emi_CO2_AFO,Mt CO2/yr,2050,-41.3193150109045
SSP2_BaU_NoCC,VNM,Emi_CO2_AFO,Mt CO2/yr,2060,-46.18313389319038
SSP2_BaU_NoCC,VNM,Emi_CO2_AFO,Mt CO2/yr,2070,-48.70656518661855
SSP2_BaU_NoCC,VNM,Emi_CO2_AFO,Mt CO2/yr,2080,-44.98868222302281
SSP2_BaU_NoCC,VNM,Emi_CO2_AFO,Mt CO2/yr,2090,-28.252146086236618
SSP2_BaU_NoCC,VNM,Emi_CO2_AFO,Mt CO2/yr,2100,-26.635160835702326
SSP2_BaU_NoCC,VIR,Emi_CO2_AFO,Mt CO2/yr,2010,2.280113985536909e-07
SSP2_BaU_NoCC,VIR,Emi_CO2_AFO,Mt CO2/yr,2015,6.5226826170050794e-09
SSP2_BaU_NoCC,VIR,Emi_CO2_AFO,Mt CO2/yr,2030,9.36055538318149e-19
SSP2_BaU_NoCC,VIR,Emi_CO2_AFO,Mt CO2/yr,2040,-3.2613347855995215e-09
SSP2_BaU_NoCC,VIR,Emi_CO2_AFO,Mt CO2/yr,2050,5.989552005964995e-05
SSP2_BaU_NoCC,VIR,Emi_CO2_AFO,Mt CO2/yr,2060,0.00012410783435783335
SSP2_BaU_NoCC,VIR,Emi_CO2_AFO,Mt CO2/yr,2070,9.389027468809976e-05
SSP2_BaU_NoCC,VIR,Emi_CO2_AFO,Mt CO2/yr,2080,5.557872582111651e-05
SSP2_BaU_NoCC,VIR,Emi_CO2_AFO,Mt CO2/yr,2090,0.00010927178203149542
SSP2_BaU_NoCC,VIR,Emi_CO2_AFO,Mt CO2/yr,2100,0.0001586393696720799
SSP2_BaU_NoCC,PSE,Emi_CO2_AFO,Mt CO2/yr,2005,-0.792742131329686
SSP2_BaU_NoCC,PSE,Emi_CO2_AFO,Mt CO2/yr,2010,-0.7598079984703575
SSP2_BaU_NoCC,PSE,Emi_CO2_AFO,Mt CO2/yr,2015,-1.1880784647805092
SSP2_BaU_NoCC,PSE,Emi_CO2_AFO,Mt CO2/yr,2020,0.8619352764605344
SSP2_BaU_NoCC,PSE,Emi_CO2_AFO,Mt CO2/yr,2025,-1.6411276244104271
SSP2_BaU_NoCC,PSE,Emi_CO2_AFO,Mt CO2/yr,2030,0.7179605905009401
SSP2_BaU_NoCC,PSE,Emi_CO2_AFO,Mt CO2/yr,2040,-0.5709912902302514
SSP2_BaU_NoCC,PSE,Emi_CO2_AFO,Mt CO2/yr,2050,-0.5614115797037571
SSP2_BaU_NoCC,PSE,Emi_CO2_AFO,Mt CO2/yr,2060,-0.5499152723026031
SSP2_BaU_NoCC,PSE,Emi_CO2_AFO,Mt CO2/yr,2070,-0.5566470194769556
SSP2_BaU_NoCC,PSE,Emi_CO2_AFO,Mt CO2/yr,2080,-0.5825145175612165
SSP2_BaU_NoCC,PSE,Emi_CO2_AFO,Mt CO2/yr,2090,-0.557639137114815
SSP2_BaU_NoCC,PSE,Emi_CO2_AFO,Mt CO2/yr,2100,-0.501734556986611
SSP2_BaU_NoCC,YEM,Emi_CO2_AFO,Mt CO2/yr,2005,-0.8967433268073305
SSP2_BaU_NoCC,YEM,Emi_CO2_AFO,Mt CO2/yr,2010,-0.45256400144262704
SSP2_BaU_NoCC,YEM,Emi_CO2_AFO,Mt CO2/yr,2015,-0.8651442695894132
SSP2_BaU_NoCC,YEM,Emi_CO2_AFO,Mt CO2/yr,2020,-3.531323137072815
SSP2_BaU_NoCC,YEM,Emi_CO2_AFO,Mt CO2/yr,2025,-1.9537828486280495
SSP2_BaU_NoCC,YEM,Emi_CO2_AFO,Mt CO2/yr,2030,-1.1641364119397333
SSP2_BaU_NoCC,YEM,Emi_CO2_AFO,Mt CO2/yr,2040,-0.5066077511490105
SSP2_BaU_NoCC,YEM,Emi_CO2_AFO,Mt CO2/yr,2050,-0.27675962120482067
SSP2_BaU_NoCC,YEM,Emi_CO2_AFO,Mt CO2/yr,2060,-0.1288780143746649
SSP2_BaU_NoCC,YEM,Emi_CO2_AFO,Mt CO2/yr,2070,0.1303695833384213
SSP2_BaU_NoCC,YEM,Emi_CO2_AFO,Mt CO2/yr,2080,-0.06796636823529965
SSP2_BaU_NoCC,YEM,Emi_CO2_AFO,Mt CO2/yr,2090,-0.11198920408511698
SSP2_BaU_NoCC,YEM,Emi_CO2_AFO,Mt CO2/yr,2100,-0.4677885660562755
SSP2_BaU_NoCC,ZMB,Emi_CO2_AFO,Mt CO2/yr,2005,-52.30111105496474
SSP2_BaU_NoCC,ZMB,Emi_CO2_AFO,Mt CO2/yr,2010,-0.7948386404611725
SSP2_BaU_NoCC,ZMB,Emi_CO2_AFO,Mt CO2/yr,2015,312.7948559177166
SSP2_BaU_NoCC,ZMB,Emi_CO2_AFO,Mt CO2/yr,2020,24.088235933369823
SSP2_BaU_NoCC,ZMB,Emi_CO2_AFO,Mt CO2/yr,2025,59.95201802502337
SSP2_BaU_NoCC,ZMB,Emi_CO2_AFO,Mt CO2/yr,2030,155.35551463884428
SSP2_BaU_NoCC,ZMB,Emi_CO2_AFO,Mt CO2/yr,2040,130.39560623000926
SSP2_BaU_NoCC,ZMB,Emi_CO2_AFO,Mt CO2/yr,2050,57.04804263117102
SSP2_BaU_NoCC,ZMB,Emi_CO2_AFO,Mt CO2/yr,2060,34.56250749980491
SSP2_BaU_NoCC,ZMB,Emi_CO2_AFO,Mt CO2/yr,2070,14.104395694220404
SSP2_BaU_NoCC,ZMB,Emi_CO2_AFO,Mt CO2/yr,2080,8.393417866781615
SSP2_BaU_NoCC,ZMB,Emi_CO2_AFO,Mt CO2/yr,2090,-22.891925017019386
SSP2_BaU_NoCC,ZMB,Emi_CO2_AFO,Mt CO2/yr,2100,-22.136696798112144
SSP2_BaU_NoCC,ZWE,Emi_CO2_AFO,Mt CO2/yr,2005,-5.802429291334491
SSP2_BaU_NoCC,ZWE,Emi_CO2_AFO,Mt CO2/yr,2010,1.386598500900317
SSP2_BaU_NoCC,ZWE,Emi_CO2_AFO,Mt CO2/yr,2015,37.52283269259598
SSP2_BaU_NoCC,ZWE,Emi_CO2_AFO,Mt CO2/yr,2020,13.660296783356932
SSP2_BaU_NoCC,ZWE,Emi_CO2_AFO,Mt CO2/yr,2025,19.033130335314354
SSP2_BaU_NoCC,ZWE,Emi_CO2_AFO,Mt CO2/yr,2030,49.12452837071501
SSP2_BaU_NoCC,ZWE,Emi_CO2_AFO,Mt CO2/yr,2040,38.26824079073212
SSP2_BaU_NoCC,ZWE,Emi_CO2_AFO,Mt CO2/yr,2050,16.57578386171297
SSP2_BaU_NoCC,ZWE,Emi_CO2_AFO,Mt CO2/yr,2060,10.44860214276466
SSP2_BaU_NoCC,ZWE,Emi_CO2_AFO,Mt CO2/yr,2070,6.0685510650118655
SSP2_BaU_NoCC,ZWE,Emi_CO2_AFO,Mt CO2/yr,2080,4.264970913476905
SSP2_BaU_NoCC,ZWE,Emi_CO2_AFO,Mt CO2/yr,2090,-0.8452493460078121
SSP2_BaU_NoCC,ZWE,Emi_CO2_AFO,Mt CO2/yr,2100,-0.3874205727326433
SSP2_BaU_NoCC,ESH,Emi_CO2_AFO,Mt CO2/yr,2010,-2.8263210072194375e-06
SSP2_BaU_NoCC,ESH,Emi_CO2_AFO,Mt CO2/yr,2015,-0.061788600867852754
SSP2_BaU_NoCC,ESH,Emi_CO2_AFO,Mt CO2/yr,2020,-0.0370307932548575
SSP2_BaU_NoCC,ESH,Emi_CO2_AFO,Mt CO2/yr,2025,-0.06417992848578558
SSP2_BaU_NoCC,ESH,Emi_CO2_AFO,Mt CO2/yr,2030,-0.1159417740668561
SSP2_BaU_NoCC,ESH,Emi_CO2_AFO,Mt CO2/yr,2040,-0.11514182431267245
SSP2_BaU_NoCC,ESH,Emi_CO2_AFO,Mt CO2/yr,2050,-0.06854557817265271
SSP2_BaU_NoCC,ESH,Emi_CO2_AFO,Mt CO2/yr,2060,-0.05246291318004036
SSP2_BaU_NoCC,ESH,Emi_CO2_AFO,Mt CO2/yr,2070,-0.04275360159737112
SSP2_BaU_NoCC,ESH,Emi_CO2_AFO,Mt CO2/yr,2080,-0.036611849140778335
SSP2_BaU_NoCC,ESH,Emi_CO2_AFO,Mt CO2/yr,2090,0.00012442232074349934
SSP2_BaU_NoCC,ESH,Emi_CO2_AFO,Mt CO2/yr,2100,0.023175060042570986
SSP2_BaU_NoCC,TWN,Emi_CO2_AFO,Mt CO2/yr,2005,-0.19143718379121183
SSP2_BaU_NoCC,TWN,Emi_CO2_AFO,Mt CO2/yr,2010,-0.17697013349747145
SSP2_BaU_NoCC,TWN,Emi_CO2_AFO,Mt CO2/yr,2015,-0.2819257029386792
SSP2_BaU_NoCC,TWN,Emi_CO2_AFO,Mt CO2/yr,2020,44.8902851749893
SSP2_BaU_NoCC,TWN,Emi_CO2_AFO,Mt CO2/yr,2025,2.114429559640233
SSP2_BaU_NoCC,TWN,Emi_CO2_AFO,Mt CO2/yr,2030,12.283009973900244
SSP2_BaU_NoCC,TWN,Emi_CO2_AFO,Mt CO2/yr,2040,1.4973114761739552
SSP2_BaU_NoCC,TWN,Emi_CO2_AFO,Mt CO2/yr,2050,0.49554245939490327
SSP2_BaU_NoCC,TWN,Emi_CO2_AFO,Mt CO2/yr,2060,0.8283377648290122
SSP2_BaU_NoCC,TWN,Emi_CO2_AFO,Mt CO2/yr,2070,6.643035577884401
SSP2_BaU_NoCC,TWN,Emi_CO2_AFO,Mt CO2/yr,2080,4.773067334088123
SSP2_BaU_NoCC,TWN,Emi_CO2_AFO,Mt CO2/yr,2090,3.349013245292653
SSP2_BaU_NoCC,TWN,Emi_CO2_AFO,Mt CO2/yr,2100,2.3371627450094596
SSP2_BaU_NoCC,R5OECD90+EU,Emi_CO2_AFO,Mt CO2/yr,2005,-666.1605687525675
SSP2_BaU_NoCC,R5OECD90+EU,Emi_CO2_AFO,Mt CO2/yr,2010,-121.4666101182329
SSP2_BaU_NoCC,R5OECD90+EU,Emi_CO2_AFO,Mt CO2/yr,2015,-408.9804728062664
SSP2_BaU_NoCC,R5OECD90+EU,Emi_CO2_AFO,Mt CO2/yr,2020,1137.287507282626
SSP2_BaU_NoCC,R5OECD90+EU,Emi_CO2_AFO,Mt CO2/yr,2025,-421.6517525029119
SSP2_BaU_NoCC,R5OECD90+EU,Emi_CO2_AFO,Mt CO2/yr,2030,1490.2538545299287
SSP2_BaU_NoCC,R5OECD90+EU,Emi_CO2_AFO,Mt CO2/yr,2040,-177.5744934623267
SSP2_BaU_NoCC,R5OECD90+EU,Emi_CO2_AFO,Mt CO2/yr,2050,-290.64694284062125
SSP2_BaU_NoCC,R5OECD90+EU,Emi_CO2_AFO,Mt CO2/yr,2060,-234.5308404732998
SSP2_BaU_NoCC,R5OECD90+EU,Emi_CO2_AFO,Mt CO2/yr,2070,21.710086308198697
SSP2_BaU_NoCC,R5OECD90+EU,Emi_CO2_AFO,Mt CO2/yr,2080,-262.1245445692938
SSP2_BaU_NoCC,R5OECD90+EU,Emi_CO2_AFO,Mt CO2/yr,2090,-461.04369520387814
SSP2_BaU_NoCC,R5OECD90+EU,Emi_CO2_AFO,Mt CO2/yr,2100,-548.5066762645018
SSP2_BaU_NoCC,R5REF,Emi_CO2_AFO,Mt CO2/yr,2005,-66.06837937421274
SSP2_BaU_NoCC,R5REF,Emi_CO2_AFO,Mt CO2/yr,2010,81.32673110226571
SSP2_BaU_NoCC,R5REF,Emi_CO2_AFO,Mt CO2/yr,2015,13.08375135877543
SSP2_BaU_NoCC,R5REF,Emi_CO2_AFO,Mt CO2/yr,2020,17.09712724282045
SSP2_BaU_NoCC,R5REF,Emi_CO2_AFO,Mt CO2/yr,2025,-41.47181758665917
SSP2_BaU_NoCC,R5REF,Emi_CO2_AFO,Mt CO2/yr,2030,57.32960911576383
SSP2_BaU_NoCC,R5REF,Emi_CO2_AFO,Mt CO2/yr,2040,-32.19522436563852
SSP2_BaU_NoCC,R5REF,Emi_CO2_AFO,Mt CO2/yr,2050,-6.182587396298885
SSP2_BaU_NoCC,R5REF,Emi_CO2_AFO,Mt CO2/yr,2060,-21.781084307699174
SSP2_BaU_NoCC,R5REF,Emi_CO2_AFO,Mt CO2/yr,2070,-35.83798802362929
SSP2_BaU_NoCC,R5REF,Emi_CO2_AFO,Mt CO2/yr,2080,-44.011693198036184
SSP2_BaU_NoCC,R5REF,Emi_CO2_AFO,Mt CO2/yr,2090,-52.37416897999205
SSP2_BaU_NoCC,R5REF,Emi_CO2_AFO,Mt CO2/yr,2100,-48.937278727037615
SSP2_BaU_NoCC,R5ASIA,Emi_CO2_AFO,Mt CO2/yr,2005,-1104.1810548765486
SSP2_BaU_NoCC,R5ASIA,Emi_CO2_AFO,Mt CO2/yr,2010,874.6248645048763
SSP2_BaU_NoCC,R5ASIA,Emi_CO2_AFO,Mt CO2/yr,2015,-310.18502551946017
SSP2_BaU_NoCC,R5ASIA,Emi_CO2_AFO,Mt CO2/yr,2020,581.642228883708
SSP2_BaU_NoCC,R5ASIA,Emi_CO2_AFO,Mt CO2/yr,2025,-647.6766192487606
SSP2_BaU_NoCC,R5ASIA,Emi_CO2_AFO,Mt CO2/yr,2030,858.9950212386989
SSP2_BaU_NoCC,R5ASIA,Emi_CO2_AFO,Mt CO2/yr,2040,-801.6509447475231
SSP2_BaU_NoCC,R5ASIA,Emi_CO2_AFO,Mt CO2/yr,2050,-1132.6434973747644
SSP2_BaU_NoCC,R5ASIA,Emi_CO2_AFO,Mt CO2/yr,2060,-1279.0859338064818
SSP2_BaU_NoCC,R5ASIA,Emi_CO2_AFO,Mt CO2/yr,2070,-1254.277888288252
SSP2_BaU_NoCC,R5ASIA,Emi_CO2_AFO,Mt CO2/yr,2080,-1301.5314462387591
SSP2_BaU_NoCC,R5ASIA,Emi_CO2_AFO,Mt CO2/yr,2090,-1127.3347469578914
SSP2_BaU_NoCC,R5ASIA,Emi_CO2_AFO,Mt CO2/yr,2100,-682.0725941401655
SSP2_BaU_NoCC,R5MAF,Emi_CO2_AFO,Mt CO2/yr,2005,-415.7814375400056
SSP2_BaU_NoCC,R5MAF,Emi_CO2_AFO,Mt CO2/yr,2010,54.960576119387156
SSP2_BaU_NoCC,R5MAF,Emi_CO2_AFO,Mt CO2/yr,2015,1429.8570217255442
SSP2_BaU_NoCC,R5MAF,Emi_CO2_AFO,Mt CO2/yr,2020,244.24906132961854
SSP2_BaU_NoCC,R5MAF,Emi_CO2_AFO,Mt CO2/yr,2025,367.88211368059973
SSP2_BaU_NoCC,R5MAF,Emi_CO2_AFO,Mt CO2/yr,2030,1390.4536670324346
SSP2_BaU_NoCC,R5MAF,Emi_CO2_AFO,Mt CO2/yr,2040,1001.4654911800098
SSP2_BaU_NoCC,R5MAF,Emi_CO2_AFO,Mt CO2/yr,2050,449.14010933434776
SSP2_BaU_NoCC,R5MAF,Emi_CO2_AFO,Mt CO2/yr,2060,284.768959335689
SSP2_BaU_NoCC,R5MAF,Emi_CO2_AFO,Mt CO2/yr,2070,164.4298185343759
SSP2_BaU_NoCC,R5MAF,Emi_CO2_AFO,Mt CO2/yr,2080,102.63536398722687
SSP2_BaU_NoCC,R5MAF,Emi_CO2_AFO,Mt CO2/yr,2090,-180.59008185553822
SSP2_BaU_NoCC,R5MAF,Emi_CO2_AFO,Mt CO2/yr,2100,-164.0794026279303
SSP2_BaU_NoCC,R5LAM,Emi_CO2_AFO,Mt CO2/yr,2005,-899.3952908162373
SSP2_BaU_NoCC,R5LAM,Emi_CO2_AFO,Mt CO2/yr,2010,-36.10527143490242
SSP2_BaU_NoCC,R5LAM,Emi_CO2_AFO,Mt CO2/yr,2015,-431.30828489102845
SSP2_BaU_NoCC,R5LAM,Emi_CO2_AFO,Mt CO2/yr,2020,710.7477508830382
SSP2_BaU_NoCC,R5LAM,Emi_CO2_AFO,Mt CO2/yr,2025,-309.6838136303179
SSP2_BaU_NoCC,R5LAM,Emi_CO2_AFO,Mt CO2/yr,2030,982.1494702525688
SSP2_BaU_NoCC,R5LAM,Emi_CO2_AFO,Mt CO2/yr,2040,182.81315871752042
SSP2_BaU_NoCC,R5LAM,Emi_CO2_AFO,Mt CO2/yr,2050,-532.4211469044194
SSP2_BaU_NoCC,R5LAM,Emi_CO2_AFO,Mt CO2/yr,2060,-600.8544633243978
SSP2_BaU_NoCC,R5LAM,Emi_CO2_AFO,Mt CO2/yr,2070,-742.6755849253004
SSP2_BaU_NoCC,R5LAM,Emi_CO2_AFO,Mt CO2/yr,2080,-980.8579580758128
SSP2_BaU_NoCC,R5LAM,Emi_CO2_AFO,Mt CO2/yr,2090,-1307.8067496070369
SSP2_BaU_NoCC,R5LAM,Emi_CO2_AFO,Mt CO2/yr,2100,-1662.1692222644756
SSP2_BaU_NoCC,R10REST_ASIA,Emi_CO2_AFO,Mt CO2/yr,2005,-625.5617721500369
SSP2_BaU_NoCC,R10REST_ASIA,Emi_CO2_AFO,Mt CO2/yr,2010,357.1997987454739
SSP2_BaU_NoCC,R10REST_ASIA,Emi_CO2_AFO,Mt CO2/yr,2015,-376.69381574150674
SSP2_BaU_NoCC,R10REST_ASIA,Emi_CO2_AFO,Mt CO2/yr,2020,164.76055759639735
SSP2_BaU_NoCC,R10REST_ASIA,Emi_CO2_AFO,Mt CO2/yr,2025,-247.05471602588534
SSP2_BaU_NoCC,R10REST_ASIA,Emi_CO2_AFO,Mt CO2/yr,2030,312.6063063131634
SSP2_BaU_NoCC,R10REST_ASIA,Emi_CO2_AFO,Mt CO2/yr,2040,-187.9673260070827
SSP2_BaU_NoCC,R10REST_ASIA,Emi_CO2_AFO,Mt CO2/yr,2050,-365.2025445081123
SSP2_BaU_NoCC,R10REST_ASIA,Emi_CO2_AFO,Mt CO2/yr,2060,-398.32594204869406
SSP2_BaU_NoCC,R10REST_ASIA,Emi_CO2_AFO,Mt CO2/yr,2070,-422.14149559704293
SSP2_BaU_NoCC,R10REST_ASIA,Emi_CO2_AFO,Mt CO2/yr,2080,-413.083273225306
SSP2_BaU_NoCC,R10REST_ASIA,Emi_CO2_AFO,Mt CO2/yr,2090,-408.0202051297672
SSP2_BaU_NoCC,R10REST_ASIA,Emi_CO2_AFO,Mt CO2/yr,2100,-443.07960203238906
SSP2_BaU_NoCC,R10REF_ECON,Emi_CO2_AFO,Mt CO2/yr,2005,-66.06837937421274
SSP2_BaU_NoCC,R10REF_ECON,Emi_CO2_AFO,Mt CO2/yr,2010,81.32673110226571
SSP2_BaU_NoCC,R10REF_ECON,Emi_CO2_AFO,Mt CO2/yr,2015,13.08375135877543
SSP2_BaU_NoCC,R10REF_ECON,Emi_CO2_AFO,Mt CO2/yr,2020,17.09712724282045
SSP2_BaU_NoCC,R10REF_ECON,Emi_CO2_AFO,Mt CO2/yr,2025,-41.47181758665917
SSP2_BaU_NoCC,R10REF_ECON,Emi_CO2_AFO,Mt CO2/yr,2030,57.32960911576383
SSP2_BaU_NoCC,R10REF_ECON,Emi_CO2_AFO,Mt CO2/yr,2040,-32.19522436563852
SSP2_BaU_NoCC,R10REF_ECON,Emi_CO2_AFO,Mt CO2/yr,2050,-6.182587396298885
SSP2_BaU_NoCC,R10REF_ECON,Emi_CO2_AFO,Mt CO2/yr,2060,-21.781084307699174
SSP2_BaU_NoCC,R10REF_ECON,Emi_CO2_AFO,Mt CO2/yr,2070,-35.83798802362929
SSP2_BaU_NoCC,R10REF_ECON,Emi_CO2_AFO,Mt CO2/yr,2080,-44.011693198036184
SSP2_BaU_NoCC,R10REF_ECON,Emi_CO2_AFO,Mt CO2/yr,2090,-52.37416897999205
SSP2_BaU_NoCC,R10REF_ECON,Emi_CO2_AFO,Mt CO2/yr,2100,-48.937278727037615
SSP2_BaU_NoCC,R10PAC_OECD,Emi_CO2_AFO,Mt CO2/yr,2005,-95.8636781161272
SSP2_BaU_NoCC,R10PAC_OECD,Emi_CO2_AFO,Mt CO2/yr,2010,-86.57949053636095
SSP2_BaU_NoCC,R10PAC_OECD,Emi_CO2_AFO,Mt CO2/yr,2015,-31.54689624915501
SSP2_BaU_NoCC,R10PAC_OECD,Emi_CO2_AFO,Mt CO2/yr,2020,441.3308008278283
SSP2_BaU_NoCC,R10PAC_OECD,Emi_CO2_AFO,Mt CO2/yr,2025,177.95622863229457
SSP2_BaU_NoCC,R10PAC_OECD,Emi_CO2_AFO,Mt CO2/yr,2030,861.3632275867085
SSP2_BaU_NoCC,R10PAC_OECD,Emi_CO2_AFO,Mt CO2/yr,2040,249.56870881236347
SSP2_BaU_NoCC,R10PAC_OECD,Emi_CO2_AFO,Mt CO2/yr,2050,49.01111259617869
SSP2_BaU_NoCC,R10PAC_OECD,Emi_CO2_AFO,Mt CO2/yr,2060,73.17147024699432
SSP2_BaU_NoCC,R10PAC_OECD,Emi_CO2_AFO,Mt CO2/yr,2070,259.7036665933932
SSP2_BaU_NoCC,R10PAC_OECD,Emi_CO2_AFO,Mt CO2/yr,2080,93.70862766625118
SSP2_BaU_NoCC,R10PAC_OECD,Emi_CO2_AFO,Mt CO2/yr,2090,2.641010590629179
SSP2_BaU_NoCC,R10PAC_OECD,Emi_CO2_AFO,Mt CO2/yr,2100,-36.716986488647635
SSP2_BaU_NoCC,R10NORTH_AM,Emi_CO2_AFO,Mt CO2/yr,2005,-203.0308312107078
SSP2_BaU_NoCC,R10NORTH_AM,Emi_CO2_AFO,Mt CO2/yr,2010,45.592697346774685
SSP2_BaU_NoCC,R10NORTH_AM,Emi_CO2_AFO,Mt CO2/yr,2015,-112.76666497415053
SSP2_BaU_NoCC,R10NORTH_AM,Emi_CO2_AFO,Mt CO2/yr,2020,438.3220476966245
SSP2_BaU_NoCC,R10NORTH_AM,Emi_CO2_AFO,Mt CO2/yr,2025,-166.8025758171903
SSP2_BaU_NoCC,R10NORTH_AM,Emi_CO2_AFO,Mt CO2/yr,2030,348.0241919044803
SSP2_BaU_NoCC,R10NORTH_AM,Emi_CO2_AFO,Mt CO2/yr,2040,-87.81688295427372
SSP2_BaU_NoCC,R10NORTH_AM,Emi_CO2_AFO,Mt CO2/yr,2050,-3.2169101421401365
SSP2_BaU_NoCC,R10NORTH_AM,Emi_CO2_AFO,Mt CO2/yr,2060,31.395295122542336
SSP2_BaU_NoCC,R10NORTH_AM,Emi_CO2_AFO,Mt CO2/yr,2070,107.52214475861155
SSP2_BaU_NoCC,R10NORTH_AM,Emi_CO2_AFO,Mt CO2/yr,2080,4.998789349478898
SSP2_BaU_NoCC,R10NORTH_AM,Emi_CO2_AFO,Mt CO2/yr,2090,-88.40905358567056
SSP2_BaU_NoCC,R10NORTH_AM,Emi_CO2_AFO,Mt CO2/yr,2100,-131.83233424388956
SSP2_BaU_NoCC,R10MIDDLE_EAST,Emi_CO2_AFO,Mt CO2/yr,2005,-17.990975998075776
SSP2_BaU_NoCC,R10MIDDLE_EAST,Emi_CO2_AFO,Mt CO2/yr,2010,-13.393045813226077
SSP2_BaU_NoCC,R10MIDDLE_EAST,Emi_CO2_AFO,Mt CO2/yr,2015,-16.52730303026251
SSP2_BaU_NoCC,R10MIDDLE_EAST,Emi_CO2_AFO,Mt CO2/yr,2020,-10.910097252185956
SSP2_BaU_NoCC,R10MIDDLE_EAST,Emi_CO2_AFO,Mt CO2/yr,2025,-19.444520633740282
SSP2_BaU_NoCC,R10MIDDLE_EAST,Emi_CO2_AFO,Mt CO2/yr,2030,-5.421813021101684
SSP2_BaU_NoCC,R10MIDDLE_EAST,Emi_CO2_AFO,Mt CO2/yr,2040,-8.916467253017897
SSP2_BaU_NoCC,R10MIDDLE_EAST,Emi_CO2_AFO,Mt CO2/yr,2050,-8.065184457593325
SSP2_BaU_NoCC,R10MIDDLE_EAST,Emi_CO2_AFO,Mt CO2/yr,2060,-9.461750497732995
SSP2_BaU_NoCC,R10MIDDLE_EAST,Emi_CO2_AFO,Mt CO2/yr,2070,-8.783987404110189
SSP2_BaU_NoCC,R10MIDDLE_EAST,Emi_CO2_AFO,Mt CO2/yr,2080,-8.37445505593626
SSP2_BaU_NoCC,R10MIDDLE_EAST,Emi_CO2_AFO,Mt CO2/yr,2090,-8.61300212679054
SSP2_BaU_NoCC,R10MIDDLE_EAST,Emi_CO2_AFO,Mt CO2/yr,2100,-5.738116863439599
SSP2_BaU_NoCC,R10LATIN_AM,Emi_CO2_AFO,Mt CO2/yr,2005,-899.3952908162373
SSP2_BaU_NoCC,R10LATIN_AM,Emi_CO2_AFO,Mt CO2/yr,2010,-36.10527143490242
SSP2_BaU_NoCC,R10LATIN_AM,Emi_CO2_AFO,Mt CO2/yr,2015,-431.30828489102845
SSP2_BaU_NoCC,R10LATIN_AM,Emi_CO2_AFO,Mt CO2/yr,2020,710.7477508830382
SSP2_BaU_NoCC,R10LATIN_AM,Emi_CO2_AFO,Mt CO2/yr,2025,-309.6838136303179
SSP2_BaU_NoCC,R10LATIN_AM,Emi_CO2_AFO,Mt CO2/yr,2030,982.1494702525688
SSP2_BaU_NoCC,R10LATIN_AM,Emi_CO2_AFO,Mt CO2/yr,2040,182.81315871752042
SSP2_BaU_NoCC,R10LATIN_AM,Emi_CO2_AFO,Mt CO2/yr,2050,-532.4211469044194
SSP2_BaU_NoCC,R10LATIN_AM,Emi_CO2_AFO,Mt CO2/yr,2060,-600.8544633243978
SSP2_BaU_NoCC,R10LATIN_AM,Emi_CO2_AFO,Mt CO2/yr,2070,-742.6755849253004
SSP2_BaU_NoCC,R10LATIN_AM,Emi_CO2_AFO,Mt CO2/yr,2080,-980.8579580758128
SSP2_BaU_NoCC,R10LATIN_AM,Emi_CO2_AFO,Mt CO2/yr,2090,-1307.8067496070369
SSP2_BaU_NoCC,R10LATIN_AM,Emi_CO2_AFO,Mt CO2/yr,2100,-1662.1692222644756
SSP2_BaU_NoCC,R10INDIA+,Emi_CO2_AFO,Mt CO2/yr,2005,-65.53183242878039
SSP2_BaU_NoCC,R10INDIA+,Emi_CO2_AFO,Mt CO2/yr,2010,34.30817811064895
SSP2_BaU_NoCC,R10INDIA+,Emi_CO2_AFO,Mt CO2/yr,2015,52.68201692714898
SSP2_BaU_NoCC,R10INDIA+,Emi_CO2_AFO,Mt CO2/yr,2020,66.0814627321667
SSP2_BaU_NoCC,R10INDIA+,Emi_CO2_AFO,Mt CO2/yr,2025,108.89031025421501
SSP2_BaU_NoCC,R10INDIA+,Emi_CO2_AFO,Mt CO2/yr,2030,173.7222397219757
SSP2_BaU_NoCC,R10INDIA+,Emi_CO2_AFO,Mt CO2/yr,2040,34.95916823346332
SSP2_BaU_NoCC,R10INDIA+,Emi_CO2_AFO,Mt CO2/yr,2050,3.3246717154011165
SSP2_BaU_NoCC,R10INDIA+,Emi_CO2_AFO,Mt CO2/yr,2060,-1.9010694772949108
SSP2_BaU_NoCC,R10INDIA+,Emi_CO2_AFO,Mt CO2/yr,2070,-6.685714058260253
SSP2_BaU_NoCC,R10INDIA+,Emi_CO2_AFO,Mt CO2/yr,2080,-18.31945206696732
SSP2_BaU_NoCC,R10INDIA+,Emi_CO2_AFO,Mt CO2/yr,2090,-29.074687122237883
SSP2_BaU_NoCC,R10INDIA+,Emi_CO2_AFO,Mt CO2/yr,2100,-30.37040321216512
SSP2_BaU_NoCC,R10EUROPE,Emi_CO2_AFO,Mt CO2/yr,2005,-367.2660594257325
SSP2_BaU_NoCC,R10EUROPE,Emi_CO2_AFO,Mt CO2/yr,2010,-80.47981692864676
SSP2_BaU_NoCC,R10EUROPE,Emi_CO2_AFO,Mt CO2/yr,2015,-264.66691158296084
SSP2_BaU_NoCC,R10EUROPE,Emi_CO2_AFO,Mt CO2/yr,2020,257.63465875817303
SSP2_BaU_NoCC,R10EUROPE,Emi_CO2_AFO,Mt CO2/yr,2025,-432.8054053180161
SSP2_BaU_NoCC,R10EUROPE,Emi_CO2_AFO,Mt CO2/yr,2030,280.8664350387397
SSP2_BaU_NoCC,R10EUROPE,Emi_CO2_AFO,Mt CO2/yr,2040,-339.3263193204163
SSP2_BaU_NoCC,R10EUROPE,Emi_CO2_AFO,Mt CO2/yr,2050,-336.4411452946597
SSP2_BaU_NoCC,R10EUROPE,Emi_CO2_AFO,Mt CO2/yr,2060,-339.0976058428367
SSP2_BaU_NoCC,R10EUROPE,Emi_CO2_AFO,Mt CO2/yr,2070,-345.51572504380607
SSP2_BaU_NoCC,R10EUROPE,Emi_CO2_AFO,Mt CO2/yr,2080,-360.8319615850239
SSP2_BaU_NoCC,R10EUROPE,Emi_CO2_AFO,Mt CO2/yr,2090,-375.2756522088368
SSP2_BaU_NoCC,R10EUROPE,Emi_CO2_AFO,Mt CO2/yr,2100,-379.9573555319646
SSP2_BaU_NoCC,R10CHINA+,Emi_CO2_AFO,Mt CO2/yr,2005,-413.0874502977312
SSP2_BaU_NoCC,R10CHINA+,Emi_CO2_AFO,Mt CO2/yr,2010,483.11688764875345
SSP2_BaU_NoCC,R10CHINA+,Emi_CO2_AFO,Mt CO2/yr,2015,13.82677329489752
SSP2_BaU_NoCC,R10CHINA+,Emi_CO2_AFO,Mt CO2/yr,2020,350.8002085551442
SSP2_BaU_NoCC,R10CHINA+,Emi_CO2_AFO,Mt CO2/yr,2025,-509.5122134770903
SSP2_BaU_NoCC,R10CHINA+,Emi_CO2_AFO,Mt CO2/yr,2030,372.6664752035598
SSP2_BaU_NoCC,R10CHINA+,Emi_CO2_AFO,Mt CO2/yr,2040,-648.6427869739036
SSP2_BaU_NoCC,R10CHINA+,Emi_CO2_AFO,Mt CO2/yr,2050,-770.7656245820533
SSP2_BaU_NoCC,R10CHINA+,Emi_CO2_AFO,Mt CO2/yr,2060,-878.8589222804927
SSP2_BaU_NoCC,R10CHINA+,Emi_CO2_AFO,Mt CO2/yr,2070,-825.4506786329488
SSP2_BaU_NoCC,R10CHINA+,Emi_CO2_AFO,Mt CO2/yr,2080,-870.1287209464858
SSP2_BaU_NoCC,R10CHINA+,Emi_CO2_AFO,Mt CO2/yr,2090,-690.2398547058862
SSP2_BaU_NoCC,R10CHINA+,Emi_CO2_AFO,Mt CO2/yr,2100,-208.62258889561133
SSP2_BaU_NoCC,R10AFRICA,Emi_CO2_AFO,Mt CO2/yr,2005,-397.7904615419298
SSP2_BaU_NoCC,R10AFRICA,Emi_CO2_AFO,Mt CO2/yr,2010,68.3536219326133
SSP2_BaU_NoCC,R10AFRICA,Emi_CO2_AFO,Mt CO2/yr,2015,1446.3843247558063
SSP2_BaU_NoCC,R10AFRICA,Emi_CO2_AFO,Mt CO2/yr,2020,255.15915858180455
SSP2_BaU_NoCC,R10AFRICA,Emi_CO2_AFO,Mt CO2/yr,2025,387.32663431433997
SSP2_BaU_NoCC,R10AFRICA,Emi_CO2_AFO,Mt CO2/yr,2030,1395.8754800535362
SSP2_BaU_NoCC,R10AFRICA,Emi_CO2_AFO,Mt CO2/yr,2040,1010.3819584330276
SSP2_BaU_NoCC,R10AFRICA,Emi_CO2_AFO,Mt CO2/yr,2050,457.205293791941
SSP2_BaU_NoCC,R10AFRICA,Emi_CO2_AFO,Mt CO2/yr,2060,294.23070983342205
SSP2_BaU_NoCC,R10AFRICA,Emi_CO2_AFO,Mt CO2/yr,2070,173.21380593848613
SSP2_BaU_NoCC,R10AFRICA,Emi_CO2_AFO,Mt CO2/yr,2080,111.00981904316313
SSP2_BaU_NoCC,R10AFRICA,Emi_CO2_AFO,Mt CO2/yr,2090,-171.9770797287477
SSP2_BaU_NoCC,R10AFRICA,Emi_CO2_AFO,Mt CO2/yr,2100,-158.3412857644907
SSP2_BaU_NoCC,World,Emi_CO2_AFO,Mt CO2/yr,2005,-3151.586731359572
SSP2_BaU_NoCC,World,Emi_CO2_AFO,Mt CO2/yr,2010,853.340290173393
SSP2_BaU_NoCC,World,Emi_CO2_AFO,Mt CO2/yr,2015,292.46698986756564
SSP2_BaU_NoCC,World,Emi_CO2_AFO,Mt CO2/yr,2020,2691.023675621813
SSP2_BaU_NoCC,World,Emi_CO2_AFO,Mt CO2/yr,2025,-1052.6018892880502
SSP2_BaU_NoCC,World,Emi_CO2_AFO,Mt CO2/yr,2030,4779.181622169393
SSP2_BaU_NoCC,World,Emi_CO2_AFO,Mt CO2/yr,2040,172.8579873220424
SSP2_BaU_NoCC,World,Emi_CO2_AFO,Mt CO2/yr,2050,-1512.754065181756
SSP2_BaU_NoCC,World,Emi_CO2_AFO,Mt CO2/yr,2060,-1851.4833625761898
SSP2_BaU_NoCC,World,Emi_CO2_AFO,Mt CO2/yr,2070,-1846.6515563946073
SSP2_BaU_NoCC,World,Emi_CO2_AFO,Mt CO2/yr,2080,-2485.8902780946746
SSP2_BaU_NoCC,World,Emi_CO2_AFO,Mt CO2/yr,2090,-3129.1494426043364
SSP2_BaU_NoCC,World,Emi_CO2_AFO,Mt CO2/yr,2100,-3105.7651740241117
