scenario,region,type,year,value
SSP2_500C_NoCC,BRA,wht,2005,2747.4521402409173
SSP2_500C_NoCC,BRA,wht,2010,2574.700305321722
SSP2_500C_NoCC,BRA,wht,2015,2557.974724722401
SSP2_500C_NoCC,BRA,wht,2020,2360.6330618870866
SSP2_500C_NoCC,BRA,wht,2025,2592.8745122556056
SSP2_500C_NoCC,BRA,wht,2030,3035.3690578864766
SSP2_500C_NoCC,BRA,wht,2035,3373.5008085666595
SSP2_500C_NoCC,BRA,wht,2040,3668.8161904675735
SSP2_500C_NoCC,BRA,wht,2045,3951.3416635299036
SSP2_500C_NoCC,BRA,wht,2050,4081.2230874731567
SSP2_500C_NoCC,BRA,wht,2060,2098.5291269747718
SSP2_500C_NoCC,BRA,wht,2070,1301.2342154763328
SSP2_500C_NoCC,BRA,wht,2080,1121.7407364319806
SSP2_500C_NoCC,BRA,wht,2090,1086.156734581671
SSP2_500C_NoCC,BRA,wht,2100,1056.921500083902
SSP2_500C_NoCC,BRA,frs,2005,457088.4414044435
SSP2_500C_NoCC,BRA,frs,2010,451022.22066406655
SSP2_500C_NoCC,BRA,frs,2015,442790.197921296
SSP2_500C_NoCC,BRA,frs,2020,432153.1642619201
SSP2_500C_NoCC,BRA,frs,2025,465573.77309732605
SSP2_500C_NoCC,BRA,frs,2030,470127.69122781296
SSP2_500C_NoCC,BRA,frs,2035,481901.0180787489
SSP2_500C_NoCC,BRA,frs,2040,490031.5335721695
SSP2_500C_NoCC,BRA,frs,2045,500652.45188253245
SSP2_500C_NoCC,BRA,frs,2050,501015.92956311454
SSP2_500C_NoCC,BRA,frs,2060,428762.6130155946
SSP2_500C_NoCC,BRA,frs,2070,399449.4376724649
SSP2_500C_NoCC,BRA,frs,2080,380169.85630022903
SSP2_500C_NoCC,BRA,frs,2090,379732.71197067364
SSP2_500C_NoCC,BRA,frs,2100,386970.3113300963
SSP2_500C_NoCC,BRA,OSD,2005,28804.79452394951
SSP2_500C_NoCC,BRA,OSD,2010,29014.329230113588
SSP2_500C_NoCC,BRA,OSD,2015,34714.94309213859
SSP2_500C_NoCC,BRA,OSD,2020,34320.6334920448
SSP2_500C_NoCC,BRA,OSD,2025,36207.30873274749
SSP2_500C_NoCC,BRA,OSD,2030,39534.65479957409
SSP2_500C_NoCC,BRA,OSD,2035,43218.485664063075
SSP2_500C_NoCC,BRA,OSD,2040,47206.54053819062
SSP2_500C_NoCC,BRA,OSD,2045,50863.30572388656
SSP2_500C_NoCC,BRA,OSD,2050,52566.346509846364
SSP2_500C_NoCC,BRA,OSD,2060,29878.719760878994
SSP2_500C_NoCC,BRA,OSD,2070,19729.606678380915
SSP2_500C_NoCC,BRA,OSD,2080,17900.173860847135
SSP2_500C_NoCC,BRA,OSD,2090,17310.467923808257
SSP2_500C_NoCC,BRA,OSD,2100,16450.47256190306
SSP2_500C_NoCC,BRA,BIO,2025,1455.7867294961957
SSP2_500C_NoCC,BRA,BIO,2030,1507.1530651366982
SSP2_500C_NoCC,BRA,BIO,2035,2112.5997187405715
SSP2_500C_NoCC,BRA,BIO,2040,3646.7426540330375
SSP2_500C_NoCC,BRA,BIO,2045,8772.591961178015
SSP2_500C_NoCC,BRA,BIO,2050,22468.31889609439
SSP2_500C_NoCC,BRA,BIO,2060,164282.84986634005
SSP2_500C_NoCC,BRA,BIO,2070,205352.5408980297
SSP2_500C_NoCC,BRA,BIO,2080,230283.53745016392
SSP2_500C_NoCC,BRA,BIO,2090,232160.8537007625
SSP2_500C_NoCC,BRA,BIO,2100,225387.54977650288
SSP2_500C_NoCC,BRA,C_B,2005,6756.654044308357
SSP2_500C_NoCC,BRA,C_B,2010,10712.406210358437
SSP2_500C_NoCC,BRA,C_B,2015,10460.401683245214
SSP2_500C_NoCC,BRA,C_B,2020,10497.706443969279
SSP2_500C_NoCC,BRA,C_B,2025,11136.935925290098
SSP2_500C_NoCC,BRA,C_B,2030,12160.556224473641
SSP2_500C_NoCC,BRA,C_B,2035,13096.662316885333
SSP2_500C_NoCC,BRA,C_B,2040,13871.572097647562
SSP2_500C_NoCC,BRA,C_B,2045,14508.950609109144
SSP2_500C_NoCC,BRA,C_B,2050,14826.76167613192
SSP2_500C_NoCC,BRA,C_B,2060,10105.2614448774
SSP2_500C_NoCC,BRA,C_B,2070,6585.086910762656
SSP2_500C_NoCC,BRA,C_B,2080,6392.960015777611
SSP2_500C_NoCC,BRA,C_B,2090,6234.934824218572
SSP2_500C_NoCC,BRA,C_B,2100,6103.571987451677
SSP2_500C_NoCC,BRA,CL,2005,84463.20626028905
SSP2_500C_NoCC,BRA,CL,2010,87327.03795406461
SSP2_500C_NoCC,BRA,CL,2015,89212.18099682684
SSP2_500C_NoCC,BRA,CL,2020,86361.82350065095
SSP2_500C_NoCC,BRA,CL,2025,94895.2988277241
SSP2_500C_NoCC,BRA,CL,2030,104477.7971144008
SSP2_500C_NoCC,BRA,CL,2035,114105.3253660341
SSP2_500C_NoCC,BRA,CL,2040,122946.8883496534
SSP2_500C_NoCC,BRA,CL,2045,134867.15351795912
SSP2_500C_NoCC,BRA,CL,2050,150211.12963105668
SSP2_500C_NoCC,BRA,CL,2060,248926.07614370045
SSP2_500C_NoCC,BRA,CL,2070,269063.74599820003
SSP2_500C_NoCC,BRA,CL,2080,289744.87576763367
SSP2_500C_NoCC,BRA,CL,2090,290078.33172510716
SSP2_500C_NoCC,BRA,CL,2100,281866.9681695161
SSP2_500C_NoCC,BRA,CROP_FLW,2005,12975.112824857239
SSP2_500C_NoCC,BRA,CROP_FLW,2010,12384.924984931946
SSP2_500C_NoCC,BRA,CROP_FLW,2015,11803.745475253769
SSP2_500C_NoCC,BRA,CROP_FLW,2020,10950.003945655299
SSP2_500C_NoCC,BRA,CROP_FLW,2025,13705.421423209016
SSP2_500C_NoCC,BRA,CROP_FLW,2030,14495.261975114645
SSP2_500C_NoCC,BRA,CROP_FLW,2035,15820.666014569328
SSP2_500C_NoCC,BRA,CROP_FLW,2040,16888.54433600729
SSP2_500C_NoCC,BRA,CROP_FLW,2045,18399.5388648021
SSP2_500C_NoCC,BRA,CROP_FLW,2050,19434.66054402562
SSP2_500C_NoCC,BRA,CROP_FLW,2060,21475.053656426622
SSP2_500C_NoCC,BRA,CROP_FLW,2070,22499.242186482792
SSP2_500C_NoCC,BRA,CROP_FLW,2080,22615.549445189063
SSP2_500C_NoCC,BRA,CROP_FLW,2090,22667.98621706008
SSP2_500C_NoCC,BRA,CROP_FLW,2100,22688.08220235409
SSP2_500C_NoCC,BRA,GL,2005,295392.1370313279
SSP2_500C_NoCC,BRA,GL,2010,113530.02925683517
SSP2_500C_NoCC,BRA,GL,2015,112296.13237463553
SSP2_500C_NoCC,BRA,GL,2020,104798.97278862365
SSP2_500C_NoCC,BRA,GL,2025,128124.28058219563
SSP2_500C_NoCC,BRA,GL,2030,131578.6323061959
SSP2_500C_NoCC,BRA,GL,2035,140021.5399263397
SSP2_500C_NoCC,BRA,GL,2040,146132.03879170815
SSP2_500C_NoCC,BRA,GL,2045,154372.7585755618
SSP2_500C_NoCC,BRA,GL,2050,156041.24404871938
SSP2_500C_NoCC,BRA,GL,2060,133964.9192958596
SSP2_500C_NoCC,BRA,GL,2070,145290.1604288943
SSP2_500C_NoCC,BRA,GL,2080,145224.96584009632
SSP2_500C_NoCC,BRA,GL,2090,146493.2615832268
SSP2_500C_NoCC,BRA,GL,2100,148447.2786076956
SSP2_500C_NoCC,BRA,GRO,2005,17307.91849836407
SSP2_500C_NoCC,BRA,GRO,2010,18187.636557307284
SSP2_500C_NoCC,BRA,GRO,2015,18597.112456648447
SSP2_500C_NoCC,BRA,GRO,2020,17630.30445958561
SSP2_500C_NoCC,BRA,GRO,2025,18959.171811999327
SSP2_500C_NoCC,BRA,GRO,2030,22336.656044478925
SSP2_500C_NoCC,BRA,GRO,2035,24406.856994036578
SSP2_500C_NoCC,BRA,GRO,2040,24940.592786578694
SSP2_500C_NoCC,BRA,GRO,2045,24890.047201068304
SSP2_500C_NoCC,BRA,GRO,2050,22877.2200364288
SSP2_500C_NoCC,BRA,GRO,2060,12440.428375774136
SSP2_500C_NoCC,BRA,GRO,2070,6895.036217424508
SSP2_500C_NoCC,BRA,GRO,2080,5213.491437532741
SSP2_500C_NoCC,BRA,GRO,2090,4732.7823555175655
SSP2_500C_NoCC,BRA,GRO,2100,4584.792292061211
SSP2_500C_NoCC,BRA,OL,2005,10945.226209438306
SSP2_500C_NoCC,BRA,OL,2010,10945.226209438306
SSP2_500C_NoCC,BRA,OL,2015,10945.226209438306
SSP2_500C_NoCC,BRA,OL,2020,10945.226209438306
SSP2_500C_NoCC,BRA,OL,2025,10945.226209438306
SSP2_500C_NoCC,BRA,OL,2030,10945.226209438306
SSP2_500C_NoCC,BRA,OL,2035,10945.226209438306
SSP2_500C_NoCC,BRA,OL,2040,10945.226209438306
SSP2_500C_NoCC,BRA,OL,2045,10945.226209438306
SSP2_500C_NoCC,BRA,OL,2050,10945.226209438306
SSP2_500C_NoCC,BRA,OL,2060,10945.226209438306
SSP2_500C_NoCC,BRA,OL,2070,10945.226209438306
SSP2_500C_NoCC,BRA,OL,2080,10945.226209438306
SSP2_500C_NoCC,BRA,OL,2090,10945.226209438306
SSP2_500C_NoCC,BRA,OL,2100,10945.226209438306
SSP2_500C_NoCC,BRA,OTH_A,2005,11504.658913129037
SSP2_500C_NoCC,BRA,OTH_A,2010,11374.47985246874
SSP2_500C_NoCC,BRA,OTH_A,2015,8958.402823724793
SSP2_500C_NoCC,BRA,OTH_A,2020,8416.564928757178
SSP2_500C_NoCC,BRA,OTH_A,2025,8235.064692874523
SSP2_500C_NoCC,BRA,OTH_A,2030,8195.679015440248
SSP2_500C_NoCC,BRA,OTH_A,2035,8159.55125057669
SSP2_500C_NoCC,BRA,OTH_A,2040,8053.696182449002
SSP2_500C_NoCC,BRA,OTH_A,2045,7885.135147919652
SSP2_500C_NoCC,BRA,OTH_A,2050,7559.20839826885
SSP2_500C_NoCC,BRA,OTH_A,2060,5256.856019298344
SSP2_500C_NoCC,BRA,OTH_A,2070,3902.053107833145
SSP2_500C_NoCC,BRA,OTH_A,2080,3490.720752751564
SSP2_500C_NoCC,BRA,OTH_A,2090,3271.3889904166977
SSP2_500C_NoCC,BRA,OTH_A,2100,3086.3793044342196
SSP2_500C_NoCC,BRA,PAS,2005,195069.5253940325
SSP2_500C_NoCC,BRA,PAS,2010,195069.5253940325
SSP2_500C_NoCC,BRA,PAS,2015,195055.8270452703
SSP2_500C_NoCC,BRA,PAS,2020,216040.37778683408
SSP2_500C_NoCC,BRA,PAS,2025,150760.98583078294
SSP2_500C_NoCC,BRA,PAS,2030,133170.2176896188
SSP2_500C_NoCC,BRA,PAS,2035,103326.45496690593
SSP2_500C_NoCC,BRA,PAS,2040,80243.87762449784
SSP2_500C_NoCC,BRA,PAS,2045,49461.974361974935
SSP2_500C_NoCC,BRA,PAS,2050,32086.035095138253
SSP2_500C_NoCC,BRA,PAS,2060,27700.72988287405
SSP2_500C_NoCC,BRA,PAS,2070,25550.994238469124
SSP2_500C_NoCC,BRA,PAS,2080,24214.640430069623
SSP2_500C_NoCC,BRA,PAS,2090,23050.033059021225
SSP2_500C_NoCC,BRA,PAS,2100,22069.78023072087
SSP2_500C_NoCC,BRA,PDR,2005,4366.615315439931
SSP2_500C_NoCC,BRA,PDR,2010,3078.5608135628936
SSP2_500C_NoCC,BRA,PDR,2015,2119.6007410936145
SSP2_500C_NoCC,BRA,PDR,2020,2185.9771687516945
SSP2_500C_NoCC,BRA,PDR,2025,2602.734999851814
SSP2_500C_NoCC,BRA,PDR,2030,3212.466932296094
SSP2_500C_NoCC,BRA,PDR,2035,3917.002598595865
SSP2_500C_NoCC,BRA,PDR,2040,4670.383564279638
SSP2_500C_NoCC,BRA,PDR,2045,5596.242346465471
SSP2_500C_NoCC,BRA,PDR,2050,6397.390482787568
SSP2_500C_NoCC,BRA,PDR,2060,3388.3778931301513
SSP2_500C_NoCC,BRA,PDR,2070,2798.945783809942
SSP2_500C_NoCC,BRA,PDR,2080,2726.70206893968
SSP2_500C_NoCC,BRA,PDR,2090,2613.760978741753
SSP2_500C_NoCC,BRA,PDR,2100,2509.198544725155
SSP2_500C_NoCC,BRA,SL,2005,2413.4712622791376
SSP2_500C_NoCC,BRA,SL,2010,2776.3466368082436
SSP2_500C_NoCC,BRA,SL,2015,3085.2371873463
SSP2_500C_NoCC,BRA,SL,2020,3085.2371873463
SSP2_500C_NoCC,BRA,SL,2025,3085.2371873463
SSP2_500C_NoCC,BRA,SL,2030,3085.2371873463
SSP2_500C_NoCC,BRA,SL,2035,3085.2371873463
SSP2_500C_NoCC,BRA,SL,2040,3085.2371873463
SSP2_500C_NoCC,BRA,SL,2045,3085.2371873463
SSP2_500C_NoCC,BRA,SL,2050,3085.2371873463
SSP2_500C_NoCC,BRA,SL,2060,3085.2371873463
SSP2_500C_NoCC,BRA,SL,2070,3085.2371873463
SSP2_500C_NoCC,BRA,SL,2080,3085.2371873463
SSP2_500C_NoCC,BRA,SL,2090,3085.2371873463
SSP2_500C_NoCC,BRA,SL,2100,3085.2371873463
SSP2_500C_NoCC,CAN,wht,2005,16222.800431001455
SSP2_500C_NoCC,CAN,wht,2010,13323.264507079977
SSP2_500C_NoCC,CAN,wht,2015,14131.876228915413
SSP2_500C_NoCC,CAN,wht,2020,13320.286663437322
SSP2_500C_NoCC,CAN,wht,2025,12874.538435139586
SSP2_500C_NoCC,CAN,wht,2030,12836.647803108504
SSP2_500C_NoCC,CAN,wht,2035,12335.409911504372
SSP2_500C_NoCC,CAN,wht,2040,11850.41533491241
SSP2_500C_NoCC,CAN,wht,2045,11392.415589728076
SSP2_500C_NoCC,CAN,wht,2050,10679.715684649755
SSP2_500C_NoCC,CAN,wht,2060,8040.319964485095
SSP2_500C_NoCC,CAN,wht,2070,5069.559340956541
SSP2_500C_NoCC,CAN,wht,2080,3777.010321266489
SSP2_500C_NoCC,CAN,wht,2090,2999.3569073891085
SSP2_500C_NoCC,CAN,wht,2100,2472.9009500110747
SSP2_500C_NoCC,CAN,frs,2005,554934.0771501662
SSP2_500C_NoCC,CAN,frs,2010,556311.1800144255
SSP2_500C_NoCC,CAN,frs,2015,556540.3005147455
SSP2_500C_NoCC,CAN,frs,2020,556279.1640331909
SSP2_500C_NoCC,CAN,frs,2025,555692.0642623077
SSP2_500C_NoCC,CAN,frs,2030,559267.0199090985
SSP2_500C_NoCC,CAN,frs,2035,560007.8050547291
SSP2_500C_NoCC,CAN,frs,2040,560303.922212621
SSP2_500C_NoCC,CAN,frs,2045,551691.8166679216
SSP2_500C_NoCC,CAN,frs,2050,546561.7770028696
SSP2_500C_NoCC,CAN,frs,2060,549452.3243443213
SSP2_500C_NoCC,CAN,frs,2070,551215.3172382705
SSP2_500C_NoCC,CAN,frs,2080,549656.8610997043
SSP2_500C_NoCC,CAN,frs,2090,547233.1648969946
SSP2_500C_NoCC,CAN,frs,2100,546877.9571571801
SSP2_500C_NoCC,CAN,OSD,2005,12657.953019069622
SSP2_500C_NoCC,CAN,OSD,2010,14397.389113937388
SSP2_500C_NoCC,CAN,OSD,2015,16909.958786202515
SSP2_500C_NoCC,CAN,OSD,2020,17045.89198630397
SSP2_500C_NoCC,CAN,OSD,2025,16658.31511796802
SSP2_500C_NoCC,CAN,OSD,2030,16303.68827735499
SSP2_500C_NoCC,CAN,OSD,2035,16006.900525591285
SSP2_500C_NoCC,CAN,OSD,2040,15942.519003698177
SSP2_500C_NoCC,CAN,OSD,2045,16029.105130020356
SSP2_500C_NoCC,CAN,OSD,2050,16355.369034300838
SSP2_500C_NoCC,CAN,OSD,2060,22082.02040292186
SSP2_500C_NoCC,CAN,OSD,2070,24595.335678071224
SSP2_500C_NoCC,CAN,OSD,2080,28880.920234236677
SSP2_500C_NoCC,CAN,OSD,2090,33206.34713780348
SSP2_500C_NoCC,CAN,OSD,2100,35037.654018395544
SSP2_500C_NoCC,CAN,AFR,2025,517.8175845512478
SSP2_500C_NoCC,CAN,AFR,2030,1035.6351691024956
SSP2_500C_NoCC,CAN,AFR,2035,3275.2380719806124
SSP2_500C_NoCC,CAN,AFR,2040,5514.840974858729
SSP2_500C_NoCC,CAN,AFR,2045,17289.829522810833
SSP2_500C_NoCC,CAN,AFR,2050,29064.81807076294
SSP2_500C_NoCC,CAN,AFR,2060,26776.000959480465
SSP2_500C_NoCC,CAN,AFR,2070,26876.604308608792
SSP2_500C_NoCC,CAN,AFR,2080,26897.972660494714
SSP2_500C_NoCC,CAN,AFR,2090,27093.929541232697
SSP2_500C_NoCC,CAN,AFR,2100,27064.07381824069
SSP2_500C_NoCC,CAN,BIO,2025,1079.6871323805387
SSP2_500C_NoCC,CAN,BIO,2030,1435.2807537397869
SSP2_500C_NoCC,CAN,BIO,2035,1883.3287011626082
SSP2_500C_NoCC,CAN,BIO,2040,1971.3330569065743
SSP2_500C_NoCC,CAN,BIO,2045,1892.7883239042726
SSP2_500C_NoCC,CAN,BIO,2050,2034.9485578766034
SSP2_500C_NoCC,CAN,BIO,2060,5034.330374272273
SSP2_500C_NoCC,CAN,BIO,2070,5026.96080112254
SSP2_500C_NoCC,CAN,BIO,2080,4812.459574713484
SSP2_500C_NoCC,CAN,BIO,2090,4505.053260034092
SSP2_500C_NoCC,CAN,BIO,2100,4123.666205940835
SSP2_500C_NoCC,CAN,C_B,2005,23.124276817386903
SSP2_500C_NoCC,CAN,C_B,2010,18.153318807690503
SSP2_500C_NoCC,CAN,C_B,2015,10.796498981550101
SSP2_500C_NoCC,CAN,C_B,2020,10.979583491167551
SSP2_500C_NoCC,CAN,C_B,2025,10.597747247352151
SSP2_500C_NoCC,CAN,C_B,2030,10.246720685203572
SSP2_500C_NoCC,CAN,C_B,2035,9.9057551583
SSP2_500C_NoCC,CAN,C_B,2040,9.577030830773715
SSP2_500C_NoCC,CAN,C_B,2045,9.285787842514193
SSP2_500C_NoCC,CAN,C_B,2050,9.162648079599963
SSP2_500C_NoCC,CAN,C_B,2060,14.608396548540561
SSP2_500C_NoCC,CAN,C_B,2070,18.90201067523583
SSP2_500C_NoCC,CAN,C_B,2080,19.230874327135627
SSP2_500C_NoCC,CAN,C_B,2090,20.531604374653494
SSP2_500C_NoCC,CAN,C_B,2100,21.22865990974217
SSP2_500C_NoCC,CAN,CL,2005,49639.564003231804
SSP2_500C_NoCC,CAN,CL,2010,47249.25708804579
SSP2_500C_NoCC,CAN,CL,2015,47996.12505252984
SSP2_500C_NoCC,CAN,CL,2020,46645.979221588546
SSP2_500C_NoCC,CAN,CL,2025,45716.00451433769
SSP2_500C_NoCC,CAN,CL,2030,44670.88057905592
SSP2_500C_NoCC,CAN,CL,2035,43170.32516871101
SSP2_500C_NoCC,CAN,CL,2040,41733.717420355264
SSP2_500C_NoCC,CAN,CL,2045,40464.453897253
SSP2_500C_NoCC,CAN,CL,2050,39277.16609823068
SSP2_500C_NoCC,CAN,CL,2060,43927.40544191717
SSP2_500C_NoCC,CAN,CL,2070,41691.67958075681
SSP2_500C_NoCC,CAN,CL,2080,43564.1782621559
SSP2_500C_NoCC,CAN,CL,2090,46282.59574169149
SSP2_500C_NoCC,CAN,CL,2100,46754.61658527783
SSP2_500C_NoCC,CAN,CROP_FLW,2005,4661.821410651588
SSP2_500C_NoCC,CAN,CROP_FLW,2010,2954.148861830017
SSP2_500C_NoCC,CAN,CROP_FLW,2015,1412.257660567956
SSP2_500C_NoCC,CAN,CROP_FLW,2020,1394.3121366893301
SSP2_500C_NoCC,CAN,CROP_FLW,2025,1381.4860914902301
SSP2_500C_NoCC,CAN,CROP_FLW,2030,1401.9353379847332
SSP2_500C_NoCC,CAN,CROP_FLW,2035,1389.9497376282848
SSP2_500C_NoCC,CAN,CROP_FLW,2040,1375.704536284733
SSP2_500C_NoCC,CAN,CROP_FLW,2045,1327.1853845886112
SSP2_500C_NoCC,CAN,CROP_FLW,2050,1300.6535213469149
SSP2_500C_NoCC,CAN,CROP_FLW,2060,1393.11013599942
SSP2_500C_NoCC,CAN,CROP_FLW,2070,1374.26172025325
SSP2_500C_NoCC,CAN,CROP_FLW,2080,1387.3637453310373
SSP2_500C_NoCC,CAN,CROP_FLW,2090,1403.6973684487518
SSP2_500C_NoCC,CAN,CROP_FLW,2100,1403.8951625655652
SSP2_500C_NoCC,CAN,GL,2005,265784.00038912194
SSP2_500C_NoCC,CAN,GL,2010,253269.77535412755
SSP2_500C_NoCC,CAN,GL,2015,253634.77379888066
SSP2_500C_NoCC,CAN,GL,2020,253592.4932775142
SSP2_500C_NoCC,CAN,GL,2025,253556.5830839914
SSP2_500C_NoCC,CAN,GL,2030,254433.82056937815
SSP2_500C_NoCC,CAN,GL,2035,253861.4259068663
SSP2_500C_NoCC,CAN,GL,2040,253209.70363696775
SSP2_500C_NoCC,CAN,GL,2045,251816.3734691983
SSP2_500C_NoCC,CAN,GL,2050,251124.1902343879
SSP2_500C_NoCC,CAN,GL,2060,251914.95422696715
SSP2_500C_NoCC,CAN,GL,2070,252292.9669898929
SSP2_500C_NoCC,CAN,GL,2080,251958.22396222065
SSP2_500C_NoCC,CAN,GL,2090,251469.98074878703
SSP2_500C_NoCC,CAN,GL,2100,251386.0654355485
SSP2_500C_NoCC,CAN,GRO,2005,11785.097853828254
SSP2_500C_NoCC,CAN,GRO,2010,8059.614094935026
SSP2_500C_NoCC,CAN,GRO,2015,7634.686435676253
SSP2_500C_NoCC,CAN,GRO,2020,7350.989792300214
SSP2_500C_NoCC,CAN,GRO,2025,6861.292206537217
SSP2_500C_NoCC,CAN,GRO,2030,6431.745864915543
SSP2_500C_NoCC,CAN,GRO,2035,5836.139644087567
SSP2_500C_NoCC,CAN,GRO,2040,5359.067720975958
SSP2_500C_NoCC,CAN,GRO,2045,4969.305750248496
SSP2_500C_NoCC,CAN,GRO,2050,4409.2091065591285
SSP2_500C_NoCC,CAN,GRO,2060,3158.5134352015425
SSP2_500C_NoCC,CAN,GRO,2070,2086.6047420937407
SSP2_500C_NoCC,CAN,GRO,2080,1497.883559045873
SSP2_500C_NoCC,CAN,GRO,2090,1130.1964778572476
SSP2_500C_NoCC,CAN,GRO,2100,839.8568199114897
SSP2_500C_NoCC,CAN,OL,2005,115168.96411662595
SSP2_500C_NoCC,CAN,OL,2010,115168.96411662595
SSP2_500C_NoCC,CAN,OL,2015,115168.96411662595
SSP2_500C_NoCC,CAN,OL,2020,115168.96411662595
SSP2_500C_NoCC,CAN,OL,2025,115168.96411662595
SSP2_500C_NoCC,CAN,OL,2030,115168.96411662595
SSP2_500C_NoCC,CAN,OL,2035,115168.96411662595
SSP2_500C_NoCC,CAN,OL,2040,115168.96411662595
SSP2_500C_NoCC,CAN,OL,2045,115168.96411662595
SSP2_500C_NoCC,CAN,OL,2050,115168.96411662595
SSP2_500C_NoCC,CAN,OL,2060,115168.96411662595
SSP2_500C_NoCC,CAN,OL,2070,115168.96411662595
SSP2_500C_NoCC,CAN,OL,2080,115168.96411662595
SSP2_500C_NoCC,CAN,OL,2090,115168.96411662595
SSP2_500C_NoCC,CAN,OL,2100,115168.96411662595
SSP2_500C_NoCC,CAN,OTH_A,2005,4288.767011863499
SSP2_500C_NoCC,CAN,OTH_A,2010,8496.687191455692
SSP2_500C_NoCC,CAN,OTH_A,2015,7896.549442186164
SSP2_500C_NoCC,CAN,OTH_A,2020,7523.519059366543
SSP2_500C_NoCC,CAN,OTH_A,2025,6850.08778357476
SSP2_500C_NoCC,CAN,OTH_A,2030,6251.335821267154
SSP2_500C_NoCC,CAN,OTH_A,2035,5708.6908935785905
SSP2_500C_NoCC,CAN,OTH_A,2040,5225.100736746649
SSP2_500C_NoCC,CAN,OTH_A,2045,4844.367930920683
SSP2_500C_NoCC,CAN,OTH_A,2050,4488.107545417844
SSP2_500C_NoCC,CAN,OTH_A,2060,4204.5027324884495
SSP2_500C_NoCC,CAN,OTH_A,2070,3520.0552875842845
SSP2_500C_NoCC,CAN,OTH_A,2080,3189.3099532352317
SSP2_500C_NoCC,CAN,OTH_A,2090,3017.4129857841604
SSP2_500C_NoCC,CAN,OTH_A,2100,2855.4147685435873
SSP2_500C_NoCC,CAN,PAS,2005,14694.108921689829
SSP2_500C_NoCC,CAN,PAS,2010,14694.108921689829
SSP2_500C_NoCC,CAN,PAS,2015,14020.351320013202
SSP2_500C_NoCC,CAN,PAS,2020,15673.914153875672
SSP2_500C_NoCC,CAN,PAS,2025,16709.081240981337
SSP2_500C_NoCC,CAN,PAS,2030,12784.194459534021
SSP2_500C_NoCC,CAN,PAS,2035,11876.756483882167
SSP2_500C_NoCC,CAN,PAS,2040,11429.366441366672
SSP2_500C_NoCC,CAN,PAS,2045,10929.077128985537
SSP2_500C_NoCC,CAN,PAS,2050,6163.599279917851
SSP2_500C_NoCC,CAN,PAS,2060,120.86571348325707
SSP2_500C_NoCC,CAN,PAS,2070,114.98256864038207
SSP2_500C_NoCC,CAN,PAS,2080,114.31470159366677
SSP2_500C_NoCC,CAN,PAS,2090,111.87975746369554
SSP2_500C_NoCC,CAN,PAS,2100,108.83768992205238
SSP2_500C_NoCC,CAN,SL,2005,359.4025084350175
SSP2_500C_NoCC,CAN,SL,2010,383.49766331710356
SSP2_500C_NoCC,CAN,SL,2015,415.6138654647125
SSP2_500C_NoCC,CAN,SL,2020,415.6138654647125
SSP2_500C_NoCC,CAN,SL,2025,415.6138654647125
SSP2_500C_NoCC,CAN,SL,2030,415.6138654647125
SSP2_500C_NoCC,CAN,SL,2035,415.6138654647125
SSP2_500C_NoCC,CAN,SL,2040,415.6138654647125
SSP2_500C_NoCC,CAN,SL,2045,415.6138654647125
SSP2_500C_NoCC,CAN,SL,2050,415.6138654647125
SSP2_500C_NoCC,CAN,SL,2060,415.6138654647125
SSP2_500C_NoCC,CAN,SL,2070,415.6138654647125
SSP2_500C_NoCC,CAN,SL,2080,415.6138654647125
SSP2_500C_NoCC,CAN,SL,2090,415.6138654647125
SSP2_500C_NoCC,CAN,SL,2100,415.6138654647125
SSP2_500C_NoCC,CHN,wht,2005,11494.19678195626
SSP2_500C_NoCC,CHN,wht,2010,12012.603124707291
SSP2_500C_NoCC,CHN,wht,2015,11139.814790073884
SSP2_500C_NoCC,CHN,wht,2020,10104.667899010263
SSP2_500C_NoCC,CHN,wht,2025,10021.827118957724
SSP2_500C_NoCC,CHN,wht,2030,9937.478745011751
SSP2_500C_NoCC,CHN,wht,2035,9834.649560006203
SSP2_500C_NoCC,CHN,wht,2040,9767.191688673116
SSP2_500C_NoCC,CHN,wht,2045,9671.306597638828
SSP2_500C_NoCC,CHN,wht,2050,9474.147755041404
SSP2_500C_NoCC,CHN,wht,2060,8766.798769263616
SSP2_500C_NoCC,CHN,wht,2070,8317.41467542322
SSP2_500C_NoCC,CHN,wht,2080,8039.675917207345
SSP2_500C_NoCC,CHN,wht,2090,7738.137414112458
SSP2_500C_NoCC,CHN,wht,2100,7355.457812238526
SSP2_500C_NoCC,CHN,frs,2005,204672.90926902756
SSP2_500C_NoCC,CHN,frs,2010,207126.6757103726
SSP2_500C_NoCC,CHN,frs,2015,207185.91971892424
SSP2_500C_NoCC,CHN,frs,2020,212086.17252482823
SSP2_500C_NoCC,CHN,frs,2025,218053.05572715093
SSP2_500C_NoCC,CHN,frs,2030,229303.18083759735
SSP2_500C_NoCC,CHN,frs,2035,229316.4314854045
SSP2_500C_NoCC,CHN,frs,2040,221108.88683657267
SSP2_500C_NoCC,CHN,frs,2045,206603.41196219952
SSP2_500C_NoCC,CHN,frs,2050,193700.83781844875
SSP2_500C_NoCC,CHN,frs,2060,219437.9405749609
SSP2_500C_NoCC,CHN,frs,2070,237010.4170039198
SSP2_500C_NoCC,CHN,frs,2080,238520.17097553852
SSP2_500C_NoCC,CHN,frs,2090,242747.40405712702
SSP2_500C_NoCC,CHN,frs,2100,247363.0105412792
SSP2_500C_NoCC,CHN,OSD,2005,23869.06921521067
SSP2_500C_NoCC,CHN,OSD,2010,21825.033678027343
SSP2_500C_NoCC,CHN,OSD,2015,17280.06301547583
SSP2_500C_NoCC,CHN,OSD,2020,18106.609079427864
SSP2_500C_NoCC,CHN,OSD,2025,19289.20258713865
SSP2_500C_NoCC,CHN,OSD,2030,19972.13323477346
SSP2_500C_NoCC,CHN,OSD,2035,20430.95218959471
SSP2_500C_NoCC,CHN,OSD,2040,20727.372890695122
SSP2_500C_NoCC,CHN,OSD,2045,20804.6747270485
SSP2_500C_NoCC,CHN,OSD,2050,20495.169290186564
SSP2_500C_NoCC,CHN,OSD,2060,26087.254095700242
SSP2_500C_NoCC,CHN,OSD,2070,28740.596678351554
SSP2_500C_NoCC,CHN,OSD,2080,28462.936058989137
SSP2_500C_NoCC,CHN,OSD,2090,27059.14627795737
SSP2_500C_NoCC,CHN,OSD,2100,25166.224889280827
SSP2_500C_NoCC,CHN,AFR,2025,1210.3455061620232
SSP2_500C_NoCC,CHN,AFR,2030,2420.6910123240464
SSP2_500C_NoCC,CHN,AFR,2035,2771.9364350822466
SSP2_500C_NoCC,CHN,AFR,2040,3123.181857840447
SSP2_500C_NoCC,CHN,AFR,2045,3350.9134379353313
SSP2_500C_NoCC,CHN,AFR,2050,3578.6450180302163
SSP2_500C_NoCC,CHN,AFR,2060,3884.5176673180176
SSP2_500C_NoCC,CHN,AFR,2070,3886.137344005845
SSP2_500C_NoCC,CHN,AFR,2080,3926.8663860921333
SSP2_500C_NoCC,CHN,AFR,2090,3925.7436552957092
SSP2_500C_NoCC,CHN,AFR,2100,4060.691231113013
SSP2_500C_NoCC,CHN,BIO,2025,3858.4952959016605
SSP2_500C_NoCC,CHN,BIO,2030,6769.509244971711
SSP2_500C_NoCC,CHN,BIO,2035,9650.482765977198
SSP2_500C_NoCC,CHN,BIO,2040,10125.42854050563
SSP2_500C_NoCC,CHN,BIO,2045,10270.583211525067
SSP2_500C_NoCC,CHN,BIO,2050,10610.671464690116
SSP2_500C_NoCC,CHN,BIO,2060,12084.836202683968
SSP2_500C_NoCC,CHN,BIO,2070,12225.243734798229
SSP2_500C_NoCC,CHN,BIO,2080,12121.796067129815
SSP2_500C_NoCC,CHN,BIO,2090,12037.376838083464
SSP2_500C_NoCC,CHN,BIO,2100,11970.41664137149
SSP2_500C_NoCC,CHN,C_B,2005,1232.9019816940681
SSP2_500C_NoCC,CHN,C_B,2010,1474.3996196124892
SSP2_500C_NoCC,CHN,C_B,2015,1112.605558383303
SSP2_500C_NoCC,CHN,C_B,2020,1150.7493553581762
SSP2_500C_NoCC,CHN,C_B,2025,1169.797024664285
SSP2_500C_NoCC,CHN,C_B,2030,1175.398876191176
SSP2_500C_NoCC,CHN,C_B,2035,1157.1148098610493
SSP2_500C_NoCC,CHN,C_B,2040,1108.3247509642704
SSP2_500C_NoCC,CHN,C_B,2045,1036.1647006218418
SSP2_500C_NoCC,CHN,C_B,2050,943.1991239596492
SSP2_500C_NoCC,CHN,C_B,2060,1094.535590905183
SSP2_500C_NoCC,CHN,C_B,2070,1209.9527573603227
SSP2_500C_NoCC,CHN,C_B,2080,1203.8936053907805
SSP2_500C_NoCC,CHN,C_B,2090,1174.6921295706045
SSP2_500C_NoCC,CHN,C_B,2100,1109.5590007368237
SSP2_500C_NoCC,CHN,CL,2005,123099.27562195524
SSP2_500C_NoCC,CHN,CL,2010,129515.10256676665
SSP2_500C_NoCC,CHN,CL,2015,128328.55769044478
SSP2_500C_NoCC,CHN,CL,2020,125056.22478133462
SSP2_500C_NoCC,CHN,CL,2025,131405.83438548894
SSP2_500C_NoCC,CHN,CL,2030,135445.70927636386
SSP2_500C_NoCC,CHN,CL,2035,138134.9720871125
SSP2_500C_NoCC,CHN,CL,2040,137546.14176752928
SSP2_500C_NoCC,CHN,CL,2045,135914.65739229094
SSP2_500C_NoCC,CHN,CL,2050,132131.06429972465
SSP2_500C_NoCC,CHN,CL,2060,142648.98495524123
SSP2_500C_NoCC,CHN,CL,2070,149608.70647197656
SSP2_500C_NoCC,CHN,CL,2080,149055.98980597965
SSP2_500C_NoCC,CHN,CL,2090,144131.22045915658
SSP2_500C_NoCC,CHN,CL,2100,135916.1145433384
SSP2_500C_NoCC,CHN,CROP_FLW,2005,16114.074150771536
SSP2_500C_NoCC,CHN,CROP_FLW,2010,14688.238143410903
SSP2_500C_NoCC,CHN,CROP_FLW,2015,13353.451333991627
SSP2_500C_NoCC,CHN,CROP_FLW,2020,13326.530365065484
SSP2_500C_NoCC,CHN,CROP_FLW,2025,13850.268324715396
SSP2_500C_NoCC,CHN,CROP_FLW,2030,14475.158067056767
SSP2_500C_NoCC,CHN,CROP_FLW,2035,14675.55637205977
SSP2_500C_NoCC,CHN,CROP_FLW,2040,14445.6297725197
SSP2_500C_NoCC,CHN,CROP_FLW,2045,13969.725386254393
SSP2_500C_NoCC,CHN,CROP_FLW,2050,13089.332413437885
SSP2_500C_NoCC,CHN,CROP_FLW,2060,14813.483637543017
SSP2_500C_NoCC,CHN,CROP_FLW,2070,15657.60439878234
SSP2_500C_NoCC,CHN,CROP_FLW,2080,15449.930180676065
SSP2_500C_NoCC,CHN,CROP_FLW,2090,15202.393446399135
SSP2_500C_NoCC,CHN,CROP_FLW,2100,14900.289313023932
SSP2_500C_NoCC,CHN,GL,2005,593282.2442368192
SSP2_500C_NoCC,CHN,GL,2010,209279.34698790562
SSP2_500C_NoCC,CHN,GL,2015,209008.2613751491
SSP2_500C_NoCC,CHN,GL,2020,215662.15899419205
SSP2_500C_NoCC,CHN,GL,2025,227205.38209194536
SSP2_500C_NoCC,CHN,GL,2030,256990.86987162032
SSP2_500C_NoCC,CHN,GL,2035,265827.5311738585
SSP2_500C_NoCC,CHN,GL,2040,260277.96866010423
SSP2_500C_NoCC,CHN,GL,2045,245366.4972257875
SSP2_500C_NoCC,CHN,GL,2050,223066.10241629864
SSP2_500C_NoCC,CHN,GL,2060,252089.90411349531
SSP2_500C_NoCC,CHN,GL,2070,266824.0383143013
SSP2_500C_NoCC,CHN,GL,2080,255676.30438676095
SSP2_500C_NoCC,CHN,GL,2090,252048.32831337678
SSP2_500C_NoCC,CHN,GL,2100,255721.33025479232
SSP2_500C_NoCC,CHN,GRO,2005,27739.22440538497
SSP2_500C_NoCC,CHN,GRO,2010,29578.852579628197
SSP2_500C_NoCC,CHN,GRO,2015,33686.81744797989
SSP2_500C_NoCC,CHN,GRO,2020,29952.37722981438
SSP2_500C_NoCC,CHN,GRO,2025,29716.430115287953
SSP2_500C_NoCC,CHN,GRO,2030,28865.46023798456
SSP2_500C_NoCC,CHN,GRO,2035,27984.710735609704
SSP2_500C_NoCC,CHN,GRO,2040,27403.158806619886
SSP2_500C_NoCC,CHN,GRO,2045,27078.117853638774
SSP2_500C_NoCC,CHN,GRO,2050,26395.295891632068
SSP2_500C_NoCC,CHN,GRO,2060,23682.36704872271
SSP2_500C_NoCC,CHN,GRO,2070,24233.277730796883
SSP2_500C_NoCC,CHN,GRO,2080,25897.693767631416
SSP2_500C_NoCC,CHN,GRO,2090,26750.74550076376
SSP2_500C_NoCC,CHN,GRO,2100,26104.442056626685
SSP2_500C_NoCC,CHN,OL,2005,11955.818203643203
SSP2_500C_NoCC,CHN,OL,2010,11955.818203643203
SSP2_500C_NoCC,CHN,OL,2015,11955.818203643203
SSP2_500C_NoCC,CHN,OL,2020,11955.818203643203
SSP2_500C_NoCC,CHN,OL,2025,11955.818203643203
SSP2_500C_NoCC,CHN,OL,2030,11955.818203643203
SSP2_500C_NoCC,CHN,OL,2035,11955.818203643203
SSP2_500C_NoCC,CHN,OL,2040,11955.818203643203
SSP2_500C_NoCC,CHN,OL,2045,11955.818203643203
SSP2_500C_NoCC,CHN,OL,2050,11955.818203643203
SSP2_500C_NoCC,CHN,OL,2060,11955.818203643203
SSP2_500C_NoCC,CHN,OL,2070,11955.818203643203
SSP2_500C_NoCC,CHN,OL,2080,11955.818203643203
SSP2_500C_NoCC,CHN,OL,2090,11955.818203643203
SSP2_500C_NoCC,CHN,OL,2100,11955.818203643203
SSP2_500C_NoCC,CHN,OTH_A,2005,28682.97425677746
SSP2_500C_NoCC,CHN,OTH_A,2010,35625.77312707826
SSP2_500C_NoCC,CHN,OTH_A,2015,38370.69164795909
SSP2_500C_NoCC,CHN,OTH_A,2020,39497.60890086558
SSP2_500C_NoCC,CHN,OTH_A,2025,40738.76207275174
SSP2_500C_NoCC,CHN,OTH_A,2030,41534.20278942933
SSP2_500C_NoCC,CHN,OTH_A,2035,41921.4174855388
SSP2_500C_NoCC,CHN,OTH_A,2040,41759.92782608592
SSP2_500C_NoCC,CHN,OTH_A,2045,41227.5160625388
SSP2_500C_NoCC,CHN,OTH_A,2050,39772.13262479379
SSP2_500C_NoCC,CHN,OTH_A,2060,41247.33412468008
SSP2_500C_NoCC,CHN,OTH_A,2070,42070.626604303056
SSP2_500C_NoCC,CHN,OTH_A,2080,40562.669929620744
SSP2_500C_NoCC,CHN,OTH_A,2090,37602.36345566579
SSP2_500C_NoCC,CHN,OTH_A,2100,33799.28518884177
SSP2_500C_NoCC,CHN,PAS,2005,389929.8297250545
SSP2_500C_NoCC,CHN,PAS,2010,389929.8297250545
SSP2_500C_NoCC,CHN,PAS,2015,389755.677568735
SSP2_500C_NoCC,CHN,PAS,2020,381473.86005289806
SSP2_500C_NoCC,CHN,PAS,2025,356403.7986425057
SSP2_500C_NoCC,CHN,PAS,2030,310117.9653553475
SSP2_500C_NoCC,CHN,PAS,2035,298227.54517179535
SSP2_500C_NoCC,CHN,PAS,2040,312222.23723120627
SSP2_500C_NoCC,CHN,PAS,2045,343042.9363350397
SSP2_500C_NoCC,CHN,PAS,2050,381801.7668007505
SSP2_500C_NoCC,CHN,PAS,2060,316217.06904223753
SSP2_500C_NoCC,CHN,PAS,2070,276949.11721904966
SSP2_500C_NoCC,CHN,PAS,2080,287099.0847988819
SSP2_500C_NoCC,CHN,PAS,2090,291425.719868297
SSP2_500C_NoCC,CHN,PAS,2100,291217.26978272974
SSP2_500C_NoCC,CHN,PDR,2005,13966.834830160276
SSP2_500C_NoCC,CHN,PDR,2010,14310.202294302162
SSP2_500C_NoCC,CHN,PDR,2015,13385.113896581139
SSP2_500C_NoCC,CHN,PDR,2020,12917.681951792849
SSP2_500C_NoCC,CHN,PDR,2025,12761.0518460715
SSP2_500C_NoCC,CHN,PDR,2030,12716.368080945122
SSP2_500C_NoCC,CHN,PDR,2035,12480.08816846504
SSP2_500C_NoCC,CHN,PDR,2040,12209.107491465611
SSP2_500C_NoCC,CHN,PDR,2045,11856.56885302474
SSP2_500C_NoCC,CHN,PDR,2050,11351.115735983167
SSP2_500C_NoCC,CHN,PDR,2060,14872.375485742446
SSP2_500C_NoCC,CHN,PDR,2070,17153.989892160906
SSP2_500C_NoCC,CHN,PDR,2080,17317.39427933433
SSP2_500C_NoCC,CHN,PDR,2090,16566.36539660397
SSP2_500C_NoCC,CHN,PDR,2100,15510.439641218345
SSP2_500C_NoCC,CHN,SL,2005,4743.147689905484
SSP2_500C_NoCC,CHN,SL,2010,5480.377218526999
SSP2_500C_NoCC,CHN,SL,2015,6017.645300454836
SSP2_500C_NoCC,CHN,SL,2020,6017.645300454836
SSP2_500C_NoCC,CHN,SL,2025,6017.645300454836
SSP2_500C_NoCC,CHN,SL,2030,6017.645300454836
SSP2_500C_NoCC,CHN,SL,2035,6017.645300454836
SSP2_500C_NoCC,CHN,SL,2040,6017.645300454836
SSP2_500C_NoCC,CHN,SL,2045,6017.645300454836
SSP2_500C_NoCC,CHN,SL,2050,6017.645300454836
SSP2_500C_NoCC,CHN,SL,2060,6017.645300454836
SSP2_500C_NoCC,CHN,SL,2070,6017.645300454836
SSP2_500C_NoCC,CHN,SL,2080,6017.645300454836
SSP2_500C_NoCC,CHN,SL,2090,6017.645300454836
SSP2_500C_NoCC,CHN,SL,2100,6017.645300454836
SSP2_500C_NoCC,IND,wht,2005,17096.499635343298
SSP2_500C_NoCC,IND,wht,2010,17206.47013858994
SSP2_500C_NoCC,IND,wht,2015,18781.999731786782
SSP2_500C_NoCC,IND,wht,2020,18902.13214178475
SSP2_500C_NoCC,IND,wht,2025,20082.010180187277
SSP2_500C_NoCC,IND,wht,2030,21284.25384995323
SSP2_500C_NoCC,IND,wht,2035,21607.740651370987
SSP2_500C_NoCC,IND,wht,2040,22127.11432501383
SSP2_500C_NoCC,IND,wht,2045,22526.175044360494
SSP2_500C_NoCC,IND,wht,2050,22350.40257889216
SSP2_500C_NoCC,IND,wht,2060,21699.077286884603
SSP2_500C_NoCC,IND,wht,2070,22046.160824624654
SSP2_500C_NoCC,IND,wht,2080,22135.93081342769
SSP2_500C_NoCC,IND,wht,2090,22059.521711481702
SSP2_500C_NoCC,IND,wht,2100,21498.367189411612
SSP2_500C_NoCC,IND,frs,2005,28594.978674857863
SSP2_500C_NoCC,IND,frs,2010,28614.869136710517
SSP2_500C_NoCC,IND,frs,2015,28624.66543156523
SSP2_500C_NoCC,IND,frs,2020,27770.276775296603
SSP2_500C_NoCC,IND,frs,2025,26980.54754661886
SSP2_500C_NoCC,IND,frs,2030,25434.736437117397
SSP2_500C_NoCC,IND,frs,2035,24769.29965973251
SSP2_500C_NoCC,IND,frs,2040,24211.205806398088
SSP2_500C_NoCC,IND,frs,2045,23300.622280258638
SSP2_500C_NoCC,IND,frs,2050,22735.95054330466
SSP2_500C_NoCC,IND,frs,2060,19925.43881123567
SSP2_500C_NoCC,IND,frs,2070,20011.978483984385
SSP2_500C_NoCC,IND,frs,2080,21047.492186978583
SSP2_500C_NoCC,IND,frs,2090,21344.18427961605
SSP2_500C_NoCC,IND,frs,2100,21668.740609795186
SSP2_500C_NoCC,IND,OSD,2005,33151.26173899747
SSP2_500C_NoCC,IND,OSD,2010,31308.339724060585
SSP2_500C_NoCC,IND,OSD,2015,31897.788701913814
SSP2_500C_NoCC,IND,OSD,2020,32693.751416180603
SSP2_500C_NoCC,IND,OSD,2025,34076.962124164216
SSP2_500C_NoCC,IND,OSD,2030,34672.4381633794
SSP2_500C_NoCC,IND,OSD,2035,34441.64280110836
SSP2_500C_NoCC,IND,OSD,2040,34335.17743584732
SSP2_500C_NoCC,IND,OSD,2045,35014.173566856
SSP2_500C_NoCC,IND,OSD,2050,35568.87413899853
SSP2_500C_NoCC,IND,OSD,2060,37770.969475012724
SSP2_500C_NoCC,IND,OSD,2070,38679.820601420084
SSP2_500C_NoCC,IND,OSD,2080,37730.85553099509
SSP2_500C_NoCC,IND,OSD,2090,37870.384312552655
SSP2_500C_NoCC,IND,OSD,2100,37619.37325369979
SSP2_500C_NoCC,IND,AFR,2025,1865.9227511444965
SSP2_500C_NoCC,IND,AFR,2030,3731.845502288993
SSP2_500C_NoCC,IND,AFR,2035,4265.030235309659
SSP2_500C_NoCC,IND,AFR,2040,4798.214968330324
SSP2_500C_NoCC,IND,AFR,2045,5399.124823737035
SSP2_500C_NoCC,IND,AFR,2050,6000.034679143746
SSP2_500C_NoCC,IND,AFR,2060,6473.409914117244
SSP2_500C_NoCC,IND,AFR,2070,7017.097801681923
SSP2_500C_NoCC,IND,AFR,2080,7571.471078799842
SSP2_500C_NoCC,IND,AFR,2090,7916.467174927047
SSP2_500C_NoCC,IND,AFR,2100,7968.874043780637
SSP2_500C_NoCC,IND,BIO,2025,1896.2937704388637
SSP2_500C_NoCC,IND,BIO,2030,3720.2046389780508
SSP2_500C_NoCC,IND,BIO,2035,6207.026784113891
SSP2_500C_NoCC,IND,BIO,2040,7158.029541801237
SSP2_500C_NoCC,IND,BIO,2045,8186.1106883143075
SSP2_500C_NoCC,IND,BIO,2050,10148.567235825894
SSP2_500C_NoCC,IND,BIO,2060,17061.741990747247
SSP2_500C_NoCC,IND,BIO,2070,17386.12283099581
SSP2_500C_NoCC,IND,BIO,2080,19709.809961225023
SSP2_500C_NoCC,IND,BIO,2090,21877.207393737674
SSP2_500C_NoCC,IND,BIO,2100,24025.77452280861
SSP2_500C_NoCC,IND,C_B,2005,3436.061737410412
SSP2_500C_NoCC,IND,C_B,2010,3655.347629927498
SSP2_500C_NoCC,IND,C_B,2015,4381.979056543611
SSP2_500C_NoCC,IND,C_B,2020,4527.690372208206
SSP2_500C_NoCC,IND,C_B,2025,4587.60554680259
SSP2_500C_NoCC,IND,C_B,2030,4463.888170720787
SSP2_500C_NoCC,IND,C_B,2035,4289.770329064796
SSP2_500C_NoCC,IND,C_B,2040,4154.136319288159
SSP2_500C_NoCC,IND,C_B,2045,4023.3764424733404
SSP2_500C_NoCC,IND,C_B,2050,3927.934518577991
SSP2_500C_NoCC,IND,C_B,2060,5129.4031554906915
SSP2_500C_NoCC,IND,C_B,2070,5277.38669269828
SSP2_500C_NoCC,IND,C_B,2080,4408.162754624886
SSP2_500C_NoCC,IND,C_B,2090,4381.906129881176
SSP2_500C_NoCC,IND,C_B,2100,4297.476716827636
SSP2_500C_NoCC,IND,CL,2005,167652.51780091267
SSP2_500C_NoCC,IND,CL,2010,167217.7599250307
SSP2_500C_NoCC,IND,CL,2015,167394.6268776302
SSP2_500C_NoCC,IND,CL,2020,170258.80585544484
SSP2_500C_NoCC,IND,CL,2025,178439.55724163871
SSP2_500C_NoCC,IND,CL,2030,182264.89640500865
SSP2_500C_NoCC,IND,CL,2035,183903.87095955003
SSP2_500C_NoCC,IND,CL,2040,185370.80007202184
SSP2_500C_NoCC,IND,CL,2045,188858.63785751694
SSP2_500C_NoCC,IND,CL,2050,191782.33866836372
SSP2_500C_NoCC,IND,CL,2060,201787.74244134847
SSP2_500C_NoCC,IND,CL,2070,201644.87398003176
SSP2_500C_NoCC,IND,CL,2080,197281.17048666105
SSP2_500C_NoCC,IND,CL,2090,195934.3010464522
SSP2_500C_NoCC,IND,CL,2100,194423.46665585676
SSP2_500C_NoCC,IND,CROP_FLW,2005,25364.169713388197
SSP2_500C_NoCC,IND,CROP_FLW,2010,26527.147031372533
SSP2_500C_NoCC,IND,CROP_FLW,2015,25869.081707670866
SSP2_500C_NoCC,IND,CROP_FLW,2020,25775.946353388423
SSP2_500C_NoCC,IND,CROP_FLW,2025,26086.093403856616
SSP2_500C_NoCC,IND,CROP_FLW,2030,25628.17529337418
SSP2_500C_NoCC,IND,CROP_FLW,2035,25402.19221121519
SSP2_500C_NoCC,IND,CROP_FLW,2040,25211.06115692337
SSP2_500C_NoCC,IND,CROP_FLW,2045,24969.0655066755
SSP2_500C_NoCC,IND,CROP_FLW,2050,24848.734695420255
SSP2_500C_NoCC,IND,CROP_FLW,2060,24127.226559997307
SSP2_500C_NoCC,IND,CROP_FLW,2070,24065.318085337705
SSP2_500C_NoCC,IND,CROP_FLW,2080,24167.73938535428
SSP2_500C_NoCC,IND,CROP_FLW,2090,24151.261268411457
SSP2_500C_NoCC,IND,CROP_FLW,2100,24172.23482545772
SSP2_500C_NoCC,IND,GL,2005,107165.26729068763
SSP2_500C_NoCC,IND,GL,2010,98231.78319346039
SSP2_500C_NoCC,IND,GL,2015,98731.59515750995
SSP2_500C_NoCC,IND,GL,2020,96039.33174376635
SSP2_500C_NoCC,IND,GL,2025,93203.57764096354
SSP2_500C_NoCC,IND,GL,2030,87138.3674827729
SSP2_500C_NoCC,IND,GL,2035,84441.88484017321
SSP2_500C_NoCC,IND,GL,2040,82086.87790939896
SSP2_500C_NoCC,IND,GL,2045,78543.22071790871
SSP2_500C_NoCC,IND,GL,2050,76607.77463570928
SSP2_500C_NoCC,IND,GL,2060,69126.1804794679
SSP2_500C_NoCC,IND,GL,2070,68791.20189042584
SSP2_500C_NoCC,IND,GL,2080,71612.55075682743
SSP2_500C_NoCC,IND,GL,2090,72436.88777185717
SSP2_500C_NoCC,IND,GL,2100,73618.04669780325
SSP2_500C_NoCC,IND,GRO,2005,28070.001613517896
SSP2_500C_NoCC,IND,GRO,2010,25711.744181548966
SSP2_500C_NoCC,IND,GRO,2015,22492.251284517653
SSP2_500C_NoCC,IND,GRO,2020,22421.79590917931
SSP2_500C_NoCC,IND,GRO,2025,23023.006271967923
SSP2_500C_NoCC,IND,GRO,2030,23332.669880265552
SSP2_500C_NoCC,IND,GRO,2035,22545.520306971994
SSP2_500C_NoCC,IND,GRO,2040,21839.3430249704
SSP2_500C_NoCC,IND,GRO,2045,21865.46371855636
SSP2_500C_NoCC,IND,GRO,2050,21294.12698646314
SSP2_500C_NoCC,IND,GRO,2060,18460.046481132915
SSP2_500C_NoCC,IND,GRO,2070,15330.690396211476
SSP2_500C_NoCC,IND,GRO,2080,14139.324356076915
SSP2_500C_NoCC,IND,GRO,2090,14110.316626175027
SSP2_500C_NoCC,IND,GRO,2100,14293.308779324427
SSP2_500C_NoCC,IND,OL,2005,5740.687405017012
SSP2_500C_NoCC,IND,OL,2010,5740.687405017012
SSP2_500C_NoCC,IND,OL,2015,5740.687405017012
SSP2_500C_NoCC,IND,OL,2020,5740.687405017012
SSP2_500C_NoCC,IND,OL,2025,5740.687405017012
SSP2_500C_NoCC,IND,OL,2030,5740.687405017012
SSP2_500C_NoCC,IND,OL,2035,5740.687405017012
SSP2_500C_NoCC,IND,OL,2040,5740.687405017012
SSP2_500C_NoCC,IND,OL,2045,5740.687405017012
SSP2_500C_NoCC,IND,OL,2050,5740.687405017012
SSP2_500C_NoCC,IND,OL,2060,5740.687405017012
SSP2_500C_NoCC,IND,OL,2070,5740.687405017012
SSP2_500C_NoCC,IND,OL,2080,5740.687405017012
SSP2_500C_NoCC,IND,OL,2090,5740.687405017012
SSP2_500C_NoCC,IND,OL,2100,5740.687405017012
SSP2_500C_NoCC,IND,OTH_A,2005,32904.64949928932
SSP2_500C_NoCC,IND,OTH_A,2010,37499.09604215666
SSP2_500C_NoCC,IND,OTH_A,2015,38617.97228209715
SSP2_500C_NoCC,IND,OTH_A,2020,39389.777665851136
SSP2_500C_NoCC,IND,OTH_A,2025,40838.97782930266
SSP2_500C_NoCC,IND,OTH_A,2030,41151.86371820507
SSP2_500C_NoCC,IND,OTH_A,2035,41271.058399622874
SSP2_500C_NoCC,IND,OTH_A,2040,41860.23499775451
SSP2_500C_NoCC,IND,OTH_A,2045,42482.8305560602
SSP2_500C_NoCC,IND,OTH_A,2050,42610.1564823604
SSP2_500C_NoCC,IND,OTH_A,2060,44406.83438950448
SSP2_500C_NoCC,IND,OTH_A,2070,45884.240161576774
SSP2_500C_NoCC,IND,OTH_A,2080,43052.59999440882
SSP2_500C_NoCC,IND,OTH_A,2090,39908.82513760221
SSP2_500C_NoCC,IND,OTH_A,2100,37172.5327526244
SSP2_500C_NoCC,IND,PAS,2005,10524.52094727427
SSP2_500C_NoCC,IND,PAS,2010,10524.52094727427
SSP2_500C_NoCC,IND,PAS,2015,10432.334089296195
SSP2_500C_NoCC,IND,PAS,2020,11114.807181493754
SSP2_500C_NoCC,IND,PAS,2025,4693.616375635995
SSP2_500C_NoCC,IND,PAS,2030,6613.375728813511
SSP2_500C_NoCC,IND,PAS,2035,7803.13586123616
SSP2_500C_NoCC,IND,PAS,2040,8716.122799852381
SSP2_500C_NoCC,IND,PAS,2045,9081.615876580223
SSP2_500C_NoCC,IND,PAS,2050,8057.123029480225
SSP2_500C_NoCC,IND,PAS,2060,7870.449909832114
SSP2_500C_NoCC,IND,PAS,2070,7718.069399877638
SSP2_500C_NoCC,IND,PAS,2080,7670.537046734495
SSP2_500C_NoCC,IND,PAS,2090,7551.381283149024
SSP2_500C_NoCC,IND,PAS,2100,7504.093548765639
SSP2_500C_NoCC,IND,PDR,2005,27629.87386296609
SSP2_500C_NoCC,IND,PDR,2010,25309.61517737452
SSP2_500C_NoCC,IND,PDR,2015,25353.554113100297
SSP2_500C_NoCC,IND,PDR,2020,26547.711996852384
SSP2_500C_NoCC,IND,PDR,2025,27848.60811491856
SSP2_500C_NoCC,IND,PDR,2030,28011.402690132425
SSP2_500C_NoCC,IND,PDR,2035,28138.919476081912
SSP2_500C_NoCC,IND,PDR,2040,28685.703270423022
SSP2_500C_NoCC,IND,PDR,2045,29791.442334220712
SSP2_500C_NoCC,IND,PDR,2050,31033.542031825345
SSP2_500C_NoCC,IND,PDR,2060,33132.44310257849
SSP2_500C_NoCC,IND,PDR,2070,32975.134387166996
SSP2_500C_NoCC,IND,PDR,2080,31936.74769054837
SSP2_500C_NoCC,IND,PDR,2090,31574.878466610277
SSP2_500C_NoCC,IND,PDR,2100,31344.39861570255
SSP2_500C_NoCC,IND,SL,2005,1971.1730133927865
SSP2_500C_NoCC,IND,SL,2010,2153.5303626925784
SSP2_500C_NoCC,IND,SL,2015,2452.037535072839
SSP2_500C_NoCC,IND,SL,2020,2452.037535072839
SSP2_500C_NoCC,IND,SL,2025,2452.037535072839
SSP2_500C_NoCC,IND,SL,2030,2452.037535072839
SSP2_500C_NoCC,IND,SL,2035,2452.037535072839
SSP2_500C_NoCC,IND,SL,2040,2452.037535072839
SSP2_500C_NoCC,IND,SL,2045,2452.037535072839
SSP2_500C_NoCC,IND,SL,2050,2452.037535072839
SSP2_500C_NoCC,IND,SL,2060,2452.037535072839
SSP2_500C_NoCC,IND,SL,2070,2452.037535072839
SSP2_500C_NoCC,IND,SL,2080,2452.037535072839
SSP2_500C_NoCC,IND,SL,2090,2452.037535072839
SSP2_500C_NoCC,IND,SL,2100,2452.037535072839
SSP2_500C_NoCC,JPN,wht,2005,297.9629054809177
SSP2_500C_NoCC,JPN,wht,2010,293.8476827601612
SSP2_500C_NoCC,JPN,wht,2015,304.7103605831716
SSP2_500C_NoCC,JPN,wht,2020,290.8617027438667
SSP2_500C_NoCC,JPN,wht,2025,282.4119557032636
SSP2_500C_NoCC,JPN,wht,2030,263.25287196391025
SSP2_500C_NoCC,JPN,wht,2035,234.271641607542
SSP2_500C_NoCC,JPN,wht,2040,210.96308497076566
SSP2_500C_NoCC,JPN,wht,2045,208.5619237128714
SSP2_500C_NoCC,JPN,wht,2050,222.662511170518
SSP2_500C_NoCC,JPN,wht,2060,263.8270507000897
SSP2_500C_NoCC,JPN,wht,2070,287.78635281437914
SSP2_500C_NoCC,JPN,wht,2080,273.8975113735365
SSP2_500C_NoCC,JPN,wht,2090,261.3743725168574
SSP2_500C_NoCC,JPN,wht,2100,244.48465550215923
SSP2_500C_NoCC,JPN,frs,2005,27650.639890566974
SSP2_500C_NoCC,JPN,frs,2010,27711.78448180973
SSP2_500C_NoCC,JPN,frs,2015,27766.376849985492
SSP2_500C_NoCC,JPN,frs,2020,27777.76798806644
SSP2_500C_NoCC,JPN,frs,2025,27312.818838553198
SSP2_500C_NoCC,JPN,frs,2030,27444.015833848152
SSP2_500C_NoCC,JPN,frs,2035,27533.689341816505
SSP2_500C_NoCC,JPN,frs,2040,27682.548718809547
SSP2_500C_NoCC,JPN,frs,2045,27933.34187555219
SSP2_500C_NoCC,JPN,frs,2050,28008.122455906512
SSP2_500C_NoCC,JPN,frs,2060,27368.29992370811
SSP2_500C_NoCC,JPN,frs,2070,26950.711207299544
SSP2_500C_NoCC,JPN,frs,2080,26672.984094417923
SSP2_500C_NoCC,JPN,frs,2090,26609.857921044742
SSP2_500C_NoCC,JPN,frs,2100,26715.23020708642
SSP2_500C_NoCC,JPN,OSD,2005,200.64144393920782
SSP2_500C_NoCC,JPN,OSD,2010,208.30665532752147
SSP2_500C_NoCC,JPN,OSD,2015,214.99167680080384
SSP2_500C_NoCC,JPN,OSD,2020,213.07811313974454
SSP2_500C_NoCC,JPN,OSD,2025,198.95180432225615
SSP2_500C_NoCC,JPN,OSD,2030,179.1649403471433
SSP2_500C_NoCC,JPN,OSD,2035,163.0083556170009
SSP2_500C_NoCC,JPN,OSD,2040,151.68462582107398
SSP2_500C_NoCC,JPN,OSD,2045,154.5045370665647
SSP2_500C_NoCC,JPN,OSD,2050,170.0610090565289
SSP2_500C_NoCC,JPN,OSD,2060,218.8676310018377
SSP2_500C_NoCC,JPN,OSD,2070,202.9588160379705
SSP2_500C_NoCC,JPN,OSD,2080,186.76573249830466
SSP2_500C_NoCC,JPN,OSD,2090,178.18865508531113
SSP2_500C_NoCC,JPN,OSD,2100,167.87534022293235
SSP2_500C_NoCC,JPN,BIO,2025,263.35251802046685
SSP2_500C_NoCC,JPN,BIO,2030,396.43357338713906
SSP2_500C_NoCC,JPN,BIO,2035,568.7264484893567
SSP2_500C_NoCC,JPN,BIO,2040,629.5759040327217
SSP2_500C_NoCC,JPN,BIO,2045,460.73207344303717
SSP2_500C_NoCC,JPN,BIO,2050,387.8612138096723
SSP2_500C_NoCC,JPN,BIO,2060,990.2934699950007
SSP2_500C_NoCC,JPN,BIO,2070,782.8141632409987
SSP2_500C_NoCC,JPN,BIO,2080,696.1016501600626
SSP2_500C_NoCC,JPN,BIO,2090,570.2207161306893
SSP2_500C_NoCC,JPN,BIO,2100,459.91498049627376
SSP2_500C_NoCC,JPN,C_B,2005,123.93023890728568
SSP2_500C_NoCC,JPN,C_B,2010,121.85660309725392
SSP2_500C_NoCC,JPN,C_B,2015,117.53726740858555
SSP2_500C_NoCC,JPN,C_B,2020,119.5508372549593
SSP2_500C_NoCC,JPN,C_B,2025,114.94742125817429
SSP2_500C_NoCC,JPN,C_B,2030,106.26765049445088
SSP2_500C_NoCC,JPN,C_B,2035,96.28199113422211
SSP2_500C_NoCC,JPN,C_B,2040,86.38153420183212
SSP2_500C_NoCC,JPN,C_B,2045,79.2259987134233
SSP2_500C_NoCC,JPN,C_B,2050,74.84419052355673
SSP2_500C_NoCC,JPN,C_B,2060,79.55490017652072
SSP2_500C_NoCC,JPN,C_B,2070,73.4902507803709
SSP2_500C_NoCC,JPN,C_B,2080,62.4093761623951
SSP2_500C_NoCC,JPN,C_B,2090,55.18350437527502
SSP2_500C_NoCC,JPN,C_B,2100,49.24721768685794
SSP2_500C_NoCC,JPN,CL,2005,3985.140896103735
SSP2_500C_NoCC,JPN,CL,2010,3901.0450966312137
SSP2_500C_NoCC,JPN,CL,2015,3818.6702689945196
SSP2_500C_NoCC,JPN,CL,2020,3778.776539643673
SSP2_500C_NoCC,JPN,CL,2025,4051.0599083549423
SSP2_500C_NoCC,JPN,CL,2030,3947.4672003919945
SSP2_500C_NoCC,JPN,CL,2035,3885.5868934474724
SSP2_500C_NoCC,JPN,CL,2040,3753.698696225774
SSP2_500C_NoCC,JPN,CL,2045,3511.555464615936
SSP2_500C_NoCC,JPN,CL,2050,3458.034910159878
SSP2_500C_NoCC,JPN,CL,2060,4152.115922778991
SSP2_500C_NoCC,JPN,CL,2070,3809.5845643426787
SSP2_500C_NoCC,JPN,CL,2080,3497.6632749626006
SSP2_500C_NoCC,JPN,CL,2090,3201.157329517102
SSP2_500C_NoCC,JPN,CL,2100,2920.220442165939
SSP2_500C_NoCC,JPN,GL,2005,1884.0338554244445
SSP2_500C_NoCC,JPN,GL,2010,1879.4002326338154
SSP2_500C_NoCC,JPN,GL,2015,1882.7645669026374
SSP2_500C_NoCC,JPN,GL,2020,1883.5369698442018
SSP2_500C_NoCC,JPN,GL,2025,1852.0099978937521
SSP2_500C_NoCC,JPN,GL,2030,1860.90611910395
SSP2_500C_NoCC,JPN,GL,2035,1866.986642475971
SSP2_500C_NoCC,JPN,GL,2040,1877.0804030687882
SSP2_500C_NoCC,JPN,GL,2045,1894.086023632384
SSP2_500C_NoCC,JPN,GL,2050,1899.1566969774963
SSP2_500C_NoCC,JPN,GL,2060,1855.7720235201914
SSP2_500C_NoCC,JPN,GL,2070,1827.456437261308
SSP2_500C_NoCC,JPN,GL,2080,1808.6244963773133
SSP2_500C_NoCC,JPN,GL,2090,1804.3440775414917
SSP2_500C_NoCC,JPN,GL,2100,1811.4890935284416
SSP2_500C_NoCC,JPN,GRO,2005,357.9895215354364
SSP2_500C_NoCC,JPN,GRO,2010,361.4610545975851
SSP2_500C_NoCC,JPN,GRO,2015,364.43558932577236
SSP2_500C_NoCC,JPN,GRO,2020,344.08572850189455
SSP2_500C_NoCC,JPN,GRO,2025,314.58192643497455
SSP2_500C_NoCC,JPN,GRO,2030,276.1979190400947
SSP2_500C_NoCC,JPN,GRO,2035,243.18478761200726
SSP2_500C_NoCC,JPN,GRO,2040,221.02813934234172
SSP2_500C_NoCC,JPN,GRO,2045,219.89825726002408
SSP2_500C_NoCC,JPN,GRO,2050,234.14218208821848
SSP2_500C_NoCC,JPN,GRO,2060,293.56741501318277
SSP2_500C_NoCC,JPN,GRO,2070,358.1044933727353
SSP2_500C_NoCC,JPN,GRO,2080,367.4018041515934
SSP2_500C_NoCC,JPN,GRO,2090,385.0656224006885
SSP2_500C_NoCC,JPN,GRO,2100,407.7095490441493
SSP2_500C_NoCC,JPN,OL,2005,2433.048555426306
SSP2_500C_NoCC,JPN,OL,2010,2433.048555426306
SSP2_500C_NoCC,JPN,OL,2015,2433.048555426306
SSP2_500C_NoCC,JPN,OL,2020,2433.048555426306
SSP2_500C_NoCC,JPN,OL,2025,2433.048555426306
SSP2_500C_NoCC,JPN,OL,2030,2433.048555426306
SSP2_500C_NoCC,JPN,OL,2035,2433.048555426306
SSP2_500C_NoCC,JPN,OL,2040,2433.048555426306
SSP2_500C_NoCC,JPN,OL,2045,2433.048555426306
SSP2_500C_NoCC,JPN,OL,2050,2433.048555426306
SSP2_500C_NoCC,JPN,OL,2060,2433.048555426306
SSP2_500C_NoCC,JPN,OL,2070,2433.048555426306
SSP2_500C_NoCC,JPN,OL,2080,2433.048555426306
SSP2_500C_NoCC,JPN,OL,2090,2433.048555426306
SSP2_500C_NoCC,JPN,OL,2100,2433.048555426306
SSP2_500C_NoCC,JPN,OTH_A,2005,1067.0770384832892
SSP2_500C_NoCC,JPN,OTH_A,2010,1016.6533322647258
SSP2_500C_NoCC,JPN,OTH_A,2015,968.0037602001682
SSP2_500C_NoCC,JPN,OTH_A,2020,917.563079249972
SSP2_500C_NoCC,JPN,OTH_A,2025,834.6844195895811
SSP2_500C_NoCC,JPN,OTH_A,2030,742.1698603779504
SSP2_500C_NoCC,JPN,OTH_A,2035,660.714768262711
SSP2_500C_NoCC,JPN,OTH_A,2040,600.9912541648008
SSP2_500C_NoCC,JPN,OTH_A,2045,590.6798612175521
SSP2_500C_NoCC,JPN,OTH_A,2050,624.5893318178031
SSP2_500C_NoCC,JPN,OTH_A,2060,675.4091479455093
SSP2_500C_NoCC,JPN,OTH_A,2070,581.6022205396025
SSP2_500C_NoCC,JPN,OTH_A,2080,501.8880976988718
SSP2_500C_NoCC,JPN,OTH_A,2090,444.70360910498016
SSP2_500C_NoCC,JPN,OTH_A,2100,385.09004478839006
SSP2_500C_NoCC,JPN,PAS,2005,360.0
SSP2_500C_NoCC,JPN,PAS,2010,360.0
SSP2_500C_NoCC,JPN,PAS,2015,350.0000026458676
SSP2_500C_NoCC,JPN,PAS,2020,377.7301909741914
SSP2_500C_NoCC,JPN,PAS,2025,601.9229437266448
SSP2_500C_NoCC,JPN,PAS,2030,565.4225351843935
SSP2_500C_NoCC,JPN,PAS,2035,531.5488107885524
SSP2_500C_NoCC,JPN,PAS,2040,504.4838704244021
SSP2_500C_NoCC,JPN,PAS,2045,478.8283247280135
SSP2_500C_NoCC,JPN,PAS,2050,452.49762548462354
SSP2_500C_NoCC,JPN,PAS,2060,441.6238185212332
SSP2_500C_NoCC,JPN,PAS,2070,1230.0594796249898
SSP2_500C_NoCC,JPN,PAS,2080,1838.5398227706758
SSP2_500C_NoCC,JPN,PAS,2090,2202.452360425174
SSP2_500C_NoCC,JPN,PAS,2100,2370.8719457477437
SSP2_500C_NoCC,JPN,PDR,2005,1937.5397477575978
SSP2_500C_NoCC,JPN,PDR,2010,1898.9197685839663
SSP2_500C_NoCC,JPN,PDR,2015,1848.9916146760181
SSP2_500C_NoCC,JPN,PDR,2020,1893.6370787532353
SSP2_500C_NoCC,JPN,PDR,2025,2042.1298630262165
SSP2_500C_NoCC,JPN,PDR,2030,1983.9803847813066
SSP2_500C_NoCC,JPN,PDR,2035,1919.3989007246319
SSP2_500C_NoCC,JPN,PDR,2040,1853.074153692237
SSP2_500C_NoCC,JPN,PDR,2045,1797.95281320246
SSP2_500C_NoCC,JPN,PDR,2050,1743.87447169358
SSP2_500C_NoCC,JPN,PDR,2060,1630.5963079468515
SSP2_500C_NoCC,JPN,PDR,2070,1522.8282675566213
SSP2_500C_NoCC,JPN,PDR,2080,1409.1991029178405
SSP2_500C_NoCC,JPN,PDR,2090,1306.4208499033014
SSP2_500C_NoCC,JPN,PDR,2100,1205.898654425176
SSP2_500C_NoCC,JPN,SL,2005,1084.6402256463732
SSP2_500C_NoCC,JPN,SL,2010,1101.0993845257772
SSP2_500C_NoCC,JPN,SL,2015,1136.5644601286824
SSP2_500C_NoCC,JPN,SL,2020,1136.5644601286824
SSP2_500C_NoCC,JPN,SL,2025,1136.5644601286824
SSP2_500C_NoCC,JPN,SL,2030,1136.5644601286824
SSP2_500C_NoCC,JPN,SL,2035,1136.5644601286824
SSP2_500C_NoCC,JPN,SL,2040,1136.5644601286824
SSP2_500C_NoCC,JPN,SL,2045,1136.5644601286824
SSP2_500C_NoCC,JPN,SL,2050,1136.5644601286824
SSP2_500C_NoCC,JPN,SL,2060,1136.5644601286824
SSP2_500C_NoCC,JPN,SL,2070,1136.5644601286824
SSP2_500C_NoCC,JPN,SL,2080,1136.5644601286824
SSP2_500C_NoCC,JPN,SL,2090,1136.5644601286824
SSP2_500C_NoCC,JPN,SL,2100,1136.5644601286824
SSP2_500C_NoCC,TUR,wht,2005,9281.444491010485
SSP2_500C_NoCC,TUR,wht,2010,8348.97425407733
SSP2_500C_NoCC,TUR,wht,2015,8089.132416712969
SSP2_500C_NoCC,TUR,wht,2020,7638.787237598412
SSP2_500C_NoCC,TUR,wht,2025,7952.423237627237
SSP2_500C_NoCC,TUR,wht,2030,8449.664513671323
SSP2_500C_NoCC,TUR,wht,2035,8636.160043506461
SSP2_500C_NoCC,TUR,wht,2040,8706.002291863011
SSP2_500C_NoCC,TUR,wht,2045,8885.025727090459
SSP2_500C_NoCC,TUR,wht,2050,9208.190534051857
SSP2_500C_NoCC,TUR,wht,2060,10409.416100769153
SSP2_500C_NoCC,TUR,wht,2070,9585.55230769108
SSP2_500C_NoCC,TUR,wht,2080,8532.102886639977
SSP2_500C_NoCC,TUR,wht,2090,7976.726505862653
SSP2_500C_NoCC,TUR,wht,2100,7559.812091341181
SSP2_500C_NoCC,TUR,frs,2005,2153.994155001261
SSP2_500C_NoCC,TUR,frs,2010,2275.109094465451
SSP2_500C_NoCC,TUR,frs,2015,2353.7328283753254
SSP2_500C_NoCC,TUR,frs,2020,2405.7618124729033
SSP2_500C_NoCC,TUR,frs,2025,2449.9949927521748
SSP2_500C_NoCC,TUR,frs,2030,2434.436016476063
SSP2_500C_NoCC,TUR,frs,2035,2434.2300702080183
SSP2_500C_NoCC,TUR,frs,2040,2437.3669931103377
SSP2_500C_NoCC,TUR,frs,2045,2447.1168897310245
SSP2_500C_NoCC,TUR,frs,2050,2403.360122543124
SSP2_500C_NoCC,TUR,frs,2060,1757.2978836523823
SSP2_500C_NoCC,TUR,frs,2070,906.6792915074759
SSP2_500C_NoCC,TUR,frs,2080,734.5528271575778
SSP2_500C_NoCC,TUR,frs,2090,697.9921953657324
SSP2_500C_NoCC,TUR,frs,2100,700.2961522435088
SSP2_500C_NoCC,TUR,OSD,2005,1888.7150083339307
SSP2_500C_NoCC,TUR,OSD,2010,2159.1152547563715
SSP2_500C_NoCC,TUR,OSD,2015,2265.785234014164
SSP2_500C_NoCC,TUR,OSD,2020,2269.4208732771526
SSP2_500C_NoCC,TUR,OSD,2025,2313.0188858016327
SSP2_500C_NoCC,TUR,OSD,2030,2353.338841053421
SSP2_500C_NoCC,TUR,OSD,2035,2423.799282865012
SSP2_500C_NoCC,TUR,OSD,2040,2498.6183122491484
SSP2_500C_NoCC,TUR,OSD,2045,2606.1592782266907
SSP2_500C_NoCC,TUR,OSD,2050,2798.1800154156435
SSP2_500C_NoCC,TUR,OSD,2060,3923.0839237967853
SSP2_500C_NoCC,TUR,OSD,2070,3171.359013476305
SSP2_500C_NoCC,TUR,OSD,2080,2727.8136716994595
SSP2_500C_NoCC,TUR,OSD,2090,2559.3861518976405
SSP2_500C_NoCC,TUR,OSD,2100,2462.910677131612
SSP2_500C_NoCC,TUR,AFR,2025,506.0905208681456
SSP2_500C_NoCC,TUR,AFR,2030,1012.1810417362911
SSP2_500C_NoCC,TUR,AFR,2035,1556.9321383725428
SSP2_500C_NoCC,TUR,AFR,2040,2101.6832350087943
SSP2_500C_NoCC,TUR,AFR,2045,2101.491174199058
SSP2_500C_NoCC,TUR,AFR,2050,2101.2991133893224
SSP2_500C_NoCC,TUR,AFR,2060,2134.1849073977205
SSP2_500C_NoCC,TUR,AFR,2070,2134.501800608887
SSP2_500C_NoCC,TUR,AFR,2080,2133.792556784647
SSP2_500C_NoCC,TUR,AFR,2090,2133.0867848783582
SSP2_500C_NoCC,TUR,AFR,2100,2132.1611059256616
SSP2_500C_NoCC,TUR,BIO,2025,108.54548778332318
SSP2_500C_NoCC,TUR,BIO,2030,166.11958648467066
SSP2_500C_NoCC,TUR,BIO,2035,261.1935771463466
SSP2_500C_NoCC,TUR,BIO,2040,344.7287511792495
SSP2_500C_NoCC,TUR,BIO,2045,265.8019465888829
SSP2_500C_NoCC,TUR,BIO,2050,227.1891477796459
SSP2_500C_NoCC,TUR,BIO,2060,956.5777435777967
SSP2_500C_NoCC,TUR,BIO,2070,769.4776758460251
SSP2_500C_NoCC,TUR,BIO,2080,683.0467047177356
SSP2_500C_NoCC,TUR,BIO,2090,570.3374186608545
SSP2_500C_NoCC,TUR,BIO,2100,460.61122827949134
SSP2_500C_NoCC,TUR,C_B,2005,337.6501415484063
SSP2_500C_NoCC,TUR,C_B,2010,340.30446685651606
SSP2_500C_NoCC,TUR,C_B,2015,282.46413687369204
SSP2_500C_NoCC,TUR,C_B,2020,281.4229893729607
SSP2_500C_NoCC,TUR,C_B,2025,283.4818544903444
SSP2_500C_NoCC,TUR,C_B,2030,283.3729323371299
SSP2_500C_NoCC,TUR,C_B,2035,282.61695358711177
SSP2_500C_NoCC,TUR,C_B,2040,279.30025830508674
SSP2_500C_NoCC,TUR,C_B,2045,277.4586785413053
SSP2_500C_NoCC,TUR,C_B,2050,283.5532098121877
SSP2_500C_NoCC,TUR,C_B,2060,350.27613107754786
SSP2_500C_NoCC,TUR,C_B,2070,334.9819733174996
SSP2_500C_NoCC,TUR,C_B,2080,284.7159781717545
SSP2_500C_NoCC,TUR,C_B,2090,263.6152683588378
SSP2_500C_NoCC,TUR,C_B,2100,247.71864644492967
SSP2_500C_NoCC,TUR,CL,2005,25113.59688057811
SSP2_500C_NoCC,TUR,CL,2010,23026.61790204099
SSP2_500C_NoCC,TUR,CL,2015,22591.476537600953
SSP2_500C_NoCC,TUR,CL,2020,21662.001526741242
SSP2_500C_NoCC,TUR,CL,2025,22034.35929605876
SSP2_500C_NoCC,TUR,CL,2030,22530.768344435663
SSP2_500C_NoCC,TUR,CL,2035,22593.989382760243
SSP2_500C_NoCC,TUR,CL,2040,22476.847516268088
SSP2_500C_NoCC,TUR,CL,2045,22474.601206916777
SSP2_500C_NoCC,TUR,CL,2050,22772.589766162087
SSP2_500C_NoCC,TUR,CL,2060,25325.541211225995
SSP2_500C_NoCC,TUR,CL,2070,21422.050986001825
SSP2_500C_NoCC,TUR,CL,2080,18805.215931837793
SSP2_500C_NoCC,TUR,CL,2090,17313.73293849379
SSP2_500C_NoCC,TUR,CL,2100,16188.742683101806
SSP2_500C_NoCC,TUR,CROP_FLW,2005,4602.491858592003
SSP2_500C_NoCC,TUR,CROP_FLW,2010,4010.661999006855
SSP2_500C_NoCC,TUR,CROP_FLW,2015,3883.2345123715922
SSP2_500C_NoCC,TUR,CROP_FLW,2020,3830.6292199556883
SSP2_500C_NoCC,TUR,CROP_FLW,2025,3879.3604284553476
SSP2_500C_NoCC,TUR,CROP_FLW,2030,3895.5430104954403
SSP2_500C_NoCC,TUR,CROP_FLW,2035,3883.020962520418
SSP2_500C_NoCC,TUR,CROP_FLW,2040,3857.673739897425
SSP2_500C_NoCC,TUR,CROP_FLW,2045,3868.629355943383
SSP2_500C_NoCC,TUR,CROP_FLW,2050,3865.018217609828
SSP2_500C_NoCC,TUR,CROP_FLW,2060,3491.7568070436428
SSP2_500C_NoCC,TUR,CROP_FLW,2070,2219.6344740795166
SSP2_500C_NoCC,TUR,CROP_FLW,2080,1866.1159707936731
SSP2_500C_NoCC,TUR,CROP_FLW,2090,1731.1140207377753
SSP2_500C_NoCC,TUR,CROP_FLW,2100,1677.4248522255846
SSP2_500C_NoCC,TUR,GL,2005,47609.915497759044
SSP2_500C_NoCC,TUR,GL,2010,35679.81137200144
SSP2_500C_NoCC,TUR,GL,2015,36620.19613621618
SSP2_500C_NoCC,TUR,GL,2020,37494.549342424376
SSP2_500C_NoCC,TUR,GL,2025,37663.66592598568
SSP2_500C_NoCC,TUR,GL,2030,36857.09903638226
SSP2_500C_NoCC,TUR,GL,2035,36375.81262358521
SSP2_500C_NoCC,TUR,GL,2040,35974.16718795467
SSP2_500C_NoCC,TUR,GL,2045,36132.089795051594
SSP2_500C_NoCC,TUR,GL,2050,35375.5900302115
SSP2_500C_NoCC,TUR,GL,2060,24621.97626502942
SSP2_500C_NoCC,TUR,GL,2070,12167.901644450405
SSP2_500C_NoCC,TUR,GL,2080,10198.948877618093
SSP2_500C_NoCC,TUR,GL,2090,9734.582863924692
SSP2_500C_NoCC,TUR,GL,2100,9784.007198058753
SSP2_500C_NoCC,TUR,GRO,2005,4713.669673092744
SSP2_500C_NoCC,TUR,GRO,2010,4139.946302865303
SSP2_500C_NoCC,TUR,GRO,2015,3990.497738435078
SSP2_500C_NoCC,TUR,GRO,2020,3800.3393416801146
SSP2_500C_NoCC,TUR,GRO,2025,3784.5108672903134
SSP2_500C_NoCC,TUR,GRO,2030,3758.4396875440793
SSP2_500C_NoCC,TUR,GRO,2035,3584.160510049348
SSP2_500C_NoCC,TUR,GRO,2040,3370.4413700687332
SSP2_500C_NoCC,TUR,GRO,2045,3231.0047920838365
SSP2_500C_NoCC,TUR,GRO,2050,3080.5254273856235
SSP2_500C_NoCC,TUR,GRO,2060,2988.8011882951605
SSP2_500C_NoCC,TUR,GRO,2070,2592.722020962438
SSP2_500C_NoCC,TUR,GRO,2080,2193.759284406932
SSP2_500C_NoCC,TUR,GRO,2090,1914.8750051007378
SSP2_500C_NoCC,TUR,GRO,2100,1689.6023663923806
SSP2_500C_NoCC,TUR,OL,2005,2452.209011406934
SSP2_500C_NoCC,TUR,OL,2010,2452.209011406934
SSP2_500C_NoCC,TUR,OL,2015,2452.209011406934
SSP2_500C_NoCC,TUR,OL,2020,2452.209011406934
SSP2_500C_NoCC,TUR,OL,2025,2452.209011406934
SSP2_500C_NoCC,TUR,OL,2030,2452.209011406934
SSP2_500C_NoCC,TUR,OL,2035,2452.209011406934
SSP2_500C_NoCC,TUR,OL,2040,2452.209011406934
SSP2_500C_NoCC,TUR,OL,2045,2452.209011406934
SSP2_500C_NoCC,TUR,OL,2050,2452.209011406934
SSP2_500C_NoCC,TUR,OL,2060,2452.209011406934
SSP2_500C_NoCC,TUR,OL,2070,2452.209011406934
SSP2_500C_NoCC,TUR,OL,2080,2452.209011406934
SSP2_500C_NoCC,TUR,OL,2090,2452.209011406934
SSP2_500C_NoCC,TUR,OL,2100,2452.209011406934
SSP2_500C_NoCC,TUR,OTH_A,2005,4204.186806986301
SSP2_500C_NoCC,TUR,OTH_A,2010,3925.140439960933
SSP2_500C_NoCC,TUR,OTH_A,2015,3960.9236671889976
SSP2_500C_NoCC,TUR,OTH_A,2020,3717.343702643296
SSP2_500C_NoCC,TUR,OTH_A,2025,3576.4988775014704
SSP2_500C_NoCC,TUR,OTH_A,2030,3474.948924193622
SSP2_500C_NoCC,TUR,OTH_A,2035,3378.519180934416
SSP2_500C_NoCC,TUR,OTH_A,2040,3279.7033703441384
SSP2_500C_NoCC,TUR,OTH_A,2045,3204.697976346061
SSP2_500C_NoCC,TUR,OTH_A,2050,3179.542306483646
SSP2_500C_NoCC,TUR,OTH_A,2060,3089.045091191001
SSP2_500C_NoCC,TUR,OTH_A,2070,2642.617155026287
SSP2_500C_NoCC,TUR,OTH_A,2080,2419.9609528887836
SSP2_500C_NoCC,TUR,OTH_A,2090,2207.5361940405573
SSP2_500C_NoCC,TUR,OTH_A,2100,2007.8156189038107
SSP2_500C_NoCC,TUR,PAS,2005,14408.980918336745
SSP2_500C_NoCC,TUR,PAS,2010,14408.980918336745
SSP2_500C_NoCC,TUR,PAS,2015,14405.188554176955
SSP2_500C_NoCC,TUR,PAS,2020,14408.281374730914
SSP2_500C_NoCC,TUR,PAS,2025,13316.483320704647
SSP2_500C_NoCC,TUR,PAS,2030,13136.109617339138
SSP2_500C_NoCC,TUR,PAS,2035,13009.629841443402
SSP2_500C_NoCC,TUR,PAS,2040,12980.52912402754
SSP2_500C_NoCC,TUR,PAS,2045,12815.294990470962
SSP2_500C_NoCC,TUR,PAS,2050,13317.755024063375
SSP2_500C_NoCC,TUR,PAS,2060,22131.593789063896
SSP2_500C_NoCC,TUR,PAS,2070,39339.46033380083
SSP2_500C_NoCC,TUR,PAS,2080,44098.0838629713
SSP2_500C_NoCC,TUR,PAS,2090,46091.19927370684
SSP2_500C_NoCC,TUR,PAS,2100,47165.38691703968
SSP2_500C_NoCC,TUR,PDR,2005,85.43890101423798
SSP2_500C_NoCC,TUR,PDR,2010,102.47518451768582
SSP2_500C_NoCC,TUR,PDR,2015,119.43883200445708
SSP2_500C_NoCC,TUR,PDR,2020,124.05816221361106
SSP2_500C_NoCC,TUR,PDR,2025,136.5196571090902
SSP2_500C_NoCC,TUR,PDR,2030,149.34084865597845
SSP2_500C_NoCC,TUR,PDR,2035,144.51887215112768
SSP2_500C_NoCC,TUR,PDR,2040,140.37942236130127
SSP2_500C_NoCC,TUR,PDR,2045,135.82345209615852
SSP2_500C_NoCC,TUR,PDR,2050,130.3909076236603
SSP2_500C_NoCC,TUR,PDR,2060,116.58422547490675
SSP2_500C_NoCC,TUR,PDR,2070,105.70636560267963
SSP2_500C_NoCC,TUR,PDR,2080,97.70048251948162
SSP2_500C_NoCC,TUR,PDR,2090,90.14237383473414
SSP2_500C_NoCC,TUR,PDR,2100,82.84720238282743
SSP2_500C_NoCC,TUR,SL,2005,529.1450323461426
SSP2_500C_NoCC,TUR,SL,2010,609.6070526085397
SSP2_500C_NoCC,TUR,SL,2015,686.9995757504248
SSP2_500C_NoCC,TUR,SL,2020,686.9995757504248
SSP2_500C_NoCC,TUR,SL,2025,686.9995757504248
SSP2_500C_NoCC,TUR,SL,2030,686.9995757504248
SSP2_500C_NoCC,TUR,SL,2035,686.9995757504248
SSP2_500C_NoCC,TUR,SL,2040,686.9995757504248
SSP2_500C_NoCC,TUR,SL,2045,686.9995757504248
SSP2_500C_NoCC,TUR,SL,2050,686.9995757504248
SSP2_500C_NoCC,TUR,SL,2060,686.9995757504248
SSP2_500C_NoCC,TUR,SL,2070,686.9995757504248
SSP2_500C_NoCC,TUR,SL,2080,686.9995757504248
SSP2_500C_NoCC,TUR,SL,2090,686.9995757504248
SSP2_500C_NoCC,TUR,SL,2100,686.9995757504248
SSP2_500C_NoCC,USA,wht,2005,28879.632261374554
SSP2_500C_NoCC,USA,wht,2010,25759.190096132428
SSP2_500C_NoCC,USA,wht,2015,24719.562759155422
SSP2_500C_NoCC,USA,wht,2020,23978.796035799587
SSP2_500C_NoCC,USA,wht,2025,23013.920448732617
SSP2_500C_NoCC,USA,wht,2030,22054.719940719206
SSP2_500C_NoCC,USA,wht,2035,21448.85366600881
SSP2_500C_NoCC,USA,wht,2040,21430.55168867529
SSP2_500C_NoCC,USA,wht,2045,22269.56506173699
SSP2_500C_NoCC,USA,wht,2050,23150.814752115184
SSP2_500C_NoCC,USA,wht,2060,26732.972937631534
SSP2_500C_NoCC,USA,wht,2070,36175.099635172985
SSP2_500C_NoCC,USA,wht,2080,41654.98456654555
SSP2_500C_NoCC,USA,wht,2090,43115.86086994949
SSP2_500C_NoCC,USA,wht,2100,43122.89191361271
SSP2_500C_NoCC,USA,frs,2005,279868.6593885688
SSP2_500C_NoCC,USA,frs,2010,282614.8109452626
SSP2_500C_NoCC,USA,frs,2015,285142.40525138343
SSP2_500C_NoCC,USA,frs,2020,284575.4152205675
SSP2_500C_NoCC,USA,frs,2025,285818.6791179382
SSP2_500C_NoCC,USA,frs,2030,295544.0402157383
SSP2_500C_NoCC,USA,frs,2035,298814.57403164974
SSP2_500C_NoCC,USA,frs,2040,297550.65235974157
SSP2_500C_NoCC,USA,frs,2045,300000.54706065916
SSP2_500C_NoCC,USA,frs,2050,299184.81492076156
SSP2_500C_NoCC,USA,frs,2060,306506.79978892196
SSP2_500C_NoCC,USA,frs,2070,335248.4901429289
SSP2_500C_NoCC,USA,frs,2080,332366.1166725927
SSP2_500C_NoCC,USA,frs,2090,332688.0550151027
SSP2_500C_NoCC,USA,frs,2100,335077.1383082042
SSP2_500C_NoCC,USA,OSD,2005,58108.81954188163
SSP2_500C_NoCC,USA,OSD,2010,55092.49163034995
SSP2_500C_NoCC,USA,OSD,2015,55281.607837389965
SSP2_500C_NoCC,USA,OSD,2020,55579.96481413263
SSP2_500C_NoCC,USA,OSD,2025,51333.45507035243
SSP2_500C_NoCC,USA,OSD,2030,48371.19460908542
SSP2_500C_NoCC,USA,OSD,2035,48162.52696032891
SSP2_500C_NoCC,USA,OSD,2040,49145.54356070431
SSP2_500C_NoCC,USA,OSD,2045,51505.14072358072
SSP2_500C_NoCC,USA,OSD,2050,54215.10701001736
SSP2_500C_NoCC,USA,OSD,2060,71136.56309891032
SSP2_500C_NoCC,USA,OSD,2070,86620.64862819295
SSP2_500C_NoCC,USA,OSD,2080,94611.59489845579
SSP2_500C_NoCC,USA,OSD,2090,95595.0390475881
SSP2_500C_NoCC,USA,OSD,2100,94782.08395622035
SSP2_500C_NoCC,USA,AFR,2035,2018.432491641679
SSP2_500C_NoCC,USA,AFR,2040,4036.864983283358
SSP2_500C_NoCC,USA,AFR,2045,6498.642864097179
SSP2_500C_NoCC,USA,AFR,2050,8960.420744911
SSP2_500C_NoCC,USA,AFR,2060,11773.07026035658
SSP2_500C_NoCC,USA,AFR,2070,11781.141340900562
SSP2_500C_NoCC,USA,AFR,2080,11803.968190018899
SSP2_500C_NoCC,USA,AFR,2090,11964.557236649716
SSP2_500C_NoCC,USA,AFR,2100,11969.541253575166
SSP2_500C_NoCC,USA,BIO,2025,14556.216608450944
SSP2_500C_NoCC,USA,BIO,2030,15878.726049944704
SSP2_500C_NoCC,USA,BIO,2035,18060.177275383612
SSP2_500C_NoCC,USA,BIO,2040,18160.625079196823
SSP2_500C_NoCC,USA,BIO,2045,18139.089580750435
SSP2_500C_NoCC,USA,BIO,2050,20296.726527903207
SSP2_500C_NoCC,USA,BIO,2060,25868.30328350673
SSP2_500C_NoCC,USA,BIO,2070,25795.17861987226
SSP2_500C_NoCC,USA,BIO,2080,25147.436588126326
SSP2_500C_NoCC,USA,BIO,2090,24573.505264026833
SSP2_500C_NoCC,USA,BIO,2100,23610.005929966457
SSP2_500C_NoCC,USA,C_B,2005,1387.8198297773756
SSP2_500C_NoCC,USA,C_B,2010,1223.5172723230557
SSP2_500C_NoCC,USA,C_B,2015,1186.7035792772397
SSP2_500C_NoCC,USA,C_B,2020,1191.5959400327836
SSP2_500C_NoCC,USA,C_B,2025,1048.2414651122936
SSP2_500C_NoCC,USA,C_B,2030,945.6046006711033
SSP2_500C_NoCC,USA,C_B,2035,907.0485288563549
SSP2_500C_NoCC,USA,C_B,2040,898.6913757275729
SSP2_500C_NoCC,USA,C_B,2045,919.6630186633973
SSP2_500C_NoCC,USA,C_B,2050,944.9904036930662
SSP2_500C_NoCC,USA,C_B,2060,1228.777794782027
SSP2_500C_NoCC,USA,C_B,2070,1242.418470697409
SSP2_500C_NoCC,USA,C_B,2080,1234.9610921041033
SSP2_500C_NoCC,USA,C_B,2090,1206.3119386189571
SSP2_500C_NoCC,USA,C_B,2100,1187.2043959518196
SSP2_500C_NoCC,USA,CL,2005,159375.7806806664
SSP2_500C_NoCC,USA,CL,2010,151318.5737017208
SSP2_500C_NoCC,USA,CL,2015,150296.31652062683
SSP2_500C_NoCC,USA,CL,2020,149136.03503741237
SSP2_500C_NoCC,USA,CL,2025,154659.07218089263
SSP2_500C_NoCC,USA,CL,2030,151299.275229889
SSP2_500C_NoCC,USA,CL,2035,152792.3104606289
SSP2_500C_NoCC,USA,CL,2040,156493.80913044602
SSP2_500C_NoCC,USA,CL,2045,155005.75996689283
SSP2_500C_NoCC,USA,CL,2050,158303.59911668545
SSP2_500C_NoCC,USA,CL,2060,188541.413177455
SSP2_500C_NoCC,USA,CL,2070,220976.3234039839
SSP2_500C_NoCC,USA,CL,2080,238796.50980839494
SSP2_500C_NoCC,USA,CL,2090,240482.75499423573
SSP2_500C_NoCC,USA,CL,2100,236201.87943309
SSP2_500C_NoCC,USA,CROP_FLW,2005,6109.098685717338
SSP2_500C_NoCC,USA,CROP_FLW,2010,5624.751762530443
SSP2_500C_NoCC,USA,CROP_FLW,2015,6049.504045756696
SSP2_500C_NoCC,USA,CROP_FLW,2020,6015.154896893587
SSP2_500C_NoCC,USA,CROP_FLW,2025,6164.434030395605
SSP2_500C_NoCC,USA,CROP_FLW,2030,6316.424218138602
SSP2_500C_NoCC,USA,CROP_FLW,2035,6396.8481741418345
SSP2_500C_NoCC,USA,CROP_FLW,2040,6417.318685646855
SSP2_500C_NoCC,USA,CROP_FLW,2045,6432.055354775364
SSP2_500C_NoCC,USA,CROP_FLW,2050,6469.738496044702
SSP2_500C_NoCC,USA,CROP_FLW,2060,7240.872964178026
SSP2_500C_NoCC,USA,CROP_FLW,2070,8589.516150195543
SSP2_500C_NoCC,USA,CROP_FLW,2080,8797.383324924713
SSP2_500C_NoCC,USA,CROP_FLW,2090,8811.499587944072
SSP2_500C_NoCC,USA,CROP_FLW,2100,8787.142193429596
SSP2_500C_NoCC,USA,GL,2005,446674.5061397621
SSP2_500C_NoCC,USA,GL,2010,209274.06185752805
SSP2_500C_NoCC,USA,GL,2015,205625.66361174517
SSP2_500C_NoCC,USA,GL,2020,203648.02679946652
SSP2_500C_NoCC,USA,GL,2025,205702.42392079218
SSP2_500C_NoCC,USA,GL,2030,213112.54708201662
SSP2_500C_NoCC,USA,GL,2035,216307.70254566407
SSP2_500C_NoCC,USA,GL,2040,215242.9208262125
SSP2_500C_NoCC,USA,GL,2045,216099.66934102876
SSP2_500C_NoCC,USA,GL,2050,215780.84423853527
SSP2_500C_NoCC,USA,GL,2060,235172.0329215316
SSP2_500C_NoCC,USA,GL,2070,281622.19789731875
SSP2_500C_NoCC,USA,GL,2080,286737.96788187046
SSP2_500C_NoCC,USA,GL,2090,289099.76608853973
SSP2_500C_NoCC,USA,GL,2100,291427.71429071226
SSP2_500C_NoCC,USA,GRO,2005,56439.902151262875
SSP2_500C_NoCC,USA,GRO,2010,55292.130539830585
SSP2_500C_NoCC,USA,GRO,2015,55536.60794890703
SSP2_500C_NoCC,USA,GRO,2020,54924.2480680723
SSP2_500C_NoCC,USA,GRO,2025,51901.69567481076
SSP2_500C_NoCC,USA,GRO,2030,51646.76538267707
SSP2_500C_NoCC,USA,GRO,2035,51905.27322551118
SSP2_500C_NoCC,USA,GRO,2040,54494.69700786703
SSP2_500C_NoCC,USA,GRO,2045,49515.207473175484
SSP2_500C_NoCC,USA,GRO,2050,46720.040215929934
SSP2_500C_NoCC,USA,GRO,2060,49453.351247044324
SSP2_500C_NoCC,USA,GRO,2070,55081.279504189486
SSP2_500C_NoCC,USA,GRO,2080,59123.09765441047
SSP2_500C_NoCC,USA,GRO,2090,58982.602621880564
SSP2_500C_NoCC,USA,GRO,2100,56706.75834289416
SSP2_500C_NoCC,USA,OL,2005,44904.94345501007
SSP2_500C_NoCC,USA,OL,2010,44904.94345501007
SSP2_500C_NoCC,USA,OL,2015,44904.94345501007
SSP2_500C_NoCC,USA,OL,2020,44904.94345501007
SSP2_500C_NoCC,USA,OL,2025,44904.94345501007
SSP2_500C_NoCC,USA,OL,2030,44904.94345501007
SSP2_500C_NoCC,USA,OL,2035,44904.94345501007
SSP2_500C_NoCC,USA,OL,2040,44904.94345501007
SSP2_500C_NoCC,USA,OL,2045,44904.94345501007
SSP2_500C_NoCC,USA,OL,2050,44904.94345501007
SSP2_500C_NoCC,USA,OL,2060,44904.94345501007
SSP2_500C_NoCC,USA,OL,2070,44904.94345501007
SSP2_500C_NoCC,USA,OL,2080,44904.94345501007
SSP2_500C_NoCC,USA,OL,2090,44904.94345501007
SSP2_500C_NoCC,USA,OL,2100,44904.94345501007
SSP2_500C_NoCC,USA,OTH_A,2005,6293.897970122321
SSP2_500C_NoCC,USA,OTH_A,2010,6151.516103007108
SSP2_500C_NoCC,USA,OTH_A,2015,6019.01764460896
SSP2_500C_NoCC,USA,OTH_A,2020,5895.75815475713
SSP2_500C_NoCC,USA,OTH_A,2025,5286.9598635247485
SSP2_500C_NoCC,USA,OTH_A,2030,4831.478366996101
SSP2_500C_NoCC,USA,OTH_A,2035,4683.6795664454
SSP2_500C_NoCC,USA,OTH_A,2040,4692.935359639858
SSP2_500C_NoCC,USA,OTH_A,2045,4888.625006694051
SSP2_500C_NoCC,USA,OTH_A,2050,5098.226641522649
SSP2_500C_NoCC,USA,OTH_A,2060,5643.399324389806
SSP2_500C_NoCC,USA,OTH_A,2070,6549.2210811763525
SSP2_500C_NoCC,USA,OTH_A,2080,7292.27022865409
SSP2_500C_NoCC,USA,OTH_A,2090,7286.955888205677
SSP2_500C_NoCC,USA,OTH_A,2100,7136.736192682431
SSP2_500C_NoCC,USA,PAS,2005,248674.2180168462
SSP2_500C_NoCC,USA,PAS,2010,248674.2180168462
SSP2_500C_NoCC,USA,PAS,2015,251491.29994957824
SSP2_500C_NoCC,USA,PAS,2020,255196.20827588756
SSP2_500C_NoCC,USA,PAS,2025,246375.51011371057
SSP2_500C_NoCC,USA,PAS,2030,232599.82280568988
SSP2_500C_NoCC,USA,PAS,2035,222622.66580374917
SSP2_500C_NoCC,USA,PAS,2040,219231.43803365028
SSP2_500C_NoCC,USA,PAS,2045,214951.06610065553
SSP2_500C_NoCC,USA,PAS,2050,210326.00631244024
SSP2_500C_NoCC,USA,PAS,2060,150562.3691850685
SSP2_500C_NoCC,USA,PAS,2070,42927.532548201336
SSP2_500C_NoCC,USA,PAS,2080,22851.122780455957
SSP2_500C_NoCC,USA,PAS,2090,18320.55199880685
SSP2_500C_NoCC,USA,PAS,2100,17879.412047752074
SSP2_500C_NoCC,USA,PDR,2005,2156.6102405302786
SSP2_500C_NoCC,USA,PDR,2010,2174.976297547201
SSP2_500C_NoCC,USA,PDR,2015,1503.3127055315463
SSP2_500C_NoCC,USA,PDR,2020,1550.5171277243658
SSP2_500C_NoCC,USA,PDR,2025,1354.1490195132494
SSP2_500C_NoCC,USA,PDR,2030,1254.3620616567687
SSP2_500C_NoCC,USA,PDR,2035,1227.9030639528023
SSP2_500C_NoCC,USA,PDR,2040,1253.4463729882546
SSP2_500C_NoCC,USA,PDR,2045,1336.4137475164111
SSP2_500C_NoCC,USA,PDR,2050,1407.9550694593208
SSP2_500C_NoCC,USA,PDR,2060,1237.1725270122975
SSP2_500C_NoCC,USA,PDR,2070,922.9613144869079
SSP2_500C_NoCC,USA,PDR,2080,934.7814551739174
SSP2_500C_NoCC,USA,PDR,2090,910.9797760219659
SSP2_500C_NoCC,USA,PDR,2100,869.0565083325522
SSP2_500C_NoCC,USA,SL,2005,10907.416776099806
SSP2_500C_NoCC,USA,SL,2010,11684.611663985543
SSP2_500C_NoCC,USA,SL,2015,12510.23333350657
SSP2_500C_NoCC,USA,SL,2020,12510.23333350657
SSP2_500C_NoCC,USA,SL,2025,12510.23333350657
SSP2_500C_NoCC,USA,SL,2030,12510.23333350657
SSP2_500C_NoCC,USA,SL,2035,12510.23333350657
SSP2_500C_NoCC,USA,SL,2040,12510.23333350657
SSP2_500C_NoCC,USA,SL,2045,12510.23333350657
SSP2_500C_NoCC,USA,SL,2050,12510.23333350657
SSP2_500C_NoCC,USA,SL,2060,12510.23333350657
SSP2_500C_NoCC,USA,SL,2070,12510.23333350657
SSP2_500C_NoCC,USA,SL,2080,12510.23333350657
SSP2_500C_NoCC,USA,SL,2090,12510.23333350657
SSP2_500C_NoCC,USA,SL,2100,12510.23333350657
SSP2_500C_NoCC,XE25,wht,2005,27420.01549615716
SSP2_500C_NoCC,XE25,wht,2010,27244.384357729024
SSP2_500C_NoCC,XE25,wht,2015,27193.59595152767
SSP2_500C_NoCC,XE25,wht,2020,26409.87578070768
SSP2_500C_NoCC,XE25,wht,2025,26285.099737181834
SSP2_500C_NoCC,XE25,wht,2030,26751.17372725166
SSP2_500C_NoCC,XE25,wht,2035,26695.539104450618
SSP2_500C_NoCC,XE25,wht,2040,26759.567169533286
SSP2_500C_NoCC,XE25,wht,2045,27200.35581597755
SSP2_500C_NoCC,XE25,wht,2050,27900.807969738154
SSP2_500C_NoCC,XE25,wht,2060,29721.9205372732
SSP2_500C_NoCC,XE25,wht,2070,32012.0831569873
SSP2_500C_NoCC,XE25,wht,2080,34213.13839289724
SSP2_500C_NoCC,XE25,wht,2090,35220.42482988904
SSP2_500C_NoCC,XE25,wht,2100,35693.6146373997
SSP2_500C_NoCC,XE25,frs,2005,102875.10746520209
SSP2_500C_NoCC,XE25,frs,2010,103164.2992026313
SSP2_500C_NoCC,XE25,frs,2015,104117.38553118688
SSP2_500C_NoCC,XE25,frs,2020,104807.95841997076
SSP2_500C_NoCC,XE25,frs,2025,104978.60188394904
SSP2_500C_NoCC,XE25,frs,2030,108981.51388667103
SSP2_500C_NoCC,XE25,frs,2035,110688.68711258323
SSP2_500C_NoCC,XE25,frs,2040,111767.47705069117
SSP2_500C_NoCC,XE25,frs,2045,112205.69638521534
SSP2_500C_NoCC,XE25,frs,2050,112834.9051614539
SSP2_500C_NoCC,XE25,frs,2060,113835.65638132796
SSP2_500C_NoCC,XE25,frs,2070,112824.54968034266
SSP2_500C_NoCC,XE25,frs,2080,112020.30484271148
SSP2_500C_NoCC,XE25,frs,2090,112730.04480123003
SSP2_500C_NoCC,XE25,frs,2100,114043.97337363439
SSP2_500C_NoCC,XE25,OSD,2005,14522.203288603114
SSP2_500C_NoCC,XE25,OSD,2010,16483.73433367234
SSP2_500C_NoCC,XE25,OSD,2015,15207.1399492203
SSP2_500C_NoCC,XE25,OSD,2020,15328.456740044747
SSP2_500C_NoCC,XE25,OSD,2025,14979.065969403666
SSP2_500C_NoCC,XE25,OSD,2030,14887.300821223405
SSP2_500C_NoCC,XE25,OSD,2035,15286.07579241267
SSP2_500C_NoCC,XE25,OSD,2040,15961.673123594868
SSP2_500C_NoCC,XE25,OSD,2045,16763.092734614154
SSP2_500C_NoCC,XE25,OSD,2050,18078.864564650296
SSP2_500C_NoCC,XE25,OSD,2060,24884.052122292556
SSP2_500C_NoCC,XE25,OSD,2070,27674.567765656884
SSP2_500C_NoCC,XE25,OSD,2080,29226.395771965035
SSP2_500C_NoCC,XE25,OSD,2090,30157.363897719235
SSP2_500C_NoCC,XE25,OSD,2100,30743.54499492219
SSP2_500C_NoCC,XE25,AFR,2025,262.84368474027474
SSP2_500C_NoCC,XE25,AFR,2030,525.6873694805495
SSP2_500C_NoCC,XE25,AFR,2035,564.6961287495814
SSP2_500C_NoCC,XE25,AFR,2040,603.7048880186131
SSP2_500C_NoCC,XE25,AFR,2045,725.971621616619
SSP2_500C_NoCC,XE25,AFR,2050,848.2383552146248
SSP2_500C_NoCC,XE25,AFR,2060,909.6910925616223
SSP2_500C_NoCC,XE25,AFR,2070,910.4848052504435
SSP2_500C_NoCC,XE25,AFR,2080,910.0052880878748
SSP2_500C_NoCC,XE25,AFR,2090,909.4837407201982
SSP2_500C_NoCC,XE25,AFR,2100,908.8331805572996
SSP2_500C_NoCC,XE25,BIO,2025,5829.283988407088
SSP2_500C_NoCC,XE25,BIO,2030,5793.50878778572
SSP2_500C_NoCC,XE25,BIO,2035,6949.755377895043
SSP2_500C_NoCC,XE25,BIO,2040,7153.500834698184
SSP2_500C_NoCC,XE25,BIO,2045,7018.424397600306
SSP2_500C_NoCC,XE25,BIO,2050,7219.8976468214405
SSP2_500C_NoCC,XE25,BIO,2060,16032.583364543783
SSP2_500C_NoCC,XE25,BIO,2070,14003.534078600407
SSP2_500C_NoCC,XE25,BIO,2080,13050.815400198573
SSP2_500C_NoCC,XE25,BIO,2090,11613.216451829108
SSP2_500C_NoCC,XE25,BIO,2100,10279.538962090184
SSP2_500C_NoCC,XE25,C_B,2005,2815.153103565449
SSP2_500C_NoCC,XE25,C_B,2010,1954.6727130920942
SSP2_500C_NoCC,XE25,C_B,2015,1666.8055336824925
SSP2_500C_NoCC,XE25,C_B,2020,1718.9976753456272
SSP2_500C_NoCC,XE25,C_B,2025,1695.1014116855993
SSP2_500C_NoCC,XE25,C_B,2030,1672.178192021164
SSP2_500C_NoCC,XE25,C_B,2035,1662.3888236890969
SSP2_500C_NoCC,XE25,C_B,2040,1649.2046942692423
SSP2_500C_NoCC,XE25,C_B,2045,1627.9595051887711
SSP2_500C_NoCC,XE25,C_B,2050,1613.6301036773823
SSP2_500C_NoCC,XE25,C_B,2060,2220.6908105662064
SSP2_500C_NoCC,XE25,C_B,2070,3331.999170883789
SSP2_500C_NoCC,XE25,C_B,2080,3611.0407126313758
SSP2_500C_NoCC,XE25,C_B,2090,3872.489421719076
SSP2_500C_NoCC,XE25,C_B,2100,4184.045225779698
SSP2_500C_NoCC,XE25,CL,2005,103043.53250365113
SSP2_500C_NoCC,XE25,CL,2010,99691.35507394004
SSP2_500C_NoCC,XE25,CL,2015,99833.84692631273
SSP2_500C_NoCC,XE25,CL,2020,97549.34418097539
SSP2_500C_NoCC,XE25,CL,2025,99990.15441671555
SSP2_500C_NoCC,XE25,CL,2030,98977.59291782066
SSP2_500C_NoCC,XE25,CL,2035,98952.91983000221
SSP2_500C_NoCC,XE25,CL,2040,98729.40357200161
SSP2_500C_NoCC,XE25,CL,2045,99594.22924724991
SSP2_500C_NoCC,XE25,CL,2050,101502.79457260159
SSP2_500C_NoCC,XE25,CL,2060,122039.70933296134
SSP2_500C_NoCC,XE25,CL,2070,126796.10666773528
SSP2_500C_NoCC,XE25,CL,2080,128946.33896085185
SSP2_500C_NoCC,XE25,CL,2090,127475.95913329249
SSP2_500C_NoCC,XE25,CL,2100,124961.93927726313
SSP2_500C_NoCC,XE25,CROP_FLW,2005,8606.80108080373
SSP2_500C_NoCC,XE25,CROP_FLW,2010,7113.935908342979
SSP2_500C_NoCC,XE25,CROP_FLW,2015,5535.29085714103
SSP2_500C_NoCC,XE25,CROP_FLW,2020,5435.005272022769
SSP2_500C_NoCC,XE25,CROP_FLW,2025,5431.024798715724
SSP2_500C_NoCC,XE25,CROP_FLW,2030,5683.279795540653
SSP2_500C_NoCC,XE25,CROP_FLW,2035,5761.06145096681
SSP2_500C_NoCC,XE25,CROP_FLW,2040,5793.066249621564
SSP2_500C_NoCC,XE25,CROP_FLW,2045,5832.632846839786
SSP2_500C_NoCC,XE25,CROP_FLW,2050,5928.942462984938
SSP2_500C_NoCC,XE25,CROP_FLW,2060,6563.325216676847
SSP2_500C_NoCC,XE25,CROP_FLW,2070,6523.250029428439
SSP2_500C_NoCC,XE25,CROP_FLW,2080,6490.110363161632
SSP2_500C_NoCC,XE25,CROP_FLW,2090,6510.611527892099
SSP2_500C_NoCC,XE25,CROP_FLW,2100,6487.06623713534
SSP2_500C_NoCC,XE25,GL,2005,170066.0562457336
SSP2_500C_NoCC,XE25,GL,2010,118843.69810880473
SSP2_500C_NoCC,XE25,GL,2015,120179.97909721127
SSP2_500C_NoCC,XE25,GL,2020,120723.12196488462
SSP2_500C_NoCC,XE25,GL,2025,119461.29344431362
SSP2_500C_NoCC,XE25,GL,2030,127084.91247820629
SSP2_500C_NoCC,XE25,GL,2035,130299.59588938717
SSP2_500C_NoCC,XE25,GL,2040,131826.05064456267
SSP2_500C_NoCC,XE25,GL,2045,131839.7551064918
SSP2_500C_NoCC,XE25,GL,2050,132052.11106804828
SSP2_500C_NoCC,XE25,GL,2060,128461.86728733519
SSP2_500C_NoCC,XE25,GL,2070,127587.11694775426
SSP2_500C_NoCC,XE25,GL,2080,127015.18172443335
SSP2_500C_NoCC,XE25,GL,2090,129612.44559966403
SSP2_500C_NoCC,XE25,GL,2100,132838.88450830395
SSP2_500C_NoCC,XE25,GRO,2005,36447.89435925214
SSP2_500C_NoCC,XE25,GRO,2010,32684.47772361858
SSP2_500C_NoCC,XE25,GRO,2015,31362.53998274508
SSP2_500C_NoCC,XE25,GRO,2020,30844.385353989746
SSP2_500C_NoCC,XE25,GRO,2025,29480.08766193121
SSP2_500C_NoCC,XE25,GRO,2030,28728.03856839669
SSP2_500C_NoCC,XE25,GRO,2035,27510.215201740557
SSP2_500C_NoCC,XE25,GRO,2040,26340.117149749643
SSP2_500C_NoCC,XE25,GRO,2045,25735.500012096152
SSP2_500C_NoCC,XE25,GRO,2050,24631.45687394254
SSP2_500C_NoCC,XE25,GRO,2060,24600.059375112793
SSP2_500C_NoCC,XE25,GRO,2070,25300.342664469943
SSP2_500C_NoCC,XE25,GRO,2080,24354.83132235978
SSP2_500C_NoCC,XE25,GRO,2090,22489.190675782673
SSP2_500C_NoCC,XE25,GRO,2100,20460.817481802253
SSP2_500C_NoCC,XE25,OL,2005,20977.652339001117
SSP2_500C_NoCC,XE25,OL,2010,20977.652339001117
SSP2_500C_NoCC,XE25,OL,2015,20977.65233900112
SSP2_500C_NoCC,XE25,OL,2020,20977.65233900112
SSP2_500C_NoCC,XE25,OL,2025,20977.65233900112
SSP2_500C_NoCC,XE25,OL,2030,20977.65233900112
SSP2_500C_NoCC,XE25,OL,2035,20977.65233900112
SSP2_500C_NoCC,XE25,OL,2040,20977.65233900112
SSP2_500C_NoCC,XE25,OL,2045,20977.65233900112
SSP2_500C_NoCC,XE25,OL,2050,20977.65233900112
SSP2_500C_NoCC,XE25,OL,2060,20977.65233900112
SSP2_500C_NoCC,XE25,OL,2070,20977.65233900112
SSP2_500C_NoCC,XE25,OL,2080,20977.65233900112
SSP2_500C_NoCC,XE25,OL,2090,20977.65233900112
SSP2_500C_NoCC,XE25,OL,2100,20977.65233900112
SSP2_500C_NoCC,XE25,OTH_A,2005,12717.879545065347
SSP2_500C_NoCC,XE25,OTH_A,2010,13067.907640671741
SSP2_500C_NoCC,XE25,OTH_A,2015,17019.1083481707
SSP2_500C_NoCC,XE25,OTH_A,2020,15904.95671353439
SSP2_500C_NoCC,XE25,OTH_A,2025,14459.22808589187
SSP2_500C_NoCC,XE25,OTH_A,2030,13585.786269625682
SSP2_500C_NoCC,XE25,OTH_A,2035,13110.732824346593
SSP2_500C_NoCC,XE25,OTH_A,2040,12959.820368322242
SSP2_500C_NoCC,XE25,OTH_A,2045,13057.458551356875
SSP2_500C_NoCC,XE25,OTH_A,2050,13386.572221106619
SSP2_500C_NoCC,XE25,OTH_A,2060,14671.93027384923
SSP2_500C_NoCC,XE25,OTH_A,2070,14986.428275358945
SSP2_500C_NoCC,XE25,OTH_A,2080,15210.470673200492
SSP2_500C_NoCC,XE25,OTH_A,2090,14930.874779847913
SSP2_500C_NoCC,XE25,OTH_A,2100,14501.61433287696
SSP2_500C_NoCC,XE25,PAS,2005,57985.67619387132
SSP2_500C_NoCC,XE25,PAS,2010,57985.67619387132
SSP2_500C_NoCC,XE25,PAS,2015,54936.48707279154
SSP2_500C_NoCC,XE25,PAS,2020,55987.27406167171
SSP2_500C_NoCC,XE25,PAS,2025,54374.80519778406
SSP2_500C_NoCC,XE25,PAS,2030,43497.99197532391
SSP2_500C_NoCC,XE25,PAS,2035,38561.79966678026
SSP2_500C_NoCC,XE25,PAS,2040,36141.06247222843
SSP2_500C_NoCC,XE25,PAS,2045,34702.04626692876
SSP2_500C_NoCC,XE25,PAS,2050,31829.649470184064
SSP2_500C_NoCC,XE25,PAS,2060,13820.774533316311
SSP2_500C_NoCC,XE25,PAS,2070,10949.440526420058
SSP2_500C_NoCC,XE25,PAS,2080,10175.867811417858
SSP2_500C_NoCC,XE25,PAS,2090,8339.765352595705
SSP2_500C_NoCC,XE25,PAS,2100,6314.068287743651
SSP2_500C_NoCC,XE25,PDR,2005,513.5856302041927
SSP2_500C_NoCC,XE25,PDR,2010,1142.242396813277
SSP2_500C_NoCC,XE25,PDR,2015,1849.3663038254376
SSP2_500C_NoCC,XE25,PDR,2020,1907.6666453304153
SSP2_500C_NoCC,XE25,PDR,2025,1831.2627634985517
SSP2_500C_NoCC,XE25,PDR,2030,1876.3267559756844
SSP2_500C_NoCC,XE25,PDR,2035,1977.1512545008443
SSP2_500C_NoCC,XE25,PDR,2040,2112.453982212552
SSP2_500C_NoCC,XE25,PDR,2045,2358.8053835763194
SSP2_500C_NoCC,XE25,PDR,2050,2742.622729680237
SSP2_500C_NoCC,XE25,PDR,2060,3345.1476326467437
SSP2_500C_NoCC,XE25,PDR,2070,2963.9015263495753
SSP2_500C_NoCC,XE25,PDR,2080,2789.5363244377063
SSP2_500C_NoCC,XE25,PDR,2090,2681.787548613387
SSP2_500C_NoCC,XE25,PDR,2100,2611.697405256775
SSP2_500C_NoCC,XE25,SL,2005,5692.76538826228
SSP2_500C_NoCC,XE25,SL,2010,5941.121710452581
SSP2_500C_NoCC,XE25,SL,2015,6197.702137071025
SSP2_500C_NoCC,XE25,SL,2020,6197.702137071025
SSP2_500C_NoCC,XE25,SL,2025,6197.702137071025
SSP2_500C_NoCC,XE25,SL,2030,6197.702137071025
SSP2_500C_NoCC,XE25,SL,2035,6197.702137071025
SSP2_500C_NoCC,XE25,SL,2040,6197.702137071025
SSP2_500C_NoCC,XE25,SL,2045,6197.702137071025
SSP2_500C_NoCC,XE25,SL,2050,6197.702137071025
SSP2_500C_NoCC,XE25,SL,2060,6197.702137071025
SSP2_500C_NoCC,XE25,SL,2070,6197.702137071025
SSP2_500C_NoCC,XE25,SL,2080,6197.702137071025
SSP2_500C_NoCC,XE25,SL,2090,6197.702137071025
SSP2_500C_NoCC,XE25,SL,2100,6197.702137071025
SSP2_500C_NoCC,XER,wht,2005,4899.995012493188
SSP2_500C_NoCC,XER,wht,2010,5070.388816726741
SSP2_500C_NoCC,XER,wht,2015,5087.482551362244
SSP2_500C_NoCC,XER,wht,2020,5022.506720700422
SSP2_500C_NoCC,XER,wht,2025,5310.604864326523
SSP2_500C_NoCC,XER,wht,2030,5556.1987322468885
SSP2_500C_NoCC,XER,wht,2035,5581.96620352848
SSP2_500C_NoCC,XER,wht,2040,5692.14626837531
SSP2_500C_NoCC,XER,wht,2045,5886.568986410906
SSP2_500C_NoCC,XER,wht,2050,6065.830412740676
SSP2_500C_NoCC,XER,wht,2060,6451.153229349894
SSP2_500C_NoCC,XER,wht,2070,6919.1931839316685
SSP2_500C_NoCC,XER,wht,2080,7233.798330923654
SSP2_500C_NoCC,XER,wht,2090,7302.472969283665
SSP2_500C_NoCC,XER,wht,2100,7231.95260744055
SSP2_500C_NoCC,XER,frs,2005,50891.153346253996
SSP2_500C_NoCC,XER,frs,2010,50869.29907984943
SSP2_500C_NoCC,XER,frs,2015,50831.21325066677
SSP2_500C_NoCC,XER,frs,2020,51057.43748295826
SSP2_500C_NoCC,XER,frs,2025,51109.45616101332
SSP2_500C_NoCC,XER,frs,2030,51906.980692326004
SSP2_500C_NoCC,XER,frs,2035,52352.54872153897
SSP2_500C_NoCC,XER,frs,2040,52511.095427962784
SSP2_500C_NoCC,XER,frs,2045,52534.534722562996
SSP2_500C_NoCC,XER,frs,2050,52605.99133734511
SSP2_500C_NoCC,XER,frs,2060,52249.07896400449
SSP2_500C_NoCC,XER,frs,2070,52504.763757028806
SSP2_500C_NoCC,XER,frs,2080,52545.20345335269
SSP2_500C_NoCC,XER,frs,2090,52616.49485097472
SSP2_500C_NoCC,XER,frs,2100,52821.70340164655
SSP2_500C_NoCC,XER,OSD,2005,2390.3525079887568
SSP2_500C_NoCC,XER,OSD,2010,3339.7000355840514
SSP2_500C_NoCC,XER,OSD,2015,3602.137704464586
SSP2_500C_NoCC,XER,OSD,2020,3642.02652941747
SSP2_500C_NoCC,XER,OSD,2025,3733.3371271724072
SSP2_500C_NoCC,XER,OSD,2030,3837.35048354576
SSP2_500C_NoCC,XER,OSD,2035,3981.258245696817
SSP2_500C_NoCC,XER,OSD,2040,4188.155053135098
SSP2_500C_NoCC,XER,OSD,2045,4458.163980389212
SSP2_500C_NoCC,XER,OSD,2050,4828.23861850683
SSP2_500C_NoCC,XER,OSD,2060,7170.110600267021
SSP2_500C_NoCC,XER,OSD,2070,8131.304295043921
SSP2_500C_NoCC,XER,OSD,2080,8615.42641305663
SSP2_500C_NoCC,XER,OSD,2090,8933.401950120548
SSP2_500C_NoCC,XER,OSD,2100,9134.331897984417
SSP2_500C_NoCC,XER,BIO,2025,201.6164908178769
SSP2_500C_NoCC,XER,BIO,2030,230.7733984994825
SSP2_500C_NoCC,XER,BIO,2035,326.0204840155946
SSP2_500C_NoCC,XER,BIO,2040,315.6966975256791
SSP2_500C_NoCC,XER,BIO,2045,262.90043708187477
SSP2_500C_NoCC,XER,BIO,2050,287.12653480494936
SSP2_500C_NoCC,XER,BIO,2060,632.4126446021859
SSP2_500C_NoCC,XER,BIO,2070,544.3708971481723
SSP2_500C_NoCC,XER,BIO,2080,484.3014140022774
SSP2_500C_NoCC,XER,BIO,2090,403.2385135700857
SSP2_500C_NoCC,XER,BIO,2100,331.18588662492135
SSP2_500C_NoCC,XER,C_B,2005,99.49042902423167
SSP2_500C_NoCC,XER,C_B,2010,162.017653142624
SSP2_500C_NoCC,XER,C_B,2015,127.87880067418243
SSP2_500C_NoCC,XER,C_B,2020,130.28290436926582
SSP2_500C_NoCC,XER,C_B,2025,130.27175290701967
SSP2_500C_NoCC,XER,C_B,2030,129.1045873767682
SSP2_500C_NoCC,XER,C_B,2035,129.23460694157907
SSP2_500C_NoCC,XER,C_B,2040,131.35313451068888
SSP2_500C_NoCC,XER,C_B,2045,134.47225782626438
SSP2_500C_NoCC,XER,C_B,2050,142.01639282693185
SSP2_500C_NoCC,XER,C_B,2060,246.96600872601573
SSP2_500C_NoCC,XER,C_B,2070,327.4778398957235
SSP2_500C_NoCC,XER,C_B,2080,260.8891014443033
SSP2_500C_NoCC,XER,C_B,2090,255.83195685867068
SSP2_500C_NoCC,XER,C_B,2100,260.9457891720354
SSP2_500C_NoCC,XER,CL,2005,17696.460721920615
SSP2_500C_NoCC,XER,CL,2010,23861.390880130108
SSP2_500C_NoCC,XER,CL,2015,21217.788972906957
SSP2_500C_NoCC,XER,CL,2020,21021.441937954776
SSP2_500C_NoCC,XER,CL,2025,21698.666731399844
SSP2_500C_NoCC,XER,CL,2030,22504.88493467293
SSP2_500C_NoCC,XER,CL,2035,22634.12934700762
SSP2_500C_NoCC,XER,CL,2040,22655.155729999256
SSP2_500C_NoCC,XER,CL,2045,22972.865843674852
SSP2_500C_NoCC,XER,CL,2050,23298.63479791988
SSP2_500C_NoCC,XER,CL,2060,26706.50138657874
SSP2_500C_NoCC,XER,CL,2070,27202.114611964782
SSP2_500C_NoCC,XER,CL,2080,27172.88183418251
SSP2_500C_NoCC,XER,CL,2090,27036.301609220936
SSP2_500C_NoCC,XER,CL,2100,26700.710058792552
SSP2_500C_NoCC,XER,CROP_FLW,2005,1625.986319345276
SSP2_500C_NoCC,XER,CROP_FLW,2010,2642.2171130797224
SSP2_500C_NoCC,XER,CROP_FLW,2015,1590.7095084488506
SSP2_500C_NoCC,XER,CROP_FLW,2020,1602.225514337099
SSP2_500C_NoCC,XER,CROP_FLW,2025,1650.167621875386
SSP2_500C_NoCC,XER,CROP_FLW,2030,1725.1717059492967
SSP2_500C_NoCC,XER,CROP_FLW,2035,1765.5194686694238
SSP2_500C_NoCC,XER,CROP_FLW,2040,1789.0841944679182
SSP2_500C_NoCC,XER,CROP_FLW,2045,1819.9221634626579
SSP2_500C_NoCC,XER,CROP_FLW,2050,1860.4465454575375
SSP2_500C_NoCC,XER,CROP_FLW,2060,1963.9001854147175
SSP2_500C_NoCC,XER,CROP_FLW,2070,1972.5452049604144
SSP2_500C_NoCC,XER,CROP_FLW,2080,1981.2073123986402
SSP2_500C_NoCC,XER,CROP_FLW,2090,1979.7026489915033
SSP2_500C_NoCC,XER,CROP_FLW,2100,1974.0704820311728
SSP2_500C_NoCC,XER,GL,2005,32742.61391497119
SSP2_500C_NoCC,XER,GL,2010,19063.26106454531
SSP2_500C_NoCC,XER,GL,2015,18691.2541489799
SSP2_500C_NoCC,XER,GL,2020,18995.98504679685
SSP2_500C_NoCC,XER,GL,2025,19345.469476823866
SSP2_500C_NoCC,XER,GL,2030,19725.215470872074
SSP2_500C_NoCC,XER,GL,2035,20175.66891936368
SSP2_500C_NoCC,XER,GL,2040,20447.836082189064
SSP2_500C_NoCC,XER,GL,2045,20654.804639280028
SSP2_500C_NoCC,XER,GL,2050,20985.972006945434
SSP2_500C_NoCC,XER,GL,2060,20024.972655280777
SSP2_500C_NoCC,XER,GL,2070,19665.556117386084
SSP2_500C_NoCC,XER,GL,2080,19819.005537973186
SSP2_500C_NoCC,XER,GL,2090,19981.232757548558
SSP2_500C_NoCC,XER,GL,2100,20219.588384754636
SSP2_500C_NoCC,XER,GRO,2005,6809.383392736056
SSP2_500C_NoCC,XER,GRO,2010,8285.421496733128
SSP2_500C_NoCC,XER,GRO,2015,7964.093591286575
SSP2_500C_NoCC,XER,GRO,2020,7931.418103902492
SSP2_500C_NoCC,XER,GRO,2025,7963.152729243786
SSP2_500C_NoCC,XER,GRO,2030,8343.713465603369
SSP2_500C_NoCC,XER,GRO,2035,8184.994797279106
SSP2_500C_NoCC,XER,GRO,2040,7851.405156342093
SSP2_500C_NoCC,XER,GRO,2045,7662.658875857075
SSP2_500C_NoCC,XER,GRO,2050,7253.061561932194
SSP2_500C_NoCC,XER,GRO,2060,6876.589551484017
SSP2_500C_NoCC,XER,GRO,2070,5638.42936397499
SSP2_500C_NoCC,XER,GRO,2080,4924.410815841619
SSP2_500C_NoCC,XER,GRO,2090,4469.507778638003
SSP2_500C_NoCC,XER,GRO,2100,4084.174850109496
SSP2_500C_NoCC,XER,OL,2005,10739.944621448123
SSP2_500C_NoCC,XER,OL,2010,10739.944621448123
SSP2_500C_NoCC,XER,OL,2015,10739.944621448121
SSP2_500C_NoCC,XER,OL,2020,10739.944621448121
SSP2_500C_NoCC,XER,OL,2025,10739.944621448121
SSP2_500C_NoCC,XER,OL,2030,10739.944621448121
SSP2_500C_NoCC,XER,OL,2035,10739.944621448121
SSP2_500C_NoCC,XER,OL,2040,10739.944621448121
SSP2_500C_NoCC,XER,OL,2045,10739.944621448121
SSP2_500C_NoCC,XER,OL,2050,10739.944621448121
SSP2_500C_NoCC,XER,OL,2060,10739.944621448121
SSP2_500C_NoCC,XER,OL,2070,10739.944621448121
SSP2_500C_NoCC,XER,OL,2080,10739.944621448121
SSP2_500C_NoCC,XER,OL,2090,10739.944621448121
SSP2_500C_NoCC,XER,OL,2100,10739.944621448121
SSP2_500C_NoCC,XER,OTH_A,2005,1859.6903639502457
SSP2_500C_NoCC,XER,OTH_A,2010,4330.376689486458
SSP2_500C_NoCC,XER,OTH_A,2015,2813.942974887274
SSP2_500C_NoCC,XER,OTH_A,2020,2659.993403917749
SSP2_500C_NoCC,XER,OTH_A,2025,2678.2821391267685
SSP2_500C_NoCC,XER,OTH_A,2030,2652.8590557995917
SSP2_500C_NoCC,XER,OTH_A,2035,2637.99783035233
SSP2_500C_NoCC,XER,OTH_A,2040,2660.131265297194
SSP2_500C_NoCC,XER,OTH_A,2045,2719.58280452926
SSP2_500C_NoCC,XER,OTH_A,2050,2831.1218037985236
SSP2_500C_NoCC,XER,OTH_A,2060,3340.3286875602525
SSP2_500C_NoCC,XER,OTH_A,2070,3656.731532876035
SSP2_500C_NoCC,XER,OTH_A,2080,3664.2079483128973
SSP2_500C_NoCC,XER,OTH_A,2090,3685.001663959825
SSP2_500C_NoCC,XER,OTH_A,2100,3677.803966407162
SSP2_500C_NoCC,XER,PAS,2005,12808.30983863602
SSP2_500C_NoCC,XER,PAS,2010,12808.30983863602
SSP2_500C_NoCC,XER,PAS,2015,12980.969747323632
SSP2_500C_NoCC,XER,PAS,2020,12646.361652167388
SSP2_500C_NoCC,XER,PAS,2025,11567.633750640232
SSP2_500C_NoCC,XER,PAS,2030,9584.145022006247
SSP2_500C_NoCC,XER,PAS,2035,8558.879131966984
SSP2_500C_NoCC,XER,PAS,2040,8107.138879726165
SSP2_500C_NoCC,XER,PAS,2045,7559.020914359402
SSP2_500C_NoCC,XER,PAS,2050,6830.62797766686
SSP2_500C_NoCC,XER,PAS,2060,4740.673114013254
SSP2_500C_NoCC,XER,PAS,2070,4348.7916334976435
SSP2_500C_NoCC,XER,PAS,2080,4184.135294368877
SSP2_500C_NoCC,XER,PAS,2090,4087.1969021330215
SSP2_500C_NoCC,XER,PAS,2100,3979.2242746835223
SSP2_500C_NoCC,XER,PDR,2005,11.56269638285708
SSP2_500C_NoCC,XER,PDR,2010,31.269075377381
SSP2_500C_NoCC,XER,PDR,2015,31.543841783249896
SSP2_500C_NoCC,XER,PDR,2020,32.98876131028117
SSP2_500C_NoCC,XER,PDR,2025,31.234005930079157
SSP2_500C_NoCC,XER,PDR,2030,29.71350565177394
SSP2_500C_NoCC,XER,PDR,2035,27.137710524294807
SSP2_500C_NoCC,XER,PDR,2040,27.18396034527541
SSP2_500C_NoCC,XER,PDR,2045,28.59633811760329
SSP2_500C_NoCC,XER,PDR,2050,30.792927852243523
SSP2_500C_NoCC,XER,PDR,2060,25.04047917464154
SSP2_500C_NoCC,XER,PDR,2070,12.062294133854346
SSP2_500C_NoCC,XER,PDR,2080,8.640498202496783
SSP2_500C_NoCC,XER,PDR,2090,7.1441277986405
SSP2_500C_NoCC,XER,PDR,2100,6.244579022797851
SSP2_500C_NoCC,XER,SL,2005,706.3314536519932
SSP2_500C_NoCC,XER,SL,2010,734.1225315354792
SSP2_500C_NoCC,XER,SL,2015,777.0228135949138
SSP2_500C_NoCC,XER,SL,2020,777.0228135949138
SSP2_500C_NoCC,XER,SL,2025,777.0228135949138
SSP2_500C_NoCC,XER,SL,2030,777.0228135949138
SSP2_500C_NoCC,XER,SL,2035,777.0228135949138
SSP2_500C_NoCC,XER,SL,2040,777.0228135949138
SSP2_500C_NoCC,XER,SL,2045,777.0228135949138
SSP2_500C_NoCC,XER,SL,2050,777.0228135949138
SSP2_500C_NoCC,XER,SL,2060,777.0228135949138
SSP2_500C_NoCC,XER,SL,2070,777.0228135949138
SSP2_500C_NoCC,XER,SL,2080,777.0228135949138
SSP2_500C_NoCC,XER,SL,2090,777.0228135949138
SSP2_500C_NoCC,XER,SL,2100,777.0228135949138
SSP2_500C_NoCC,XOC,wht,2005,18821.48430537642
SSP2_500C_NoCC,XOC,wht,2010,18470.66104533242
SSP2_500C_NoCC,XOC,wht,2015,20801.35091742721
SSP2_500C_NoCC,XOC,wht,2020,19858.27800841086
SSP2_500C_NoCC,XOC,wht,2025,22192.11820813992
SSP2_500C_NoCC,XOC,wht,2030,27743.793291866285
SSP2_500C_NoCC,XOC,wht,2035,32151.135968926363
SSP2_500C_NoCC,XOC,wht,2040,34967.83622080061
SSP2_500C_NoCC,XOC,wht,2045,37654.50169553897
SSP2_500C_NoCC,XOC,wht,2050,39300.48446585047
SSP2_500C_NoCC,XOC,wht,2060,38789.5611078093
SSP2_500C_NoCC,XOC,wht,2070,37916.38977295529
SSP2_500C_NoCC,XOC,wht,2080,35396.46717751102
SSP2_500C_NoCC,XOC,wht,2090,33896.137757266006
SSP2_500C_NoCC,XOC,wht,2100,32814.515114928996
SSP2_500C_NoCC,XOC,frs,2005,27260.87194500226
SSP2_500C_NoCC,XOC,frs,2010,28430.435216042824
SSP2_500C_NoCC,XOC,frs,2015,28523.58421072828
SSP2_500C_NoCC,XOC,frs,2020,27175.154729075875
SSP2_500C_NoCC,XOC,frs,2025,33010.33725525331
SSP2_500C_NoCC,XOC,frs,2030,39918.76105280106
SSP2_500C_NoCC,XOC,frs,2035,43808.63832001656
SSP2_500C_NoCC,XOC,frs,2040,45852.204533823424
SSP2_500C_NoCC,XOC,frs,2045,47139.28929227372
SSP2_500C_NoCC,XOC,frs,2050,48456.98858577506
SSP2_500C_NoCC,XOC,frs,2060,48447.7422436274
SSP2_500C_NoCC,XOC,frs,2070,47153.99464099192
SSP2_500C_NoCC,XOC,frs,2080,47042.86539403911
SSP2_500C_NoCC,XOC,frs,2090,47856.751135170794
SSP2_500C_NoCC,XOC,frs,2100,48910.27811839002
SSP2_500C_NoCC,XOC,OSD,2005,2635.3231831037724
SSP2_500C_NoCC,XOC,OSD,2010,2778.751337824311
SSP2_500C_NoCC,XOC,OSD,2015,5519.720980938049
SSP2_500C_NoCC,XOC,OSD,2020,5486.436027160044
SSP2_500C_NoCC,XOC,OSD,2025,5904.254264331
SSP2_500C_NoCC,XOC,OSD,2030,7076.026173540696
SSP2_500C_NoCC,XOC,OSD,2035,8275.32603516462
SSP2_500C_NoCC,XOC,OSD,2040,9079.295178907689
SSP2_500C_NoCC,XOC,OSD,2045,9708.044472973977
SSP2_500C_NoCC,XOC,OSD,2050,10156.163908780765
SSP2_500C_NoCC,XOC,OSD,2060,11396.182194895146
SSP2_500C_NoCC,XOC,OSD,2070,10069.751057588248
SSP2_500C_NoCC,XOC,OSD,2080,8675.672291622712
SSP2_500C_NoCC,XOC,OSD,2090,7737.761178317034
SSP2_500C_NoCC,XOC,OSD,2100,7068.295831481907
SSP2_500C_NoCC,XOC,BIO,2025,345.37295387279045
SSP2_500C_NoCC,XOC,BIO,2030,737.3075878905416
SSP2_500C_NoCC,XOC,BIO,2035,1788.1595402558285
SSP2_500C_NoCC,XOC,BIO,2040,3076.4675170897003
SSP2_500C_NoCC,XOC,BIO,2045,3764.041330834146
SSP2_500C_NoCC,XOC,BIO,2050,6479.222712589686
SSP2_500C_NoCC,XOC,BIO,2060,26993.397564123603
SSP2_500C_NoCC,XOC,BIO,2070,38252.72067135282
SSP2_500C_NoCC,XOC,BIO,2080,53112.108700065495
SSP2_500C_NoCC,XOC,BIO,2090,64086.712333415846
SSP2_500C_NoCC,XOC,BIO,2100,72409.56730656176
SSP2_500C_NoCC,XOC,C_B,2005,431.1744651084229
SSP2_500C_NoCC,XOC,C_B,2010,365.78543679741176
SSP2_500C_NoCC,XOC,C_B,2015,447.1207585983023
SSP2_500C_NoCC,XOC,C_B,2020,460.74944582035494
SSP2_500C_NoCC,XOC,C_B,2025,481.10754494672483
SSP2_500C_NoCC,XOC,C_B,2030,515.6321091478044
SSP2_500C_NoCC,XOC,C_B,2035,553.3552343056716
SSP2_500C_NoCC,XOC,C_B,2040,586.2773367506354
SSP2_500C_NoCC,XOC,C_B,2045,618.6026738853384
SSP2_500C_NoCC,XOC,C_B,2050,653.3189219537014
SSP2_500C_NoCC,XOC,C_B,2060,908.9061729236739
SSP2_500C_NoCC,XOC,C_B,2070,1165.711420144392
SSP2_500C_NoCC,XOC,C_B,2080,1101.3228097629426
SSP2_500C_NoCC,XOC,C_B,2090,908.5414154945362
SSP2_500C_NoCC,XOC,C_B,2100,710.6723426551753
SSP2_500C_NoCC,XOC,CL,2005,42841.50699382157
SSP2_500C_NoCC,XOC,CL,2010,41715.400960717205
SSP2_500C_NoCC,XOC,CL,2015,50266.01653563378
SSP2_500C_NoCC,XOC,CL,2020,48252.50483219388
SSP2_500C_NoCC,XOC,CL,2025,53696.592458349216
SSP2_500C_NoCC,XOC,CL,2030,64614.31046809798
SSP2_500C_NoCC,XOC,CL,2035,73954.02610056616
SSP2_500C_NoCC,XOC,CL,2040,80482.83630429598
SSP2_500C_NoCC,XOC,CL,2045,85882.48862815778
SSP2_500C_NoCC,XOC,CL,2050,91720.54384316341
SSP2_500C_NoCC,XOC,CL,2060,114332.64512425523
SSP2_500C_NoCC,XOC,CL,2070,122632.95871085407
SSP2_500C_NoCC,XOC,CL,2080,132327.6009410896
SSP2_500C_NoCC,XOC,CL,2090,139212.95329566306
SSP2_500C_NoCC,XOC,CL,2100,144044.02708940464
SSP2_500C_NoCC,XOC,CROP_FLW,2005,7941.552438830529
SSP2_500C_NoCC,XOC,CROP_FLW,2010,7747.697902132625
SSP2_500C_NoCC,XOC,CROP_FLW,2015,9471.265977711935
SSP2_500C_NoCC,XOC,CROP_FLW,2020,8964.53419043572
SSP2_500C_NoCC,XOC,CROP_FLW,2025,10928.509423268963
SSP2_500C_NoCC,XOC,CROP_FLW,2030,13363.780195875326
SSP2_500C_NoCC,XOC,CROP_FLW,2035,15004.556190591584
SSP2_500C_NoCC,XOC,CROP_FLW,2040,16002.117468554205
SSP2_500C_NoCC,XOC,CROP_FLW,2045,16790.84645607332
SSP2_500C_NoCC,XOC,CROP_FLW,2050,17732.603309535087
SSP2_500C_NoCC,XOC,CROP_FLW,2060,19873.801373477443
SSP2_500C_NoCC,XOC,CROP_FLW,2070,20260.591866822782
SSP2_500C_NoCC,XOC,CROP_FLW,2080,20557.606628793248
SSP2_500C_NoCC,XOC,CROP_FLW,2090,20574.574896122016
SSP2_500C_NoCC,XOC,CROP_FLW,2100,20350.788589368043
SSP2_500C_NoCC,XOC,GL,2005,711970.8242608844
SSP2_500C_NoCC,XOC,GL,2010,370862.0984072101
SSP2_500C_NoCC,XOC,GL,2015,365825.0435030061
SSP2_500C_NoCC,XOC,GL,2020,349465.4381353204
SSP2_500C_NoCC,XOC,GL,2025,420573.7743041054
SSP2_500C_NoCC,XOC,GL,2030,494516.7074150102
SSP2_500C_NoCC,XOC,GL,2035,534485.7513129507
SSP2_500C_NoCC,XOC,GL,2040,556356.4412502795
SSP2_500C_NoCC,XOC,GL,2045,572529.1241944234
SSP2_500C_NoCC,XOC,GL,2050,592075.0780380132
SSP2_500C_NoCC,XOC,GL,2060,608105.2359469103
SSP2_500C_NoCC,XOC,GL,2070,602856.9916171726
SSP2_500C_NoCC,XOC,GL,2080,593656.0367140257
SSP2_500C_NoCC,XOC,GL,2090,586339.0385394202
SSP2_500C_NoCC,XOC,GL,2100,580887.4782464278
SSP2_500C_NoCC,XOC,GRO,2005,9850.765890751478
SSP2_500C_NoCC,XOC,GRO,2010,8565.857653938388
SSP2_500C_NoCC,XOC,GRO,2015,10195.224398512506
SSP2_500C_NoCC,XOC,GRO,2020,9731.46085949117
SSP2_500C_NoCC,XOC,GRO,2025,9989.194541685676
SSP2_500C_NoCC,XOC,GRO,2030,10811.30026276676
SSP2_500C_NoCC,XOC,GRO,2035,11431.902681656478
SSP2_500C_NoCC,XOC,GRO,2040,11801.74647105973
SSP2_500C_NoCC,XOC,GRO,2045,12185.007467347388
SSP2_500C_NoCC,XOC,GRO,2050,12158.436922553816
SSP2_500C_NoCC,XOC,GRO,2060,11276.102738465921
SSP2_500C_NoCC,XOC,GRO,2070,10428.39690372142
SSP2_500C_NoCC,XOC,GRO,2080,9442.491572480525
SSP2_500C_NoCC,XOC,GRO,2090,8625.830872944878
SSP2_500C_NoCC,XOC,GRO,2100,7847.076684538504
SSP2_500C_NoCC,XOC,OL,2005,12743.726306746647
SSP2_500C_NoCC,XOC,OL,2010,12743.726306746647
SSP2_500C_NoCC,XOC,OL,2015,12743.726306746647
SSP2_500C_NoCC,XOC,OL,2020,12743.726306746647
SSP2_500C_NoCC,XOC,OL,2025,12743.726306746647
SSP2_500C_NoCC,XOC,OL,2030,12743.726306746647
SSP2_500C_NoCC,XOC,OL,2035,12743.726306746647
SSP2_500C_NoCC,XOC,OL,2040,12743.726306746647
SSP2_500C_NoCC,XOC,OL,2045,12743.726306746647
SSP2_500C_NoCC,XOC,OL,2050,12743.726306746647
SSP2_500C_NoCC,XOC,OL,2060,12743.726306746647
SSP2_500C_NoCC,XOC,OL,2070,12743.726306746647
SSP2_500C_NoCC,XOC,OL,2080,12743.726306746647
SSP2_500C_NoCC,XOC,OL,2090,12743.726306746647
SSP2_500C_NoCC,XOC,OL,2100,12743.726306746647
SSP2_500C_NoCC,XOC,OTH_A,2005,3087.1458224828343
SSP2_500C_NoCC,XOC,OTH_A,2010,3760.7715478088794
SSP2_500C_NoCC,XOC,OTH_A,2015,3710.939021931804
SSP2_500C_NoCC,XOC,OTH_A,2020,3629.028688292723
SSP2_500C_NoCC,XOC,OTH_A,2025,3727.4915742440835
SSP2_500C_NoCC,XOC,OTH_A,2030,4207.940391358749
SSP2_500C_NoCC,XOC,OTH_A,2035,4559.885725245918
SSP2_500C_NoCC,XOC,OTH_A,2040,4754.15502410059
SSP2_500C_NoCC,XOC,OTH_A,2045,4921.221191315262
SSP2_500C_NoCC,XOC,OTH_A,2050,4980.525879389124
SSP2_500C_NoCC,XOC,OTH_A,2060,4881.0908314124945
SSP2_500C_NoCC,XOC,OTH_A,2070,4408.500096897991
SSP2_500C_NoCC,XOC,OTH_A,2080,3937.8613147179426
SSP2_500C_NoCC,XOC,OTH_A,2090,3292.1011896791597
SSP2_500C_NoCC,XOC,OTH_A,2100,2752.5309123778484
SSP2_500C_NoCC,XOC,PAS,2005,342745.16319842
SSP2_500C_NoCC,XOC,PAS,2010,342745.16319842
SSP2_500C_NoCC,XOC,PAS,2015,339494.56776365085
SSP2_500C_NoCC,XOC,PAS,2020,359216.1143164291
SSP2_500C_NoCC,XOC,PAS,2025,276828.5079953113
SSP2_500C_NoCC,XOC,PAS,2030,185059.4330771099
SSP2_500C_NoCC,XOC,PAS,2035,131860.79627948566
SSP2_500C_NoCC,XOC,PAS,2040,101417.72992462026
SSP2_500C_NoCC,XOC,PAS,2045,78558.30989816398
SSP2_500C_NoCC,XOC,PAS,2050,51856.601546067475
SSP2_500C_NoCC,XOC,PAS,2060,13223.588698225967
SSP2_500C_NoCC,XOC,PAS,2070,11465.267044000684
SSP2_500C_NoCC,XOC,PAS,2080,11082.70896386586
SSP2_500C_NoCC,XOC,PAS,2090,10700.469042764893
SSP2_500C_NoCC,XOC,PAS,2100,10267.428558794882
SSP2_500C_NoCC,XOC,PDR,2005,74.06088816810835
SSP2_500C_NoCC,XOC,PDR,2010,25.876036883174677
SSP2_500C_NoCC,XOC,PDR,2015,120.39448051397461
SSP2_500C_NoCC,XOC,PDR,2020,122.0176125830295
SSP2_500C_NoCC,XOC,PDR,2025,128.543947860058
SSP2_500C_NoCC,XOC,PDR,2030,158.53045565181927
SSP2_500C_NoCC,XOC,PDR,2035,189.70472441971424
SSP2_500C_NoCC,XOC,PDR,2040,214.9410870328216
SSP2_500C_NoCC,XOC,PDR,2045,240.22334018937718
SSP2_500C_NoCC,XOC,PDR,2050,259.78772251076043
SSP2_500C_NoCC,XOC,PDR,2060,213.60314114765907
SSP2_500C_NoCC,XOC,PDR,2070,130.8969213711044
SSP2_500C_NoCC,XOC,PDR,2080,104.07044613568965
SSP2_500C_NoCC,XOC,PDR,2090,91.29365242358114
SSP2_500C_NoCC,XOC,PDR,2100,90.58030749239825
SSP2_500C_NoCC,XOC,SL,2005,1008.6252612257504
SSP2_500C_NoCC,XOC,SL,2010,1102.2825389028808
SSP2_500C_NoCC,XOC,SL,2015,1210.0846653582778
SSP2_500C_NoCC,XOC,SL,2020,1210.0846653582778
SSP2_500C_NoCC,XOC,SL,2025,1210.0846653582778
SSP2_500C_NoCC,XOC,SL,2030,1210.0846653582778
SSP2_500C_NoCC,XOC,SL,2035,1210.0846653582778
SSP2_500C_NoCC,XOC,SL,2040,1210.0846653582778
SSP2_500C_NoCC,XOC,SL,2045,1210.0846653582778
SSP2_500C_NoCC,XOC,SL,2050,1210.0846653582778
SSP2_500C_NoCC,XOC,SL,2060,1210.0846653582778
SSP2_500C_NoCC,XOC,SL,2070,1210.0846653582778
SSP2_500C_NoCC,XOC,SL,2080,1210.0846653582778
SSP2_500C_NoCC,XOC,SL,2090,1210.0846653582778
SSP2_500C_NoCC,XOC,SL,2100,1210.0846653582778
SSP2_500C_NoCC,XSE,wht,2005,276.8979822967477
SSP2_500C_NoCC,XSE,wht,2010,776.622236074186
SSP2_500C_NoCC,XSE,wht,2015,1027.0938107108275
SSP2_500C_NoCC,XSE,wht,2020,992.1790597623542
SSP2_500C_NoCC,XSE,wht,2025,1021.1131848072555
SSP2_500C_NoCC,XSE,wht,2030,1009.7231241563265
SSP2_500C_NoCC,XSE,wht,2035,949.2100617125336
SSP2_500C_NoCC,XSE,wht,2040,885.8885049763302
SSP2_500C_NoCC,XSE,wht,2045,849.6263344209289
SSP2_500C_NoCC,XSE,wht,2050,815.457930917688
SSP2_500C_NoCC,XSE,wht,2060,741.5389305310129
SSP2_500C_NoCC,XSE,wht,2070,842.6646893327143
SSP2_500C_NoCC,XSE,wht,2080,855.2910228257044
SSP2_500C_NoCC,XSE,wht,2090,848.7380400582933
SSP2_500C_NoCC,XSE,wht,2100,843.8029518715877
SSP2_500C_NoCC,XSE,frs,2005,296211.4297157561
SSP2_500C_NoCC,XSE,frs,2010,277662.98637472506
SSP2_500C_NoCC,XSE,frs,2015,281818.26099776506
SSP2_500C_NoCC,XSE,frs,2020,278808.38863483054
SSP2_500C_NoCC,XSE,frs,2025,303304.2767561362
SSP2_500C_NoCC,XSE,frs,2030,302479.4761383203
SSP2_500C_NoCC,XSE,frs,2035,303574.24405121896
SSP2_500C_NoCC,XSE,frs,2040,303496.04679986805
SSP2_500C_NoCC,XSE,frs,2045,304162.46786407626
SSP2_500C_NoCC,XSE,frs,2050,305816.84495944844
SSP2_500C_NoCC,XSE,frs,2060,305970.9921238244
SSP2_500C_NoCC,XSE,frs,2070,306949.7930403735
SSP2_500C_NoCC,XSE,frs,2080,307955.39478179766
SSP2_500C_NoCC,XSE,frs,2090,309081.0589178116
SSP2_500C_NoCC,XSE,frs,2100,310033.3989262249
SSP2_500C_NoCC,XSE,OSD,2005,20316.950944020577
SSP2_500C_NoCC,XSE,OSD,2010,23276.88402931752
SSP2_500C_NoCC,XSE,OSD,2015,26223.489623219513
SSP2_500C_NoCC,XSE,OSD,2020,26758.66244957248
SSP2_500C_NoCC,XSE,OSD,2025,27238.380936720623
SSP2_500C_NoCC,XSE,OSD,2030,27313.58920909938
SSP2_500C_NoCC,XSE,OSD,2035,26989.27373542065
SSP2_500C_NoCC,XSE,OSD,2040,26250.467297151685
SSP2_500C_NoCC,XSE,OSD,2045,24812.583053424823
SSP2_500C_NoCC,XSE,OSD,2050,23046.333921944122
SSP2_500C_NoCC,XSE,OSD,2060,18080.89001095835
SSP2_500C_NoCC,XSE,OSD,2070,17609.95899930238
SSP2_500C_NoCC,XSE,OSD,2080,16643.662995691862
SSP2_500C_NoCC,XSE,OSD,2090,16162.51567063797
SSP2_500C_NoCC,XSE,OSD,2100,15833.360820682214
SSP2_500C_NoCC,XSE,BIO,2025,2448.972390844986
SSP2_500C_NoCC,XSE,BIO,2030,4172.149646727462
SSP2_500C_NoCC,XSE,BIO,2035,6727.475225822616
SSP2_500C_NoCC,XSE,BIO,2040,9396.111431732628
SSP2_500C_NoCC,XSE,BIO,2045,13184.650594858691
SSP2_500C_NoCC,XSE,BIO,2050,19316.591573162208
SSP2_500C_NoCC,XSE,BIO,2060,44477.12719201898
SSP2_500C_NoCC,XSE,BIO,2070,44048.907474695334
SSP2_500C_NoCC,XSE,BIO,2080,44030.47985682975
SSP2_500C_NoCC,XSE,BIO,2090,43767.36285002969
SSP2_500C_NoCC,XSE,BIO,2100,43636.0719984138
SSP2_500C_NoCC,XSE,C_B,2005,2675.642109214025
SSP2_500C_NoCC,XSE,C_B,2010,2533.8020768148353
SSP2_500C_NoCC,XSE,C_B,2015,3351.654446796755
SSP2_500C_NoCC,XSE,C_B,2020,3412.8921585186654
SSP2_500C_NoCC,XSE,C_B,2025,3530.2471639348796
SSP2_500C_NoCC,XSE,C_B,2030,3600.948016768938
SSP2_500C_NoCC,XSE,C_B,2035,3584.418640935017
SSP2_500C_NoCC,XSE,C_B,2040,3474.2292869453477
SSP2_500C_NoCC,XSE,C_B,2045,3260.3172052931236
SSP2_500C_NoCC,XSE,C_B,2050,3002.4100817036833
SSP2_500C_NoCC,XSE,C_B,2060,2526.5611355817246
SSP2_500C_NoCC,XSE,C_B,2070,2616.379631987727
SSP2_500C_NoCC,XSE,C_B,2080,2245.537386038816
SSP2_500C_NoCC,XSE,C_B,2090,2201.6938123387945
SSP2_500C_NoCC,XSE,C_B,2100,2200.075864322786
SSP2_500C_NoCC,XSE,CL,2005,99040.61027564341
SSP2_500C_NoCC,XSE,CL,2010,106337.47625881826
SSP2_500C_NoCC,XSE,CL,2015,111790.4370889322
SSP2_500C_NoCC,XSE,CL,2020,114145.76623205688
SSP2_500C_NoCC,XSE,CL,2025,117258.99832349423
SSP2_500C_NoCC,XSE,CL,2030,120478.96220357499
SSP2_500C_NoCC,XSE,CL,2035,122030.23255098025
SSP2_500C_NoCC,XSE,CL,2040,122839.42417908668
SSP2_500C_NoCC,XSE,CL,2045,122901.26629034092
SSP2_500C_NoCC,XSE,CL,2050,122423.1057466818
SSP2_500C_NoCC,XSE,CL,2060,127305.62984584729
SSP2_500C_NoCC,XSE,CL,2070,124963.18106838902
SSP2_500C_NoCC,XSE,CL,2080,122608.62133515415
SSP2_500C_NoCC,XSE,CL,2090,121372.33624622093
SSP2_500C_NoCC,XSE,CL,2100,120626.15445164936
SSP2_500C_NoCC,XSE,CROP_FLW,2005,11905.988608819222
SSP2_500C_NoCC,XSE,CROP_FLW,2010,11647.127531761576
SSP2_500C_NoCC,XSE,CROP_FLW,2015,11768.026465400717
SSP2_500C_NoCC,XSE,CROP_FLW,2020,11834.538149089243
SSP2_500C_NoCC,XSE,CROP_FLW,2025,12339.758957792334
SSP2_500C_NoCC,XSE,CROP_FLW,2030,12576.590496592597
SSP2_500C_NoCC,XSE,CROP_FLW,2035,12672.283417003408
SSP2_500C_NoCC,XSE,CROP_FLW,2040,12712.750222012737
SSP2_500C_NoCC,XSE,CROP_FLW,2045,12745.972884144096
SSP2_500C_NoCC,XSE,CROP_FLW,2050,12820.256776016033
SSP2_500C_NoCC,XSE,CROP_FLW,2060,13225.109486942158
SSP2_500C_NoCC,XSE,CROP_FLW,2070,13092.125964433495
SSP2_500C_NoCC,XSE,CROP_FLW,2080,13037.401057525527
SSP2_500C_NoCC,XSE,CROP_FLW,2090,12990.586306417203
SSP2_500C_NoCC,XSE,CROP_FLW,2100,12962.14426213867
SSP2_500C_NoCC,XSE,GL,2005,189886.90853807027
SSP2_500C_NoCC,XSE,GL,2010,54795.40269864854
SSP2_500C_NoCC,XSE,GL,2015,65525.042133059855
SSP2_500C_NoCC,XSE,GL,2020,64278.41360167521
SSP2_500C_NoCC,XSE,GL,2025,113683.18970904258
SSP2_500C_NoCC,XSE,GL,2030,111161.06205009692
SSP2_500C_NoCC,XSE,GL,2035,114560.97736542391
SSP2_500C_NoCC,XSE,GL,2040,115455.60818046932
SSP2_500C_NoCC,XSE,GL,2045,117545.80838500275
SSP2_500C_NoCC,XSE,GL,2050,121500.38858826546
SSP2_500C_NoCC,XSE,GL,2060,125675.47630115083
SSP2_500C_NoCC,XSE,GL,2070,128506.75199465675
SSP2_500C_NoCC,XSE,GL,2080,129924.03138948037
SSP2_500C_NoCC,XSE,GL,2090,130485.94896813485
SSP2_500C_NoCC,XSE,GL,2100,131050.91301506081
SSP2_500C_NoCC,XSE,GRO,2005,12877.760463056022
SSP2_500C_NoCC,XSE,GRO,2010,14509.938092705774
SSP2_500C_NoCC,XSE,GRO,2015,15287.72240439709
SSP2_500C_NoCC,XSE,GRO,2020,15584.83305419736
SSP2_500C_NoCC,XSE,GRO,2025,16316.994187325014
SSP2_500C_NoCC,XSE,GRO,2030,16062.135301402419
SSP2_500C_NoCC,XSE,GRO,2035,15543.321100499828
SSP2_500C_NoCC,XSE,GRO,2040,15003.329550588758
SSP2_500C_NoCC,XSE,GRO,2045,14924.672765871404
SSP2_500C_NoCC,XSE,GRO,2050,14067.100228399599
SSP2_500C_NoCC,XSE,GRO,2060,11101.987756362776
SSP2_500C_NoCC,XSE,GRO,2070,11081.342341470156
SSP2_500C_NoCC,XSE,GRO,2080,10710.983431203604
SSP2_500C_NoCC,XSE,GRO,2090,10363.142446487287
SSP2_500C_NoCC,XSE,GRO,2100,10114.018627612328
SSP2_500C_NoCC,XSE,OL,2005,27543.938527358525
SSP2_500C_NoCC,XSE,OL,2010,27543.938527358525
SSP2_500C_NoCC,XSE,OL,2015,27543.93852735853
SSP2_500C_NoCC,XSE,OL,2020,27543.93852735853
SSP2_500C_NoCC,XSE,OL,2025,27543.93852735853
SSP2_500C_NoCC,XSE,OL,2030,27543.93852735853
SSP2_500C_NoCC,XSE,OL,2035,27543.93852735853
SSP2_500C_NoCC,XSE,OL,2040,27543.93852735853
SSP2_500C_NoCC,XSE,OL,2045,27543.93852735853
SSP2_500C_NoCC,XSE,OL,2050,27543.93852735853
SSP2_500C_NoCC,XSE,OL,2060,27543.93852735853
SSP2_500C_NoCC,XSE,OL,2070,27543.93852735853
SSP2_500C_NoCC,XSE,OL,2080,27543.93852735853
SSP2_500C_NoCC,XSE,OL,2090,27543.93852735853
SSP2_500C_NoCC,XSE,OL,2100,27543.93852735853
SSP2_500C_NoCC,XSE,OTH_A,2005,17777.03618747305
SSP2_500C_NoCC,XSE,OTH_A,2010,19598.076636343212
SSP2_500C_NoCC,XSE,OTH_A,2015,21567.274390335388
SSP2_500C_NoCC,XSE,OTH_A,2020,21772.993189827685
SSP2_500C_NoCC,XSE,OTH_A,2025,22482.693846131184
SSP2_500C_NoCC,XSE,OTH_A,2030,23063.596923201127
SSP2_500C_NoCC,XSE,OTH_A,2035,23302.903914883853
SSP2_500C_NoCC,XSE,OTH_A,2040,23182.481050698923
SSP2_500C_NoCC,XSE,OTH_A,2045,22424.008525930425
SSP2_500C_NoCC,XSE,OTH_A,2050,21094.417883403887
SSP2_500C_NoCC,XSE,OTH_A,2060,16863.32168912166
SSP2_500C_NoCC,XSE,OTH_A,2070,16850.659086044456
SSP2_500C_NoCC,XSE,OTH_A,2080,16414.360090152913
SSP2_500C_NoCC,XSE,OTH_A,2090,16263.952471089913
SSP2_500C_NoCC,XSE,OTH_A,2100,16267.178627879077
SSP2_500C_NoCC,XSE,PAS,2005,147846.66333569118
SSP2_500C_NoCC,XSE,PAS,2010,147846.66333569118
SSP2_500C_NoCC,XSE,PAS,2015,126489.38626021208
SSP2_500C_NoCC,XSE,PAS,2020,128390.55801140654
SSP2_500C_NoCC,XSE,PAS,2025,51376.661691296205
SSP2_500C_NoCC,XSE,PAS,2030,51503.626087976976
SSP2_500C_NoCC,XSE,PAS,2035,45457.67251234609
SSP2_500C_NoCC,XSE,PAS,2040,43832.04732054516
SSP2_500C_NoCC,XSE,PAS,2045,41013.583940549266
SSP2_500C_NoCC,XSE,PAS,2050,35882.787185573354
SSP2_500C_NoCC,XSE,PAS,2060,26671.028209146523
SSP2_500C_NoCC,XSE,PAS,2070,25203.40037655
SSP2_500C_NoCC,XSE,PAS,2080,25135.078973536878
SSP2_500C_NoCC,XSE,PAS,2090,24683.782347801643
SSP2_500C_NoCC,XSE,PAS,2100,23912.660087029664
SSP2_500C_NoCC,XSE,PDR,2005,33210.333980763746
SSP2_500C_NoCC,XSE,PDR,2010,33995.02565580117
SSP2_500C_NoCC,XSE,PDR,2015,32565.17594807188
SSP2_500C_NoCC,XSE,PDR,2020,33789.668171089084
SSP2_500C_NoCC,XSE,PDR,2025,31880.837655937954
SSP2_500C_NoCC,XSE,PDR,2030,32680.229485626754
SSP2_500C_NoCC,XSE,PDR,2035,32261.346454702343
SSP2_500C_NoCC,XSE,PDR,2040,31934.166834980308
SSP2_500C_NoCC,XSE,PDR,2045,30699.434926397444
SSP2_500C_NoCC,XSE,PDR,2050,28260.537351134546
SSP2_500C_NoCC,XSE,PDR,2060,20289.09364433065
SSP2_500C_NoCC,XSE,PDR,2070,18821.14288112276
SSP2_500C_NoCC,XSE,PDR,2080,18670.90549488599
SSP2_500C_NoCC,XSE,PDR,2090,18774.344649161747
SSP2_500C_NoCC,XSE,PDR,2100,18769.50129872892
SSP2_500C_NoCC,XSE,SL,2005,2420.0129964553826
SSP2_500C_NoCC,XSE,SL,2010,2726.799346560418
SSP2_500C_NoCC,XSE,SL,2015,3038.6864119720467
SSP2_500C_NoCC,XSE,SL,2020,3038.6864119720467
SSP2_500C_NoCC,XSE,SL,2025,3038.6864119720467
SSP2_500C_NoCC,XSE,SL,2030,3038.6864119720467
SSP2_500C_NoCC,XSE,SL,2035,3038.6864119720467
SSP2_500C_NoCC,XSE,SL,2040,3038.6864119720467
SSP2_500C_NoCC,XSE,SL,2045,3038.6864119720467
SSP2_500C_NoCC,XSE,SL,2050,3038.6864119720467
SSP2_500C_NoCC,XSE,SL,2060,3038.6864119720467
SSP2_500C_NoCC,XSE,SL,2070,3038.6864119720467
SSP2_500C_NoCC,XSE,SL,2080,3038.6864119720467
SSP2_500C_NoCC,XSE,SL,2090,3038.6864119720467
SSP2_500C_NoCC,XSE,SL,2100,3038.6864119720467
SSP2_500C_NoCC,XSA,wht,2005,7787.097870418497
SSP2_500C_NoCC,XSA,wht,2010,8307.828551814635
SSP2_500C_NoCC,XSA,wht,2015,7868.106016944698
SSP2_500C_NoCC,XSA,wht,2020,7943.802946328072
SSP2_500C_NoCC,XSA,wht,2025,8552.698649903234
SSP2_500C_NoCC,XSA,wht,2030,9434.164976198335
SSP2_500C_NoCC,XSA,wht,2035,9983.814918705972
SSP2_500C_NoCC,XSA,wht,2040,10489.688070033522
SSP2_500C_NoCC,XSA,wht,2045,11044.209163735775
SSP2_500C_NoCC,XSA,wht,2050,11332.746819747832
SSP2_500C_NoCC,XSA,wht,2060,10591.812591449689
SSP2_500C_NoCC,XSA,wht,2070,11807.439303873038
SSP2_500C_NoCC,XSA,wht,2080,13100.874205756518
SSP2_500C_NoCC,XSA,wht,2090,14329.399165328336
SSP2_500C_NoCC,XSA,wht,2100,15217.621458213116
SSP2_500C_NoCC,XSA,frs,2005,64953.79642377001
SSP2_500C_NoCC,XSA,frs,2010,64965.14222110097
SSP2_500C_NoCC,XSA,frs,2015,65010.38936617026
SSP2_500C_NoCC,XSA,frs,2020,64522.579432205406
SSP2_500C_NoCC,XSA,frs,2025,66472.1490968809
SSP2_500C_NoCC,XSA,frs,2030,66352.38052951805
SSP2_500C_NoCC,XSA,frs,2035,66045.0477520133
SSP2_500C_NoCC,XSA,frs,2040,65720.67798270444
SSP2_500C_NoCC,XSA,frs,2045,65313.34674162828
SSP2_500C_NoCC,XSA,frs,2050,64930.883990600545
SSP2_500C_NoCC,XSA,frs,2060,64669.47632145359
SSP2_500C_NoCC,XSA,frs,2070,65697.38088930472
SSP2_500C_NoCC,XSA,frs,2080,65214.48022880121
SSP2_500C_NoCC,XSA,frs,2090,65069.53961053206
SSP2_500C_NoCC,XSA,frs,2100,65000.178602305896
SSP2_500C_NoCC,XSA,OSD,2005,3843.235631449283
SSP2_500C_NoCC,XSA,OSD,2010,3715.831778451912
SSP2_500C_NoCC,XSA,OSD,2015,3788.43932121352
SSP2_500C_NoCC,XSA,OSD,2020,3862.2809146421573
SSP2_500C_NoCC,XSA,OSD,2025,4021.637519320486
SSP2_500C_NoCC,XSA,OSD,2030,4250.9468621285
SSP2_500C_NoCC,XSA,OSD,2035,4476.914066602325
SSP2_500C_NoCC,XSA,OSD,2040,4613.760298252496
SSP2_500C_NoCC,XSA,OSD,2045,4754.567476036067
SSP2_500C_NoCC,XSA,OSD,2050,4812.888861629107
SSP2_500C_NoCC,XSA,OSD,2060,3707.6664168895895
SSP2_500C_NoCC,XSA,OSD,2070,3797.347365238508
SSP2_500C_NoCC,XSA,OSD,2080,3974.274893001154
SSP2_500C_NoCC,XSA,OSD,2090,4261.665722670069
SSP2_500C_NoCC,XSA,OSD,2100,4406.524419596779
SSP2_500C_NoCC,XSA,AFR,2025,2161.170616536244
SSP2_500C_NoCC,XSA,AFR,2030,4322.341233072488
SSP2_500C_NoCC,XSA,AFR,2035,6685.1395001926885
SSP2_500C_NoCC,XSA,AFR,2040,9047.93776731289
SSP2_500C_NoCC,XSA,AFR,2045,13406.164444102698
SSP2_500C_NoCC,XSA,AFR,2050,17764.391120892506
SSP2_500C_NoCC,XSA,AFR,2060,19631.854409740194
SSP2_500C_NoCC,XSA,AFR,2070,20108.691129117018
SSP2_500C_NoCC,XSA,AFR,2080,20856.157272377834
SSP2_500C_NoCC,XSA,AFR,2090,21016.87716312834
SSP2_500C_NoCC,XSA,AFR,2100,21139.034570479824
SSP2_500C_NoCC,XSA,BIO,2025,374.6446634488877
SSP2_500C_NoCC,XSA,BIO,2030,736.3243378852408
SSP2_500C_NoCC,XSA,BIO,2035,1545.1217958510642
SSP2_500C_NoCC,XSA,BIO,2040,2835.1794836391346
SSP2_500C_NoCC,XSA,BIO,2045,3648.5210516563343
SSP2_500C_NoCC,XSA,BIO,2050,5308.11594669663
SSP2_500C_NoCC,XSA,BIO,2060,19120.040312484103
SSP2_500C_NoCC,XSA,BIO,2070,18478.979958567365
SSP2_500C_NoCC,XSA,BIO,2080,19477.871011493564
SSP2_500C_NoCC,XSA,BIO,2090,19964.337627795307
SSP2_500C_NoCC,XSA,BIO,2100,20336.86911138368
SSP2_500C_NoCC,XSA,C_B,2005,843.7109139303199
SSP2_500C_NoCC,XSA,C_B,2010,809.7019444249337
SSP2_500C_NoCC,XSA,C_B,2015,887.7066238079168
SSP2_500C_NoCC,XSA,C_B,2020,914.7964894257254
SSP2_500C_NoCC,XSA,C_B,2025,920.1314730343295
SSP2_500C_NoCC,XSA,C_B,2030,985.7099365960652
SSP2_500C_NoCC,XSA,C_B,2035,1048.858723964599
SSP2_500C_NoCC,XSA,C_B,2040,1108.505729201594
SSP2_500C_NoCC,XSA,C_B,2045,1163.983551683895
SSP2_500C_NoCC,XSA,C_B,2050,1141.1314826074297
SSP2_500C_NoCC,XSA,C_B,2060,869.5006384303448
SSP2_500C_NoCC,XSA,C_B,2070,854.7558633347551
SSP2_500C_NoCC,XSA,C_B,2080,796.9636605043618
SSP2_500C_NoCC,XSA,C_B,2090,865.6692677537815
SSP2_500C_NoCC,XSA,C_B,2100,887.6945816379182
SSP2_500C_NoCC,XSA,CL,2005,44281.01542230626
SSP2_500C_NoCC,XSA,CL,2010,45172.520397640496
SSP2_500C_NoCC,XSA,CL,2015,45702.47363317524
SSP2_500C_NoCC,XSA,CL,2020,45800.72662846128
SSP2_500C_NoCC,XSA,CL,2025,48834.261677733
SSP2_500C_NoCC,XSA,CL,2030,51778.6693023741
SSP2_500C_NoCC,XSA,CL,2035,54223.0003748486
SSP2_500C_NoCC,XSA,CL,2040,56633.71946240772
SSP2_500C_NoCC,XSA,CL,2045,58315.577202619344
SSP2_500C_NoCC,XSA,CL,2050,59866.99648850804
SSP2_500C_NoCC,XSA,CL,2060,65843.49709853329
SSP2_500C_NoCC,XSA,CL,2070,64846.295733246545
SSP2_500C_NoCC,XSA,CL,2080,67642.53038263181
SSP2_500C_NoCC,XSA,CL,2090,70555.6065182157
SSP2_500C_NoCC,XSA,CL,2100,72262.83061013703
SSP2_500C_NoCC,XSA,CROP_FLW,2005,15780.615518081333
SSP2_500C_NoCC,XSA,CROP_FLW,2010,14791.801485558031
SSP2_500C_NoCC,XSA,CROP_FLW,2015,15664.069785796179
SSP2_500C_NoCC,XSA,CROP_FLW,2020,15387.066732388304
SSP2_500C_NoCC,XSA,CROP_FLW,2025,16977.144250809175
SSP2_500C_NoCC,XSA,CROP_FLW,2030,17380.951856187352
SSP2_500C_NoCC,XSA,CROP_FLW,2035,17625.458399118157
SSP2_500C_NoCC,XSA,CROP_FLW,2040,17729.873717163016
SSP2_500C_NoCC,XSA,CROP_FLW,2045,17416.73266681653
SSP2_500C_NoCC,XSA,CROP_FLW,2050,17056.63342564468
SSP2_500C_NoCC,XSA,CROP_FLW,2060,17559.421289976206
SSP2_500C_NoCC,XSA,CROP_FLW,2070,17417.06654274934
SSP2_500C_NoCC,XSA,CROP_FLW,2080,17429.611699118177
SSP2_500C_NoCC,XSA,CROP_FLW,2090,17564.297692025906
SSP2_500C_NoCC,XSA,CROP_FLW,2100,17532.978363310824
SSP2_500C_NoCC,XSA,GL,2005,123200.35203767792
SSP2_500C_NoCC,XSA,GL,2010,86616.43038189359
SSP2_500C_NoCC,XSA,GL,2015,85529.28599706151
SSP2_500C_NoCC,XSA,GL,2020,83284.33221983239
SSP2_500C_NoCC,XSA,GL,2025,91345.81429168186
SSP2_500C_NoCC,XSA,GL,2030,91737.075292158
SSP2_500C_NoCC,XSA,GL,2035,90421.34129674504
SSP2_500C_NoCC,XSA,GL,2040,88048.42335629172
SSP2_500C_NoCC,XSA,GL,2045,84242.34616518201
SSP2_500C_NoCC,XSA,GL,2050,80488.7919944382
SSP2_500C_NoCC,XSA,GL,2060,75201.29818770841
SSP2_500C_NoCC,XSA,GL,2070,74622.64129032593
SSP2_500C_NoCC,XSA,GL,2080,71418.91148070885
SSP2_500C_NoCC,XSA,GL,2090,69112.88135823821
SSP2_500C_NoCC,XSA,GL,2100,68129.00058521515
SSP2_500C_NoCC,XSA,GRO,2005,2771.4171651341376
SSP2_500C_NoCC,XSA,GRO,2010,2872.9696458792378
SSP2_500C_NoCC,XSA,GRO,2015,3013.999081647241
SSP2_500C_NoCC,XSA,GRO,2020,3012.8529962864854
SSP2_500C_NoCC,XSA,GRO,2025,3141.784183010434
SSP2_500C_NoCC,XSA,GRO,2030,3227.687550988854
SSP2_500C_NoCC,XSA,GRO,2035,3226.9885686032358
SSP2_500C_NoCC,XSA,GRO,2040,3157.3258149341
SSP2_500C_NoCC,XSA,GRO,2045,3097.459834317067
SSP2_500C_NoCC,XSA,GRO,2050,2998.57242360035
SSP2_500C_NoCC,XSA,GRO,2060,2348.347074980248
SSP2_500C_NoCC,XSA,GRO,2070,2248.195000435513
SSP2_500C_NoCC,XSA,GRO,2080,2269.0454390168616
SSP2_500C_NoCC,XSA,GRO,2090,2344.931066431081
SSP2_500C_NoCC,XSA,GRO,2100,2366.451415860807
SSP2_500C_NoCC,XSA,OL,2005,9705.16963321668
SSP2_500C_NoCC,XSA,OL,2010,9705.16963321668
SSP2_500C_NoCC,XSA,OL,2015,9705.169633216678
SSP2_500C_NoCC,XSA,OL,2020,9705.169633216678
SSP2_500C_NoCC,XSA,OL,2025,9705.169633216678
SSP2_500C_NoCC,XSA,OL,2030,9705.169633216678
SSP2_500C_NoCC,XSA,OL,2035,9705.169633216678
SSP2_500C_NoCC,XSA,OL,2040,9705.169633216678
SSP2_500C_NoCC,XSA,OL,2045,9705.169633216678
SSP2_500C_NoCC,XSA,OL,2050,9705.169633216678
SSP2_500C_NoCC,XSA,OL,2060,9705.169633216678
SSP2_500C_NoCC,XSA,OL,2070,9705.169633216678
SSP2_500C_NoCC,XSA,OL,2080,9705.169633216678
SSP2_500C_NoCC,XSA,OL,2090,9705.169633216678
SSP2_500C_NoCC,XSA,OL,2100,9705.169633216678
SSP2_500C_NoCC,XSA,OTH_A,2005,4262.068434753678
SSP2_500C_NoCC,XSA,OTH_A,2010,5721.766495583643
SSP2_500C_NoCC,XSA,OTH_A,2015,5738.921068332045
SSP2_500C_NoCC,XSA,OTH_A,2020,5737.183145950909
SSP2_500C_NoCC,XSA,OTH_A,2025,6060.004430012253
SSP2_500C_NoCC,XSA,OTH_A,2030,6598.266578123189
SSP2_500C_NoCC,XSA,OTH_A,2035,7030.598508557529
SSP2_500C_NoCC,XSA,OTH_A,2040,7367.903513009206
SSP2_500C_NoCC,XSA,OTH_A,2045,7777.997587828299
SSP2_500C_NoCC,XSA,OTH_A,2050,8046.929432947317
SSP2_500C_NoCC,XSA,OTH_A,2060,6316.5666729083
SSP2_500C_NoCC,XSA,OTH_A,2070,6854.34908991413
SSP2_500C_NoCC,XSA,OTH_A,2080,7442.128171311826
SSP2_500C_NoCC,XSA,OTH_A,2090,8085.324379259261
SSP2_500C_NoCC,XSA,OTH_A,2100,8420.717966721893
SSP2_500C_NoCC,XSA,PAS,2005,37874.86039465611
SSP2_500C_NoCC,XSA,PAS,2010,37874.86039465611
SSP2_500C_NoCC,XSA,PAS,2015,37874.831778869535
SSP2_500C_NoCC,XSA,PAS,2020,40509.34249477749
SSP2_500C_NoCC,XSA,PAS,2025,25303.58509244459
SSP2_500C_NoCC,XSA,PAS,2030,19926.51441815392
SSP2_500C_NoCC,XSA,PAS,2035,16742.451851478163
SSP2_500C_NoCC,XSA,PAS,2040,14666.222206551876
SSP2_500C_NoCC,XSA,PAS,2045,12839.546221744205
SSP2_500C_NoCC,XSA,PAS,2050,11065.917180837248
SSP2_500C_NoCC,XSA,PAS,2060,8770.854757841043
SSP2_500C_NoCC,XSA,PAS,2070,8841.971733282337
SSP2_500C_NoCC,XSA,PAS,2080,8984.9014107568
SSP2_500C_NoCC,XSA,PAS,2090,8362.076125162144
SSP2_500C_NoCC,XSA,PAS,2100,7585.936407138676
SSP2_500C_NoCC,XSA,PDR,2005,8992.86988853901
SSP2_500C_NoCC,XSA,PDR,2010,8952.62049592811
SSP2_500C_NoCC,XSA,PDR,2015,8741.23173543366
SSP2_500C_NoCC,XSA,PDR,2020,8942.743403439625
SSP2_500C_NoCC,XSA,PDR,2025,8786.216508194198
SSP2_500C_NoCC,XSA,PDR,2030,9164.617204266577
SSP2_500C_NoCC,XSA,PDR,2035,9285.2453934457
SSP2_500C_NoCC,XSA,PDR,2040,9331.482836174657
SSP2_500C_NoCC,XSA,PDR,2045,9412.105870545342
SSP2_500C_NoCC,XSA,PDR,2050,9169.978095634704
SSP2_500C_NoCC,XSA,PDR,2060,5330.142101414779
SSP2_500C_NoCC,XSA,PDR,2070,3388.1626091338867
SSP2_500C_NoCC,XSA,PDR,2080,3151.761302429363
SSP2_500C_NoCC,XSA,PDR,2090,3139.9815969519723
SSP2_500C_NoCC,XSA,PDR,2100,3093.973293412029
SSP2_500C_NoCC,XSA,SL,2005,651.1547696753958
SSP2_500C_NoCC,XSA,SL,2010,735.6704059609079
SSP2_500C_NoCC,XSA,SL,2015,882.4217457405213
SSP2_500C_NoCC,XSA,SL,2020,882.4217457405213
SSP2_500C_NoCC,XSA,SL,2025,882.4217457405213
SSP2_500C_NoCC,XSA,SL,2030,882.4217457405213
SSP2_500C_NoCC,XSA,SL,2035,882.4217457405213
SSP2_500C_NoCC,XSA,SL,2040,882.4217457405213
SSP2_500C_NoCC,XSA,SL,2045,882.4217457405213
SSP2_500C_NoCC,XSA,SL,2050,882.4217457405213
SSP2_500C_NoCC,XSA,SL,2060,882.4217457405213
SSP2_500C_NoCC,XSA,SL,2070,882.4217457405213
SSP2_500C_NoCC,XSA,SL,2080,882.4217457405213
SSP2_500C_NoCC,XSA,SL,2090,882.4217457405213
SSP2_500C_NoCC,XSA,SL,2100,882.4217457405213
SSP2_500C_NoCC,XLM,wht,2005,8728.284214986987
SSP2_500C_NoCC,XLM,wht,2010,6145.8709618652765
SSP2_500C_NoCC,XLM,wht,2015,7750.612249518988
SSP2_500C_NoCC,XLM,wht,2020,7406.734288538824
SSP2_500C_NoCC,XLM,wht,2025,8462.715456276801
SSP2_500C_NoCC,XLM,wht,2030,9979.691887214636
SSP2_500C_NoCC,XLM,wht,2035,10933.88509647685
SSP2_500C_NoCC,XLM,wht,2040,11573.995574272381
SSP2_500C_NoCC,XLM,wht,2045,12197.105282700093
SSP2_500C_NoCC,XLM,wht,2050,12853.166405287602
SSP2_500C_NoCC,XLM,wht,2060,11290.109536843183
SSP2_500C_NoCC,XLM,wht,2070,10649.32542555571
SSP2_500C_NoCC,XLM,wht,2080,9063.213210318698
SSP2_500C_NoCC,XLM,wht,2090,8212.608066725463
SSP2_500C_NoCC,XLM,wht,2100,7851.5846876771275
SSP2_500C_NoCC,XLM,frs,2005,300402.3388998622
SSP2_500C_NoCC,XLM,frs,2010,299226.24431006826
SSP2_500C_NoCC,XLM,frs,2015,298229.41986077273
SSP2_500C_NoCC,XLM,frs,2020,291186.9084354864
SSP2_500C_NoCC,XLM,frs,2025,317578.1901988342
SSP2_500C_NoCC,XLM,frs,2030,326332.4381646956
SSP2_500C_NoCC,XLM,frs,2035,332661.47426977975
SSP2_500C_NoCC,XLM,frs,2040,334182.0328895689
SSP2_500C_NoCC,XLM,frs,2045,337911.7818668921
SSP2_500C_NoCC,XLM,frs,2050,346481.84476796706
SSP2_500C_NoCC,XLM,frs,2060,344800.4719112602
SSP2_500C_NoCC,XLM,frs,2070,345867.7127780766
SSP2_500C_NoCC,XLM,frs,2080,346909.6440396307
SSP2_500C_NoCC,XLM,frs,2090,348553.8823401965
SSP2_500C_NoCC,XLM,frs,2100,349903.1347739313
SSP2_500C_NoCC,XLM,OSD,2005,26127.942492778493
SSP2_500C_NoCC,XLM,OSD,2010,33505.579113446445
SSP2_500C_NoCC,XLM,OSD,2015,34588.56185930271
SSP2_500C_NoCC,XLM,OSD,2020,34365.227683904865
SSP2_500C_NoCC,XLM,OSD,2025,36976.64796222449
SSP2_500C_NoCC,XLM,OSD,2030,41100.820023110966
SSP2_500C_NoCC,XLM,OSD,2035,44464.73700192959
SSP2_500C_NoCC,XLM,OSD,2040,46971.63051174321
SSP2_500C_NoCC,XLM,OSD,2045,48836.65272407338
SSP2_500C_NoCC,XLM,OSD,2050,50724.307931511605
SSP2_500C_NoCC,XLM,OSD,2060,47376.83541845708
SSP2_500C_NoCC,XLM,OSD,2070,39041.334743724205
SSP2_500C_NoCC,XLM,OSD,2080,32644.788492472442
SSP2_500C_NoCC,XLM,OSD,2090,29252.42417101941
SSP2_500C_NoCC,XLM,OSD,2100,27363.820309731782
SSP2_500C_NoCC,XLM,AFR,2025,11.35091059400909
SSP2_500C_NoCC,XLM,AFR,2030,22.70182118801818
SSP2_500C_NoCC,XLM,AFR,2035,2818.1298993027144
SSP2_500C_NoCC,XLM,AFR,2040,5613.55797741741
SSP2_500C_NoCC,XLM,AFR,2045,6010.004427922756
SSP2_500C_NoCC,XLM,AFR,2050,6406.450878428101
SSP2_500C_NoCC,XLM,AFR,2060,6425.700698179025
SSP2_500C_NoCC,XLM,AFR,2070,6753.736532708519
SSP2_500C_NoCC,XLM,AFR,2080,7138.3772017752835
SSP2_500C_NoCC,XLM,AFR,2090,7406.378785585346
SSP2_500C_NoCC,XLM,AFR,2100,7646.029021422991
SSP2_500C_NoCC,XLM,BIO,2025,927.312620089968
SSP2_500C_NoCC,XLM,BIO,2030,1313.2312829912141
SSP2_500C_NoCC,XLM,BIO,2035,2059.117915785514
SSP2_500C_NoCC,XLM,BIO,2040,2917.0781652424866
SSP2_500C_NoCC,XLM,BIO,2045,4381.688756154494
SSP2_500C_NoCC,XLM,BIO,2050,7644.524620874419
SSP2_500C_NoCC,XLM,BIO,2060,56781.68144238229
SSP2_500C_NoCC,XLM,BIO,2070,68356.10654319942
SSP2_500C_NoCC,XLM,BIO,2080,79145.24829708324
SSP2_500C_NoCC,XLM,BIO,2090,84257.53788576231
SSP2_500C_NoCC,XLM,BIO,2100,86589.00043916446
SSP2_500C_NoCC,XLM,C_B,2005,2710.4985000055535
SSP2_500C_NoCC,XLM,C_B,2010,2743.7618803390383
SSP2_500C_NoCC,XLM,C_B,2015,3141.3405899237355
SSP2_500C_NoCC,XLM,C_B,2020,3220.3206753304803
SSP2_500C_NoCC,XLM,C_B,2025,3319.379043213372
SSP2_500C_NoCC,XLM,C_B,2030,3488.7553391435426
SSP2_500C_NoCC,XLM,C_B,2035,3720.733752150636
SSP2_500C_NoCC,XLM,C_B,2040,3981.013573378126
SSP2_500C_NoCC,XLM,C_B,2045,4278.611914894568
SSP2_500C_NoCC,XLM,C_B,2050,4657.226752272357
SSP2_500C_NoCC,XLM,C_B,2060,5547.533148258234
SSP2_500C_NoCC,XLM,C_B,2070,5302.692006708728
SSP2_500C_NoCC,XLM,C_B,2080,3869.4775287282832
SSP2_500C_NoCC,XLM,C_B,2090,3172.0640994053156
SSP2_500C_NoCC,XLM,C_B,2100,2855.0068251823645
SSP2_500C_NoCC,XLM,CL,2005,96421.07336353984
SSP2_500C_NoCC,XLM,CL,2010,102299.17999371217
SSP2_500C_NoCC,XLM,CL,2015,106674.9438390731
SSP2_500C_NoCC,XLM,CL,2020,104818.67645948012
SSP2_500C_NoCC,XLM,CL,2025,114724.3031062704
SSP2_500C_NoCC,XLM,CL,2030,125423.20906548353
SSP2_500C_NoCC,XLM,CL,2035,133636.48997121677
SSP2_500C_NoCC,XLM,CL,2040,140217.08244485914
SSP2_500C_NoCC,XLM,CL,2045,147808.75233330857
SSP2_500C_NoCC,XLM,CL,2050,157588.49553926114
SSP2_500C_NoCC,XLM,CL,2060,196862.39956170568
SSP2_500C_NoCC,XLM,CL,2070,190015.96734792076
SSP2_500C_NoCC,XLM,CL,2080,183816.1234014228
SSP2_500C_NoCC,XLM,CL,2090,178428.79610365882
SSP2_500C_NoCC,XLM,CL,2100,175122.0292562692
SSP2_500C_NoCC,XLM,CROP_FLW,2005,20377.44769046786
SSP2_500C_NoCC,XLM,CROP_FLW,2010,18063.464539424316
SSP2_500C_NoCC,XLM,CROP_FLW,2015,15258.515690830258
SSP2_500C_NoCC,XLM,CROP_FLW,2020,14720.90718631636
SSP2_500C_NoCC,XLM,CROP_FLW,2025,16899.344660780014
SSP2_500C_NoCC,XLM,CROP_FLW,2030,17745.831393807126
SSP2_500C_NoCC,XLM,CROP_FLW,2035,18533.325187466457
SSP2_500C_NoCC,XLM,CROP_FLW,2040,19087.429737072645
SSP2_500C_NoCC,XLM,CROP_FLW,2045,20140.120449778326
SSP2_500C_NoCC,XLM,CROP_FLW,2050,21435.99855978019
SSP2_500C_NoCC,XLM,CROP_FLW,2060,23391.34356910287
SSP2_500C_NoCC,XLM,CROP_FLW,2070,22930.927669215464
SSP2_500C_NoCC,XLM,CROP_FLW,2080,22404.787693496175
SSP2_500C_NoCC,XLM,CROP_FLW,2090,21820.25198767394
SSP2_500C_NoCC,XLM,CROP_FLW,2100,21486.038142963822
SSP2_500C_NoCC,XLM,GL,2005,652984.3255880772
SSP2_500C_NoCC,XLM,GL,2010,320807.46891441185
SSP2_500C_NoCC,XLM,GL,2015,312459.2880153388
SSP2_500C_NoCC,XLM,GL,2020,294389.8518611778
SSP2_500C_NoCC,XLM,GL,2025,366480.38181193755
SSP2_500C_NoCC,XLM,GL,2030,390325.41366725886
SSP2_500C_NoCC,XLM,GL,2035,409176.8850393442
SSP2_500C_NoCC,XLM,GL,2040,414678.08815360884
SSP2_500C_NoCC,XLM,GL,2045,433939.05593605107
SSP2_500C_NoCC,XLM,GL,2050,455737.1895086216
SSP2_500C_NoCC,XLM,GL,2060,436754.0525249827
SSP2_500C_NoCC,XLM,GL,2070,445094.4613152389
SSP2_500C_NoCC,XLM,GL,2080,451518.334701325
SSP2_500C_NoCC,XLM,GL,2090,456875.57895318477
SSP2_500C_NoCC,XLM,GL,2100,460558.66339656874
SSP2_500C_NoCC,XLM,GRO,2005,21864.908383744856
SSP2_500C_NoCC,XLM,GRO,2010,23827.284887181
SSP2_500C_NoCC,XLM,GRO,2015,26622.420630775046
SSP2_500C_NoCC,XLM,GRO,2020,26150.30167419421
SSP2_500C_NoCC,XLM,GRO,2025,28516.806797923717
SSP2_500C_NoCC,XLM,GRO,2030,30699.892356940978
SSP2_500C_NoCC,XLM,GRO,2035,31039.221155489395
SSP2_500C_NoCC,XLM,GRO,2040,30918.368873267493
SSP2_500C_NoCC,XLM,GRO,2045,31022.362948563306
SSP2_500C_NoCC,XLM,GRO,2050,30970.415140607005
SSP2_500C_NoCC,XLM,GRO,2060,27352.39716894254
SSP2_500C_NoCC,XLM,GRO,2070,22967.027994368866
SSP2_500C_NoCC,XLM,GRO,2080,19509.673686054964
SSP2_500C_NoCC,XLM,GRO,2090,17119.585141645333
SSP2_500C_NoCC,XLM,GRO,2100,15716.084266069689
SSP2_500C_NoCC,XLM,OL,2005,28373.919288202065
SSP2_500C_NoCC,XLM,OL,2010,28373.919288202065
SSP2_500C_NoCC,XLM,OL,2015,28373.919288202058
SSP2_500C_NoCC,XLM,OL,2020,28373.919288202058
SSP2_500C_NoCC,XLM,OL,2025,28373.919288202058
SSP2_500C_NoCC,XLM,OL,2030,28373.919288202058
SSP2_500C_NoCC,XLM,OL,2035,28373.919288202058
SSP2_500C_NoCC,XLM,OL,2040,28373.919288202058
SSP2_500C_NoCC,XLM,OL,2045,28373.919288202058
SSP2_500C_NoCC,XLM,OL,2050,28373.919288202058
SSP2_500C_NoCC,XLM,OL,2060,28373.919288202058
SSP2_500C_NoCC,XLM,OL,2070,28373.919288202058
SSP2_500C_NoCC,XLM,OL,2080,28373.919288202058
SSP2_500C_NoCC,XLM,OL,2090,28373.919288202058
SSP2_500C_NoCC,XLM,OL,2100,28373.919288202058
SSP2_500C_NoCC,XLM,OTH_A,2005,14385.650725019701
SSP2_500C_NoCC,XLM,OTH_A,2010,15636.587638892315
SSP2_500C_NoCC,XLM,OTH_A,2015,16942.371517595035
SSP2_500C_NoCC,XLM,OTH_A,2020,16511.015216506403
SSP2_500C_NoCC,XLM,OTH_A,2025,17048.973015028227
SSP2_500C_NoCC,XLM,OTH_A,2030,18283.297854481592
SSP2_500C_NoCC,XLM,OTH_A,2035,19854.75418129622
SSP2_500C_NoCC,XLM,OTH_A,2040,21538.82234351188
SSP2_500C_NoCC,XLM,OTH_A,2045,23571.386065177492
SSP2_500C_NoCC,XLM,OTH_A,2050,25833.26550907661
SSP2_500C_NoCC,XLM,OTH_A,2060,22397.626613935896
SSP2_500C_NoCC,XLM,OTH_A,2070,18532.689838797774
SSP2_500C_NoCC,XLM,OTH_A,2080,15262.153846551444
SSP2_500C_NoCC,XLM,OTH_A,2090,12888.601097027573
SSP2_500C_NoCC,XLM,OTH_A,2100,11677.975777581454
SSP2_500C_NoCC,XLM,PAS,2005,337707.68660185114
SSP2_500C_NoCC,XLM,PAS,2010,337707.68660185114
SSP2_500C_NoCC,XLM,PAS,2015,338917.62209735357
SSP2_500C_NoCC,XLM,PAS,2020,365885.8370563939
SSP2_500C_NoCC,XLM,PAS,2025,257487.04778490218
SSP2_500C_NoCC,XLM,PAS,2030,214177.51109391206
SSP2_500C_NoCC,XLM,PAS,2035,177988.29463289445
SSP2_500C_NoCC,XLM,PAS,2040,161590.51234708427
SSP2_500C_NoCC,XLM,PAS,2045,130611.67924836386
SSP2_500C_NoCC,XLM,PAS,2050,90067.2931182608
SSP2_500C_NoCC,XLM,PAS,2060,71438.64911641076
SSP2_500C_NoCC,XLM,PAS,2070,68549.39583859408
SSP2_500C_NoCC,XLM,PAS,2080,66898.79446838434
SSP2_500C_NoCC,XLM,PAS,2090,65016.63762991252
SSP2_500C_NoCC,XLM,PAS,2100,63051.417364349734
SSP2_500C_NoCC,XLM,PDR,2005,2226.3413565363717
SSP2_500C_NoCC,XLM,PDR,2010,2376.6309725637893
SSP2_500C_NoCC,XLM,PDR,2015,2371.121301127324
SSP2_500C_NoCC,XLM,PDR,2020,2444.169734688962
SSP2_500C_NoCC,XLM,PDR,2025,2573.1235507338165
SSP2_500C_NoCC,XLM,PDR,2030,2811.6889277934956
SSP2_500C_NoCC,XLM,PDR,2035,3030.7156806221215
SSP2_500C_NoCC,XLM,PDR,2040,3228.7436663708986
SSP2_500C_NoCC,XLM,PDR,2045,3380.82419196691
SSP2_500C_NoCC,XLM,PDR,2050,3469.590619851359
SSP2_500C_NoCC,XLM,PDR,2060,2724.8726637835694
SSP2_500C_NoCC,XLM,PDR,2070,2235.8631263505627
SSP2_500C_NoCC,XLM,PDR,2080,1916.7806467175826
SSP2_500C_NoCC,XLM,PDR,2090,1705.723654399359
SSP2_500C_NoCC,XLM,PDR,2100,1582.51880789846
SSP2_500C_NoCC,XLM,SL,2005,3008.3285842006276
SSP2_500C_NoCC,XLM,SL,2010,3286.0763733935646
SSP2_500C_NoCC,XLM,SL,2015,3543.997233733869
SSP2_500C_NoCC,XLM,SL,2020,3543.997233733869
SSP2_500C_NoCC,XLM,SL,2025,3543.997233733869
SSP2_500C_NoCC,XLM,SL,2030,3543.997233733869
SSP2_500C_NoCC,XLM,SL,2035,3543.997233733869
SSP2_500C_NoCC,XLM,SL,2040,3543.997233733869
SSP2_500C_NoCC,XLM,SL,2045,3543.997233733869
SSP2_500C_NoCC,XLM,SL,2050,3543.997233733869
SSP2_500C_NoCC,XLM,SL,2060,3543.997233733869
SSP2_500C_NoCC,XLM,SL,2070,3543.997233733869
SSP2_500C_NoCC,XLM,SL,2080,3543.997233733869
SSP2_500C_NoCC,XLM,SL,2090,3543.997233733869
SSP2_500C_NoCC,XLM,SL,2100,3543.997233733869
SSP2_500C_NoCC,CIS,wht,2005,80408.31710580543
SSP2_500C_NoCC,CIS,wht,2010,81429.97836286465
SSP2_500C_NoCC,CIS,wht,2015,76832.47270258337
SSP2_500C_NoCC,CIS,wht,2020,74399.23792110209
SSP2_500C_NoCC,CIS,wht,2025,76081.63993129451
SSP2_500C_NoCC,CIS,wht,2030,79071.28312982674
SSP2_500C_NoCC,CIS,wht,2035,79267.69144968453
SSP2_500C_NoCC,CIS,wht,2040,78658.36655323773
SSP2_500C_NoCC,CIS,wht,2045,78353.00446277736
SSP2_500C_NoCC,CIS,wht,2050,77509.77339274241
SSP2_500C_NoCC,CIS,wht,2060,75645.37551944052
SSP2_500C_NoCC,CIS,wht,2070,73495.02908435311
SSP2_500C_NoCC,CIS,wht,2080,69534.6207469916
SSP2_500C_NoCC,CIS,wht,2090,64722.61879155644
SSP2_500C_NoCC,CIS,wht,2100,61639.78750320337
SSP2_500C_NoCC,CIS,frs,2005,894735.6495325667
SSP2_500C_NoCC,CIS,frs,2010,894929.9517475619
SSP2_500C_NoCC,CIS,frs,2015,895059.7156139866
SSP2_500C_NoCC,CIS,frs,2020,894715.168514779
SSP2_500C_NoCC,CIS,frs,2025,897293.4828827878
SSP2_500C_NoCC,CIS,frs,2030,905791.2020991861
SSP2_500C_NoCC,CIS,frs,2035,914079.3814664234
SSP2_500C_NoCC,CIS,frs,2040,918432.8980740382
SSP2_500C_NoCC,CIS,frs,2045,921512.0712746269
SSP2_500C_NoCC,CIS,frs,2050,926973.0373550417
SSP2_500C_NoCC,CIS,frs,2060,951837.9777597708
SSP2_500C_NoCC,CIS,frs,2070,956229.5589324916
SSP2_500C_NoCC,CIS,frs,2080,963565.135792754
SSP2_500C_NoCC,CIS,frs,2090,971741.1004913684
SSP2_500C_NoCC,CIS,frs,2100,976182.8498262891
SSP2_500C_NoCC,CIS,OSD,2005,24416.96797870342
SSP2_500C_NoCC,CIS,OSD,2010,32445.063124573477
SSP2_500C_NoCC,CIS,OSD,2015,36512.551390992456
SSP2_500C_NoCC,CIS,OSD,2020,36860.7920838542
SSP2_500C_NoCC,CIS,OSD,2025,37181.519042780674
SSP2_500C_NoCC,CIS,OSD,2030,37858.85878536115
SSP2_500C_NoCC,CIS,OSD,2035,39066.76780581197
SSP2_500C_NoCC,CIS,OSD,2040,40261.33708452327
SSP2_500C_NoCC,CIS,OSD,2045,41757.62297667552
SSP2_500C_NoCC,CIS,OSD,2050,44071.37690199651
SSP2_500C_NoCC,CIS,OSD,2060,60835.97826046427
SSP2_500C_NoCC,CIS,OSD,2070,70222.75271228809
SSP2_500C_NoCC,CIS,OSD,2080,70954.557546487
SSP2_500C_NoCC,CIS,OSD,2090,69537.1998850688
SSP2_500C_NoCC,CIS,OSD,2100,69711.29415272387
SSP2_500C_NoCC,CIS,AFR,2025,107.1774017082325
SSP2_500C_NoCC,CIS,AFR,2030,214.354803416465
SSP2_500C_NoCC,CIS,AFR,2035,214.4895023359484
SSP2_500C_NoCC,CIS,AFR,2040,214.6242012554318
SSP2_500C_NoCC,CIS,AFR,2045,215.40476076401652
SSP2_500C_NoCC,CIS,AFR,2050,216.18532027260122
SSP2_500C_NoCC,CIS,AFR,2060,235.9427370357381
SSP2_500C_NoCC,CIS,AFR,2070,236.74209508615118
SSP2_500C_NoCC,CIS,AFR,2080,236.71554035517516
SSP2_500C_NoCC,CIS,AFR,2090,236.6695049497322
SSP2_500C_NoCC,CIS,AFR,2100,236.62029155571318
SSP2_500C_NoCC,CIS,BIO,2025,441.6107216618623
SSP2_500C_NoCC,CIS,BIO,2030,796.8837282208525
SSP2_500C_NoCC,CIS,BIO,2035,1548.4935854823161
SSP2_500C_NoCC,CIS,BIO,2040,2370.5687759241328
SSP2_500C_NoCC,CIS,BIO,2045,2532.1400670498774
SSP2_500C_NoCC,CIS,BIO,2050,3071.1993002853214
SSP2_500C_NoCC,CIS,BIO,2060,7114.3067930749785
SSP2_500C_NoCC,CIS,BIO,2070,6487.437956698343
SSP2_500C_NoCC,CIS,BIO,2080,6194.681142769773
SSP2_500C_NoCC,CIS,BIO,2090,5838.7619598310375
SSP2_500C_NoCC,CIS,BIO,2100,5478.402488303119
SSP2_500C_NoCC,CIS,C_B,2005,2676.6903592925582
SSP2_500C_NoCC,CIS,C_B,2010,3115.677380527587
SSP2_500C_NoCC,CIS,C_B,2015,2448.172334408591
SSP2_500C_NoCC,CIS,C_B,2020,2509.4789767822285
SSP2_500C_NoCC,CIS,C_B,2025,2487.643816898038
SSP2_500C_NoCC,CIS,C_B,2030,2483.1056295037656
SSP2_500C_NoCC,CIS,C_B,2035,2500.6590223288113
SSP2_500C_NoCC,CIS,C_B,2040,2536.7193099898145
SSP2_500C_NoCC,CIS,C_B,2045,2605.7865422115883
SSP2_500C_NoCC,CIS,C_B,2050,2705.716956825363
SSP2_500C_NoCC,CIS,C_B,2060,3755.6079749297396
SSP2_500C_NoCC,CIS,C_B,2070,5771.827172257983
SSP2_500C_NoCC,CIS,C_B,2080,6105.8975413197995
SSP2_500C_NoCC,CIS,C_B,2090,5927.116746725516
SSP2_500C_NoCC,CIS,C_B,2100,6016.309748437945
SSP2_500C_NoCC,CIS,CL,2005,195405.15281549064
SSP2_500C_NoCC,CIS,CL,2010,194916.25268241536
SSP2_500C_NoCC,CIS,CL,2015,195899.2273558762
SSP2_500C_NoCC,CIS,CL,2020,192378.4354008879
SSP2_500C_NoCC,CIS,CL,2025,194506.96339442063
SSP2_500C_NoCC,CIS,CL,2030,200495.7079194662
SSP2_500C_NoCC,CIS,CL,2035,203417.83703921858
SSP2_500C_NoCC,CIS,CL,2040,205061.7224707876
SSP2_500C_NoCC,CIS,CL,2045,207599.26051582745
SSP2_500C_NoCC,CIS,CL,2050,210004.32722469023
SSP2_500C_NoCC,CIS,CL,2060,233419.17748364733
SSP2_500C_NoCC,CIS,CL,2070,242305.89057698575
SSP2_500C_NoCC,CIS,CL,2080,236889.10530152128
SSP2_500C_NoCC,CIS,CL,2090,227680.2344400882
SSP2_500C_NoCC,CIS,CL,2100,223933.79532851782
SSP2_500C_NoCC,CIS,CROP_FLW,2005,17827.26726534667
SSP2_500C_NoCC,CIS,CROP_FLW,2010,16270.090312567634
SSP2_500C_NoCC,CIS,CROP_FLW,2015,12617.85879883666
SSP2_500C_NoCC,CIS,CROP_FLW,2020,12257.011850433986
SSP2_500C_NoCC,CIS,CROP_FLW,2025,12590.241834992656
SSP2_500C_NoCC,CIS,CROP_FLW,2030,12916.433257837713
SSP2_500C_NoCC,CIS,CROP_FLW,2035,13120.645040863272
SSP2_500C_NoCC,CIS,CROP_FLW,2040,13096.460553279208
SSP2_500C_NoCC,CIS,CROP_FLW,2045,13146.176949115925
SSP2_500C_NoCC,CIS,CROP_FLW,2050,13684.10475436109
SSP2_500C_NoCC,CIS,CROP_FLW,2060,16256.655759438596
SSP2_500C_NoCC,CIS,CROP_FLW,2070,16233.642488088759
SSP2_500C_NoCC,CIS,CROP_FLW,2080,15658.97537425511
SSP2_500C_NoCC,CIS,CROP_FLW,2090,15405.579444212079
SSP2_500C_NoCC,CIS,CROP_FLW,2100,15453.485957221676
SSP2_500C_NoCC,CIS,GL,2005,1012998.6754572499
SSP2_500C_NoCC,CIS,GL,2010,660319.737062736
SSP2_500C_NoCC,CIS,GL,2015,660371.0767952275
SSP2_500C_NoCC,CIS,GL,2020,654389.73613354
SSP2_500C_NoCC,CIS,GL,2025,666272.2664343306
SSP2_500C_NoCC,CIS,GL,2030,670662.6239200984
SSP2_500C_NoCC,CIS,GL,2035,675307.483895545
SSP2_500C_NoCC,CIS,GL,2040,675484.8631039171
SSP2_500C_NoCC,CIS,GL,2045,677475.291011937
SSP2_500C_NoCC,CIS,GL,2050,693218.6858562717
SSP2_500C_NoCC,CIS,GL,2060,762999.7953271779
SSP2_500C_NoCC,CIS,GL,2070,783048.8774220712
SSP2_500C_NoCC,CIS,GL,2080,788829.8062478403
SSP2_500C_NoCC,CIS,GL,2090,796430.1090091846
SSP2_500C_NoCC,CIS,GL,2100,803394.4685350698
SSP2_500C_NoCC,CIS,GRO,2005,59364.2550870333
SSP2_500C_NoCC,CIS,GRO,2010,50757.831121779316
SSP2_500C_NoCC,CIS,GRO,2015,56365.834840831056
SSP2_500C_NoCC,CIS,GRO,2020,55441.383374039804
SSP2_500C_NoCC,CIS,GRO,2025,55103.46865786635
SSP2_500C_NoCC,CIS,GRO,2030,56696.353406760114
SSP2_500C_NoCC,CIS,GRO,2035,57141.09180663896
SSP2_500C_NoCC,CIS,GRO,2040,57314.40265566506
SSP2_500C_NoCC,CIS,GRO,2045,58273.148029961885
SSP2_500C_NoCC,CIS,GRO,2050,57834.10719802063
SSP2_500C_NoCC,CIS,GRO,2060,57462.31841692412
SSP2_500C_NoCC,CIS,GRO,2070,57203.261531075375
SSP2_500C_NoCC,CIS,GRO,2080,55755.09239898778
SSP2_500C_NoCC,CIS,GRO,2090,54173.971095723886
SSP2_500C_NoCC,CIS,GRO,2100,53764.55542610259
SSP2_500C_NoCC,CIS,OL,2005,72629.31089982792
SSP2_500C_NoCC,CIS,OL,2010,72629.31089982792
SSP2_500C_NoCC,CIS,OL,2015,72629.3108998279
SSP2_500C_NoCC,CIS,OL,2020,72629.3108998279
SSP2_500C_NoCC,CIS,OL,2025,72629.3108998279
SSP2_500C_NoCC,CIS,OL,2030,72629.3108998279
SSP2_500C_NoCC,CIS,OL,2035,72629.3108998279
SSP2_500C_NoCC,CIS,OL,2040,72629.3108998279
SSP2_500C_NoCC,CIS,OL,2045,72629.3108998279
SSP2_500C_NoCC,CIS,OL,2050,72629.3108998279
SSP2_500C_NoCC,CIS,OL,2060,72629.3108998279
SSP2_500C_NoCC,CIS,OL,2070,72629.3108998279
SSP2_500C_NoCC,CIS,OL,2080,72629.3108998279
SSP2_500C_NoCC,CIS,OL,2090,72629.3108998279
SSP2_500C_NoCC,CIS,OL,2100,72629.3108998279
SSP2_500C_NoCC,CIS,OTH_A,2005,10128.157335712049
SSP2_500C_NoCC,CIS,OTH_A,2010,10140.503899606032
SSP2_500C_NoCC,CIS,OTH_A,2015,10472.482013934841
SSP2_500C_NoCC,CIS,OTH_A,2020,10266.88924304243
SSP2_500C_NoCC,CIS,OTH_A,2025,10059.337300809446
SSP2_500C_NoCC,CIS,OTH_A,2030,10128.231700054672
SSP2_500C_NoCC,CIS,OTH_A,2035,10252.180077738207
SSP2_500C_NoCC,CIS,OTH_A,2040,10337.818443640304
SSP2_500C_NoCC,CIS,OTH_A,2045,10480.86660087774
SSP2_500C_NoCC,CIS,OTH_A,2050,10711.084912963179
SSP2_500C_NoCC,CIS,OTH_A,2060,12077.632353723164
SSP2_500C_NoCC,CIS,OTH_A,2070,12743.50057243254
SSP2_500C_NoCC,CIS,OTH_A,2080,12531.048025090075
SSP2_500C_NoCC,CIS,OTH_A,2090,11902.29068256035
SSP2_500C_NoCC,CIS,OTH_A,2100,11677.750088600988
SSP2_500C_NoCC,CIS,PAS,2005,359905.29740779987
SSP2_500C_NoCC,CIS,PAS,2010,359905.29740779987
SSP2_500C_NoCC,CIS,PAS,2015,359078.4503209459
SSP2_500C_NoCC,CIS,PAS,2020,368925.1300368289
SSP2_500C_NoCC,CIS,PAS,2025,352228.5799727887
SSP2_500C_NoCC,CIS,PAS,2030,333244.5813438685
SSP2_500C_NoCC,CIS,PAS,2035,317389.2781825131
SSP2_500C_NoCC,CIS,PAS,2040,311214.3622360378
SSP2_500C_NoCC,CIS,PAS,2045,303606.44252288033
SSP2_500C_NoCC,CIS,PAS,2050,279996.23432975955
SSP2_500C_NoCC,CIS,PAS,2060,161915.57677840436
SSP2_500C_NoCC,CIS,PAS,2070,128587.4010594011
SSP2_500C_NoCC,CIS,PAS,2080,120887.70720356503
SSP2_500C_NoCC,CIS,PAS,2090,114320.35664044511
SSP2_500C_NoCC,CIS,PAS,2100,106660.73610460332
SSP2_500C_NoCC,CIS,PDR,2005,583.4976835972241
SSP2_500C_NoCC,CIS,PDR,2010,757.108480496712
SSP2_500C_NoCC,CIS,PDR,2015,649.8552742892181
SSP2_500C_NoCC,CIS,PDR,2020,643.6419516331332
SSP2_500C_NoCC,CIS,PDR,2025,561.5020881171135
SSP2_500C_NoCC,CIS,PDR,2030,544.5582819011473
SSP2_500C_NoCC,CIS,PDR,2035,520.3082506705199
SSP2_500C_NoCC,CIS,PDR,2040,486.0490945280967
SSP2_500C_NoCC,CIS,PDR,2045,450.51488715754914
SSP2_500C_NoCC,CIS,PDR,2050,416.96380749569926
SSP2_500C_NoCC,CIS,PDR,2060,271.3024056519603
SSP2_500C_NoCC,CIS,PDR,2070,148.4390597915046
SSP2_500C_NoCC,CIS,PDR,2080,154.23252562011692
SSP2_500C_NoCC,CIS,PDR,2090,172.69583441009289
SSP2_500C_NoCC,CIS,PDR,2100,192.2099639242645
SSP2_500C_NoCC,CIS,SL,2005,3474.1537065519137
SSP2_500C_NoCC,CIS,SL,2010,3520.97675294475
SSP2_500C_NoCC,CIS,SL,2015,3703.4023444303557
SSP2_500C_NoCC,CIS,SL,2020,3703.4023444303557
SSP2_500C_NoCC,CIS,SL,2025,3703.4023444303557
SSP2_500C_NoCC,CIS,SL,2030,3703.4023444303557
SSP2_500C_NoCC,CIS,SL,2035,3703.4023444303557
SSP2_500C_NoCC,CIS,SL,2040,3703.4023444303557
SSP2_500C_NoCC,CIS,SL,2045,3703.4023444303557
SSP2_500C_NoCC,CIS,SL,2050,3703.4023444303557
SSP2_500C_NoCC,CIS,SL,2060,3703.4023444303557
SSP2_500C_NoCC,CIS,SL,2070,3703.4023444303557
SSP2_500C_NoCC,CIS,SL,2080,3703.4023444303557
SSP2_500C_NoCC,CIS,SL,2090,3703.4023444303557
SSP2_500C_NoCC,CIS,SL,2100,3703.4023444303557
SSP2_500C_NoCC,XME,wht,2005,10062.758260202287
SSP2_500C_NoCC,XME,wht,2010,9308.2153900689
SSP2_500C_NoCC,XME,wht,2015,8173.732328527959
SSP2_500C_NoCC,XME,wht,2020,7567.041595400583
SSP2_500C_NoCC,XME,wht,2025,7493.132276658658
SSP2_500C_NoCC,XME,wht,2030,7416.956680050857
SSP2_500C_NoCC,XME,wht,2035,7115.9375746593005
SSP2_500C_NoCC,XME,wht,2040,6593.874319195253
SSP2_500C_NoCC,XME,wht,2045,6110.081487310742
SSP2_500C_NoCC,XME,wht,2050,5467.791226550356
SSP2_500C_NoCC,XME,wht,2060,3909.197793547634
SSP2_500C_NoCC,XME,wht,2070,3781.8151784567226
SSP2_500C_NoCC,XME,wht,2080,3736.874420836434
SSP2_500C_NoCC,XME,wht,2090,3673.6044874136333
SSP2_500C_NoCC,XME,wht,2100,3390.4657858123774
SSP2_500C_NoCC,XME,frs,2005,12205.074999999999
SSP2_500C_NoCC,XME,frs,2010,12892.600000000004
SSP2_500C_NoCC,XME,frs,2015,12906.660003436822
SSP2_500C_NoCC,XME,frs,2020,12790.316578505517
SSP2_500C_NoCC,XME,frs,2025,11828.685976123506
SSP2_500C_NoCC,XME,frs,2030,11233.80295998004
SSP2_500C_NoCC,XME,frs,2035,10439.915637157164
SSP2_500C_NoCC,XME,frs,2040,9364.376858289339
SSP2_500C_NoCC,XME,frs,2045,8104.299752305535
SSP2_500C_NoCC,XME,frs,2050,7051.866607998382
SSP2_500C_NoCC,XME,frs,2060,6493.349758527975
SSP2_500C_NoCC,XME,frs,2070,6448.163397480554
SSP2_500C_NoCC,XME,frs,2080,6430.273015874944
SSP2_500C_NoCC,XME,frs,2090,6418.587260814911
SSP2_500C_NoCC,XME,frs,2100,6413.84675513623
SSP2_500C_NoCC,XME,OSD,2005,890.3918751026471
SSP2_500C_NoCC,XME,OSD,2010,693.4889636270395
SSP2_500C_NoCC,XME,OSD,2015,699.5944410430859
SSP2_500C_NoCC,XME,OSD,2020,701.8604666065146
SSP2_500C_NoCC,XME,OSD,2025,661.7689190398569
SSP2_500C_NoCC,XME,OSD,2030,596.4526322285599
SSP2_500C_NoCC,XME,OSD,2035,546.9794647581523
SSP2_500C_NoCC,XME,OSD,2040,489.6555135373524
SSP2_500C_NoCC,XME,OSD,2045,441.7227250608328
SSP2_500C_NoCC,XME,OSD,2050,373.846002900843
SSP2_500C_NoCC,XME,OSD,2060,250.17269706841589
SSP2_500C_NoCC,XME,OSD,2070,184.3894561337272
SSP2_500C_NoCC,XME,OSD,2080,156.1060757807095
SSP2_500C_NoCC,XME,OSD,2090,136.95069459220258
SSP2_500C_NoCC,XME,OSD,2100,121.48866519697157
SSP2_500C_NoCC,XME,AFR,2025,10242.629113640218
SSP2_500C_NoCC,XME,AFR,2030,20485.258227280436
SSP2_500C_NoCC,XME,AFR,2035,31381.20565085998
SSP2_500C_NoCC,XME,AFR,2040,42277.15307443953
SSP2_500C_NoCC,XME,AFR,2045,47847.31466338982
SSP2_500C_NoCC,XME,AFR,2050,53417.4762523401
SSP2_500C_NoCC,XME,AFR,2060,59439.98480998956
SSP2_500C_NoCC,XME,AFR,2070,60187.871897183846
SSP2_500C_NoCC,XME,AFR,2080,60200.86046722479
SSP2_500C_NoCC,XME,AFR,2090,60201.10221615218
SSP2_500C_NoCC,XME,AFR,2100,60201.466488517675
SSP2_500C_NoCC,XME,BIO,2025,1108.9364649154588
SSP2_500C_NoCC,XME,BIO,2030,1605.057125140529
SSP2_500C_NoCC,XME,BIO,2035,2417.412029217269
SSP2_500C_NoCC,XME,BIO,2040,3037.383638585061
SSP2_500C_NoCC,XME,BIO,2045,2938.3512929811977
SSP2_500C_NoCC,XME,BIO,2050,3317.10916389509
SSP2_500C_NoCC,XME,BIO,2060,12487.965695111146
SSP2_500C_NoCC,XME,BIO,2070,12010.331708881862
SSP2_500C_NoCC,XME,BIO,2080,12192.266310577128
SSP2_500C_NoCC,XME,BIO,2090,11990.737482047145
SSP2_500C_NoCC,XME,BIO,2100,11626.187711210438
SSP2_500C_NoCC,XME,C_B,2005,256.1521701294978
SSP2_500C_NoCC,XME,C_B,2010,202.47498873921452
SSP2_500C_NoCC,XME,C_B,2015,248.70929956850694
SSP2_500C_NoCC,XME,C_B,2020,254.7098058840879
SSP2_500C_NoCC,XME,C_B,2025,247.07018886078498
SSP2_500C_NoCC,XME,C_B,2030,225.7158691632819
SSP2_500C_NoCC,XME,C_B,2035,205.44418942153484
SSP2_500C_NoCC,XME,C_B,2040,182.66036247655015
SSP2_500C_NoCC,XME,C_B,2045,160.59339838763165
SSP2_500C_NoCC,XME,C_B,2050,132.77548427843308
SSP2_500C_NoCC,XME,C_B,2060,80.49920469102709
SSP2_500C_NoCC,XME,C_B,2070,57.58437315340999
SSP2_500C_NoCC,XME,C_B,2080,46.11830476877698
SSP2_500C_NoCC,XME,C_B,2090,40.126987227729174
SSP2_500C_NoCC,XME,C_B,2100,36.1915153498944
SSP2_500C_NoCC,XME,CL,2005,29061.588717523864
SSP2_500C_NoCC,XME,CL,2010,27262.38040277228
SSP2_500C_NoCC,XME,CL,2015,27050.88383485946
SSP2_500C_NoCC,XME,CL,2020,25089.94404174276
SSP2_500C_NoCC,XME,CL,2025,23520.230721224867
SSP2_500C_NoCC,XME,CL,2030,22810.88877667855
SSP2_500C_NoCC,XME,CL,2035,21906.33385229386
SSP2_500C_NoCC,XME,CL,2040,20224.411118132357
SSP2_500C_NoCC,XME,CL,2045,18120.898833462415
SSP2_500C_NoCC,XME,CL,2050,16329.80820752141
SSP2_500C_NoCC,XME,CL,2060,22035.31065243506
SSP2_500C_NoCC,XME,CL,2070,20235.103973468267
SSP2_500C_NoCC,XME,CL,2080,19806.321965014406
SSP2_500C_NoCC,XME,CL,2090,19147.895016682327
SSP2_500C_NoCC,XME,CL,2100,18211.19144276203
SSP2_500C_NoCC,XME,CROP_FLW,2005,8148.849642460477
SSP2_500C_NoCC,XME,CROP_FLW,2010,7846.811816292037
SSP2_500C_NoCC,XME,CROP_FLW,2015,8211.907341918122
SSP2_500C_NoCC,XME,CROP_FLW,2020,7439.122579990186
SSP2_500C_NoCC,XME,CROP_FLW,2025,5818.417847195936
SSP2_500C_NoCC,XME,CROP_FLW,2030,5562.933679053174
SSP2_500C_NoCC,XME,CROP_FLW,2035,4897.436681751047
SSP2_500C_NoCC,XME,CROP_FLW,2040,3923.573506518419
SSP2_500C_NoCC,XME,CROP_FLW,2045,3060.602190593515
SSP2_500C_NoCC,XME,CROP_FLW,2050,2284.049160727875
SSP2_500C_NoCC,XME,CROP_FLW,2060,2061.535105986512
SSP2_500C_NoCC,XME,CROP_FLW,2070,1778.0960064479818
SSP2_500C_NoCC,XME,CROP_FLW,2080,1672.823843334691
SSP2_500C_NoCC,XME,CROP_FLW,2090,1588.0845855199095
SSP2_500C_NoCC,XME,CROP_FLW,2100,1526.344929384165
SSP2_500C_NoCC,XME,GL,2005,405256.9901993351
SSP2_500C_NoCC,XME,GL,2010,254372.84889841703
SSP2_500C_NoCC,XME,GL,2015,254403.6255683907
SSP2_500C_NoCC,XME,GL,2020,246544.22349273242
SSP2_500C_NoCC,XME,GL,2025,229563.97860983832
SSP2_500C_NoCC,XME,GL,2030,218118.5439804693
SSP2_500C_NoCC,XME,GL,2035,201587.50791273668
SSP2_500C_NoCC,XME,GL,2040,181979.65537548554
SSP2_500C_NoCC,XME,GL,2045,166574.25790659548
SSP2_500C_NoCC,XME,GL,2050,153583.70723387317
SSP2_500C_NoCC,XME,GL,2060,145171.39474035523
SSP2_500C_NoCC,XME,GL,2070,145883.73963916977
SSP2_500C_NoCC,XME,GL,2080,147002.3691044692
SSP2_500C_NoCC,XME,GL,2090,147554.06488102625
SSP2_500C_NoCC,XME,GL,2100,147983.6098212953
SSP2_500C_NoCC,XME,GRO,2005,3399.069942619983
SSP2_500C_NoCC,XME,GRO,2010,3216.5247468154
SSP2_500C_NoCC,XME,GRO,2015,3430.1764585069814
SSP2_500C_NoCC,XME,GRO,2020,3232.9090380850894
SSP2_500C_NoCC,XME,GRO,2025,2901.7498643446543
SSP2_500C_NoCC,XME,GRO,2030,2577.154745221959
SSP2_500C_NoCC,XME,GRO,2035,2238.1828986811734
SSP2_500C_NoCC,XME,GRO,2040,1895.446370646934
SSP2_500C_NoCC,XME,GRO,2045,1623.7340811540114
SSP2_500C_NoCC,XME,GRO,2050,1334.9445101651013
SSP2_500C_NoCC,XME,GRO,2060,845.8096468056525
SSP2_500C_NoCC,XME,GRO,2070,685.4212237366714
SSP2_500C_NoCC,XME,GRO,2080,580.8341335699089
SSP2_500C_NoCC,XME,GRO,2090,511.7863748976556
SSP2_500C_NoCC,XME,GRO,2100,458.1847136021178
SSP2_500C_NoCC,XME,OL,2005,4286.240632133862
SSP2_500C_NoCC,XME,OL,2010,4286.240632133862
SSP2_500C_NoCC,XME,OL,2015,4286.240632133862
SSP2_500C_NoCC,XME,OL,2020,4286.240632133862
SSP2_500C_NoCC,XME,OL,2025,4286.240632133862
SSP2_500C_NoCC,XME,OL,2030,4286.240632133862
SSP2_500C_NoCC,XME,OL,2035,4286.240632133862
SSP2_500C_NoCC,XME,OL,2040,4286.240632133862
SSP2_500C_NoCC,XME,OL,2045,4286.240632133862
SSP2_500C_NoCC,XME,OL,2050,4286.240632133862
SSP2_500C_NoCC,XME,OL,2060,4286.240632133862
SSP2_500C_NoCC,XME,OL,2070,4286.240632133862
SSP2_500C_NoCC,XME,OL,2080,4286.240632133862
SSP2_500C_NoCC,XME,OL,2090,4286.240632133862
SSP2_500C_NoCC,XME,OL,2100,4286.240632133862
SSP2_500C_NoCC,XME,OTH_A,2005,5522.620324659291
SSP2_500C_NoCC,XME,OTH_A,2010,5286.254587528281
SSP2_500C_NoCC,XME,OTH_A,2015,5587.932085344646
SSP2_500C_NoCC,XME,OTH_A,2020,5170.226860788747
SSP2_500C_NoCC,XME,OTH_A,2025,4532.390912269711
SSP2_500C_NoCC,XME,OTH_A,2030,4068.863883104848
SSP2_500C_NoCC,XME,OTH_A,2035,3729.901939843676
SSP2_500C_NoCC,XME,OTH_A,2040,3396.7502683062035
SSP2_500C_NoCC,XME,OTH_A,2045,3121.2282112750977
SSP2_500C_NoCC,XME,OTH_A,2050,2814.0149037779747
SSP2_500C_NoCC,XME,OTH_A,2060,2039.603536955925
SSP2_500C_NoCC,XME,OTH_A,2070,1457.2113403641276
SSP2_500C_NoCC,XME,OTH_A,2080,1175.8674299188363
SSP2_500C_NoCC,XME,OTH_A,2090,990.7578677979411
SSP2_500C_NoCC,XME,OTH_A,2100,853.9166646184259
SSP2_500C_NoCC,XME,PAS,2005,166638.35755684884
SSP2_500C_NoCC,XME,PAS,2010,166638.35755684884
SSP2_500C_NoCC,XME,PAS,2015,166660.8475133907
SSP2_500C_NoCC,XME,PAS,2020,176597.53280709716
SSP2_500C_NoCC,XME,PAS,2025,185866.49249925063
SSP2_500C_NoCC,XME,PAS,2030,188373.52297566936
SSP2_500C_NoCC,XME,PAS,2035,195707.05386702996
SSP2_500C_NoCC,XME,PAS,2040,207176.4204937309
SSP2_500C_NoCC,XME,PAS,2045,220375.24576432447
SSP2_500C_NoCC,XME,PAS,2050,230639.15861834452
SSP2_500C_NoCC,XME,PAS,2060,227881.97695876984
SSP2_500C_NoCC,XME,PAS,2070,228267.1380127753
SSP2_500C_NoCC,XME,PAS,2080,227582.19236749428
SSP2_500C_NoCC,XME,PAS,2090,227700.36754540194
SSP2_500C_NoCC,XME,PAS,2100,228211.90241236635
SSP2_500C_NoCC,XME,PDR,2005,781.7465023496799
SSP2_500C_NoCC,XME,PDR,2010,708.6099097014094
SSP2_500C_NoCC,XME,PDR,2015,698.83187995016
SSP2_500C_NoCC,XME,PDR,2020,724.0736949875536
SSP2_500C_NoCC,XME,PDR,2025,756.7642479398071
SSP2_500C_NoCC,XME,PDR,2030,757.7541627153446
SSP2_500C_NoCC,XME,PDR,2035,755.0390739617122
SSP2_500C_NoCC,XME,PDR,2040,705.0671388665863
SSP2_500C_NoCC,XME,PDR,2045,664.5854466993862
SSP2_500C_NoCC,XME,PDR,2050,605.2777552257278
SSP2_500C_NoCC,XME,PDR,2060,360.52697226875114
SSP2_500C_NoCC,XME,PDR,2070,280.25468629376763
SSP2_500C_NoCC,XME,PDR,2080,245.4314462279243
SSP2_500C_NoCC,XME,PDR,2090,215.84653718611762
SSP2_500C_NoCC,XME,PDR,2100,198.41145758764213
SSP2_500C_NoCC,XME,SL,2005,1492.4237069932528
SSP2_500C_NoCC,XME,SL,2010,1703.0783672937891
SSP2_500C_NoCC,XME,SL,2015,1891.9109124262027
SSP2_500C_NoCC,XME,SL,2020,1891.9109124262027
SSP2_500C_NoCC,XME,SL,2025,1891.9109124262027
SSP2_500C_NoCC,XME,SL,2030,1891.9109124262027
SSP2_500C_NoCC,XME,SL,2035,1891.9109124262027
SSP2_500C_NoCC,XME,SL,2040,1891.9109124262027
SSP2_500C_NoCC,XME,SL,2045,1891.9109124262027
SSP2_500C_NoCC,XME,SL,2050,1891.9109124262027
SSP2_500C_NoCC,XME,SL,2060,1891.9109124262027
SSP2_500C_NoCC,XME,SL,2070,1891.9109124262027
SSP2_500C_NoCC,XME,SL,2080,1891.9109124262027
SSP2_500C_NoCC,XME,SL,2090,1891.9109124262027
SSP2_500C_NoCC,XME,SL,2100,1891.9109124262027
SSP2_500C_NoCC,XNF,wht,2005,7314.417683573925
SSP2_500C_NoCC,XNF,wht,2010,6696.675917486631
SSP2_500C_NoCC,XNF,wht,2015,7649.232958047029
SSP2_500C_NoCC,XNF,wht,2020,7217.457728828473
SSP2_500C_NoCC,XNF,wht,2025,7419.461708650359
SSP2_500C_NoCC,XNF,wht,2030,7565.921100348003
SSP2_500C_NoCC,XNF,wht,2035,7290.208325704091
SSP2_500C_NoCC,XNF,wht,2040,7152.923324051764
SSP2_500C_NoCC,XNF,wht,2045,7258.131127656936
SSP2_500C_NoCC,XNF,wht,2050,7443.13476877922
SSP2_500C_NoCC,XNF,wht,2060,8237.140910818458
SSP2_500C_NoCC,XNF,wht,2070,8174.125687707656
SSP2_500C_NoCC,XNF,wht,2080,8095.30757404229
SSP2_500C_NoCC,XNF,wht,2090,7931.055270024752
SSP2_500C_NoCC,XNF,wht,2100,7611.843011620031
SSP2_500C_NoCC,XNF,frs,2005,8296.119999999999
SSP2_500C_NoCC,XNF,frs,2010,8562.64
SSP2_500C_NoCC,XNF,frs,2015,8601.190036562275
SSP2_500C_NoCC,XNF,frs,2020,8570.916336245838
SSP2_500C_NoCC,XNF,frs,2025,8043.35863682878
SSP2_500C_NoCC,XNF,frs,2030,7188.427276642787
SSP2_500C_NoCC,XNF,frs,2035,7346.478846962282
SSP2_500C_NoCC,XNF,frs,2040,7265.155341195042
SSP2_500C_NoCC,XNF,frs,2045,7265.110391782821
SSP2_500C_NoCC,XNF,frs,2050,7442.988558806992
SSP2_500C_NoCC,XNF,frs,2060,7766.432588711729
SSP2_500C_NoCC,XNF,frs,2070,9012.010010920145
SSP2_500C_NoCC,XNF,frs,2080,7573.040575222623
SSP2_500C_NoCC,XNF,frs,2090,7157.565822284951
SSP2_500C_NoCC,XNF,frs,2100,7295.978646747638
SSP2_500C_NoCC,XNF,OSD,2005,3626.1387884283586
SSP2_500C_NoCC,XNF,OSD,2010,4608.448268242997
SSP2_500C_NoCC,XNF,OSD,2015,4060.040359698953
SSP2_500C_NoCC,XNF,OSD,2020,4040.9847294525066
SSP2_500C_NoCC,XNF,OSD,2025,4020.045849827292
SSP2_500C_NoCC,XNF,OSD,2030,3920.9995892450784
SSP2_500C_NoCC,XNF,OSD,2035,3851.0492080602567
SSP2_500C_NoCC,XNF,OSD,2040,3874.316160980723
SSP2_500C_NoCC,XNF,OSD,2045,3999.598531073621
SSP2_500C_NoCC,XNF,OSD,2050,4243.298698555627
SSP2_500C_NoCC,XNF,OSD,2060,6249.5896705567275
SSP2_500C_NoCC,XNF,OSD,2070,8466.876618952834
SSP2_500C_NoCC,XNF,OSD,2080,12618.74437699346
SSP2_500C_NoCC,XNF,OSD,2090,15004.49786875171
SSP2_500C_NoCC,XNF,OSD,2100,14903.780477835142
SSP2_500C_NoCC,XNF,AFR,2025,16074.515001725766
SSP2_500C_NoCC,XNF,AFR,2030,32149.03000345153
SSP2_500C_NoCC,XNF,AFR,2035,45831.4023614311
SSP2_500C_NoCC,XNF,AFR,2040,59513.77471941069
SSP2_500C_NoCC,XNF,AFR,2045,61443.79946849559
SSP2_500C_NoCC,XNF,AFR,2050,63373.82421758049
SSP2_500C_NoCC,XNF,AFR,2060,63638.440175992815
SSP2_500C_NoCC,XNF,AFR,2070,63821.75708003739
SSP2_500C_NoCC,XNF,AFR,2080,63814.53243911378
SSP2_500C_NoCC,XNF,AFR,2090,63804.84336664449
SSP2_500C_NoCC,XNF,AFR,2100,63795.253353572996
SSP2_500C_NoCC,XNF,BIO,2025,165.01381907472202
SSP2_500C_NoCC,XNF,BIO,2030,146.4240281736386
SSP2_500C_NoCC,XNF,BIO,2035,155.1902172122804
SSP2_500C_NoCC,XNF,BIO,2040,141.6038417302542
SSP2_500C_NoCC,XNF,BIO,2045,123.47630326348336
SSP2_500C_NoCC,XNF,BIO,2050,103.93505865026675
SSP2_500C_NoCC,XNF,BIO,2060,350.0486229078313
SSP2_500C_NoCC,XNF,BIO,2070,261.34292769524217
SSP2_500C_NoCC,XNF,BIO,2080,222.06265760143606
SSP2_500C_NoCC,XNF,BIO,2090,177.70912236915308
SSP2_500C_NoCC,XNF,BIO,2100,137.56999097994063
SSP2_500C_NoCC,XNF,C_B,2005,212.54320856108043
SSP2_500C_NoCC,XNF,C_B,2010,224.79793161643306
SSP2_500C_NoCC,XNF,C_B,2015,299.36571670686385
SSP2_500C_NoCC,XNF,C_B,2020,303.94241456946895
SSP2_500C_NoCC,XNF,C_B,2025,300.11744826626403
SSP2_500C_NoCC,XNF,C_B,2030,281.72978473309377
SSP2_500C_NoCC,XNF,C_B,2035,217.18533599193617
SSP2_500C_NoCC,XNF,C_B,2040,181.05953563351602
SSP2_500C_NoCC,XNF,C_B,2045,160.39758499884405
SSP2_500C_NoCC,XNF,C_B,2050,150.5274237644147
SSP2_500C_NoCC,XNF,C_B,2060,262.16159447251175
SSP2_500C_NoCC,XNF,C_B,2070,790.8447895776537
SSP2_500C_NoCC,XNF,C_B,2080,2338.7086880039096
SSP2_500C_NoCC,XNF,C_B,2090,1963.8294326649836
SSP2_500C_NoCC,XNF,C_B,2100,1480.8806276130917
SSP2_500C_NoCC,XNF,CL,2005,27800.24822841039
SSP2_500C_NoCC,XNF,CL,2010,28259.941449467722
SSP2_500C_NoCC,XNF,CL,2015,28191.37250425732
SSP2_500C_NoCC,XNF,CL,2020,26776.83153137417
SSP2_500C_NoCC,XNF,CL,2025,26590.195766668192
SSP2_500C_NoCC,XNF,CL,2030,26036.052757913247
SSP2_500C_NoCC,XNF,CL,2035,24799.124034738805
SSP2_500C_NoCC,XNF,CL,2040,24049.688781591532
SSP2_500C_NoCC,XNF,CL,2045,23923.53057183418
SSP2_500C_NoCC,XNF,CL,2050,23401.202532532945
SSP2_500C_NoCC,XNF,CL,2060,25781.681824742853
SSP2_500C_NoCC,XNF,CL,2070,27916.536606604262
SSP2_500C_NoCC,XNF,CL,2080,32893.921943713496
SSP2_500C_NoCC,XNF,CL,2090,35019.31823654678
SSP2_500C_NoCC,XNF,CL,2100,34221.35760309546
SSP2_500C_NoCC,XNF,CROP_FLW,2005,6755.756798585088
SSP2_500C_NoCC,XNF,CROP_FLW,2010,6578.553583196964
SSP2_500C_NoCC,XNF,CROP_FLW,2015,5925.014504487023
SSP2_500C_NoCC,XNF,CROP_FLW,2020,5752.900641525604
SSP2_500C_NoCC,XNF,CROP_FLW,2025,5582.0192597100095
SSP2_500C_NoCC,XNF,CROP_FLW,2030,5341.779134528298
SSP2_500C_NoCC,XNF,CROP_FLW,2035,5193.826348319899
SSP2_500C_NoCC,XNF,CROP_FLW,2040,5061.28194023294
SSP2_500C_NoCC,XNF,CROP_FLW,2045,4946.288943008203
SSP2_500C_NoCC,XNF,CROP_FLW,2050,4279.68193215941
SSP2_500C_NoCC,XNF,CROP_FLW,2060,3886.3688701102105
SSP2_500C_NoCC,XNF,CROP_FLW,2070,3983.1158043935466
SSP2_500C_NoCC,XNF,CROP_FLW,2080,2936.50558081082
SSP2_500C_NoCC,XNF,CROP_FLW,2090,2770.734158488581
SSP2_500C_NoCC,XNF,CROP_FLW,2100,2953.253581193677
SSP2_500C_NoCC,XNF,GL,2005,510655.6668085125
SSP2_500C_NoCC,XNF,GL,2010,447420.21535548
SSP2_500C_NoCC,XNF,GL,2015,446420.82415039063
SSP2_500C_NoCC,XNF,GL,2020,442755.3116913492
SSP2_500C_NoCC,XNF,GL,2025,422579.2197248495
SSP2_500C_NoCC,XNF,GL,2030,400664.9288209104
SSP2_500C_NoCC,XNF,GL,2035,384075.7923115501
SSP2_500C_NoCC,XNF,GL,2040,367729.77553900983
SSP2_500C_NoCC,XNF,GL,2045,363310.71457642555
SSP2_500C_NoCC,XNF,GL,2050,360998.23295409424
SSP2_500C_NoCC,XNF,GL,2060,372344.47127287986
SSP2_500C_NoCC,XNF,GL,2070,375658.2421586822
SSP2_500C_NoCC,XNF,GL,2080,373868.8234182278
SSP2_500C_NoCC,XNF,GL,2090,373751.9744769664
SSP2_500C_NoCC,XNF,GL,2100,374637.6492146281
SSP2_500C_NoCC,XNF,GRO,2005,5568.4151893445605
SSP2_500C_NoCC,XNF,GRO,2010,5364.113638589609
SSP2_500C_NoCC,XNF,GRO,2015,5514.312321365739
SSP2_500C_NoCC,XNF,GRO,2020,4984.312461722187
SSP2_500C_NoCC,XNF,GRO,2025,4816.035339844294
SSP2_500C_NoCC,XNF,GRO,2030,4633.736811862502
SSP2_500C_NoCC,XNF,GRO,2035,4131.876418738426
SSP2_500C_NoCC,XNF,GRO,2040,3773.03689058715
SSP2_500C_NoCC,XNF,GRO,2045,3573.4796293149693
SSP2_500C_NoCC,XNF,GRO,2050,3371.6691348867384
SSP2_500C_NoCC,XNF,GRO,2060,3119.807109347268
SSP2_500C_NoCC,XNF,GRO,2070,2839.4173448210618
SSP2_500C_NoCC,XNF,GRO,2080,3008.391281352159
SSP2_500C_NoCC,XNF,GRO,2090,3165.1809603294123
SSP2_500C_NoCC,XNF,GRO,2100,3072.2314250985514
SSP2_500C_NoCC,XNF,OL,2005,3784.0643351574563
SSP2_500C_NoCC,XNF,OL,2010,3784.0643351574563
SSP2_500C_NoCC,XNF,OL,2015,3784.0643351574563
SSP2_500C_NoCC,XNF,OL,2020,3784.0643351574563
SSP2_500C_NoCC,XNF,OL,2025,3784.0643351574563
SSP2_500C_NoCC,XNF,OL,2030,3784.0643351574563
SSP2_500C_NoCC,XNF,OL,2035,3784.0643351574563
SSP2_500C_NoCC,XNF,OL,2040,3784.0643351574563
SSP2_500C_NoCC,XNF,OL,2045,3784.0643351574563
SSP2_500C_NoCC,XNF,OL,2050,3784.0643351574563
SSP2_500C_NoCC,XNF,OL,2060,3784.0643351574563
SSP2_500C_NoCC,XNF,OL,2070,3784.0643351574563
SSP2_500C_NoCC,XNF,OL,2080,3784.0643351574563
SSP2_500C_NoCC,XNF,OL,2090,3784.0643351574563
SSP2_500C_NoCC,XNF,OL,2100,3784.0643351574563
SSP2_500C_NoCC,XNF,OTH_A,2005,3930.651419676182
SSP2_500C_NoCC,XNF,OTH_A,2010,4486.827159276135
SSP2_500C_NoCC,XNF,OTH_A,2015,4423.4759096313555
SSP2_500C_NoCC,XNF,OTH_A,2020,4106.744166365391
SSP2_500C_NoCC,XNF,OTH_A,2025,3902.2542226968108
SSP2_500C_NoCC,XNF,OTH_A,2030,3738.0227383257493
SSP2_500C_NoCC,XNF,OTH_A,2035,3605.327687146497
SSP2_500C_NoCC,XNF,OTH_A,2040,3558.168523497783
SSP2_500C_NoCC,XNF,OTH_A,2045,3584.9271067417008
SSP2_500C_NoCC,XNF,OTH_A,2050,3557.600512571015
SSP2_500C_NoCC,XNF,OTH_A,2060,3487.2130096141336
SSP2_500C_NoCC,XNF,OTH_A,2070,3297.49842589671
SSP2_500C_NoCC,XNF,OTH_A,2080,3588.7322055888962
SSP2_500C_NoCC,XNF,OTH_A,2090,3931.2569195635906
SSP2_500C_NoCC,XNF,OTH_A,2100,3991.322874228055
SSP2_500C_NoCC,XNF,PAS,2005,72073.41050131862
SSP2_500C_NoCC,XNF,PAS,2010,72073.41050131862
SSP2_500C_NoCC,XNF,PAS,2015,72063.08946918375
SSP2_500C_NoCC,XNF,PAS,2020,77173.41660142461
SSP2_500C_NoCC,XNF,PAS,2025,81989.18703032161
SSP2_500C_NoCC,XNF,PAS,2030,89238.0373014761
SSP2_500C_NoCC,XNF,PAS,2035,93223.67860571148
SSP2_500C_NoCC,XNF,PAS,2040,96718.08177918677
SSP2_500C_NoCC,XNF,PAS,2045,99333.3211518557
SSP2_500C_NoCC,XNF,PAS,2050,100060.22789737917
SSP2_500C_NoCC,XNF,PAS,2060,85745.45029806661
SSP2_500C_NoCC,XNF,PAS,2070,78867.93030414988
SSP2_500C_NoCC,XNF,PAS,2080,77126.1577841162
SSP2_500C_NoCC,XNF,PAS,2090,75542.77425795123
SSP2_500C_NoCC,XNF,PAS,2100,75326.23734234965
SSP2_500C_NoCC,XNF,PDR,2005,392.32514024119763
SSP2_500C_NoCC,XNF,PDR,2010,300.5249510589532
SSP2_500C_NoCC,XNF,PDR,2015,319.93073432035794
SSP2_500C_NoCC,XNF,PDR,2020,370.48938891053865
SSP2_500C_NoCC,XNF,PDR,2025,385.2481185984423
SSP2_500C_NoCC,XNF,PDR,2030,407.43957069688156
SSP2_500C_NoCC,XNF,PDR,2035,354.46049356541903
SSP2_500C_NoCC,XNF,PDR,2040,307.29856487740835
SSP2_500C_NoCC,XNF,PDR,2045,277.23134577642253
SSP2_500C_NoCC,XNF,PDR,2050,251.35500316624848
SSP2_500C_NoCC,XNF,PDR,2060,189.35203691571604
SSP2_500C_NoCC,XNF,PDR,2070,103.31500755956623
SSP2_500C_NoCC,XNF,PDR,2080,85.46957932055459
SSP2_500C_NoCC,XNF,PDR,2090,75.0545043546084
SSP2_500C_NoCC,XNF,PDR,2100,70.47561452696846
SSP2_500C_NoCC,XNF,SL,2005,762.3664954146282
SSP2_500C_NoCC,XNF,SL,2010,854.5230986833207
SSP2_500C_NoCC,XNF,SL,2015,953.1901988417978
SSP2_500C_NoCC,XNF,SL,2020,953.1901988417978
SSP2_500C_NoCC,XNF,SL,2025,953.1901988417978
SSP2_500C_NoCC,XNF,SL,2030,953.1901988417978
SSP2_500C_NoCC,XNF,SL,2035,953.1901988417978
SSP2_500C_NoCC,XNF,SL,2040,953.1901988417978
SSP2_500C_NoCC,XNF,SL,2045,953.1901988417978
SSP2_500C_NoCC,XNF,SL,2050,953.1901988417978
SSP2_500C_NoCC,XNF,SL,2060,953.1901988417978
SSP2_500C_NoCC,XNF,SL,2070,953.1901988417978
SSP2_500C_NoCC,XNF,SL,2080,953.1901988417978
SSP2_500C_NoCC,XNF,SL,2090,953.1901988417978
SSP2_500C_NoCC,XNF,SL,2100,953.1901988417978
SSP2_500C_NoCC,XAF,wht,2005,3773.5081131276993
SSP2_500C_NoCC,XAF,wht,2010,3815.051133102455
SSP2_500C_NoCC,XAF,wht,2015,4129.326597993078
SSP2_500C_NoCC,XAF,wht,2020,3828.4018016155933
SSP2_500C_NoCC,XAF,wht,2025,4202.440986375725
SSP2_500C_NoCC,XAF,wht,2030,4894.5400497099745
SSP2_500C_NoCC,XAF,wht,2035,5546.906196300334
SSP2_500C_NoCC,XAF,wht,2040,5842.730207352248
SSP2_500C_NoCC,XAF,wht,2045,6071.9641807301605
SSP2_500C_NoCC,XAF,wht,2050,6304.259705733622
SSP2_500C_NoCC,XAF,wht,2060,7092.908307317464
SSP2_500C_NoCC,XAF,wht,2070,9397.900634807485
SSP2_500C_NoCC,XAF,wht,2080,10870.346089785417
SSP2_500C_NoCC,XAF,wht,2090,12704.063358024441
SSP2_500C_NoCC,XAF,wht,2100,14699.95508369078
SSP2_500C_NoCC,XAF,frs,2005,408324.1263580535
SSP2_500C_NoCC,XAF,frs,2010,402957.0753630607
SSP2_500C_NoCC,XAF,frs,2015,414477.33670732006
SSP2_500C_NoCC,XAF,frs,2020,405432.38844881835
SSP2_500C_NoCC,XAF,frs,2025,456278.2828620641
SSP2_500C_NoCC,XAF,frs,2030,474983.5671102758
SSP2_500C_NoCC,XAF,frs,2035,477645.8443080332
SSP2_500C_NoCC,XAF,frs,2040,473568.22786440107
SSP2_500C_NoCC,XAF,frs,2045,471290.2544753566
SSP2_500C_NoCC,XAF,frs,2050,469870.98622625804
SSP2_500C_NoCC,XAF,frs,2060,453622.0307793823
SSP2_500C_NoCC,XAF,frs,2070,448129.2845561863
SSP2_500C_NoCC,XAF,frs,2080,444837.9630477887
SSP2_500C_NoCC,XAF,frs,2090,444360.7483190474
SSP2_500C_NoCC,XAF,frs,2100,446009.04120093654
SSP2_500C_NoCC,XAF,OSD,2005,25661.74965354365
SSP2_500C_NoCC,XAF,OSD,2010,28053.018225265725
SSP2_500C_NoCC,XAF,OSD,2015,39844.387779286444
SSP2_500C_NoCC,XAF,OSD,2020,40249.566496254054
SSP2_500C_NoCC,XAF,OSD,2025,42273.021043141394
SSP2_500C_NoCC,XAF,OSD,2030,46214.17112270444
SSP2_500C_NoCC,XAF,OSD,2035,51613.126659561996
SSP2_500C_NoCC,XAF,OSD,2040,57241.86569546663
SSP2_500C_NoCC,XAF,OSD,2045,63580.68034530827
SSP2_500C_NoCC,XAF,OSD,2050,71402.2393966878
SSP2_500C_NoCC,XAF,OSD,2060,97252.07603530429
SSP2_500C_NoCC,XAF,OSD,2070,107460.0571982023
SSP2_500C_NoCC,XAF,OSD,2080,116735.6014005787
SSP2_500C_NoCC,XAF,OSD,2090,122259.65652383279
SSP2_500C_NoCC,XAF,OSD,2100,126381.94760999136
SSP2_500C_NoCC,XAF,AFR,2025,2275.62595233848
SSP2_500C_NoCC,XAF,AFR,2030,4551.25190467696
SSP2_500C_NoCC,XAF,AFR,2035,10346.004598254849
SSP2_500C_NoCC,XAF,AFR,2040,16140.757291832735
SSP2_500C_NoCC,XAF,AFR,2045,15267.632888362952
SSP2_500C_NoCC,XAF,AFR,2050,14394.508484893166
SSP2_500C_NoCC,XAF,AFR,2060,10473.96622674402
SSP2_500C_NoCC,XAF,AFR,2070,8416.953466120558
SSP2_500C_NoCC,XAF,AFR,2080,7711.850006830928
SSP2_500C_NoCC,XAF,AFR,2090,7708.213534215481
SSP2_500C_NoCC,XAF,AFR,2100,7743.621528423952
SSP2_500C_NoCC,XAF,BIO,2025,202.9113089684644
SSP2_500C_NoCC,XAF,BIO,2030,522.744626440144
SSP2_500C_NoCC,XAF,BIO,2035,1684.3056791567658
SSP2_500C_NoCC,XAF,BIO,2040,4646.951585605681
SSP2_500C_NoCC,XAF,BIO,2045,4675.917554814777
SSP2_500C_NoCC,XAF,BIO,2050,8435.855446745487
SSP2_500C_NoCC,XAF,BIO,2060,79398.91580272833
SSP2_500C_NoCC,XAF,BIO,2070,98870.79497093457
SSP2_500C_NoCC,XAF,BIO,2080,99945.9620433816
SSP2_500C_NoCC,XAF,BIO,2090,100585.1765156157
SSP2_500C_NoCC,XAF,BIO,2100,101114.28430405335
SSP2_500C_NoCC,XAF,C_B,2005,1367.7001467449077
SSP2_500C_NoCC,XAF,C_B,2010,1466.1821266851357
SSP2_500C_NoCC,XAF,C_B,2015,1633.193029287492
SSP2_500C_NoCC,XAF,C_B,2020,1647.784519061863
SSP2_500C_NoCC,XAF,C_B,2025,1719.8427850103049
SSP2_500C_NoCC,XAF,C_B,2030,1838.010373455875
SSP2_500C_NoCC,XAF,C_B,2035,1946.58979569619
SSP2_500C_NoCC,XAF,C_B,2040,2041.2719533651293
SSP2_500C_NoCC,XAF,C_B,2045,2142.8232192341125
SSP2_500C_NoCC,XAF,C_B,2050,2262.2868081946904
SSP2_500C_NoCC,XAF,C_B,2060,3145.5529761887847
SSP2_500C_NoCC,XAF,C_B,2070,4832.448017009622
SSP2_500C_NoCC,XAF,C_B,2080,6330.295950009411
SSP2_500C_NoCC,XAF,C_B,2090,7474.171147549085
SSP2_500C_NoCC,XAF,C_B,2100,8306.195058515348
SSP2_500C_NoCC,XAF,CL,2005,197807.51984725072
SSP2_500C_NoCC,XAF,CL,2010,214503.65804705775
SSP2_500C_NoCC,XAF,CL,2015,254559.26830247542
SSP2_500C_NoCC,XAF,CL,2020,246303.73232153562
SSP2_500C_NoCC,XAF,CL,2025,253268.56799759
SSP2_500C_NoCC,XAF,CL,2030,266750.7206271641
SSP2_500C_NoCC,XAF,CL,2035,280881.1060192995
SSP2_500C_NoCC,XAF,CL,2040,295097.6997300475
SSP2_500C_NoCC,XAF,CL,2045,308660.1905936884
SSP2_500C_NoCC,XAF,CL,2050,326237.6077150714
SSP2_500C_NoCC,XAF,CL,2060,427350.28297720675
SSP2_500C_NoCC,XAF,CL,2070,452605.01551606675
SSP2_500C_NoCC,XAF,CL,2080,464309.52165122674
SSP2_500C_NoCC,XAF,CL,2090,470428.13071131415
SSP2_500C_NoCC,XAF,CL,2100,471933.8800710757
SSP2_500C_NoCC,XAF,CROP_FLW,2005,22611.40651495124
SSP2_500C_NoCC,XAF,CROP_FLW,2010,22098.320526422478
SSP2_500C_NoCC,XAF,CROP_FLW,2015,23005.221197736737
SSP2_500C_NoCC,XAF,CROP_FLW,2020,22396.811864433803
SSP2_500C_NoCC,XAF,CROP_FLW,2025,24732.883747064137
SSP2_500C_NoCC,XAF,CROP_FLW,2030,25937.296943861384
SSP2_500C_NoCC,XAF,CROP_FLW,2035,26255.701956965386
SSP2_500C_NoCC,XAF,CROP_FLW,2040,26035.344706213127
SSP2_500C_NoCC,XAF,CROP_FLW,2045,26070.705819935145
SSP2_500C_NoCC,XAF,CROP_FLW,2050,26783.339435542675
SSP2_500C_NoCC,XAF,CROP_FLW,2060,27483.09712092769
SSP2_500C_NoCC,XAF,CROP_FLW,2070,27295.40113725888
SSP2_500C_NoCC,XAF,CROP_FLW,2080,26452.26976173031
SSP2_500C_NoCC,XAF,CROP_FLW,2090,25894.587378368946
SSP2_500C_NoCC,XAF,CROP_FLW,2100,25802.236194991023
SSP2_500C_NoCC,XAF,GL,2005,1647873.134434072
SSP2_500C_NoCC,XAF,GL,2010,1063312.0038471685
SSP2_500C_NoCC,XAF,GL,2015,942589.6111066928
SSP2_500C_NoCC,XAF,GL,2020,916369.8822562371
SSP2_500C_NoCC,XAF,GL,2025,1097532.3066159745
SSP2_500C_NoCC,XAF,GL,2030,1168727.726741797
SSP2_500C_NoCC,XAF,GL,2035,1175559.944683832
SSP2_500C_NoCC,XAF,GL,2040,1156211.5654890626
SSP2_500C_NoCC,XAF,GL,2045,1150278.0088476602
SSP2_500C_NoCC,XAF,GL,2050,1153808.986952635
SSP2_500C_NoCC,XAF,GL,2060,1118799.1650807438
SSP2_500C_NoCC,XAF,GL,2070,1100493.4526358293
SSP2_500C_NoCC,XAF,GL,2080,1086577.604546084
SSP2_500C_NoCC,XAF,GL,2090,1080650.7717684037
SSP2_500C_NoCC,XAF,GL,2100,1080740.7623221201
SSP2_500C_NoCC,XAF,GRO,2005,93003.5254773678
SSP2_500C_NoCC,XAF,GRO,2010,100761.97569375722
SSP2_500C_NoCC,XAF,GRO,2015,119458.79458885173
SSP2_500C_NoCC,XAF,GRO,2020,112625.75850393694
SSP2_500C_NoCC,XAF,GRO,2025,114402.79449320877
SSP2_500C_NoCC,XAF,GRO,2030,118341.23393070775
SSP2_500C_NoCC,XAF,GRO,2035,120642.56068117413
SSP2_500C_NoCC,XAF,GRO,2040,122062.1990296983
SSP2_500C_NoCC,XAF,GRO,2045,123895.24332734122
SSP2_500C_NoCC,XAF,GRO,2050,123300.07288382956
SSP2_500C_NoCC,XAF,GRO,2060,117477.8896990343
SSP2_500C_NoCC,XAF,GRO,2070,108339.79526668812
SSP2_500C_NoCC,XAF,GRO,2080,103681.87746245382
SSP2_500C_NoCC,XAF,GRO,2090,99113.90060641567
SSP2_500C_NoCC,XAF,GRO,2100,92917.4290837953
SSP2_500C_NoCC,XAF,OL,2005,32467.197913876156
SSP2_500C_NoCC,XAF,OL,2010,32467.197913876156
SSP2_500C_NoCC,XAF,OL,2015,32467.197913876145
SSP2_500C_NoCC,XAF,OL,2020,32467.197913876145
SSP2_500C_NoCC,XAF,OL,2025,32467.197913876145
SSP2_500C_NoCC,XAF,OL,2030,32467.197913876145
SSP2_500C_NoCC,XAF,OL,2035,32467.197913876145
SSP2_500C_NoCC,XAF,OL,2040,32467.197913876145
SSP2_500C_NoCC,XAF,OL,2045,32467.197913876145
SSP2_500C_NoCC,XAF,OL,2050,32467.197913876145
SSP2_500C_NoCC,XAF,OL,2060,32467.197913876145
SSP2_500C_NoCC,XAF,OL,2070,32467.197913876145
SSP2_500C_NoCC,XAF,OL,2080,32467.197913876145
SSP2_500C_NoCC,XAF,OL,2090,32467.197913876145
SSP2_500C_NoCC,XAF,OL,2100,32467.197913876145
SSP2_500C_NoCC,XAF,OTH_A,2005,42838.10335134358
SSP2_500C_NoCC,XAF,OTH_A,2010,47689.62636086009
SSP2_500C_NoCC,XAF,OTH_A,2015,54318.785757101476
SSP2_500C_NoCC,XAF,OTH_A,2020,53095.83857384099
SSP2_500C_NoCC,XAF,OTH_A,2025,53388.51253083699
SSP2_500C_NoCC,XAF,OTH_A,2030,55714.66863424079
SSP2_500C_NoCC,XAF,OTH_A,2035,58819.162178902116
SSP2_500C_NoCC,XAF,OTH_A,2040,61890.43727248845
SSP2_500C_NoCC,XAF,OTH_A,2045,65599.52153859432
SSP2_500C_NoCC,XAF,OTH_A,2050,69729.54030449907
SSP2_500C_NoCC,XAF,OTH_A,2060,79374.94257095549
SSP2_500C_NoCC,XAF,OTH_A,2070,83432.5727271829
SSP2_500C_NoCC,XAF,OTH_A,2080,87104.4671875304
SSP2_500C_NoCC,XAF,OTH_A,2090,88618.95135250631
SSP2_500C_NoCC,XAF,OTH_A,2100,88128.13072017346
SSP2_500C_NoCC,XAF,PAS,2005,641517.5754353537
SSP2_500C_NoCC,XAF,PAS,2010,641517.5754353537
SSP2_500C_NoCC,XAF,PAS,2015,717424.8526160157
SSP2_500C_NoCC,XAF,PAS,2020,760945.065705913
SSP2_500C_NoCC,XAF,PAS,2025,519696.2853045371
SSP2_500C_NoCC,XAF,PAS,2030,414037.80234859034
SSP2_500C_NoCC,XAF,PAS,2035,384618.16912308417
SSP2_500C_NoCC,XAF,PAS,2040,388032.8183571604
SSP2_500C_NoCC,XAF,PAS,2045,383554.98192743614
SSP2_500C_NoCC,XAF,PAS,2050,364738.9793536465
SSP2_500C_NoCC,XAF,PAS,2060,318805.623668427
SSP2_500C_NoCC,XAF,PAS,2070,319406.3625583008
SSP2_500C_NoCC,XAF,PAS,2080,325614.1294805739
SSP2_500C_NoCC,XAF,PAS,2090,325903.20439952373
SSP2_500C_NoCC,XAF,PAS,2100,322623.76360994764
SSP2_500C_NoCC,XAF,PDR,2005,8551.526590171796
SSP2_500C_NoCC,XAF,PDR,2010,10619.483980964667
SSP2_500C_NoCC,XAF,PDR,2015,12169.559352218508
SSP2_500C_NoCC,XAF,PDR,2020,12459.570562392311
SSP2_500C_NoCC,XAF,PDR,2025,12346.161102941518
SSP2_500C_NoCC,XAF,PDR,2030,13288.054945933516
SSP2_500C_NoCC,XAF,PDR,2035,14372.7528711759
SSP2_500C_NoCC,XAF,PDR,2040,15336.89927985804
SSP2_500C_NoCC,XAF,PDR,2045,16623.334607730474
SSP2_500C_NoCC,XAF,PDR,2050,18020.01373383837
SSP2_500C_NoCC,XAF,PDR,2060,16124.900464750379
SSP2_500C_NoCC,XAF,PDR,2070,12976.045563982843
SSP2_500C_NoCC,XAF,PDR,2080,13188.701755757005
SSP2_500C_NoCC,XAF,PDR,2090,13777.623829001212
SSP2_500C_NoCC,XAF,PDR,2100,14583.702015865047
SSP2_500C_NoCC,XAF,SL,2005,3244.0230564083176
SSP2_500C_NoCC,XAF,SL,2010,3815.2336182260447
SSP2_500C_NoCC,XAF,SL,2015,4556.017204808328
SSP2_500C_NoCC,XAF,SL,2020,4556.017204808328
SSP2_500C_NoCC,XAF,SL,2025,4556.017204808328
SSP2_500C_NoCC,XAF,SL,2030,4556.017204808328
SSP2_500C_NoCC,XAF,SL,2035,4556.017204808328
SSP2_500C_NoCC,XAF,SL,2040,4556.017204808328
SSP2_500C_NoCC,XAF,SL,2045,4556.017204808328
SSP2_500C_NoCC,XAF,SL,2050,4556.017204808328
SSP2_500C_NoCC,XAF,SL,2060,4556.017204808328
SSP2_500C_NoCC,XAF,SL,2070,4556.017204808328
SSP2_500C_NoCC,XAF,SL,2080,4556.017204808328
SSP2_500C_NoCC,XAF,SL,2090,4556.017204808328
SSP2_500C_NoCC,XAF,SL,2100,4556.017204808328
SSP2_BaU_NoCC,BRA,wht,2005,2747.4521402409173
SSP2_BaU_NoCC,BRA,wht,2010,2574.700305321722
SSP2_BaU_NoCC,BRA,wht,2015,2557.974724722401
SSP2_BaU_NoCC,BRA,wht,2020,2360.6330618870866
SSP2_BaU_NoCC,BRA,wht,2025,2371.7399000172954
SSP2_BaU_NoCC,BRA,wht,2030,2351.9052207830955
SSP2_BaU_NoCC,BRA,wht,2035,2275.540872835573
SSP2_BaU_NoCC,BRA,wht,2040,2194.464031491856
SSP2_BaU_NoCC,BRA,wht,2045,2148.437850984803
SSP2_BaU_NoCC,BRA,wht,2050,2110.318899983748
SSP2_BaU_NoCC,BRA,wht,2060,2095.187774743001
SSP2_BaU_NoCC,BRA,wht,2070,2201.783460176339
SSP2_BaU_NoCC,BRA,wht,2080,2259.076275784747
SSP2_BaU_NoCC,BRA,wht,2090,2251.9828111073157
SSP2_BaU_NoCC,BRA,wht,2100,2167.6318401218296
SSP2_BaU_NoCC,BRA,frs,2005,457088.4414044435
SSP2_BaU_NoCC,BRA,frs,2010,451022.22066406655
SSP2_BaU_NoCC,BRA,frs,2015,442790.197921296
SSP2_BaU_NoCC,BRA,frs,2020,432153.1642619201
SSP2_BaU_NoCC,BRA,frs,2025,425378.2507114106
SSP2_BaU_NoCC,BRA,frs,2030,410635.76684516197
SSP2_BaU_NoCC,BRA,frs,2035,398568.2510737893
SSP2_BaU_NoCC,BRA,frs,2040,390233.361049816
SSP2_BaU_NoCC,BRA,frs,2045,387813.0913525317
SSP2_BaU_NoCC,BRA,frs,2050,388358.7126429976
SSP2_BaU_NoCC,BRA,frs,2060,405128.20231117343
SSP2_BaU_NoCC,BRA,frs,2070,426802.29866637674
SSP2_BaU_NoCC,BRA,frs,2080,444619.96761246247
SSP2_BaU_NoCC,BRA,frs,2090,468045.60777121625
SSP2_BaU_NoCC,BRA,frs,2100,485365.2077001806
SSP2_BaU_NoCC,BRA,OSD,2005,28804.79452394951
SSP2_BaU_NoCC,BRA,OSD,2010,29014.329230113588
SSP2_BaU_NoCC,BRA,OSD,2015,34714.94309213859
SSP2_BaU_NoCC,BRA,OSD,2020,34320.6334920448
SSP2_BaU_NoCC,BRA,OSD,2025,34977.48879507814
SSP2_BaU_NoCC,BRA,OSD,2030,35775.88235883175
SSP2_BaU_NoCC,BRA,OSD,2035,36593.32705048748
SSP2_BaU_NoCC,BRA,OSD,2040,37544.57063843007
SSP2_BaU_NoCC,BRA,OSD,2045,38547.152781376266
SSP2_BaU_NoCC,BRA,OSD,2050,38998.03834896999
SSP2_BaU_NoCC,BRA,OSD,2060,38253.059055177866
SSP2_BaU_NoCC,BRA,OSD,2070,36770.281889469865
SSP2_BaU_NoCC,BRA,OSD,2080,33864.80229539337
SSP2_BaU_NoCC,BRA,OSD,2090,31299.232692271118
SSP2_BaU_NoCC,BRA,OSD,2100,28217.49505848161
SSP2_BaU_NoCC,BRA,BIO,2025,999.0181707126796
SSP2_BaU_NoCC,BRA,BIO,2030,1034.2030240006575
SSP2_BaU_NoCC,BRA,BIO,2035,1167.8316375494046
SSP2_BaU_NoCC,BRA,BIO,2040,1519.5463286601162
SSP2_BaU_NoCC,BRA,BIO,2045,2773.4937094548363
SSP2_BaU_NoCC,BRA,BIO,2050,5737.228272906702
SSP2_BaU_NoCC,BRA,BIO,2060,17769.87818653495
SSP2_BaU_NoCC,BRA,BIO,2070,34036.778460633024
SSP2_BaU_NoCC,BRA,BIO,2080,50965.164093897314
SSP2_BaU_NoCC,BRA,BIO,2090,64636.80425171126
SSP2_BaU_NoCC,BRA,BIO,2100,76412.85834481426
SSP2_BaU_NoCC,BRA,C_B,2005,6756.654044308357
SSP2_BaU_NoCC,BRA,C_B,2010,10712.406210358437
SSP2_BaU_NoCC,BRA,C_B,2015,10460.401683245214
SSP2_BaU_NoCC,BRA,C_B,2020,10497.706443969279
SSP2_BaU_NoCC,BRA,C_B,2025,10732.634687135742
SSP2_BaU_NoCC,BRA,C_B,2030,10983.25039180051
SSP2_BaU_NoCC,BRA,C_B,2035,11264.574850213183
SSP2_BaU_NoCC,BRA,C_B,2040,11583.399349465522
SSP2_BaU_NoCC,BRA,C_B,2045,11925.565484668281
SSP2_BaU_NoCC,BRA,C_B,2050,12139.55340881117
SSP2_BaU_NoCC,BRA,C_B,2060,12540.488209222563
SSP2_BaU_NoCC,BRA,C_B,2070,12824.942660882221
SSP2_BaU_NoCC,BRA,C_B,2080,12421.09042283861
SSP2_BaU_NoCC,BRA,C_B,2090,11814.43418633872
SSP2_BaU_NoCC,BRA,C_B,2100,10990.80831032561
SSP2_BaU_NoCC,BRA,CL,2005,84463.20626028905
SSP2_BaU_NoCC,BRA,CL,2010,87327.03795406461
SSP2_BaU_NoCC,BRA,CL,2015,89212.18099682684
SSP2_BaU_NoCC,BRA,CL,2020,86361.82350065095
SSP2_BaU_NoCC,BRA,CL,2025,88617.73000900536
SSP2_BaU_NoCC,BRA,CL,2030,89732.62470811495
SSP2_BaU_NoCC,BRA,CL,2035,90980.40845955432
SSP2_BaU_NoCC,BRA,CL,2040,92563.77484468251
SSP2_BaU_NoCC,BRA,CL,2045,95498.89058919769
SSP2_BaU_NoCC,BRA,CL,2050,99412.00741794429
SSP2_BaU_NoCC,BRA,CL,2060,111432.17695553933
SSP2_BaU_NoCC,BRA,CL,2070,126200.92654599278
SSP2_BaU_NoCC,BRA,CL,2080,138944.47929313366
SSP2_BaU_NoCC,BRA,CL,2090,148876.01614034848
SSP2_BaU_NoCC,BRA,CL,2100,155359.95295595968
SSP2_BaU_NoCC,BRA,CROP_FLW,2005,12975.112824857239
SSP2_BaU_NoCC,BRA,CROP_FLW,2010,12384.924984931946
SSP2_BaU_NoCC,BRA,CROP_FLW,2015,11803.745475253769
SSP2_BaU_NoCC,BRA,CROP_FLW,2020,10950.003945655299
SSP2_BaU_NoCC,BRA,CROP_FLW,2025,10776.641784877496
SSP2_BaU_NoCC,BRA,CROP_FLW,2030,10065.485800161296
SSP2_BaU_NoCC,BRA,CROP_FLW,2035,9670.940657109668
SSP2_BaU_NoCC,BRA,CROP_FLW,2040,9517.676000436528
SSP2_BaU_NoCC,BRA,CROP_FLW,2045,9705.087553189878
SSP2_BaU_NoCC,BRA,CROP_FLW,2050,10030.675155096193
SSP2_BaU_NoCC,BRA,CROP_FLW,2060,11765.138894583717
SSP2_BaU_NoCC,BRA,CROP_FLW,2070,14057.056916488833
SSP2_BaU_NoCC,BRA,CROP_FLW,2080,16201.369400644737
SSP2_BaU_NoCC,BRA,CROP_FLW,2090,18592.748790774116
SSP2_BaU_NoCC,BRA,CROP_FLW,2100,19908.98818517937
SSP2_BaU_NoCC,BRA,GL,2005,295392.1370313279
SSP2_BaU_NoCC,BRA,GL,2010,113530.02925683517
SSP2_BaU_NoCC,BRA,GL,2015,112296.13237463553
SSP2_BaU_NoCC,BRA,GL,2020,104798.97278862365
SSP2_BaU_NoCC,BRA,GL,2025,99981.67192662196
SSP2_BaU_NoCC,BRA,GL,2030,89330.0065015721
SSP2_BaU_NoCC,BRA,GL,2035,80712.83268487328
SSP2_BaU_NoCC,BRA,GL,2040,75068.68655614111
SSP2_BaU_NoCC,BRA,GL,2045,73687.72540976184
SSP2_BaU_NoCC,BRA,GL,2050,74079.58063439492
SSP2_BaU_NoCC,BRA,GL,2060,83743.92551373827
SSP2_BaU_NoCC,BRA,GL,2070,96986.07885926595
SSP2_BaU_NoCC,BRA,GL,2080,108937.15396761612
SSP2_BaU_NoCC,BRA,GL,2090,127825.84974432376
SSP2_BaU_NoCC,BRA,GL,2100,140548.6222534658
SSP2_BaU_NoCC,BRA,GRO,2005,17307.91849836407
SSP2_BaU_NoCC,BRA,GRO,2010,18187.636557307284
SSP2_BaU_NoCC,BRA,GRO,2015,18597.112456648447
SSP2_BaU_NoCC,BRA,GRO,2020,17630.30445958561
SSP2_BaU_NoCC,BRA,GRO,2025,18261.983007981988
SSP2_BaU_NoCC,BRA,GRO,2030,18969.862371199015
SSP2_BaU_NoCC,BRA,GRO,2035,19373.90459436908
SSP2_BaU_NoCC,BRA,GRO,2040,19526.54547807597
SSP2_BaU_NoCC,BRA,GRO,2045,19710.7412040522
SSP2_BaU_NoCC,BRA,GRO,2050,19862.98239239442
SSP2_BaU_NoCC,BRA,GRO,2060,19030.950386946173
SSP2_BaU_NoCC,BRA,GRO,2070,16911.69209831074
SSP2_BaU_NoCC,BRA,GRO,2080,14811.283475293654
SSP2_BaU_NoCC,BRA,GRO,2090,12811.128984141606
SSP2_BaU_NoCC,BRA,GRO,2100,10930.546212660078
SSP2_BaU_NoCC,BRA,OL,2005,10945.226209438306
SSP2_BaU_NoCC,BRA,OL,2010,10945.226209438306
SSP2_BaU_NoCC,BRA,OL,2015,10945.226209438306
SSP2_BaU_NoCC,BRA,OL,2020,10945.226209438306
SSP2_BaU_NoCC,BRA,OL,2025,10945.226209438306
SSP2_BaU_NoCC,BRA,OL,2030,10945.226209438306
SSP2_BaU_NoCC,BRA,OL,2035,10945.226209438306
SSP2_BaU_NoCC,BRA,OL,2040,10945.226209438306
SSP2_BaU_NoCC,BRA,OL,2045,10945.226209438306
SSP2_BaU_NoCC,BRA,OL,2050,10945.226209438306
SSP2_BaU_NoCC,BRA,OL,2060,10945.226209438306
SSP2_BaU_NoCC,BRA,OL,2070,10945.226209438306
SSP2_BaU_NoCC,BRA,OL,2080,10945.226209438306
SSP2_BaU_NoCC,BRA,OL,2090,10945.226209438306
SSP2_BaU_NoCC,BRA,OL,2100,10945.226209438306
SSP2_BaU_NoCC,BRA,OTH_A,2005,11504.658913129037
SSP2_BaU_NoCC,BRA,OTH_A,2010,11374.47985246874
SSP2_BaU_NoCC,BRA,OTH_A,2015,8958.402823724793
SSP2_BaU_NoCC,BRA,OTH_A,2020,8416.564928757178
SSP2_BaU_NoCC,BRA,OTH_A,2025,8166.746926223429
SSP2_BaU_NoCC,BRA,OTH_A,2030,7995.195717538266
SSP2_BaU_NoCC,BRA,OTH_A,2035,7800.935855811834
SSP2_BaU_NoCC,BRA,OTH_A,2040,7565.787788565005
SSP2_BaU_NoCC,BRA,OTH_A,2045,7296.8139909166985
SSP2_BaU_NoCC,BRA,OTH_A,2050,6929.801471635351
SSP2_BaU_NoCC,BRA,OTH_A,2060,6247.071190877309
SSP2_BaU_NoCC,BRA,OTH_A,2070,5738.360577211545
SSP2_BaU_NoCC,BRA,OTH_A,2080,5147.202729221183
SSP2_BaU_NoCC,BRA,OTH_A,2090,4534.1555170129595
SSP2_BaU_NoCC,BRA,OTH_A,2100,4068.6871839569953
SSP2_BaU_NoCC,BRA,PAS,2005,195069.5253940325
SSP2_BaU_NoCC,BRA,PAS,2010,195069.5253940325
SSP2_BaU_NoCC,BRA,PAS,2015,195055.8270452703
SSP2_BaU_NoCC,BRA,PAS,2020,216040.37778683408
SSP2_BaU_NoCC,BRA,PAS,2025,225376.685690991
SSP2_BaU_NoCC,BRA,PAS,2030,249655.94028317972
SSP2_BaU_NoCC,BRA,PAS,2035,269092.8461198117
SSP2_BaU_NoCC,BRA,PAS,2040,281488.5158873892
SSP2_BaU_NoCC,BRA,PAS,2045,282354.63098653744
SSP2_BaU_NoCC,BRA,PAS,2050,277504.0376426923
SSP2_BaU_NoCC,BRA,PAS,2060,239050.03355757793
SSP2_BaU_NoCC,BRA,PAS,2070,189365.0342663931
SSP2_BaU_NoCC,BRA,PAS,2080,146852.73746481637
SSP2_BaU_NoCC,BRA,PAS,2090,94606.86468214013
SSP2_BaU_NoCC,BRA,PAS,2100,58080.55542842252
SSP2_BaU_NoCC,BRA,PDR,2005,4366.615315439931
SSP2_BaU_NoCC,BRA,PDR,2010,3078.5608135628936
SSP2_BaU_NoCC,BRA,PDR,2015,2119.6007410936145
SSP2_BaU_NoCC,BRA,PDR,2020,2185.9771687516945
SSP2_BaU_NoCC,BRA,PDR,2025,2331.476736978592
SSP2_BaU_NoCC,BRA,PDR,2030,2556.83982380036
SSP2_BaU_NoCC,BRA,PDR,2035,2833.3529411780914
SSP2_BaU_NoCC,BRA,PDR,2040,3111.7852295574476
SSP2_BaU_NoCC,BRA,PDR,2045,3391.5980145547246
SSP2_BaU_NoCC,BRA,PDR,2050,3603.4094681467054
SSP2_BaU_NoCC,BRA,PDR,2060,3730.4032574537728
SSP2_BaU_NoCC,BRA,PDR,2070,3660.0304828201934
SSP2_BaU_NoCC,BRA,PDR,2080,3274.490600060053
SSP2_BaU_NoCC,BRA,PDR,2090,2935.5289069913388
SSP2_BaU_NoCC,BRA,PDR,2100,2662.9378204199643
SSP2_BaU_NoCC,BRA,SL,2005,2413.4712622791376
SSP2_BaU_NoCC,BRA,SL,2010,2776.3466368082436
SSP2_BaU_NoCC,BRA,SL,2015,3085.2371873463
SSP2_BaU_NoCC,BRA,SL,2020,3085.2371873463
SSP2_BaU_NoCC,BRA,SL,2025,3085.2371873463
SSP2_BaU_NoCC,BRA,SL,2030,3085.2371873463
SSP2_BaU_NoCC,BRA,SL,2035,3085.2371873463
SSP2_BaU_NoCC,BRA,SL,2040,3085.2371873463
SSP2_BaU_NoCC,BRA,SL,2045,3085.2371873463
SSP2_BaU_NoCC,BRA,SL,2050,3085.2371873463
SSP2_BaU_NoCC,BRA,SL,2060,3085.2371873463
SSP2_BaU_NoCC,BRA,SL,2070,3085.2371873463
SSP2_BaU_NoCC,BRA,SL,2080,3085.2371873463
SSP2_BaU_NoCC,BRA,SL,2090,3085.2371873463
SSP2_BaU_NoCC,BRA,SL,2100,3085.2371873463
SSP2_BaU_NoCC,CAN,wht,2005,16222.800431001455
SSP2_BaU_NoCC,CAN,wht,2010,13323.264507079977
SSP2_BaU_NoCC,CAN,wht,2015,14131.876228915413
SSP2_BaU_NoCC,CAN,wht,2020,13320.286663437322
SSP2_BaU_NoCC,CAN,wht,2025,13309.329401865265
SSP2_BaU_NoCC,CAN,wht,2030,13525.716787414329
SSP2_BaU_NoCC,CAN,wht,2035,13702.45849042052
SSP2_BaU_NoCC,CAN,wht,2040,13898.175053051957
SSP2_BaU_NoCC,CAN,wht,2045,14248.132685527464
SSP2_BaU_NoCC,CAN,wht,2050,14630.98400692005
SSP2_BaU_NoCC,CAN,wht,2060,15749.478087868742
SSP2_BaU_NoCC,CAN,wht,2070,17286.721980762195
SSP2_BaU_NoCC,CAN,wht,2080,18992.096677054826
SSP2_BaU_NoCC,CAN,wht,2090,20618.47073552283
SSP2_BaU_NoCC,CAN,wht,2100,22769.103865253423
SSP2_BaU_NoCC,CAN,frs,2005,554934.0771501662
SSP2_BaU_NoCC,CAN,frs,2010,556311.1800144255
SSP2_BaU_NoCC,CAN,frs,2015,556540.3005147455
SSP2_BaU_NoCC,CAN,frs,2020,556279.1640331909
SSP2_BaU_NoCC,CAN,frs,2025,554726.5442103667
SSP2_BaU_NoCC,CAN,frs,2030,553283.8553498762
SSP2_BaU_NoCC,CAN,frs,2035,553363.2601936698
SSP2_BaU_NoCC,CAN,frs,2040,555182.706731875
SSP2_BaU_NoCC,CAN,frs,2045,555153.5185106547
SSP2_BaU_NoCC,CAN,frs,2050,554869.1775846158
SSP2_BaU_NoCC,CAN,frs,2060,554019.6177722004
SSP2_BaU_NoCC,CAN,frs,2070,553697.9357710842
SSP2_BaU_NoCC,CAN,frs,2080,553881.917741569
SSP2_BaU_NoCC,CAN,frs,2090,554048.3053610858
SSP2_BaU_NoCC,CAN,frs,2100,553937.614400829
SSP2_BaU_NoCC,CAN,OSD,2005,12657.953019069622
SSP2_BaU_NoCC,CAN,OSD,2010,14397.389113937388
SSP2_BaU_NoCC,CAN,OSD,2015,16909.958786202515
SSP2_BaU_NoCC,CAN,OSD,2020,17045.89198630397
SSP2_BaU_NoCC,CAN,OSD,2025,17344.475461208094
SSP2_BaU_NoCC,CAN,OSD,2030,17894.02117497123
SSP2_BaU_NoCC,CAN,OSD,2035,18611.811813328823
SSP2_BaU_NoCC,CAN,OSD,2040,19497.531586853896
SSP2_BaU_NoCC,CAN,OSD,2045,20402.44040664362
SSP2_BaU_NoCC,CAN,OSD,2050,21237.16561154094
SSP2_BaU_NoCC,CAN,OSD,2060,22836.33368088505
SSP2_BaU_NoCC,CAN,OSD,2070,23437.301406673192
SSP2_BaU_NoCC,CAN,OSD,2080,23709.135441813603
SSP2_BaU_NoCC,CAN,OSD,2090,24030.337018723167
SSP2_BaU_NoCC,CAN,OSD,2100,23561.5080130037
SSP2_BaU_NoCC,CAN,AFR,2090,94.3197647342496
SSP2_BaU_NoCC,CAN,AFR,2100,368.68608843176787
SSP2_BaU_NoCC,CAN,BIO,2025,871.4116768771223
SSP2_BaU_NoCC,CAN,BIO,2030,1168.0641000803685
SSP2_BaU_NoCC,CAN,BIO,2035,1405.2714602176325
SSP2_BaU_NoCC,CAN,BIO,2040,1487.0913238692804
SSP2_BaU_NoCC,CAN,BIO,2045,1579.3504597518975
SSP2_BaU_NoCC,CAN,BIO,2050,1632.0291249026031
SSP2_BaU_NoCC,CAN,BIO,2060,1448.9599019971358
SSP2_BaU_NoCC,CAN,BIO,2070,1129.928669889134
SSP2_BaU_NoCC,CAN,BIO,2080,838.4528967045501
SSP2_BaU_NoCC,CAN,BIO,2090,641.5854659866958
SSP2_BaU_NoCC,CAN,BIO,2100,537.6336510770876
SSP2_BaU_NoCC,CAN,C_B,2005,23.124276817386903
SSP2_BaU_NoCC,CAN,C_B,2010,18.153318807690503
SSP2_BaU_NoCC,CAN,C_B,2015,10.796498981550101
SSP2_BaU_NoCC,CAN,C_B,2020,10.979583491167551
SSP2_BaU_NoCC,CAN,C_B,2025,11.146910269127574
SSP2_BaU_NoCC,CAN,C_B,2030,11.526170863247959
SSP2_BaU_NoCC,CAN,C_B,2035,12.122643763846387
SSP2_BaU_NoCC,CAN,C_B,2040,12.832928494067215
SSP2_BaU_NoCC,CAN,C_B,2045,13.512186746959138
SSP2_BaU_NoCC,CAN,C_B,2050,14.10672909675819
SSP2_BaU_NoCC,CAN,C_B,2060,15.557511607044212
SSP2_BaU_NoCC,CAN,C_B,2070,16.81549972854486
SSP2_BaU_NoCC,CAN,C_B,2080,17.927428160377538
SSP2_BaU_NoCC,CAN,C_B,2090,18.865777516474616
SSP2_BaU_NoCC,CAN,C_B,2100,19.321206920884453
SSP2_BaU_NoCC,CAN,CL,2005,49639.564003231804
SSP2_BaU_NoCC,CAN,CL,2010,47249.25708804579
SSP2_BaU_NoCC,CAN,CL,2015,47996.12505252984
SSP2_BaU_NoCC,CAN,CL,2020,46645.979221588546
SSP2_BaU_NoCC,CAN,CL,2025,47295.49177401025
SSP2_BaU_NoCC,CAN,CL,2030,48144.98217800549
SSP2_BaU_NoCC,CAN,CL,2035,49106.34344098071
SSP2_BaU_NoCC,CAN,CL,2040,49868.67465682394
SSP2_BaU_NoCC,CAN,CL,2045,50890.189295301134
SSP2_BaU_NoCC,CAN,CL,2050,51714.63062502448
SSP2_BaU_NoCC,CAN,CL,2060,53428.34446830748
SSP2_BaU_NoCC,CAN,CL,2070,54453.706826746515
SSP2_BaU_NoCC,CAN,CL,2080,54998.36949106736
SSP2_BaU_NoCC,CAN,CL,2090,55557.64673840915
SSP2_BaU_NoCC,CAN,CL,2100,56116.298220922516
SSP2_BaU_NoCC,CAN,CROP_FLW,2005,4661.821410651588
SSP2_BaU_NoCC,CAN,CROP_FLW,2010,2954.148861830017
SSP2_BaU_NoCC,CAN,CROP_FLW,2015,1412.257660567956
SSP2_BaU_NoCC,CAN,CROP_FLW,2020,1394.3121366893301
SSP2_BaU_NoCC,CAN,CROP_FLW,2025,1390.2102670137826
SSP2_BaU_NoCC,CAN,CROP_FLW,2030,1393.424373761032
SSP2_BaU_NoCC,CAN,CROP_FLW,2035,1411.4891804381496
SSP2_BaU_NoCC,CAN,CROP_FLW,2040,1438.1604115385817
SSP2_BaU_NoCC,CAN,CROP_FLW,2045,1453.661931215749
SSP2_BaU_NoCC,CAN,CROP_FLW,2050,1465.8279726054175
SSP2_BaU_NoCC,CAN,CROP_FLW,2060,1489.4968497563978
SSP2_BaU_NoCC,CAN,CROP_FLW,2070,1505.0743655021392
SSP2_BaU_NoCC,CAN,CROP_FLW,2080,1515.7561975882516
SSP2_BaU_NoCC,CAN,CROP_FLW,2090,1522.9146142986322
SSP2_BaU_NoCC,CAN,CROP_FLW,2100,1523.1597968750382
SSP2_BaU_NoCC,CAN,GL,2005,265784.00038912194
SSP2_BaU_NoCC,CAN,GL,2010,253269.77535412755
SSP2_BaU_NoCC,CAN,GL,2015,253634.77379888066
SSP2_BaU_NoCC,CAN,GL,2020,253592.4932775142
SSP2_BaU_NoCC,CAN,GL,2025,253263.03075665736
SSP2_BaU_NoCC,CAN,GL,2030,252991.47264906298
SSP2_BaU_NoCC,CAN,GL,2035,253041.77865944555
SSP2_BaU_NoCC,CAN,GL,2040,253421.33366735297
SSP2_BaU_NoCC,CAN,GL,2045,253428.8717997328
SSP2_BaU_NoCC,CAN,GL,2050,253406.26696371933
SSP2_BaU_NoCC,CAN,GL,2060,253349.0859974787
SSP2_BaU_NoCC,CAN,GL,2070,253314.47978464206
SSP2_BaU_NoCC,CAN,GL,2080,253330.4975968375
SSP2_BaU_NoCC,CAN,GL,2090,253313.58553372533
SSP2_BaU_NoCC,CAN,GL,2100,253254.59532621034
SSP2_BaU_NoCC,CAN,GRO,2005,11785.097853828254
SSP2_BaU_NoCC,CAN,GRO,2010,8059.614094935026
SSP2_BaU_NoCC,CAN,GRO,2015,7634.686435676253
SSP2_BaU_NoCC,CAN,GRO,2020,7350.989792300214
SSP2_BaU_NoCC,CAN,GRO,2025,7201.719530539855
SSP2_BaU_NoCC,CAN,GRO,2030,7225.028641397263
SSP2_BaU_NoCC,CAN,GRO,2035,7217.579364413864
SSP2_BaU_NoCC,CAN,GRO,2040,6920.157124704438
SSP2_BaU_NoCC,CAN,GRO,2045,6688.907842671613
SSP2_BaU_NoCC,CAN,GRO,2050,6407.2084283381355
SSP2_BaU_NoCC,CAN,GRO,2060,5947.026322087455
SSP2_BaU_NoCC,CAN,GRO,2070,5633.38143326487
SSP2_BaU_NoCC,CAN,GRO,2080,5173.849255310829
SSP2_BaU_NoCC,CAN,GRO,2090,4678.724812312314
SSP2_BaU_NoCC,CAN,GRO,2100,4154.305003667612
SSP2_BaU_NoCC,CAN,OL,2005,115168.96411662595
SSP2_BaU_NoCC,CAN,OL,2010,115168.96411662595
SSP2_BaU_NoCC,CAN,OL,2015,115168.96411662595
SSP2_BaU_NoCC,CAN,OL,2020,115168.96411662595
SSP2_BaU_NoCC,CAN,OL,2025,115168.96411662595
SSP2_BaU_NoCC,CAN,OL,2030,115168.96411662595
SSP2_BaU_NoCC,CAN,OL,2035,115168.96411662595
SSP2_BaU_NoCC,CAN,OL,2040,115168.96411662595
SSP2_BaU_NoCC,CAN,OL,2045,115168.96411662595
SSP2_BaU_NoCC,CAN,OL,2050,115168.96411662595
SSP2_BaU_NoCC,CAN,OL,2060,115168.96411662595
SSP2_BaU_NoCC,CAN,OL,2070,115168.96411662595
SSP2_BaU_NoCC,CAN,OL,2080,115168.96411662595
SSP2_BaU_NoCC,CAN,OL,2090,115168.96411662595
SSP2_BaU_NoCC,CAN,OL,2100,115168.96411662595
SSP2_BaU_NoCC,CAN,OTH_A,2005,4288.767011863499
SSP2_BaU_NoCC,CAN,OTH_A,2010,8496.687191455692
SSP2_BaU_NoCC,CAN,OTH_A,2015,7896.549442186164
SSP2_BaU_NoCC,CAN,OTH_A,2020,7523.519059366543
SSP2_BaU_NoCC,CAN,OTH_A,2025,7167.198526236974
SSP2_BaU_NoCC,CAN,OTH_A,2030,6927.200929518023
SSP2_BaU_NoCC,CAN,OTH_A,2035,6745.61048839788
SSP2_BaU_NoCC,CAN,OTH_A,2040,6614.726228311712
SSP2_BaU_NoCC,CAN,OTH_A,2045,6504.18378274381
SSP2_BaU_NoCC,CAN,OTH_A,2050,6327.308751620562
SSP2_BaU_NoCC,CAN,OTH_A,2060,5941.49211410567
SSP2_BaU_NoCC,CAN,OTH_A,2070,5444.4834709264305
SSP2_BaU_NoCC,CAN,OTH_A,2080,4751.151594434931
SSP2_BaU_NoCC,CAN,OTH_A,2090,4046.7483140490294
SSP2_BaU_NoCC,CAN,OTH_A,2100,3551.2666841247924
SSP2_BaU_NoCC,CAN,PAS,2005,14694.108921689829
SSP2_BaU_NoCC,CAN,PAS,2010,14694.108921689829
SSP2_BaU_NoCC,CAN,PAS,2015,14020.351320013202
SSP2_BaU_NoCC,CAN,PAS,2020,15673.914153875672
SSP2_BaU_NoCC,CAN,PAS,2025,16906.483945134816
SSP2_BaU_NoCC,CAN,PAS,2030,17771.240509224648
SSP2_BaU_NoCC,CAN,PAS,2035,16680.168392073443
SSP2_BaU_NoCC,CAN,PAS,2040,13718.835630117354
SSP2_BaU_NoCC,CAN,PAS,2045,12718.971080480615
SSP2_BaU_NoCC,CAN,PAS,2050,12201.475512809533
SSP2_BaU_NoCC,CAN,PAS,2060,11394.502448182728
SSP2_BaU_NoCC,CAN,PAS,2070,10725.428303696484
SSP2_BaU_NoCC,CAN,PAS,2080,9980.76585669554
SSP2_BaU_NoCC,CAN,PAS,2090,9177.69328821478
SSP2_BaU_NoCC,CAN,PAS,2100,8514.35664977568
SSP2_BaU_NoCC,CAN,SL,2005,359.4025084350175
SSP2_BaU_NoCC,CAN,SL,2010,383.49766331710356
SSP2_BaU_NoCC,CAN,SL,2015,415.6138654647125
SSP2_BaU_NoCC,CAN,SL,2020,415.6138654647125
SSP2_BaU_NoCC,CAN,SL,2025,415.6138654647125
SSP2_BaU_NoCC,CAN,SL,2030,415.6138654647125
SSP2_BaU_NoCC,CAN,SL,2035,415.6138654647125
SSP2_BaU_NoCC,CAN,SL,2040,415.6138654647125
SSP2_BaU_NoCC,CAN,SL,2045,415.6138654647125
SSP2_BaU_NoCC,CAN,SL,2050,415.6138654647125
SSP2_BaU_NoCC,CAN,SL,2060,415.6138654647125
SSP2_BaU_NoCC,CAN,SL,2070,415.6138654647125
SSP2_BaU_NoCC,CAN,SL,2080,415.6138654647125
SSP2_BaU_NoCC,CAN,SL,2090,415.6138654647125
SSP2_BaU_NoCC,CAN,SL,2100,415.6138654647125
SSP2_BaU_NoCC,CHN,wht,2005,11494.19678195626
SSP2_BaU_NoCC,CHN,wht,2010,12012.603124707291
SSP2_BaU_NoCC,CHN,wht,2015,11139.814790073884
SSP2_BaU_NoCC,CHN,wht,2020,10104.667899010263
SSP2_BaU_NoCC,CHN,wht,2025,10121.686637231767
SSP2_BaU_NoCC,CHN,wht,2030,10094.618851875754
SSP2_BaU_NoCC,CHN,wht,2035,10098.605731962845
SSP2_BaU_NoCC,CHN,wht,2040,10076.26233330791
SSP2_BaU_NoCC,CHN,wht,2045,10001.037546772051
SSP2_BaU_NoCC,CHN,wht,2050,9847.343673974223
SSP2_BaU_NoCC,CHN,wht,2060,9385.641576686336
SSP2_BaU_NoCC,CHN,wht,2070,8804.872353898001
SSP2_BaU_NoCC,CHN,wht,2080,8176.107026035863
SSP2_BaU_NoCC,CHN,wht,2090,7578.606532838821
SSP2_BaU_NoCC,CHN,wht,2100,7064.277598336495
SSP2_BaU_NoCC,CHN,frs,2005,204672.90926902756
SSP2_BaU_NoCC,CHN,frs,2010,207126.6757103726
SSP2_BaU_NoCC,CHN,frs,2015,207185.91971892424
SSP2_BaU_NoCC,CHN,frs,2020,212086.17252482823
SSP2_BaU_NoCC,CHN,frs,2025,219815.87626665426
SSP2_BaU_NoCC,CHN,frs,2030,220908.52133159077
SSP2_BaU_NoCC,CHN,frs,2035,222019.43797221058
SSP2_BaU_NoCC,CHN,frs,2040,224513.68783498515
SSP2_BaU_NoCC,CHN,frs,2045,228123.66503660858
SSP2_BaU_NoCC,CHN,frs,2050,232286.36052065907
SSP2_BaU_NoCC,CHN,frs,2060,240345.47022273572
SSP2_BaU_NoCC,CHN,frs,2070,248795.4236267343
SSP2_BaU_NoCC,CHN,frs,2080,255348.98554820416
SSP2_BaU_NoCC,CHN,frs,2090,242325.6325572327
SSP2_BaU_NoCC,CHN,frs,2100,215961.64580591567
SSP2_BaU_NoCC,CHN,OSD,2005,23869.06921521067
SSP2_BaU_NoCC,CHN,OSD,2010,21825.033678027343
SSP2_BaU_NoCC,CHN,OSD,2015,17280.06301547583
SSP2_BaU_NoCC,CHN,OSD,2020,18106.609079427864
SSP2_BaU_NoCC,CHN,OSD,2025,19721.133790056185
SSP2_BaU_NoCC,CHN,OSD,2030,21082.276433235693
SSP2_BaU_NoCC,CHN,OSD,2035,22079.63912460733
SSP2_BaU_NoCC,CHN,OSD,2040,23082.175172405274
SSP2_BaU_NoCC,CHN,OSD,2045,24336.65009513899
SSP2_BaU_NoCC,CHN,OSD,2050,25968.89133528989
SSP2_BaU_NoCC,CHN,OSD,2060,29694.925030315007
SSP2_BaU_NoCC,CHN,OSD,2070,33171.004031128374
SSP2_BaU_NoCC,CHN,OSD,2080,37251.392930901
SSP2_BaU_NoCC,CHN,OSD,2090,40130.53613890079
SSP2_BaU_NoCC,CHN,OSD,2100,40006.59509575557
SSP2_BaU_NoCC,CHN,BIO,2025,2657.634846939534
SSP2_BaU_NoCC,CHN,BIO,2030,4973.911180485045
SSP2_BaU_NoCC,CHN,BIO,2035,7307.051194083072
SSP2_BaU_NoCC,CHN,BIO,2040,8284.954095634905
SSP2_BaU_NoCC,CHN,BIO,2045,8796.628657456968
SSP2_BaU_NoCC,CHN,BIO,2050,8939.023399666463
SSP2_BaU_NoCC,CHN,BIO,2060,8997.76870075159
SSP2_BaU_NoCC,CHN,BIO,2070,8795.45186374108
SSP2_BaU_NoCC,CHN,BIO,2080,8463.021374022366
SSP2_BaU_NoCC,CHN,BIO,2090,8021.9014524974145
SSP2_BaU_NoCC,CHN,BIO,2100,7751.867599248228
SSP2_BaU_NoCC,CHN,C_B,2005,1232.9019816940681
SSP2_BaU_NoCC,CHN,C_B,2010,1474.3996196124892
SSP2_BaU_NoCC,CHN,C_B,2015,1112.605558383303
SSP2_BaU_NoCC,CHN,C_B,2020,1150.7493553581762
SSP2_BaU_NoCC,CHN,C_B,2025,1220.113421921722
SSP2_BaU_NoCC,CHN,C_B,2030,1294.4479368408959
SSP2_BaU_NoCC,CHN,C_B,2035,1335.8286280900513
SSP2_BaU_NoCC,CHN,C_B,2040,1354.4316268428397
SSP2_BaU_NoCC,CHN,C_B,2045,1364.7820927946264
SSP2_BaU_NoCC,CHN,C_B,2050,1373.9499761747275
SSP2_BaU_NoCC,CHN,C_B,2060,1374.882313061415
SSP2_BaU_NoCC,CHN,C_B,2070,1305.2366855677894
SSP2_BaU_NoCC,CHN,C_B,2080,1225.8638570845335
SSP2_BaU_NoCC,CHN,C_B,2090,1137.1816874599629
SSP2_BaU_NoCC,CHN,C_B,2100,1032.0987593272089
SSP2_BaU_NoCC,CHN,CL,2005,123099.27562195524
SSP2_BaU_NoCC,CHN,CL,2010,129515.10256676665
SSP2_BaU_NoCC,CHN,CL,2015,128328.55769044478
SSP2_BaU_NoCC,CHN,CL,2020,125056.22478133462
SSP2_BaU_NoCC,CHN,CL,2025,132380.5145207625
SSP2_BaU_NoCC,CHN,CL,2030,138129.08070617754
SSP2_BaU_NoCC,CHN,CL,2035,142698.21535384306
SSP2_BaU_NoCC,CHN,CL,2040,144941.7387298832
SSP2_BaU_NoCC,CHN,CL,2045,146630.6120372932
SSP2_BaU_NoCC,CHN,CL,2050,147577.88826723828
SSP2_BaU_NoCC,CHN,CL,2060,151701.7856692301
SSP2_BaU_NoCC,CHN,CL,2070,155785.28051410444
SSP2_BaU_NoCC,CHN,CL,2080,159640.0330737346
SSP2_BaU_NoCC,CHN,CL,2090,160693.04727034803
SSP2_BaU_NoCC,CHN,CL,2100,154993.4180830227
SSP2_BaU_NoCC,CHN,CROP_FLW,2005,16114.074150771536
SSP2_BaU_NoCC,CHN,CROP_FLW,2010,14688.238143410903
SSP2_BaU_NoCC,CHN,CROP_FLW,2015,13353.451333991627
SSP2_BaU_NoCC,CHN,CROP_FLW,2020,13326.530365065484
SSP2_BaU_NoCC,CHN,CROP_FLW,2025,13974.239632583858
SSP2_BaU_NoCC,CHN,CROP_FLW,2030,14309.613717659942
SSP2_BaU_NoCC,CHN,CROP_FLW,2035,14652.954303448652
SSP2_BaU_NoCC,CHN,CROP_FLW,2040,14919.929609613202
SSP2_BaU_NoCC,CHN,CROP_FLW,2045,15187.408778682875
SSP2_BaU_NoCC,CHN,CROP_FLW,2050,15412.200146797699
SSP2_BaU_NoCC,CHN,CROP_FLW,2060,15991.77451426913
SSP2_BaU_NoCC,CHN,CROP_FLW,2070,16628.399110206305
SSP2_BaU_NoCC,CHN,CROP_FLW,2080,16988.28486179545
SSP2_BaU_NoCC,CHN,CROP_FLW,2090,16779.9705784549
SSP2_BaU_NoCC,CHN,CROP_FLW,2100,15600.843363615195
SSP2_BaU_NoCC,CHN,GL,2005,593282.2442368192
SSP2_BaU_NoCC,CHN,GL,2010,209279.34698790562
SSP2_BaU_NoCC,CHN,GL,2015,209008.2613751491
SSP2_BaU_NoCC,CHN,GL,2020,215662.15899419205
SSP2_BaU_NoCC,CHN,GL,2025,232206.5047919994
SSP2_BaU_NoCC,CHN,GL,2030,245371.94824215505
SSP2_BaU_NoCC,CHN,GL,2035,258708.30606886488
SSP2_BaU_NoCC,CHN,GL,2040,271636.540500596
SSP2_BaU_NoCC,CHN,GL,2045,285134.1127031756
SSP2_BaU_NoCC,CHN,GL,2050,299578.51694266585
SSP2_BaU_NoCC,CHN,GL,2060,327065.8422692946
SSP2_BaU_NoCC,CHN,GL,2070,348035.7231865992
SSP2_BaU_NoCC,CHN,GL,2080,361067.14980321674
SSP2_BaU_NoCC,CHN,GL,2090,362929.5291985505
SSP2_BaU_NoCC,CHN,GL,2100,357085.39769993327
SSP2_BaU_NoCC,CHN,GRO,2005,27739.22440538497
SSP2_BaU_NoCC,CHN,GRO,2010,29578.852579628197
SSP2_BaU_NoCC,CHN,GRO,2015,33686.81744797989
SSP2_BaU_NoCC,CHN,GRO,2020,29952.37722981438
SSP2_BaU_NoCC,CHN,GRO,2025,30334.32945138651
SSP2_BaU_NoCC,CHN,GRO,2030,30649.907731221036
SSP2_BaU_NoCC,CHN,GRO,2035,30570.35700557813
SSP2_BaU_NoCC,CHN,GRO,2040,29969.11947757642
SSP2_BaU_NoCC,CHN,GRO,2045,28852.712039901326
SSP2_BaU_NoCC,CHN,GRO,2050,27198.731892898948
SSP2_BaU_NoCC,CHN,GRO,2060,24766.766664508148
SSP2_BaU_NoCC,CHN,GRO,2070,22339.53692755801
SSP2_BaU_NoCC,CHN,GRO,2080,20029.05734954948
SSP2_BaU_NoCC,CHN,GRO,2090,18557.739745841194
SSP2_BaU_NoCC,CHN,GRO,2100,17680.900573896437
SSP2_BaU_NoCC,CHN,OL,2005,11955.818203643203
SSP2_BaU_NoCC,CHN,OL,2010,11955.818203643203
SSP2_BaU_NoCC,CHN,OL,2015,11955.818203643203
SSP2_BaU_NoCC,CHN,OL,2020,11955.818203643203
SSP2_BaU_NoCC,CHN,OL,2025,11955.818203643203
SSP2_BaU_NoCC,CHN,OL,2030,11955.818203643203
SSP2_BaU_NoCC,CHN,OL,2035,11955.818203643203
SSP2_BaU_NoCC,CHN,OL,2040,11955.818203643203
SSP2_BaU_NoCC,CHN,OL,2045,11955.818203643203
SSP2_BaU_NoCC,CHN,OL,2050,11955.818203643203
SSP2_BaU_NoCC,CHN,OL,2060,11955.818203643203
SSP2_BaU_NoCC,CHN,OL,2070,11955.818203643203
SSP2_BaU_NoCC,CHN,OL,2080,11955.818203643203
SSP2_BaU_NoCC,CHN,OL,2090,11955.818203643203
SSP2_BaU_NoCC,CHN,OL,2100,11955.818203643203
SSP2_BaU_NoCC,CHN,OTH_A,2005,28682.97425677746
SSP2_BaU_NoCC,CHN,OTH_A,2010,35625.77312707826
SSP2_BaU_NoCC,CHN,OTH_A,2015,38370.69164795909
SSP2_BaU_NoCC,CHN,OTH_A,2020,39497.60890086558
SSP2_BaU_NoCC,CHN,OTH_A,2025,41334.61639105381
SSP2_BaU_NoCC,CHN,OTH_A,2030,42782.40028617055
SSP2_BaU_NoCC,CHN,OTH_A,2035,43860.06708660657
SSP2_BaU_NoCC,CHN,OTH_A,2040,44678.264950835975
SSP2_BaU_NoCC,CHN,OTH_A,2045,45757.81170450486
SSP2_BaU_NoCC,CHN,OTH_A,2050,46799.61077324237
SSP2_BaU_NoCC,CHN,OTH_A,2060,49242.59291800221
SSP2_BaU_NoCC,CHN,OTH_A,2070,51707.829573544026
SSP2_BaU_NoCC,CHN,OTH_A,2080,53937.81561092269
SSP2_BaU_NoCC,CHN,OTH_A,2090,54914.07004398287
SSP2_BaU_NoCC,CHN,OTH_A,2100,53336.316634584786
SSP2_BaU_NoCC,CHN,PAS,2005,389929.8297250545
SSP2_BaU_NoCC,CHN,PAS,2010,389929.8297250545
SSP2_BaU_NoCC,CHN,PAS,2015,389755.677568735
SSP2_BaU_NoCC,CHN,PAS,2020,381473.86005289806
SSP2_BaU_NoCC,CHN,PAS,2025,349875.5207738369
SSP2_BaU_NoCC,CHN,PAS,2030,329868.86607333005
SSP2_BaU_NoCC,CHN,PAS,2035,310852.4569583346
SSP2_BaU_NoCC,CHN,PAS,2040,293186.44928778894
SSP2_BaU_NoCC,CHN,PAS,2045,274390.02657617576
SSP2_BaU_NoCC,CHN,PAS,2050,254835.65062268986
SSP2_BaU_NoCC,CHN,PAS,2060,215165.3181919927
SSP2_BaU_NoCC,CHN,PAS,2070,181661.98902581513
SSP2_BaU_NoCC,CHN,PAS,2080,158222.2479280976
SSP2_BaU_NoCC,CHN,PAS,2090,168330.207327122
SSP2_BaU_NoCC,CHN,PAS,2100,206237.95476438146
SSP2_BaU_NoCC,CHN,PDR,2005,13966.834830160276
SSP2_BaU_NoCC,CHN,PDR,2010,14310.202294302162
SSP2_BaU_NoCC,CHN,PDR,2015,13385.113896581139
SSP2_BaU_NoCC,CHN,PDR,2020,12917.681951792849
SSP2_BaU_NoCC,CHN,PDR,2025,13016.760349589093
SSP2_BaU_NoCC,CHN,PDR,2030,12941.90456868862
SSP2_BaU_NoCC,CHN,PDR,2035,12793.712279466388
SSP2_BaU_NoCC,CHN,PDR,2040,12576.601463666651
SSP2_BaU_NoCC,CHN,PDR,2045,12333.581122041513
SSP2_BaU_NoCC,CHN,PDR,2050,12038.13706919398
SSP2_BaU_NoCC,CHN,PDR,2060,12247.433951636312
SSP2_BaU_NoCC,CHN,PDR,2070,13032.949968460864
SSP2_BaU_NoCC,CHN,PDR,2080,13568.490063423234
SSP2_BaU_NoCC,CHN,PDR,2090,13573.041090372084
SSP2_BaU_NoCC,CHN,PDR,2100,12520.518458258754
SSP2_BaU_NoCC,CHN,SL,2005,4743.147689905484
SSP2_BaU_NoCC,CHN,SL,2010,5480.377218526999
SSP2_BaU_NoCC,CHN,SL,2015,6017.645300454836
SSP2_BaU_NoCC,CHN,SL,2020,6017.645300454836
SSP2_BaU_NoCC,CHN,SL,2025,6017.645300454836
SSP2_BaU_NoCC,CHN,SL,2030,6017.645300454836
SSP2_BaU_NoCC,CHN,SL,2035,6017.645300454836
SSP2_BaU_NoCC,CHN,SL,2040,6017.645300454836
SSP2_BaU_NoCC,CHN,SL,2045,6017.645300454836
SSP2_BaU_NoCC,CHN,SL,2050,6017.645300454836
SSP2_BaU_NoCC,CHN,SL,2060,6017.645300454836
SSP2_BaU_NoCC,CHN,SL,2070,6017.645300454836
SSP2_BaU_NoCC,CHN,SL,2080,6017.645300454836
SSP2_BaU_NoCC,CHN,SL,2090,6017.645300454836
SSP2_BaU_NoCC,CHN,SL,2100,6017.645300454836
SSP2_BaU_NoCC,IND,wht,2005,17096.499635343298
SSP2_BaU_NoCC,IND,wht,2010,17206.47013858994
SSP2_BaU_NoCC,IND,wht,2015,18781.999731786782
SSP2_BaU_NoCC,IND,wht,2020,18902.13214178475
SSP2_BaU_NoCC,IND,wht,2025,20168.12666704344
SSP2_BaU_NoCC,IND,wht,2030,21786.271160132885
SSP2_BaU_NoCC,IND,wht,2035,23200.13010906445
SSP2_BaU_NoCC,IND,wht,2040,24261.01714833735
SSP2_BaU_NoCC,IND,wht,2045,24915.956002455427
SSP2_BaU_NoCC,IND,wht,2050,25229.584544915986
SSP2_BaU_NoCC,IND,wht,2060,25975.792849638532
SSP2_BaU_NoCC,IND,wht,2070,25798.625953479852
SSP2_BaU_NoCC,IND,wht,2080,24641.613943659482
SSP2_BaU_NoCC,IND,wht,2090,23674.93906351826
SSP2_BaU_NoCC,IND,wht,2100,23044.66563107517
SSP2_BaU_NoCC,IND,frs,2005,28594.978674857863
SSP2_BaU_NoCC,IND,frs,2010,28614.869136710517
SSP2_BaU_NoCC,IND,frs,2015,28624.66543156523
SSP2_BaU_NoCC,IND,frs,2020,27770.276775296603
SSP2_BaU_NoCC,IND,frs,2025,25618.237007087788
SSP2_BaU_NoCC,IND,frs,2030,24307.29629874237
SSP2_BaU_NoCC,IND,frs,2035,23463.64576878708
SSP2_BaU_NoCC,IND,frs,2040,22861.28649541863
SSP2_BaU_NoCC,IND,frs,2045,22256.00473273973
SSP2_BaU_NoCC,IND,frs,2050,21552.224568661433
SSP2_BaU_NoCC,IND,frs,2060,20379.7954133233
SSP2_BaU_NoCC,IND,frs,2070,19935.60814263798
SSP2_BaU_NoCC,IND,frs,2080,19645.68545903236
SSP2_BaU_NoCC,IND,frs,2090,19821.55213865962
SSP2_BaU_NoCC,IND,frs,2100,20111.090138971904
SSP2_BaU_NoCC,IND,OSD,2005,33151.26173899747
SSP2_BaU_NoCC,IND,OSD,2010,31308.339724060585
SSP2_BaU_NoCC,IND,OSD,2015,31897.788701913814
SSP2_BaU_NoCC,IND,OSD,2020,32693.751416180603
SSP2_BaU_NoCC,IND,OSD,2025,33790.37491544579
SSP2_BaU_NoCC,IND,OSD,2030,34798.200068104605
SSP2_BaU_NoCC,IND,OSD,2035,35732.909648434324
SSP2_BaU_NoCC,IND,OSD,2040,36277.739568215155
SSP2_BaU_NoCC,IND,OSD,2045,36456.78587855062
SSP2_BaU_NoCC,IND,OSD,2050,36507.00705646156
SSP2_BaU_NoCC,IND,OSD,2060,37416.01567269174
SSP2_BaU_NoCC,IND,OSD,2070,40655.899186701776
SSP2_BaU_NoCC,IND,OSD,2080,44275.52643822658
SSP2_BaU_NoCC,IND,OSD,2090,45890.53091304939
SSP2_BaU_NoCC,IND,OSD,2100,46176.330232324326
SSP2_BaU_NoCC,IND,BIO,2025,1307.7992072089635
SSP2_BaU_NoCC,IND,BIO,2030,2496.5109749531534
SSP2_BaU_NoCC,IND,BIO,2035,3913.30320591175
SSP2_BaU_NoCC,IND,BIO,2040,4166.385420042867
SSP2_BaU_NoCC,IND,BIO,2045,4800.954475635633
SSP2_BaU_NoCC,IND,BIO,2050,5440.663616106804
SSP2_BaU_NoCC,IND,BIO,2060,6871.452262761797
SSP2_BaU_NoCC,IND,BIO,2070,8041.6609600706615
SSP2_BaU_NoCC,IND,BIO,2080,9142.024980955446
SSP2_BaU_NoCC,IND,BIO,2090,10028.85165278199
SSP2_BaU_NoCC,IND,BIO,2100,11020.659602758995
SSP2_BaU_NoCC,IND,C_B,2005,3436.061737410412
SSP2_BaU_NoCC,IND,C_B,2010,3655.347629927498
SSP2_BaU_NoCC,IND,C_B,2015,4381.979056543611
SSP2_BaU_NoCC,IND,C_B,2020,4527.690372208206
SSP2_BaU_NoCC,IND,C_B,2025,4654.736462196486
SSP2_BaU_NoCC,IND,C_B,2030,4730.496351278363
SSP2_BaU_NoCC,IND,C_B,2035,4756.2374758648275
SSP2_BaU_NoCC,IND,C_B,2040,4719.856960380335
SSP2_BaU_NoCC,IND,C_B,2045,4602.884557071856
SSP2_BaU_NoCC,IND,C_B,2050,4473.657133126937
SSP2_BaU_NoCC,IND,C_B,2060,4274.953737294846
SSP2_BaU_NoCC,IND,C_B,2070,3996.1596125278434
SSP2_BaU_NoCC,IND,C_B,2080,3815.933796508857
SSP2_BaU_NoCC,IND,C_B,2090,3668.754564630233
SSP2_BaU_NoCC,IND,C_B,2100,3608.004061217829
SSP2_BaU_NoCC,IND,CL,2005,167652.51780091267
SSP2_BaU_NoCC,IND,CL,2010,167217.7599250307
SSP2_BaU_NoCC,IND,CL,2015,167394.6268776302
SSP2_BaU_NoCC,IND,CL,2020,170258.80585544484
SSP2_BaU_NoCC,IND,CL,2025,177821.90484132353
SSP2_BaU_NoCC,IND,CL,2030,185345.86653168232
SSP2_BaU_NoCC,IND,CL,2035,191835.29801071688
SSP2_BaU_NoCC,IND,CL,2040,194917.40326377368
SSP2_BaU_NoCC,IND,CL,2045,196300.33852171025
SSP2_BaU_NoCC,IND,CL,2050,196871.3795518831
SSP2_BaU_NoCC,IND,CL,2060,198468.40516247903
SSP2_BaU_NoCC,IND,CL,2070,198921.2041957941
SSP2_BaU_NoCC,IND,CL,2080,199167.36818015078
SSP2_BaU_NoCC,IND,CL,2090,197873.50794321584
SSP2_BaU_NoCC,IND,CL,2100,196187.0246658276
SSP2_BaU_NoCC,IND,CROP_FLW,2005,25364.169713388197
SSP2_BaU_NoCC,IND,CROP_FLW,2010,26527.147031372533
SSP2_BaU_NoCC,IND,CROP_FLW,2015,25869.081707670866
SSP2_BaU_NoCC,IND,CROP_FLW,2020,25775.946353388423
SSP2_BaU_NoCC,IND,CROP_FLW,2025,25477.794997097568
SSP2_BaU_NoCC,IND,CROP_FLW,2030,25366.14466176582
SSP2_BaU_NoCC,IND,CROP_FLW,2035,25227.110311929493
SSP2_BaU_NoCC,IND,CROP_FLW,2040,25001.949363916443
SSP2_BaU_NoCC,IND,CROP_FLW,2045,24729.469449094522
SSP2_BaU_NoCC,IND,CROP_FLW,2050,24357.833636550487
SSP2_BaU_NoCC,IND,CROP_FLW,2060,23716.335003921045
SSP2_BaU_NoCC,IND,CROP_FLW,2070,23341.665909492418
SSP2_BaU_NoCC,IND,CROP_FLW,2080,23117.899133745406
SSP2_BaU_NoCC,IND,CROP_FLW,2090,23080.983704135262
SSP2_BaU_NoCC,IND,CROP_FLW,2100,23100.786785023723
SSP2_BaU_NoCC,IND,GL,2005,107165.26729068763
SSP2_BaU_NoCC,IND,GL,2010,98231.78319346039
SSP2_BaU_NoCC,IND,GL,2015,98731.59515750995
SSP2_BaU_NoCC,IND,GL,2020,96039.33174376635
SSP2_BaU_NoCC,IND,GL,2025,89068.05327223259
SSP2_BaU_NoCC,IND,GL,2030,84060.75712818734
SSP2_BaU_NoCC,IND,GL,2035,80612.89746029393
SSP2_BaU_NoCC,IND,GL,2040,78704.99548699573
SSP2_BaU_NoCC,IND,GL,2045,77232.65868112918
SSP2_BaU_NoCC,IND,GL,2050,75751.81584408564
SSP2_BaU_NoCC,IND,GL,2060,73101.638297862
SSP2_BaU_NoCC,IND,GL,2070,71979.1415756986
SSP2_BaU_NoCC,IND,GL,2080,71446.79758429487
SSP2_BaU_NoCC,IND,GL,2090,72152.00550143793
SSP2_BaU_NoCC,IND,GL,2100,73182.76482465852
SSP2_BaU_NoCC,IND,GRO,2005,28070.001613517896
SSP2_BaU_NoCC,IND,GRO,2010,25711.744181548966
SSP2_BaU_NoCC,IND,GRO,2015,22492.251284517653
SSP2_BaU_NoCC,IND,GRO,2020,22421.79590917931
SSP2_BaU_NoCC,IND,GRO,2025,23611.933306602452
SSP2_BaU_NoCC,IND,GRO,2030,24631.65014165133
SSP2_BaU_NoCC,IND,GRO,2035,25116.152241129654
SSP2_BaU_NoCC,IND,GRO,2040,25077.53542508684
SSP2_BaU_NoCC,IND,GRO,2045,24846.3726469368
SSP2_BaU_NoCC,IND,GRO,2050,24491.322276662082
SSP2_BaU_NoCC,IND,GRO,2060,23639.821889777842
SSP2_BaU_NoCC,IND,GRO,2070,23034.653186296968
SSP2_BaU_NoCC,IND,GRO,2080,22379.732436468512
SSP2_BaU_NoCC,IND,GRO,2090,22176.26064827189
SSP2_BaU_NoCC,IND,GRO,2100,22706.20382930671
SSP2_BaU_NoCC,IND,OL,2005,5740.687405017012
SSP2_BaU_NoCC,IND,OL,2010,5740.687405017012
SSP2_BaU_NoCC,IND,OL,2015,5740.687405017012
SSP2_BaU_NoCC,IND,OL,2020,5740.687405017012
SSP2_BaU_NoCC,IND,OL,2025,5740.687405017012
SSP2_BaU_NoCC,IND,OL,2030,5740.687405017012
SSP2_BaU_NoCC,IND,OL,2035,5740.687405017012
SSP2_BaU_NoCC,IND,OL,2040,5740.687405017012
SSP2_BaU_NoCC,IND,OL,2045,5740.687405017012
SSP2_BaU_NoCC,IND,OL,2050,5740.687405017012
SSP2_BaU_NoCC,IND,OL,2060,5740.687405017012
SSP2_BaU_NoCC,IND,OL,2070,5740.687405017012
SSP2_BaU_NoCC,IND,OL,2080,5740.687405017012
SSP2_BaU_NoCC,IND,OL,2090,5740.687405017012
SSP2_BaU_NoCC,IND,OL,2100,5740.687405017012
SSP2_BaU_NoCC,IND,OTH_A,2005,32904.64949928932
SSP2_BaU_NoCC,IND,OTH_A,2010,37499.09604215666
SSP2_BaU_NoCC,IND,OTH_A,2015,38617.97228209715
SSP2_BaU_NoCC,IND,OTH_A,2020,39389.777665851136
SSP2_BaU_NoCC,IND,OTH_A,2025,41231.32316670156
SSP2_BaU_NoCC,IND,OTH_A,2030,42924.45336755634
SSP2_BaU_NoCC,IND,OTH_A,2035,44348.19269158268
SSP2_BaU_NoCC,IND,OTH_A,2040,45323.34657383113
SSP2_BaU_NoCC,IND,OTH_A,2045,45622.69963687194
SSP2_BaU_NoCC,IND,OTH_A,2050,45837.20389779495
SSP2_BaU_NoCC,IND,OTH_A,2060,45941.519643771535
SSP2_BaU_NoCC,IND,OTH_A,2070,44804.71656164958
SSP2_BaU_NoCC,IND,OTH_A,2080,43752.878624402896
SSP2_BaU_NoCC,IND,OTH_A,2090,42185.997173764765
SSP2_BaU_NoCC,IND,OTH_A,2100,39302.37567012058
SSP2_BaU_NoCC,IND,PAS,2005,10524.52094727427
SSP2_BaU_NoCC,IND,PAS,2010,10524.52094727427
SSP2_BaU_NoCC,IND,PAS,2015,10432.334089296195
SSP2_BaU_NoCC,IND,PAS,2020,11114.807181493754
SSP2_BaU_NoCC,IND,PAS,2025,12675.026435357731
SSP2_BaU_NoCC,IND,PAS,2030,11469.301597389496
SSP2_BaU_NoCC,IND,PAS,2035,9271.38031620364
SSP2_BaU_NoCC,IND,PAS,2040,8699.53630981354
SSP2_BaU_NoCC,IND,PAS,2045,9394.219620422431
SSP2_BaU_NoCC,IND,PAS,2050,11007.80159137144
SSP2_BaU_NoCC,IND,PAS,2060,13233.382682337202
SSP2_BaU_NoCC,IND,PAS,2070,14347.267641870852
SSP2_BaU_NoCC,IND,PAS,2080,14923.370332523584
SSP2_BaU_NoCC,IND,PAS,2090,15336.155972688122
SSP2_BaU_NoCC,IND,PAS,2100,15702.34192654347
SSP2_BaU_NoCC,IND,PDR,2005,27629.87386296609
SSP2_BaU_NoCC,IND,PDR,2010,25309.61517737452
SSP2_BaU_NoCC,IND,PDR,2015,25353.554113100297
SSP2_BaU_NoCC,IND,PDR,2020,26547.711996852384
SSP2_BaU_NoCC,IND,PDR,2025,27579.816119027266
SSP2_BaU_NoCC,IND,PDR,2030,28612.13980623978
SSP2_BaU_NoCC,IND,PDR,2035,29541.26232679969
SSP2_BaU_NoCC,IND,PDR,2040,30089.572803963558
SSP2_BaU_NoCC,IND,PDR,2045,30325.215875093458
SSP2_BaU_NoCC,IND,PDR,2050,30534.107390264242
SSP2_BaU_NoCC,IND,PDR,2060,30632.514102621684
SSP2_BaU_NoCC,IND,PDR,2070,29247.822825574964
SSP2_BaU_NoCC,IND,PDR,2080,28041.75882618354
SSP2_BaU_NoCC,IND,PDR,2090,27167.19022306403
SSP2_BaU_NoCC,IND,PDR,2100,27227.99885400029
SSP2_BaU_NoCC,IND,SL,2005,1971.1730133927865
SSP2_BaU_NoCC,IND,SL,2010,2153.5303626925784
SSP2_BaU_NoCC,IND,SL,2015,2452.037535072839
SSP2_BaU_NoCC,IND,SL,2020,2452.037535072839
SSP2_BaU_NoCC,IND,SL,2025,2452.037535072839
SSP2_BaU_NoCC,IND,SL,2030,2452.037535072839
SSP2_BaU_NoCC,IND,SL,2035,2452.037535072839
SSP2_BaU_NoCC,IND,SL,2040,2452.037535072839
SSP2_BaU_NoCC,IND,SL,2045,2452.037535072839
SSP2_BaU_NoCC,IND,SL,2050,2452.037535072839
SSP2_BaU_NoCC,IND,SL,2060,2452.037535072839
SSP2_BaU_NoCC,IND,SL,2070,2452.037535072839
SSP2_BaU_NoCC,IND,SL,2080,2452.037535072839
SSP2_BaU_NoCC,IND,SL,2090,2452.037535072839
SSP2_BaU_NoCC,IND,SL,2100,2452.037535072839
SSP2_BaU_NoCC,JPN,wht,2005,297.9629054809177
SSP2_BaU_NoCC,JPN,wht,2010,293.8476827601612
SSP2_BaU_NoCC,JPN,wht,2015,304.7103605831716
SSP2_BaU_NoCC,JPN,wht,2020,290.8617027438667
SSP2_BaU_NoCC,JPN,wht,2025,277.27090511436165
SSP2_BaU_NoCC,JPN,wht,2030,255.51588213554518
SSP2_BaU_NoCC,JPN,wht,2035,229.20586698734365
SSP2_BaU_NoCC,JPN,wht,2040,204.63248458246395
SSP2_BaU_NoCC,JPN,wht,2045,188.32984499709175
SSP2_BaU_NoCC,JPN,wht,2050,177.81036206287928
SSP2_BaU_NoCC,JPN,wht,2060,167.31853558235395
SSP2_BaU_NoCC,JPN,wht,2070,164.09862847840222
SSP2_BaU_NoCC,JPN,wht,2080,159.01224015399563
SSP2_BaU_NoCC,JPN,wht,2090,149.43839756020913
SSP2_BaU_NoCC,JPN,wht,2100,138.36168576139343
SSP2_BaU_NoCC,JPN,frs,2005,27650.639890566974
SSP2_BaU_NoCC,JPN,frs,2010,27711.78448180973
SSP2_BaU_NoCC,JPN,frs,2015,27766.376849985492
SSP2_BaU_NoCC,JPN,frs,2020,27777.76798806644
SSP2_BaU_NoCC,JPN,frs,2025,27698.025544358094
SSP2_BaU_NoCC,JPN,frs,2030,27765.837332495368
SSP2_BaU_NoCC,JPN,frs,2035,27827.98454327177
SSP2_BaU_NoCC,JPN,frs,2040,27967.08798911901
SSP2_BaU_NoCC,JPN,frs,2045,28145.700351051535
SSP2_BaU_NoCC,JPN,frs,2050,28276.18526297744
SSP2_BaU_NoCC,JPN,frs,2060,28593.584694033347
SSP2_BaU_NoCC,JPN,frs,2070,28930.98729840071
SSP2_BaU_NoCC,JPN,frs,2080,29147.221463354763
SSP2_BaU_NoCC,JPN,frs,2090,29243.92015004783
SSP2_BaU_NoCC,JPN,frs,2100,29461.659321082174
SSP2_BaU_NoCC,JPN,OSD,2005,200.64144393920782
SSP2_BaU_NoCC,JPN,OSD,2010,208.30665532752147
SSP2_BaU_NoCC,JPN,OSD,2015,214.99167680080384
SSP2_BaU_NoCC,JPN,OSD,2020,213.07811313974454
SSP2_BaU_NoCC,JPN,OSD,2025,204.10291678407827
SSP2_BaU_NoCC,JPN,OSD,2030,192.27833557321952
SSP2_BaU_NoCC,JPN,OSD,2035,180.89128078997302
SSP2_BaU_NoCC,JPN,OSD,2040,170.23492244809526
SSP2_BaU_NoCC,JPN,OSD,2045,164.5802875595533
SSP2_BaU_NoCC,JPN,OSD,2050,162.60412214434436
SSP2_BaU_NoCC,JPN,OSD,2060,162.5302098646696
SSP2_BaU_NoCC,JPN,OSD,2070,160.67202813460284
SSP2_BaU_NoCC,JPN,OSD,2080,155.63302274315583
SSP2_BaU_NoCC,JPN,OSD,2090,148.16088314190418
SSP2_BaU_NoCC,JPN,OSD,2100,139.17974084466888
SSP2_BaU_NoCC,JPN,BIO,2025,234.83398741663032
SSP2_BaU_NoCC,JPN,BIO,2030,359.124804822345
SSP2_BaU_NoCC,JPN,BIO,2035,506.13991279168465
SSP2_BaU_NoCC,JPN,BIO,2040,589.6988810268936
SSP2_BaU_NoCC,JPN,BIO,2045,554.4047258444027
SSP2_BaU_NoCC,JPN,BIO,2050,510.59224699857026
SSP2_BaU_NoCC,JPN,BIO,2060,372.5912606729795
SSP2_BaU_NoCC,JPN,BIO,2070,230.9228115095301
SSP2_BaU_NoCC,JPN,BIO,2080,148.8582974877359
SSP2_BaU_NoCC,JPN,BIO,2090,104.40295413384518
SSP2_BaU_NoCC,JPN,BIO,2100,84.78003188758952
SSP2_BaU_NoCC,JPN,C_B,2005,123.93023890728568
SSP2_BaU_NoCC,JPN,C_B,2010,121.85660309725392
SSP2_BaU_NoCC,JPN,C_B,2015,117.53726740858555
SSP2_BaU_NoCC,JPN,C_B,2020,119.5508372549593
SSP2_BaU_NoCC,JPN,C_B,2025,119.33112858899473
SSP2_BaU_NoCC,JPN,C_B,2030,117.91635779281731
SSP2_BaU_NoCC,JPN,C_B,2035,114.77069535948787
SSP2_BaU_NoCC,JPN,C_B,2040,109.99375536277304
SSP2_BaU_NoCC,JPN,C_B,2045,105.58402730199228
SSP2_BaU_NoCC,JPN,C_B,2050,101.92424671776999
SSP2_BaU_NoCC,JPN,C_B,2060,97.4084931197776
SSP2_BaU_NoCC,JPN,C_B,2070,95.1629384114721
SSP2_BaU_NoCC,JPN,C_B,2080,93.16486084874248
SSP2_BaU_NoCC,JPN,C_B,2090,90.15449050582137
SSP2_BaU_NoCC,JPN,C_B,2100,83.59105242640055
SSP2_BaU_NoCC,JPN,CL,2005,3985.140896103735
SSP2_BaU_NoCC,JPN,CL,2010,3901.0450966312137
SSP2_BaU_NoCC,JPN,CL,2015,3818.6702689945196
SSP2_BaU_NoCC,JPN,CL,2020,3778.776539643673
SSP2_BaU_NoCC,JPN,CL,2025,3852.208146095546
SSP2_BaU_NoCC,JPN,CL,2030,3788.180071750752
SSP2_BaU_NoCC,JPN,CL,2035,3744.973001189922
SSP2_BaU_NoCC,JPN,CL,2040,3641.8135322416665
SSP2_BaU_NoCC,JPN,CL,2045,3517.165009393588
SSP2_BaU_NoCC,JPN,CL,2050,3438.699862719649
SSP2_BaU_NoCC,JPN,CL,2060,3142.3236098050593
SSP2_BaU_NoCC,JPN,CL,2070,2780.566648694537
SSP2_BaU_NoCC,JPN,CL,2080,2472.6104893124498
SSP2_BaU_NoCC,JPN,CL,2090,2222.7906445489803
SSP2_BaU_NoCC,JPN,CL,2100,2011.5075232732443
SSP2_BaU_NoCC,JPN,GL,2005,1884.0338554244445
SSP2_BaU_NoCC,JPN,GL,2010,1879.4002326338154
SSP2_BaU_NoCC,JPN,GL,2015,1882.7645669026374
SSP2_BaU_NoCC,JPN,GL,2020,1883.5369698442018
SSP2_BaU_NoCC,JPN,GL,2025,1878.1298456701174
SSP2_BaU_NoCC,JPN,GL,2030,1882.7279836487583
SSP2_BaU_NoCC,JPN,GL,2035,1886.9420216204312
SSP2_BaU_NoCC,JPN,GL,2040,1896.3742583285255
SSP2_BaU_NoCC,JPN,GL,2045,1908.485490127843
SSP2_BaU_NoCC,JPN,GL,2050,1917.3333268483775
SSP2_BaU_NoCC,JPN,GL,2060,1938.8553426870199
SSP2_BaU_NoCC,JPN,GL,2070,1961.7337207957526
SSP2_BaU_NoCC,JPN,GL,2080,1976.3959875412074
SSP2_BaU_NoCC,JPN,GL,2090,1982.9528696996315
SSP2_BaU_NoCC,JPN,GL,2100,1997.7171869263648
SSP2_BaU_NoCC,JPN,GRO,2005,357.9895215354364
SSP2_BaU_NoCC,JPN,GRO,2010,361.4610545975851
SSP2_BaU_NoCC,JPN,GRO,2015,364.43558932577236
SSP2_BaU_NoCC,JPN,GRO,2020,344.08572850189455
SSP2_BaU_NoCC,JPN,GRO,2025,321.85964973391367
SSP2_BaU_NoCC,JPN,GRO,2030,300.2909108703258
SSP2_BaU_NoCC,JPN,GRO,2035,281.2976782024922
SSP2_BaU_NoCC,JPN,GRO,2040,263.7667608516347
SSP2_BaU_NoCC,JPN,GRO,2045,252.03067262600246
SSP2_BaU_NoCC,JPN,GRO,2050,238.37786773204982
SSP2_BaU_NoCC,JPN,GRO,2060,206.7293244292913
SSP2_BaU_NoCC,JPN,GRO,2070,181.3081865063243
SSP2_BaU_NoCC,JPN,GRO,2080,159.60319449499562
SSP2_BaU_NoCC,JPN,GRO,2090,142.63854573201039
SSP2_BaU_NoCC,JPN,GRO,2100,128.5279504869824
SSP2_BaU_NoCC,JPN,OL,2005,2433.048555426306
SSP2_BaU_NoCC,JPN,OL,2010,2433.048555426306
SSP2_BaU_NoCC,JPN,OL,2015,2433.048555426306
SSP2_BaU_NoCC,JPN,OL,2020,2433.048555426306
SSP2_BaU_NoCC,JPN,OL,2025,2433.048555426306
SSP2_BaU_NoCC,JPN,OL,2030,2433.048555426306
SSP2_BaU_NoCC,JPN,OL,2035,2433.048555426306
SSP2_BaU_NoCC,JPN,OL,2040,2433.048555426306
SSP2_BaU_NoCC,JPN,OL,2045,2433.048555426306
SSP2_BaU_NoCC,JPN,OL,2050,2433.048555426306
SSP2_BaU_NoCC,JPN,OL,2060,2433.048555426306
SSP2_BaU_NoCC,JPN,OL,2070,2433.048555426306
SSP2_BaU_NoCC,JPN,OL,2080,2433.048555426306
SSP2_BaU_NoCC,JPN,OL,2090,2433.048555426306
SSP2_BaU_NoCC,JPN,OL,2100,2433.048555426306
SSP2_BaU_NoCC,JPN,OTH_A,2005,1067.0770384832892
SSP2_BaU_NoCC,JPN,OTH_A,2010,1016.6533322647258
SSP2_BaU_NoCC,JPN,OTH_A,2015,968.0037602001682
SSP2_BaU_NoCC,JPN,OTH_A,2020,917.563079249972
SSP2_BaU_NoCC,JPN,OTH_A,2025,846.0473910655354
SSP2_BaU_NoCC,JPN,OTH_A,2030,771.0321529826914
SSP2_BaU_NoCC,JPN,OTH_A,2035,702.4470560536607
SSP2_BaU_NoCC,JPN,OTH_A,2040,643.8274295556286
SSP2_BaU_NoCC,JPN,OTH_A,2045,603.034398199251
SSP2_BaU_NoCC,JPN,OTH_A,2050,569.0226061768454
SSP2_BaU_NoCC,JPN,OTH_A,2060,515.679901961251
SSP2_BaU_NoCC,JPN,OTH_A,2070,449.54617294075405
SSP2_BaU_NoCC,JPN,OTH_A,2080,376.88337171574847
SSP2_BaU_NoCC,JPN,OTH_A,2090,311.0152843110169
SSP2_BaU_NoCC,JPN,OTH_A,2100,261.31584331089806
SSP2_BaU_NoCC,JPN,PAS,2005,360.0
SSP2_BaU_NoCC,JPN,PAS,2010,360.0
SSP2_BaU_NoCC,JPN,PAS,2015,350.0000026458676
SSP2_BaU_NoCC,JPN,PAS,2020,377.7301909741914
SSP2_BaU_NoCC,JPN,PAS,2025,389.44815240473656
SSP2_BaU_NoCC,JPN,PAS,2030,381.06630063362127
SSP2_BaU_NoCC,JPN,PAS,2035,357.9121224463787
SSP2_BaU_NoCC,JPN,PAS,2040,312.53590883931975
SSP2_BaU_NoCC,JPN,PAS,2045,246.46083795554182
SSP2_BaU_NoCC,JPN,PAS,2050,185.59323598303627
SSP2_BaU_NoCC,JPN,PAS,2060,143.04804200310573
SSP2_BaU_NoCC,JPN,PAS,2070,144.52402063753726
SSP2_BaU_NoCC,JPN,PAS,2080,221.58374832009522
SSP2_BaU_NoCC,JPN,PAS,2090,368.14802423205373
SSP2_BaU_NoCC,JPN,PAS,2100,346.9276572467215
SSP2_BaU_NoCC,JPN,PDR,2005,1937.5397477575978
SSP2_BaU_NoCC,JPN,PDR,2010,1898.9197685839663
SSP2_BaU_NoCC,JPN,PDR,2015,1848.9916146760181
SSP2_BaU_NoCC,JPN,PDR,2020,1893.6370787532353
SSP2_BaU_NoCC,JPN,PDR,2025,1848.7621673920323
SSP2_BaU_NoCC,JPN,PDR,2030,1792.0216275738082
SSP2_BaU_NoCC,JPN,PDR,2035,1730.2205110052819
SSP2_BaU_NoCC,JPN,PDR,2040,1659.6592984141787
SSP2_BaU_NoCC,JPN,PDR,2045,1649.2010528652954
SSP2_BaU_NoCC,JPN,PDR,2050,1678.3684108871894
SSP2_BaU_NoCC,JPN,PDR,2060,1620.0658841747363
SSP2_BaU_NoCC,JPN,PDR,2070,1498.8558827134482
SSP2_BaU_NoCC,JPN,PDR,2080,1379.455501868072
SSP2_BaU_NoCC,JPN,PDR,2090,1276.9800891641685
SSP2_BaU_NoCC,JPN,PDR,2100,1175.751218555311
SSP2_BaU_NoCC,JPN,SL,2005,1084.6402256463732
SSP2_BaU_NoCC,JPN,SL,2010,1101.0993845257772
SSP2_BaU_NoCC,JPN,SL,2015,1136.5644601286824
SSP2_BaU_NoCC,JPN,SL,2020,1136.5644601286824
SSP2_BaU_NoCC,JPN,SL,2025,1136.5644601286824
SSP2_BaU_NoCC,JPN,SL,2030,1136.5644601286824
SSP2_BaU_NoCC,JPN,SL,2035,1136.5644601286824
SSP2_BaU_NoCC,JPN,SL,2040,1136.5644601286824
SSP2_BaU_NoCC,JPN,SL,2045,1136.5644601286824
SSP2_BaU_NoCC,JPN,SL,2050,1136.5644601286824
SSP2_BaU_NoCC,JPN,SL,2060,1136.5644601286824
SSP2_BaU_NoCC,JPN,SL,2070,1136.5644601286824
SSP2_BaU_NoCC,JPN,SL,2080,1136.5644601286824
SSP2_BaU_NoCC,JPN,SL,2090,1136.5644601286824
SSP2_BaU_NoCC,JPN,SL,2100,1136.5644601286824
SSP2_BaU_NoCC,TUR,wht,2005,9281.444491010485
SSP2_BaU_NoCC,TUR,wht,2010,8348.97425407733
SSP2_BaU_NoCC,TUR,wht,2015,8089.132416712969
SSP2_BaU_NoCC,TUR,wht,2020,7638.787237598412
SSP2_BaU_NoCC,TUR,wht,2025,7808.177387439355
SSP2_BaU_NoCC,TUR,wht,2030,8143.056357247506
SSP2_BaU_NoCC,TUR,wht,2035,8393.29327196624
SSP2_BaU_NoCC,TUR,wht,2040,8529.759754176604
SSP2_BaU_NoCC,TUR,wht,2045,8629.536388228953
SSP2_BaU_NoCC,TUR,wht,2050,8677.80052097741
SSP2_BaU_NoCC,TUR,wht,2060,8735.135319753432
SSP2_BaU_NoCC,TUR,wht,2070,8811.492115408602
SSP2_BaU_NoCC,TUR,wht,2080,8800.461570259959
SSP2_BaU_NoCC,TUR,wht,2090,8660.190448445892
SSP2_BaU_NoCC,TUR,wht,2100,8406.531567126047
SSP2_BaU_NoCC,TUR,frs,2005,2153.994155001261
SSP2_BaU_NoCC,TUR,frs,2010,2275.109094465451
SSP2_BaU_NoCC,TUR,frs,2015,2353.7328283753254
SSP2_BaU_NoCC,TUR,frs,2020,2405.7618124729033
SSP2_BaU_NoCC,TUR,frs,2025,2419.5993449198827
SSP2_BaU_NoCC,TUR,frs,2030,2378.58919078337
SSP2_BaU_NoCC,TUR,frs,2035,2345.469120095836
SSP2_BaU_NoCC,TUR,frs,2040,2348.3700803570014
SSP2_BaU_NoCC,TUR,frs,2045,2357.6408661013593
SSP2_BaU_NoCC,TUR,frs,2050,2370.7714813911034
SSP2_BaU_NoCC,TUR,frs,2060,2417.2422586661346
SSP2_BaU_NoCC,TUR,frs,2070,2468.8552901530325
SSP2_BaU_NoCC,TUR,frs,2080,2537.1174836439322
SSP2_BaU_NoCC,TUR,frs,2090,2613.6159938666706
SSP2_BaU_NoCC,TUR,frs,2100,2697.119203559722
SSP2_BaU_NoCC,TUR,OSD,2005,1888.7150083339307
SSP2_BaU_NoCC,TUR,OSD,2010,2159.1152547563715
SSP2_BaU_NoCC,TUR,OSD,2015,2265.785234014164
SSP2_BaU_NoCC,TUR,OSD,2020,2269.4208732771526
SSP2_BaU_NoCC,TUR,OSD,2025,2348.201516760434
SSP2_BaU_NoCC,TUR,OSD,2030,2496.611853267787
SSP2_BaU_NoCC,TUR,OSD,2035,2688.1117436019194
SSP2_BaU_NoCC,TUR,OSD,2040,2876.814856019761
SSP2_BaU_NoCC,TUR,OSD,2045,3042.4432360064766
SSP2_BaU_NoCC,TUR,OSD,2050,3183.8577074448176
SSP2_BaU_NoCC,TUR,OSD,2060,3413.784968702035
SSP2_BaU_NoCC,TUR,OSD,2070,3483.53085747348
SSP2_BaU_NoCC,TUR,OSD,2080,3496.5458736703627
SSP2_BaU_NoCC,TUR,OSD,2090,3519.4637671205264
SSP2_BaU_NoCC,TUR,OSD,2100,3487.6201686038335
SSP2_BaU_NoCC,TUR,BIO,2025,88.42713735663492
SSP2_BaU_NoCC,TUR,BIO,2030,139.08058416227342
SSP2_BaU_NoCC,TUR,BIO,2035,205.65038632589378
SSP2_BaU_NoCC,TUR,BIO,2040,278.85819401125855
SSP2_BaU_NoCC,TUR,BIO,2045,279.7591476284732
SSP2_BaU_NoCC,TUR,BIO,2050,266.45145602785374
SSP2_BaU_NoCC,TUR,BIO,2060,198.12809824845442
SSP2_BaU_NoCC,TUR,BIO,2070,118.23248846071321
SSP2_BaU_NoCC,TUR,BIO,2080,74.2901322469663
SSP2_BaU_NoCC,TUR,BIO,2090,51.367617965618805
SSP2_BaU_NoCC,TUR,BIO,2100,41.4651573412804
SSP2_BaU_NoCC,TUR,C_B,2005,337.6501415484063
SSP2_BaU_NoCC,TUR,C_B,2010,340.30446685651606
SSP2_BaU_NoCC,TUR,C_B,2015,282.46413687369204
SSP2_BaU_NoCC,TUR,C_B,2020,281.4229893729607
SSP2_BaU_NoCC,TUR,C_B,2025,291.69059203734275
SSP2_BaU_NoCC,TUR,C_B,2030,308.8937491538831
SSP2_BaU_NoCC,TUR,C_B,2035,328.99244890747224
SSP2_BaU_NoCC,TUR,C_B,2040,348.5502411865502
SSP2_BaU_NoCC,TUR,C_B,2045,355.2554604918189
SSP2_BaU_NoCC,TUR,C_B,2050,356.3231384776709
SSP2_BaU_NoCC,TUR,C_B,2060,351.08571254193464
SSP2_BaU_NoCC,TUR,C_B,2070,338.56408368137886
SSP2_BaU_NoCC,TUR,C_B,2080,324.88290184920015
SSP2_BaU_NoCC,TUR,C_B,2090,313.01724738668236
SSP2_BaU_NoCC,TUR,C_B,2100,299.6268931291518
SSP2_BaU_NoCC,TUR,CL,2005,25113.59688057811
SSP2_BaU_NoCC,TUR,CL,2010,23026.61790204099
SSP2_BaU_NoCC,TUR,CL,2015,22591.476537600953
SSP2_BaU_NoCC,TUR,CL,2020,21662.001526741242
SSP2_BaU_NoCC,TUR,CL,2025,22025.185350165037
SSP2_BaU_NoCC,TUR,CL,2030,22741.79291033972
SSP2_BaU_NoCC,TUR,CL,2035,23347.59580508104
SSP2_BaU_NoCC,TUR,CL,2040,23753.317171472198
SSP2_BaU_NoCC,TUR,CL,2045,23913.588733076525
SSP2_BaU_NoCC,TUR,CL,2050,23866.51477945939
SSP2_BaU_NoCC,TUR,CL,2060,23475.865857455625
SSP2_BaU_NoCC,TUR,CL,2070,22870.23042544422
SSP2_BaU_NoCC,TUR,CL,2080,22119.850659319614
SSP2_BaU_NoCC,TUR,CL,2090,21251.75503480893
SSP2_BaU_NoCC,TUR,CL,2100,20282.188136440232
SSP2_BaU_NoCC,TUR,CROP_FLW,2005,4602.491858592003
SSP2_BaU_NoCC,TUR,CROP_FLW,2010,4010.661999006855
SSP2_BaU_NoCC,TUR,CROP_FLW,2015,3883.2345123715922
SSP2_BaU_NoCC,TUR,CROP_FLW,2020,3830.6292199556883
SSP2_BaU_NoCC,TUR,CROP_FLW,2025,3875.7679233052627
SSP2_BaU_NoCC,TUR,CROP_FLW,2030,3912.132656525425
SSP2_BaU_NoCC,TUR,CROP_FLW,2035,3943.004832693994
SSP2_BaU_NoCC,TUR,CROP_FLW,2040,3979.931166588216
SSP2_BaU_NoCC,TUR,CROP_FLW,2045,3998.903093258114
SSP2_BaU_NoCC,TUR,CROP_FLW,2050,4001.754696367704
SSP2_BaU_NoCC,TUR,CROP_FLW,2060,3996.586947408668
SSP2_BaU_NoCC,TUR,CROP_FLW,2070,3978.3852352295476
SSP2_BaU_NoCC,TUR,CROP_FLW,2080,3954.1818001199085
SSP2_BaU_NoCC,TUR,CROP_FLW,2090,3921.644700816305
SSP2_BaU_NoCC,TUR,CROP_FLW,2100,3877.983276845887
SSP2_BaU_NoCC,TUR,GL,2005,47609.915497759044
SSP2_BaU_NoCC,TUR,GL,2010,35679.81137200144
SSP2_BaU_NoCC,TUR,GL,2015,36620.19613621618
SSP2_BaU_NoCC,TUR,GL,2020,37494.549342424376
SSP2_BaU_NoCC,TUR,GL,2025,37661.52282605552
SSP2_BaU_NoCC,TUR,GL,2030,36872.39757403543
SSP2_BaU_NoCC,TUR,GL,2035,36266.79332027584
SSP2_BaU_NoCC,TUR,GL,2040,36183.751055340574
SSP2_BaU_NoCC,TUR,GL,2045,36210.60085724061
SSP2_BaU_NoCC,TUR,GL,2050,36312.927884765835
SSP2_BaU_NoCC,TUR,GL,2060,36885.11553635694
SSP2_BaU_NoCC,TUR,GL,2070,37675.58121123002
SSP2_BaU_NoCC,TUR,GL,2080,38759.58275074017
SSP2_BaU_NoCC,TUR,GL,2090,40051.17359071844
SSP2_BaU_NoCC,TUR,GL,2100,41486.736781714826
SSP2_BaU_NoCC,TUR,GRO,2005,4713.669673092744
SSP2_BaU_NoCC,TUR,GRO,2010,4139.946302865303
SSP2_BaU_NoCC,TUR,GRO,2015,3990.497738435078
SSP2_BaU_NoCC,TUR,GRO,2020,3800.3393416801146
SSP2_BaU_NoCC,TUR,GRO,2025,3832.164658369464
SSP2_BaU_NoCC,TUR,GRO,2030,3916.6025248711603
SSP2_BaU_NoCC,TUR,GRO,2035,3918.4814729980353
SSP2_BaU_NoCC,TUR,GRO,2040,3839.4165085908476
SSP2_BaU_NoCC,TUR,GRO,2045,3706.910310891752
SSP2_BaU_NoCC,TUR,GRO,2050,3525.6686571716973
SSP2_BaU_NoCC,TUR,GRO,2060,3136.181297588002
SSP2_BaU_NoCC,TUR,GRO,2070,2756.420738196179
SSP2_BaU_NoCC,TUR,GRO,2080,2450.170646282816
SSP2_BaU_NoCC,TUR,GRO,2090,2152.6787884193873
SSP2_BaU_NoCC,TUR,GRO,2100,1878.4681569052782
SSP2_BaU_NoCC,TUR,OL,2005,2452.209011406934
SSP2_BaU_NoCC,TUR,OL,2010,2452.209011406934
SSP2_BaU_NoCC,TUR,OL,2015,2452.209011406934
SSP2_BaU_NoCC,TUR,OL,2020,2452.209011406934
SSP2_BaU_NoCC,TUR,OL,2025,2452.209011406934
SSP2_BaU_NoCC,TUR,OL,2030,2452.209011406934
SSP2_BaU_NoCC,TUR,OL,2035,2452.209011406934
SSP2_BaU_NoCC,TUR,OL,2040,2452.209011406934
SSP2_BaU_NoCC,TUR,OL,2045,2452.209011406934
SSP2_BaU_NoCC,TUR,OL,2050,2452.209011406934
SSP2_BaU_NoCC,TUR,OL,2060,2452.209011406934
SSP2_BaU_NoCC,TUR,OL,2070,2452.209011406934
SSP2_BaU_NoCC,TUR,OL,2080,2452.209011406934
SSP2_BaU_NoCC,TUR,OL,2090,2452.209011406934
SSP2_BaU_NoCC,TUR,OL,2100,2452.209011406934
SSP2_BaU_NoCC,TUR,OTH_A,2005,4204.186806986301
SSP2_BaU_NoCC,TUR,OTH_A,2010,3925.140439960933
SSP2_BaU_NoCC,TUR,OTH_A,2015,3960.9236671889976
SSP2_BaU_NoCC,TUR,OTH_A,2020,3717.343702643296
SSP2_BaU_NoCC,TUR,OTH_A,2025,3648.0646778755554
SSP2_BaU_NoCC,TUR,OTH_A,2030,3676.886690151512
SSP2_BaU_NoCC,TUR,OTH_A,2035,3722.9098176518823
SSP2_BaU_NoCC,TUR,OTH_A,2040,3756.6237205922953
SSP2_BaU_NoCC,TUR,OTH_A,2045,3761.426114273813
SSP2_BaU_NoCC,TUR,OTH_A,2050,3719.66147935745
SSP2_BaU_NoCC,TUR,OTH_A,2060,3520.0859386754687
SSP2_BaU_NoCC,TUR,OTH_A,2070,3268.671242881893
SSP2_BaU_NoCC,TUR,OTH_A,2080,2913.157664057373
SSP2_BaU_NoCC,TUR,OTH_A,2090,2535.6049658866955
SSP2_BaU_NoCC,TUR,OTH_A,2100,2200.823706507118
SSP2_BaU_NoCC,TUR,PAS,2005,14408.980918336745
SSP2_BaU_NoCC,TUR,PAS,2010,14408.980918336745
SSP2_BaU_NoCC,TUR,PAS,2015,14405.188554176955
SSP2_BaU_NoCC,TUR,PAS,2020,14408.281374730914
SSP2_BaU_NoCC,TUR,PAS,2025,13864.286535228963
SSP2_BaU_NoCC,TUR,PAS,2030,13977.81438121089
SSP2_BaU_NoCC,TUR,PAS,2035,14010.735810916698
SSP2_BaU_NoCC,TUR,PAS,2040,13685.155749199654
SSP2_BaU_NoCC,TUR,PAS,2045,13488.763599950911
SSP2_BaU_NoCC,TUR,PAS,2050,13420.37991075309
SSP2_BaU_NoCC,TUR,PAS,2060,13192.370403890698
SSP2_BaU_NoCC,TUR,PAS,2070,12955.927129542131
SSP2_BaU_NoCC,TUR,PAS,2080,12554.043162665705
SSP2_BaU_NoCC,TUR,PAS,2090,12054.049436975383
SSP2_BaU_NoCC,TUR,PAS,2100,11504.54993465464
SSP2_BaU_NoCC,TUR,PDR,2005,85.43890101423798
SSP2_BaU_NoCC,TUR,PDR,2010,102.47518451768582
SSP2_BaU_NoCC,TUR,PDR,2015,119.43883200445708
SSP2_BaU_NoCC,TUR,PDR,2020,124.05816221361106
SSP2_BaU_NoCC,TUR,PDR,2025,132.69145702098194
SSP2_BaU_NoCC,TUR,PDR,2030,148.528494960166
SSP2_BaU_NoCC,TUR,PDR,2035,147.1518309356053
SSP2_BaU_NoCC,TUR,PDR,2040,143.36273030666015
SSP2_BaU_NoCC,TUR,PDR,2045,139.35498229712465
SSP2_BaU_NoCC,TUR,PDR,2050,134.99712363478812
SSP2_BaU_NoCC,TUR,PDR,2060,124.8775745376289
SSP2_BaU_NoCC,TUR,PDR,2070,114.93366411242553
SSP2_BaU_NoCC,TUR,PDR,2080,106.160070833026
SSP2_BaU_NoCC,TUR,PDR,2090,97.78749876782643
SSP2_BaU_NoCC,TUR,PDR,2100,89.66920998163778
SSP2_BaU_NoCC,TUR,SL,2005,529.1450323461426
SSP2_BaU_NoCC,TUR,SL,2010,609.6070526085397
SSP2_BaU_NoCC,TUR,SL,2015,686.9995757504248
SSP2_BaU_NoCC,TUR,SL,2020,686.9995757504248
SSP2_BaU_NoCC,TUR,SL,2025,686.9995757504248
SSP2_BaU_NoCC,TUR,SL,2030,686.9995757504248
SSP2_BaU_NoCC,TUR,SL,2035,686.9995757504248
SSP2_BaU_NoCC,TUR,SL,2040,686.9995757504248
SSP2_BaU_NoCC,TUR,SL,2045,686.9995757504248
SSP2_BaU_NoCC,TUR,SL,2050,686.9995757504248
SSP2_BaU_NoCC,TUR,SL,2060,686.9995757504248
SSP2_BaU_NoCC,TUR,SL,2070,686.9995757504248
SSP2_BaU_NoCC,TUR,SL,2080,686.9995757504248
SSP2_BaU_NoCC,TUR,SL,2090,686.9995757504248
SSP2_BaU_NoCC,TUR,SL,2100,686.9995757504248
SSP2_BaU_NoCC,USA,wht,2005,28879.632261374554
SSP2_BaU_NoCC,USA,wht,2010,25759.190096132428
SSP2_BaU_NoCC,USA,wht,2015,24719.562759155422
SSP2_BaU_NoCC,USA,wht,2020,23978.796035799587
SSP2_BaU_NoCC,USA,wht,2025,23380.39064122907
SSP2_BaU_NoCC,USA,wht,2030,22698.47466265401
SSP2_BaU_NoCC,USA,wht,2035,22678.8255769886
SSP2_BaU_NoCC,USA,wht,2040,23088.9676122675
SSP2_BaU_NoCC,USA,wht,2045,23886.27061292906
SSP2_BaU_NoCC,USA,wht,2050,24594.479081512258
SSP2_BaU_NoCC,USA,wht,2060,27243.66933699208
SSP2_BaU_NoCC,USA,wht,2070,32382.53313482004
SSP2_BaU_NoCC,USA,wht,2080,36005.81894927026
SSP2_BaU_NoCC,USA,wht,2090,38086.67555104628
SSP2_BaU_NoCC,USA,wht,2100,39201.32549231742
SSP2_BaU_NoCC,USA,frs,2005,279868.6593885688
SSP2_BaU_NoCC,USA,frs,2010,282614.8109452626
SSP2_BaU_NoCC,USA,frs,2015,285142.40525138343
SSP2_BaU_NoCC,USA,frs,2020,284575.4152205675
SSP2_BaU_NoCC,USA,frs,2025,285862.791999097
SSP2_BaU_NoCC,USA,frs,2030,290319.4923388277
SSP2_BaU_NoCC,USA,frs,2035,291250.30313702405
SSP2_BaU_NoCC,USA,frs,2040,293122.4132404993
SSP2_BaU_NoCC,USA,frs,2045,295550.2967053209
SSP2_BaU_NoCC,USA,frs,2050,296163.91593224416
SSP2_BaU_NoCC,USA,frs,2060,313888.51326525304
SSP2_BaU_NoCC,USA,frs,2070,323853.7661696462
SSP2_BaU_NoCC,USA,frs,2080,323717.1566577569
SSP2_BaU_NoCC,USA,frs,2090,324218.3750348152
SSP2_BaU_NoCC,USA,frs,2100,326787.1580786309
SSP2_BaU_NoCC,USA,OSD,2005,58108.81954188163
SSP2_BaU_NoCC,USA,OSD,2010,55092.49163034995
SSP2_BaU_NoCC,USA,OSD,2015,55281.607837389965
SSP2_BaU_NoCC,USA,OSD,2020,55579.96481413263
SSP2_BaU_NoCC,USA,OSD,2025,53799.8530979447
SSP2_BaU_NoCC,USA,OSD,2030,53182.060101275376
SSP2_BaU_NoCC,USA,OSD,2035,54981.55651767251
SSP2_BaU_NoCC,USA,OSD,2040,57777.88365211015
SSP2_BaU_NoCC,USA,OSD,2045,60823.56349786698
SSP2_BaU_NoCC,USA,OSD,2050,63323.5172567324
SSP2_BaU_NoCC,USA,OSD,2060,70930.27095063085
SSP2_BaU_NoCC,USA,OSD,2070,82103.91309074144
SSP2_BaU_NoCC,USA,OSD,2080,89378.97230778831
SSP2_BaU_NoCC,USA,OSD,2090,93922.68826089913
SSP2_BaU_NoCC,USA,OSD,2100,95855.35555295806
SSP2_BaU_NoCC,USA,AFR,2080,46.55179312424468
SSP2_BaU_NoCC,USA,AFR,2090,2262.1557293017004
SSP2_BaU_NoCC,USA,AFR,2100,5392.52881611167
SSP2_BaU_NoCC,USA,BIO,2025,11615.018028402292
SSP2_BaU_NoCC,USA,BIO,2030,13665.395158469826
SSP2_BaU_NoCC,USA,BIO,2035,14453.80784472516
SSP2_BaU_NoCC,USA,BIO,2040,14163.91041012871
SSP2_BaU_NoCC,USA,BIO,2045,14508.302933541196
SSP2_BaU_NoCC,USA,BIO,2050,14685.414895211456
SSP2_BaU_NoCC,USA,BIO,2060,14329.63541143615
SSP2_BaU_NoCC,USA,BIO,2070,12930.3587032381
SSP2_BaU_NoCC,USA,BIO,2080,11547.245343014563
SSP2_BaU_NoCC,USA,BIO,2090,9993.240992096744
SSP2_BaU_NoCC,USA,BIO,2100,8756.310905157288
SSP2_BaU_NoCC,USA,C_B,2005,1387.8198297773756
SSP2_BaU_NoCC,USA,C_B,2010,1223.5172723230557
SSP2_BaU_NoCC,USA,C_B,2015,1186.7035792772397
SSP2_BaU_NoCC,USA,C_B,2020,1191.5959400327836
SSP2_BaU_NoCC,USA,C_B,2025,1119.721757747626
SSP2_BaU_NoCC,USA,C_B,2030,1072.1048403739399
SSP2_BaU_NoCC,USA,C_B,2035,1084.8349164051813
SSP2_BaU_NoCC,USA,C_B,2040,1122.3226213308674
SSP2_BaU_NoCC,USA,C_B,2045,1164.2075928455329
SSP2_BaU_NoCC,USA,C_B,2050,1196.0309133730343
SSP2_BaU_NoCC,USA,C_B,2060,1274.0695671626077
SSP2_BaU_NoCC,USA,C_B,2070,1273.407597071734
SSP2_BaU_NoCC,USA,C_B,2080,1269.022303026258
SSP2_BaU_NoCC,USA,C_B,2090,1245.223293360246
SSP2_BaU_NoCC,USA,C_B,2100,1229.2577980711385
SSP2_BaU_NoCC,USA,CL,2005,159375.7806806664
SSP2_BaU_NoCC,USA,CL,2010,151318.5737017208
SSP2_BaU_NoCC,USA,CL,2015,150296.31652062683
SSP2_BaU_NoCC,USA,CL,2020,149136.03503741237
SSP2_BaU_NoCC,USA,CL,2025,156531.60951705335
SSP2_BaU_NoCC,USA,CL,2030,155885.83956926575
SSP2_BaU_NoCC,USA,CL,2035,158520.93295504252
SSP2_BaU_NoCC,USA,CL,2040,162523.0780261234
SSP2_BaU_NoCC,USA,CL,2045,168864.63523499016
SSP2_BaU_NoCC,USA,CL,2050,174425.60724687015
SSP2_BaU_NoCC,USA,CL,2060,189604.2906036301
SSP2_BaU_NoCC,USA,CL,2070,211743.10234598175
SSP2_BaU_NoCC,USA,CL,2080,225349.65915453903
SSP2_BaU_NoCC,USA,CL,2090,230905.38990340938
SSP2_BaU_NoCC,USA,CL,2100,231665.61893355846
SSP2_BaU_NoCC,USA,CROP_FLW,2005,6109.098685717338
SSP2_BaU_NoCC,USA,CROP_FLW,2010,5624.751762530443
SSP2_BaU_NoCC,USA,CROP_FLW,2015,6049.504045756696
SSP2_BaU_NoCC,USA,CROP_FLW,2020,6015.154896893587
SSP2_BaU_NoCC,USA,CROP_FLW,2025,6205.01546618883
SSP2_BaU_NoCC,USA,CROP_FLW,2030,6311.35345689324
SSP2_BaU_NoCC,USA,CROP_FLW,2035,6382.710578639243
SSP2_BaU_NoCC,USA,CROP_FLW,2040,6483.562607259047
SSP2_BaU_NoCC,USA,CROP_FLW,2045,6634.959556616857
SSP2_BaU_NoCC,USA,CROP_FLW,2050,6728.976499222874
SSP2_BaU_NoCC,USA,CROP_FLW,2060,7450.244286465474
SSP2_BaU_NoCC,USA,CROP_FLW,2070,8090.08523220096
SSP2_BaU_NoCC,USA,CROP_FLW,2080,8304.625609604012
SSP2_BaU_NoCC,USA,CROP_FLW,2090,8406.338923561525
SSP2_BaU_NoCC,USA,CROP_FLW,2100,8485.701049696321
SSP2_BaU_NoCC,USA,GL,2005,446674.5061397621
SSP2_BaU_NoCC,USA,GL,2010,209274.06185752805
SSP2_BaU_NoCC,USA,GL,2015,205625.66361174517
SSP2_BaU_NoCC,USA,GL,2020,203648.02679946652
SSP2_BaU_NoCC,USA,GL,2025,205597.87051622983
SSP2_BaU_NoCC,USA,GL,2030,207225.25440673146
SSP2_BaU_NoCC,USA,GL,2035,206688.6468375562
SSP2_BaU_NoCC,USA,GL,2040,208850.24144274613
SSP2_BaU_NoCC,USA,GL,2045,213067.95994604754
SSP2_BaU_NoCC,USA,GL,2050,215418.06161369118
SSP2_BaU_NoCC,USA,GL,2060,239800.65332597075
SSP2_BaU_NoCC,USA,GL,2070,253902.0541983613
SSP2_BaU_NoCC,USA,GL,2080,256412.98537189173
SSP2_BaU_NoCC,USA,GL,2090,262489.5184184884
SSP2_BaU_NoCC,USA,GL,2100,271568.9821722045
SSP2_BaU_NoCC,USA,GRO,2005,56439.902151262875
SSP2_BaU_NoCC,USA,GRO,2010,55292.130539830585
SSP2_BaU_NoCC,USA,GRO,2015,55536.60794890703
SSP2_BaU_NoCC,USA,GRO,2020,54924.2480680723
SSP2_BaU_NoCC,USA,GRO,2025,53396.24819113568
SSP2_BaU_NoCC,USA,GRO,2030,52208.33169539181
SSP2_BaU_NoCC,USA,GRO,2035,52112.091948805166
SSP2_BaU_NoCC,USA,GRO,2040,52811.21963001258
SSP2_BaU_NoCC,USA,GRO,2045,54441.26875123925
SSP2_BaU_NoCC,USA,GRO,2050,56242.07128674929
SSP2_BaU_NoCC,USA,GRO,2060,60005.56386482917
SSP2_BaU_NoCC,USA,GRO,2070,65542.44483125789
SSP2_BaU_NoCC,USA,GRO,2080,68961.29964241583
SSP2_BaU_NoCC,USA,GRO,2090,69365.69034278522
SSP2_BaU_NoCC,USA,GRO,2100,68281.60125501038
SSP2_BaU_NoCC,USA,OL,2005,44904.94345501007
SSP2_BaU_NoCC,USA,OL,2010,44904.94345501007
SSP2_BaU_NoCC,USA,OL,2015,44904.94345501007
SSP2_BaU_NoCC,USA,OL,2020,44904.94345501007
SSP2_BaU_NoCC,USA,OL,2025,44904.94345501007
SSP2_BaU_NoCC,USA,OL,2030,44904.94345501007
SSP2_BaU_NoCC,USA,OL,2035,44904.94345501007
SSP2_BaU_NoCC,USA,OL,2040,44904.94345501007
SSP2_BaU_NoCC,USA,OL,2045,44904.94345501007
SSP2_BaU_NoCC,USA,OL,2050,44904.94345501007
SSP2_BaU_NoCC,USA,OL,2060,44904.94345501007
SSP2_BaU_NoCC,USA,OL,2070,44904.94345501007
SSP2_BaU_NoCC,USA,OL,2080,44904.94345501007
SSP2_BaU_NoCC,USA,OL,2090,44904.94345501007
SSP2_BaU_NoCC,USA,OL,2100,44904.94345501007
SSP2_BaU_NoCC,USA,OTH_A,2005,6293.897970122321
SSP2_BaU_NoCC,USA,OTH_A,2010,6151.516103007108
SSP2_BaU_NoCC,USA,OTH_A,2015,6019.01764460896
SSP2_BaU_NoCC,USA,OTH_A,2020,5895.75815475713
SSP2_BaU_NoCC,USA,OTH_A,2025,5519.066748768252
SSP2_BaU_NoCC,USA,OTH_A,2030,5258.763985607668
SSP2_BaU_NoCC,USA,OTH_A,2035,5267.582270795432
SSP2_BaU_NoCC,USA,OTH_A,2040,5421.633724557237
SSP2_BaU_NoCC,USA,OTH_A,2045,5640.35880940235
SSP2_BaU_NoCC,USA,OTH_A,2050,5792.093235668675
SSP2_BaU_NoCC,USA,OTH_A,2060,6252.008839542314
SSP2_BaU_NoCC,USA,OTH_A,2070,7018.772355503492
SSP2_BaU_NoCC,USA,OTH_A,2080,7404.231233813793
SSP2_BaU_NoCC,USA,OTH_A,2090,7425.859634831713
SSP2_BaU_NoCC,USA,OTH_A,2100,7416.90289988482
SSP2_BaU_NoCC,USA,PAS,2005,248674.2180168462
SSP2_BaU_NoCC,USA,PAS,2010,248674.2180168462
SSP2_BaU_NoCC,USA,PAS,2015,251491.29994957824
SSP2_BaU_NoCC,USA,PAS,2020,255196.20827588756
SSP2_BaU_NoCC,USA,PAS,2025,244563.4133009536
SSP2_BaU_NoCC,USA,PAS,2030,239125.0990185087
SSP2_BaU_NoCC,USA,PAS,2035,236095.80240371093
SSP2_BaU_NoCC,USA,PAS,2040,228059.95262396478
SSP2_BaU_NoCC,USA,PAS,2045,215072.79344697518
SSP2_BaU_NoCC,USA,PAS,2050,206548.10054052802
SSP2_BaU_NoCC,USA,PAS,2060,149262.22813847996
SSP2_BaU_NoCC,USA,PAS,2070,103056.76261934455
SSP2_BaU_NoCC,USA,PAS,2080,87029.33235602197
SSP2_BaU_NoCC,USA,PAS,2090,72680.24624731892
SSP2_BaU_NoCC,USA,PAS,2100,57141.397332828186
SSP2_BaU_NoCC,USA,PDR,2005,2156.6102405302786
SSP2_BaU_NoCC,USA,PDR,2010,2174.976297547201
SSP2_BaU_NoCC,USA,PDR,2015,1503.3127055315463
SSP2_BaU_NoCC,USA,PDR,2020,1550.5171277243658
SSP2_BaU_NoCC,USA,PDR,2025,1496.2955856369445
SSP2_BaU_NoCC,USA,PDR,2030,1489.3556685998599
SSP2_BaU_NoCC,USA,PDR,2035,1559.5233010112388
SSP2_BaU_NoCC,USA,PDR,2040,1653.5777684573156
SSP2_BaU_NoCC,USA,PDR,2045,1765.703480548915
SSP2_BaU_NoCC,USA,PDR,2050,1863.0240784002146
SSP2_BaU_NoCC,USA,PDR,2060,2118.828346571412
SSP2_BaU_NoCC,USA,PDR,2070,2401.5874011480796
SSP2_BaU_NoCC,USA,PDR,2080,2478.4437656060513
SSP2_BaU_NoCC,USA,PDR,2090,2459.6729048285874
SSP2_BaU_NoCC,USA,PDR,2100,2439.163980462965
SSP2_BaU_NoCC,USA,SL,2005,10907.416776099806
SSP2_BaU_NoCC,USA,SL,2010,11684.611663985543
SSP2_BaU_NoCC,USA,SL,2015,12510.23333350657
SSP2_BaU_NoCC,USA,SL,2020,12510.23333350657
SSP2_BaU_NoCC,USA,SL,2025,12510.23333350657
SSP2_BaU_NoCC,USA,SL,2030,12510.23333350657
SSP2_BaU_NoCC,USA,SL,2035,12510.23333350657
SSP2_BaU_NoCC,USA,SL,2040,12510.23333350657
SSP2_BaU_NoCC,USA,SL,2045,12510.23333350657
SSP2_BaU_NoCC,USA,SL,2050,12510.23333350657
SSP2_BaU_NoCC,USA,SL,2060,12510.23333350657
SSP2_BaU_NoCC,USA,SL,2070,12510.23333350657
SSP2_BaU_NoCC,USA,SL,2080,12510.23333350657
SSP2_BaU_NoCC,USA,SL,2090,12510.23333350657
SSP2_BaU_NoCC,USA,SL,2100,12510.23333350657
SSP2_BaU_NoCC,XE25,wht,2005,27420.01549615716
SSP2_BaU_NoCC,XE25,wht,2010,27244.384357729024
SSP2_BaU_NoCC,XE25,wht,2015,27193.59595152767
SSP2_BaU_NoCC,XE25,wht,2020,26409.87578070768
SSP2_BaU_NoCC,XE25,wht,2025,26203.479233546732
SSP2_BaU_NoCC,XE25,wht,2030,25965.34559394532
SSP2_BaU_NoCC,XE25,wht,2035,25802.80697268275
SSP2_BaU_NoCC,XE25,wht,2040,25899.80842599586
SSP2_BaU_NoCC,XE25,wht,2045,26403.135947076546
SSP2_BaU_NoCC,XE25,wht,2050,27017.603918573383
SSP2_BaU_NoCC,XE25,wht,2060,28860.231445476747
SSP2_BaU_NoCC,XE25,wht,2070,30666.884860310565
SSP2_BaU_NoCC,XE25,wht,2080,31850.0025072851
SSP2_BaU_NoCC,XE25,wht,2090,32213.1256797569
SSP2_BaU_NoCC,XE25,wht,2100,32030.991530776428
SSP2_BaU_NoCC,XE25,frs,2005,102875.10746520209
SSP2_BaU_NoCC,XE25,frs,2010,103164.2992026313
SSP2_BaU_NoCC,XE25,frs,2015,104117.38553118688
SSP2_BaU_NoCC,XE25,frs,2020,104807.95841997076
SSP2_BaU_NoCC,XE25,frs,2025,104783.2429641201
SSP2_BaU_NoCC,XE25,frs,2030,105159.07664347548
SSP2_BaU_NoCC,XE25,frs,2035,105625.2713573432
SSP2_BaU_NoCC,XE25,frs,2040,106966.25998555298
SSP2_BaU_NoCC,XE25,frs,2045,108187.892361726
SSP2_BaU_NoCC,XE25,frs,2050,109634.82829362978
SSP2_BaU_NoCC,XE25,frs,2060,111776.16745723682
SSP2_BaU_NoCC,XE25,frs,2070,113071.79798167771
SSP2_BaU_NoCC,XE25,frs,2080,113723.91701588879
SSP2_BaU_NoCC,XE25,frs,2090,114605.22774162766
SSP2_BaU_NoCC,XE25,frs,2100,115848.65978241683
SSP2_BaU_NoCC,XE25,OSD,2005,14522.203288603114
SSP2_BaU_NoCC,XE25,OSD,2010,16483.73433367234
SSP2_BaU_NoCC,XE25,OSD,2015,15207.1399492203
SSP2_BaU_NoCC,XE25,OSD,2020,15328.456740044747
SSP2_BaU_NoCC,XE25,OSD,2025,15252.994527061388
SSP2_BaU_NoCC,XE25,OSD,2030,15410.458543402687
SSP2_BaU_NoCC,XE25,OSD,2035,16062.322521346294
SSP2_BaU_NoCC,XE25,OSD,2040,16712.12251379775
SSP2_BaU_NoCC,XE25,OSD,2045,17546.433196336708
SSP2_BaU_NoCC,XE25,OSD,2050,18511.639968368745
SSP2_BaU_NoCC,XE25,OSD,2060,20590.67456222635
SSP2_BaU_NoCC,XE25,OSD,2070,21858.14072171601
SSP2_BaU_NoCC,XE25,OSD,2080,22599.638218074335
SSP2_BaU_NoCC,XE25,OSD,2090,23243.36640116567
SSP2_BaU_NoCC,XE25,OSD,2100,23522.27075650711
SSP2_BaU_NoCC,XE25,BIO,2025,5453.65682432211
SSP2_BaU_NoCC,XE25,BIO,2030,5761.542794535974
SSP2_BaU_NoCC,XE25,BIO,2035,6316.841382728989
SSP2_BaU_NoCC,XE25,BIO,2040,6496.634239035743
SSP2_BaU_NoCC,XE25,BIO,2045,6703.370495633627
SSP2_BaU_NoCC,XE25,BIO,2050,6630.864074290284
SSP2_BaU_NoCC,XE25,BIO,2060,5680.146359285841
SSP2_BaU_NoCC,XE25,BIO,2070,5036.87543415655
SSP2_BaU_NoCC,XE25,BIO,2080,4794.08035417202
SSP2_BaU_NoCC,XE25,BIO,2090,4505.89150847755
SSP2_BaU_NoCC,XE25,BIO,2100,4280.281478851541
SSP2_BaU_NoCC,XE25,C_B,2005,2815.153103565449
SSP2_BaU_NoCC,XE25,C_B,2010,1954.6727130920942
SSP2_BaU_NoCC,XE25,C_B,2015,1666.8055336824925
SSP2_BaU_NoCC,XE25,C_B,2020,1718.9976753456272
SSP2_BaU_NoCC,XE25,C_B,2025,1767.5534230991757
SSP2_BaU_NoCC,XE25,C_B,2030,1838.6215217510157
SSP2_BaU_NoCC,XE25,C_B,2035,1945.6025962262343
SSP2_BaU_NoCC,XE25,C_B,2040,2081.1523030736835
SSP2_BaU_NoCC,XE25,C_B,2045,2236.7022257936983
SSP2_BaU_NoCC,XE25,C_B,2050,2397.6121734345265
SSP2_BaU_NoCC,XE25,C_B,2060,2791.883314470626
SSP2_BaU_NoCC,XE25,C_B,2070,3376.667089436436
SSP2_BaU_NoCC,XE25,C_B,2080,4079.9050220052777
SSP2_BaU_NoCC,XE25,C_B,2090,4514.539177532695
SSP2_BaU_NoCC,XE25,C_B,2100,4700.676341745013
SSP2_BaU_NoCC,XE25,CL,2005,103043.53250365113
SSP2_BaU_NoCC,XE25,CL,2010,99691.35507394004
SSP2_BaU_NoCC,XE25,CL,2015,99833.84692631273
SSP2_BaU_NoCC,XE25,CL,2020,97549.34418097539
SSP2_BaU_NoCC,XE25,CL,2025,101064.37762011781
SSP2_BaU_NoCC,XE25,CL,2030,100461.11565167399
SSP2_BaU_NoCC,XE25,CL,2035,101152.30515884192
SSP2_BaU_NoCC,XE25,CL,2040,102095.09543344667
SSP2_BaU_NoCC,XE25,CL,2045,104026.73070979018
SSP2_BaU_NoCC,XE25,CL,2050,105957.9487346288
SSP2_BaU_NoCC,XE25,CL,2060,109990.01323928664
SSP2_BaU_NoCC,XE25,CL,2070,112041.14711801906
SSP2_BaU_NoCC,XE25,CL,2080,112736.59159864583
SSP2_BaU_NoCC,XE25,CL,2090,111972.32275573746
SSP2_BaU_NoCC,XE25,CL,2100,110132.67644396254
SSP2_BaU_NoCC,XE25,CROP_FLW,2005,8606.80108080373
SSP2_BaU_NoCC,XE25,CROP_FLW,2010,7113.935908342979
SSP2_BaU_NoCC,XE25,CROP_FLW,2015,5535.29085714103
SSP2_BaU_NoCC,XE25,CROP_FLW,2020,5435.005272022769
SSP2_BaU_NoCC,XE25,CROP_FLW,2025,5481.06842977929
SSP2_BaU_NoCC,XE25,CROP_FLW,2030,5480.7597521356065
SSP2_BaU_NoCC,XE25,CROP_FLW,2035,5525.208440718874
SSP2_BaU_NoCC,XE25,CROP_FLW,2040,5639.906202236659
SSP2_BaU_NoCC,XE25,CROP_FLW,2045,5778.662684073803
SSP2_BaU_NoCC,XE25,CROP_FLW,2050,5894.348229229006
SSP2_BaU_NoCC,XE25,CROP_FLW,2060,6170.620823824986
SSP2_BaU_NoCC,XE25,CROP_FLW,2070,6293.881803355857
SSP2_BaU_NoCC,XE25,CROP_FLW,2080,6275.216146459298
SSP2_BaU_NoCC,XE25,CROP_FLW,2090,6251.468295592614
SSP2_BaU_NoCC,XE25,CROP_FLW,2100,6201.462578758569
SSP2_BaU_NoCC,XE25,GL,2005,170066.0562457336
SSP2_BaU_NoCC,XE25,GL,2010,118843.69810880473
SSP2_BaU_NoCC,XE25,GL,2015,120179.97909721127
SSP2_BaU_NoCC,XE25,GL,2020,120723.12196488462
SSP2_BaU_NoCC,XE25,GL,2025,118016.28243411655
SSP2_BaU_NoCC,XE25,GL,2030,117945.61016182303
SSP2_BaU_NoCC,XE25,GL,2035,118439.52830472679
SSP2_BaU_NoCC,XE25,GL,2040,121339.77390783379
SSP2_BaU_NoCC,XE25,GL,2045,124011.97905631183
SSP2_BaU_NoCC,XE25,GL,2050,126248.74115552311
SSP2_BaU_NoCC,XE25,GL,2060,130077.4539919848
SSP2_BaU_NoCC,XE25,GL,2070,132696.08914161968
SSP2_BaU_NoCC,XE25,GL,2080,134428.5545965765
SSP2_BaU_NoCC,XE25,GL,2090,137002.8581030746
SSP2_BaU_NoCC,XE25,GL,2100,139772.4663926463
SSP2_BaU_NoCC,XE25,GRO,2005,36447.89435925214
SSP2_BaU_NoCC,XE25,GRO,2010,32684.47772361858
SSP2_BaU_NoCC,XE25,GRO,2015,31362.53998274508
SSP2_BaU_NoCC,XE25,GRO,2020,30844.385353989746
SSP2_BaU_NoCC,XE25,GRO,2025,30305.2804265044
SSP2_BaU_NoCC,XE25,GRO,2030,30145.171500873075
SSP2_BaU_NoCC,XE25,GRO,2035,29903.729985058068
SSP2_BaU_NoCC,XE25,GRO,2040,29596.48724319047
SSP2_BaU_NoCC,XE25,GRO,2045,29376.96443610597
SSP2_BaU_NoCC,XE25,GRO,2050,29163.455712610878
SSP2_BaU_NoCC,XE25,GRO,2060,28832.289303423364
SSP2_BaU_NoCC,XE25,GRO,2070,27429.07748490968
SSP2_BaU_NoCC,XE25,GRO,2080,26079.580410289607
SSP2_BaU_NoCC,XE25,GRO,2090,24788.027742452276
SSP2_BaU_NoCC,XE25,GRO,2100,23494.438613295562
SSP2_BaU_NoCC,XE25,OL,2005,20977.652339001117
SSP2_BaU_NoCC,XE25,OL,2010,20977.652339001117
SSP2_BaU_NoCC,XE25,OL,2015,20977.65233900112
SSP2_BaU_NoCC,XE25,OL,2020,20977.65233900112
SSP2_BaU_NoCC,XE25,OL,2025,20977.65233900112
SSP2_BaU_NoCC,XE25,OL,2030,20977.65233900112
SSP2_BaU_NoCC,XE25,OL,2035,20977.65233900112
SSP2_BaU_NoCC,XE25,OL,2040,20977.65233900112
SSP2_BaU_NoCC,XE25,OL,2045,20977.65233900112
SSP2_BaU_NoCC,XE25,OL,2050,20977.65233900112
SSP2_BaU_NoCC,XE25,OL,2060,20977.65233900112
SSP2_BaU_NoCC,XE25,OL,2070,20977.65233900112
SSP2_BaU_NoCC,XE25,OL,2080,20977.65233900112
SSP2_BaU_NoCC,XE25,OL,2090,20977.65233900112
SSP2_BaU_NoCC,XE25,OL,2100,20977.65233900112
SSP2_BaU_NoCC,XE25,OTH_A,2005,12717.879545065347
SSP2_BaU_NoCC,XE25,OTH_A,2010,13067.907640671741
SSP2_BaU_NoCC,XE25,OTH_A,2015,17019.1083481707
SSP2_BaU_NoCC,XE25,OTH_A,2020,15904.95671353439
SSP2_BaU_NoCC,XE25,OTH_A,2025,14699.907702463417
SSP2_BaU_NoCC,XE25,OTH_A,2030,13917.260673755456
SSP2_BaU_NoCC,XE25,OTH_A,2035,13551.229381975778
SSP2_BaU_NoCC,XE25,OTH_A,2040,13484.662592222963
SSP2_BaU_NoCC,XE25,OTH_A,2045,13597.357073674095
SSP2_BaU_NoCC,XE25,OTH_A,2050,13742.353715793955
SSP2_BaU_NoCC,XE25,OTH_A,2060,14075.309232774598
SSP2_BaU_NoCC,XE25,OTH_A,2070,14077.826913805247
SSP2_BaU_NoCC,XE25,OTH_A,2080,13660.386058247683
SSP2_BaU_NoCC,XE25,OTH_A,2090,13028.680995565128
SSP2_BaU_NoCC,XE25,OTH_A,2100,12642.863747381627
SSP2_BaU_NoCC,XE25,PAS,2005,57985.67619387132
SSP2_BaU_NoCC,XE25,PAS,2010,57985.67619387132
SSP2_BaU_NoCC,XE25,PAS,2015,54936.48707279154
SSP2_BaU_NoCC,XE25,PAS,2020,55987.27406167171
SSP2_BaU_NoCC,XE25,PAS,2025,55203.79560914798
SSP2_BaU_NoCC,XE25,PAS,2030,55501.89617053003
SSP2_BaU_NoCC,XE25,PAS,2035,53850.59380659053
SSP2_BaU_NoCC,XE25,PAS,2040,48666.56930066895
SSP2_BaU_NoCC,XE25,PAS,2045,42841.09649967443
SSP2_BaU_NoCC,XE25,PAS,2050,37226.18044372078
SSP2_BaU_NoCC,XE25,PAS,2060,27224.063938994157
SSP2_BaU_NoCC,XE25,PAS,2070,21258.66438618599
SSP2_BaU_NoCC,XE25,PAS,2080,18178.635416391233
SSP2_BaU_NoCC,XE25,PAS,2090,15487.29002706268
SSP2_BaU_NoCC,XE25,PAS,2100,13313.896008476773
SSP2_BaU_NoCC,XE25,PDR,2005,513.5856302041927
SSP2_BaU_NoCC,XE25,PDR,2010,1142.242396813277
SSP2_BaU_NoCC,XE25,PDR,2015,1849.3663038254376
SSP2_BaU_NoCC,XE25,PDR,2020,1907.6666453304153
SSP2_BaU_NoCC,XE25,PDR,2025,1900.437053341285
SSP2_BaU_NoCC,XE25,PDR,2030,1941.9552712748682
SSP2_BaU_NoCC,XE25,PDR,2035,2044.563878104954
SSP2_BaU_NoCC,XE25,PDR,2040,2184.3219138935724
SSP2_BaU_NoCC,XE25,PDR,2045,2384.10465109576
SSP2_BaU_NoCC,XE25,PDR,2050,2600.070942328023
SSP2_BaU_NoCC,XE25,PDR,2060,2988.858197804132
SSP2_BaU_NoCC,XE25,PDR,2070,3301.792810328715
SSP2_BaU_NoCC,XE25,PDR,2080,3397.7828821125295
SSP2_BaU_NoCC,XE25,PDR,2090,3427.2229551946366
SSP2_BaU_NoCC,XE25,PDR,2100,3259.6913966466605
SSP2_BaU_NoCC,XE25,SL,2005,5692.76538826228
SSP2_BaU_NoCC,XE25,SL,2010,5941.121710452581
SSP2_BaU_NoCC,XE25,SL,2015,6197.702137071025
SSP2_BaU_NoCC,XE25,SL,2020,6197.702137071025
SSP2_BaU_NoCC,XE25,SL,2025,6197.702137071025
SSP2_BaU_NoCC,XE25,SL,2030,6197.702137071025
SSP2_BaU_NoCC,XE25,SL,2035,6197.702137071025
SSP2_BaU_NoCC,XE25,SL,2040,6197.702137071025
SSP2_BaU_NoCC,XE25,SL,2045,6197.702137071025
SSP2_BaU_NoCC,XE25,SL,2050,6197.702137071025
SSP2_BaU_NoCC,XE25,SL,2060,6197.702137071025
SSP2_BaU_NoCC,XE25,SL,2070,6197.702137071025
SSP2_BaU_NoCC,XE25,SL,2080,6197.702137071025
SSP2_BaU_NoCC,XE25,SL,2090,6197.702137071025
SSP2_BaU_NoCC,XE25,SL,2100,6197.702137071025
SSP2_BaU_NoCC,XER,wht,2005,4899.995012493188
SSP2_BaU_NoCC,XER,wht,2010,5070.388816726741
SSP2_BaU_NoCC,XER,wht,2015,5087.482551362244
SSP2_BaU_NoCC,XER,wht,2020,5022.506720700422
SSP2_BaU_NoCC,XER,wht,2025,5257.746934076184
SSP2_BaU_NoCC,XER,wht,2030,5416.349322977536
SSP2_BaU_NoCC,XER,wht,2035,5470.40559683171
SSP2_BaU_NoCC,XER,wht,2040,5509.131225479406
SSP2_BaU_NoCC,XER,wht,2045,5585.179245741505
SSP2_BaU_NoCC,XER,wht,2050,5654.64025226512
SSP2_BaU_NoCC,XER,wht,2060,5817.500872498512
SSP2_BaU_NoCC,XER,wht,2070,6110.707018755127
SSP2_BaU_NoCC,XER,wht,2080,6301.618763481734
SSP2_BaU_NoCC,XER,wht,2090,6373.09487935302
SSP2_BaU_NoCC,XER,wht,2100,6359.472900956667
SSP2_BaU_NoCC,XER,frs,2005,50891.153346253996
SSP2_BaU_NoCC,XER,frs,2010,50869.29907984943
SSP2_BaU_NoCC,XER,frs,2015,50831.21325066677
SSP2_BaU_NoCC,XER,frs,2020,51057.43748295826
SSP2_BaU_NoCC,XER,frs,2025,50788.231714820184
SSP2_BaU_NoCC,XER,frs,2030,50487.21428094402
SSP2_BaU_NoCC,XER,frs,2035,50561.98439095974
SSP2_BaU_NoCC,XER,frs,2040,50729.593335428566
SSP2_BaU_NoCC,XER,frs,2045,51077.312577385725
SSP2_BaU_NoCC,XER,frs,2050,51427.32070306145
SSP2_BaU_NoCC,XER,frs,2060,51933.6808175167
SSP2_BaU_NoCC,XER,frs,2070,52362.534350407135
SSP2_BaU_NoCC,XER,frs,2080,52780.34383787611
SSP2_BaU_NoCC,XER,frs,2090,52818.56162862697
SSP2_BaU_NoCC,XER,frs,2100,52523.15940411996
SSP2_BaU_NoCC,XER,OSD,2005,2390.3525079887568
SSP2_BaU_NoCC,XER,OSD,2010,3339.7000355840514
SSP2_BaU_NoCC,XER,OSD,2015,3602.137704464586
SSP2_BaU_NoCC,XER,OSD,2020,3642.02652941747
SSP2_BaU_NoCC,XER,OSD,2025,3780.8896434559188
SSP2_BaU_NoCC,XER,OSD,2030,3980.7219975976673
SSP2_BaU_NoCC,XER,OSD,2035,4206.439235760161
SSP2_BaU_NoCC,XER,OSD,2040,4415.381955281801
SSP2_BaU_NoCC,XER,OSD,2045,4595.484982402316
SSP2_BaU_NoCC,XER,OSD,2050,4745.072057015296
SSP2_BaU_NoCC,XER,OSD,2060,4974.206186508598
SSP2_BaU_NoCC,XER,OSD,2070,5157.879378252345
SSP2_BaU_NoCC,XER,OSD,2080,5336.986431056047
SSP2_BaU_NoCC,XER,OSD,2090,5534.899675952801
SSP2_BaU_NoCC,XER,OSD,2100,5678.143118173526
SSP2_BaU_NoCC,XER,BIO,2025,201.15535864450493
SSP2_BaU_NoCC,XER,BIO,2030,228.44325895288029
SSP2_BaU_NoCC,XER,BIO,2035,314.4252476678185
SSP2_BaU_NoCC,XER,BIO,2040,316.60755962244446
SSP2_BaU_NoCC,XER,BIO,2045,336.18871960007687
SSP2_BaU_NoCC,XER,BIO,2050,337.35247718779254
SSP2_BaU_NoCC,XER,BIO,2060,287.1714077551886
SSP2_BaU_NoCC,XER,BIO,2070,215.00205234124962
SSP2_BaU_NoCC,XER,BIO,2080,168.85840672073587
SSP2_BaU_NoCC,XER,BIO,2090,140.52166602946696
SSP2_BaU_NoCC,XER,BIO,2100,140.66736262698015
SSP2_BaU_NoCC,XER,C_B,2005,99.49042902423167
SSP2_BaU_NoCC,XER,C_B,2010,162.017653142624
SSP2_BaU_NoCC,XER,C_B,2015,127.87880067418243
SSP2_BaU_NoCC,XER,C_B,2020,130.28290436926582
SSP2_BaU_NoCC,XER,C_B,2025,133.84212972831185
SSP2_BaU_NoCC,XER,C_B,2030,138.98074311655603
SSP2_BaU_NoCC,XER,C_B,2035,145.53628334686113
SSP2_BaU_NoCC,XER,C_B,2040,152.74516318474878
SSP2_BaU_NoCC,XER,C_B,2045,158.07272041754715
SSP2_BaU_NoCC,XER,C_B,2050,159.96567310324932
SSP2_BaU_NoCC,XER,C_B,2060,166.4576740554088
SSP2_BaU_NoCC,XER,C_B,2070,175.86429777855378
SSP2_BaU_NoCC,XER,C_B,2080,183.564163158932
SSP2_BaU_NoCC,XER,C_B,2090,184.99066941221392
SSP2_BaU_NoCC,XER,C_B,2100,185.91138733649973
SSP2_BaU_NoCC,XER,CL,2005,17696.460721920615
SSP2_BaU_NoCC,XER,CL,2010,23861.390880130108
SSP2_BaU_NoCC,XER,CL,2015,21217.788972906957
SSP2_BaU_NoCC,XER,CL,2020,21021.441937954776
SSP2_BaU_NoCC,XER,CL,2025,21735.342379358768
SSP2_BaU_NoCC,XER,CL,2030,22259.70710784004
SSP2_BaU_NoCC,XER,CL,2035,22627.82875848626
SSP2_BaU_NoCC,XER,CL,2040,22835.239502385462
SSP2_BaU_NoCC,XER,CL,2045,23064.28198734115
SSP2_BaU_NoCC,XER,CL,2050,23234.947741366414
SSP2_BaU_NoCC,XER,CL,2060,23312.94590566617
SSP2_BaU_NoCC,XER,CL,2070,23364.48161605417
SSP2_BaU_NoCC,XER,CL,2080,23421.976524842845
SSP2_BaU_NoCC,XER,CL,2090,23393.26765303818
SSP2_BaU_NoCC,XER,CL,2100,23431.519788459285
SSP2_BaU_NoCC,XER,CROP_FLW,2005,1625.986319345276
SSP2_BaU_NoCC,XER,CROP_FLW,2010,2642.2171130797224
SSP2_BaU_NoCC,XER,CROP_FLW,2015,1590.7095084488506
SSP2_BaU_NoCC,XER,CROP_FLW,2020,1602.225514337099
SSP2_BaU_NoCC,XER,CROP_FLW,2025,1625.381804811574
SSP2_BaU_NoCC,XER,CROP_FLW,2030,1645.7473574847218
SSP2_BaU_NoCC,XER,CROP_FLW,2035,1669.9007974960311
SSP2_BaU_NoCC,XER,CROP_FLW,2040,1695.2652188132317
SSP2_BaU_NoCC,XER,CROP_FLW,2045,1723.5065563026997
SSP2_BaU_NoCC,XER,CROP_FLW,2050,1743.97711158592
SSP2_BaU_NoCC,XER,CROP_FLW,2060,1766.5961359471023
SSP2_BaU_NoCC,XER,CROP_FLW,2070,1780.4009257051669
SSP2_BaU_NoCC,XER,CROP_FLW,2080,1791.0154506950948
SSP2_BaU_NoCC,XER,CROP_FLW,2090,1782.7849817362548
SSP2_BaU_NoCC,XER,CROP_FLW,2100,1766.4395872639766
SSP2_BaU_NoCC,XER,GL,2005,32742.61391497119
SSP2_BaU_NoCC,XER,GL,2010,19063.26106454531
SSP2_BaU_NoCC,XER,GL,2015,18691.2541489799
SSP2_BaU_NoCC,XER,GL,2020,18995.98504679685
SSP2_BaU_NoCC,XER,GL,2025,18672.587669659253
SSP2_BaU_NoCC,XER,GL,2030,18433.00879720131
SSP2_BaU_NoCC,XER,GL,2035,18448.505197830546
SSP2_BaU_NoCC,XER,GL,2040,18609.149091767296
SSP2_BaU_NoCC,XER,GL,2045,18853.309075070374
SSP2_BaU_NoCC,XER,GL,2050,19076.280824941823
SSP2_BaU_NoCC,XER,GL,2060,19418.543410035407
SSP2_BaU_NoCC,XER,GL,2070,19666.25314756851
SSP2_BaU_NoCC,XER,GL,2080,19874.912242162576
SSP2_BaU_NoCC,XER,GL,2090,19970.56466243935
SSP2_BaU_NoCC,XER,GL,2100,19919.06633677802
SSP2_BaU_NoCC,XER,GRO,2005,6809.383392736056
SSP2_BaU_NoCC,XER,GRO,2010,8285.421496733128
SSP2_BaU_NoCC,XER,GRO,2015,7964.093591286575
SSP2_BaU_NoCC,XER,GRO,2020,7931.418103902492
SSP2_BaU_NoCC,XER,GRO,2025,8026.66780633581
SSP2_BaU_NoCC,XER,GRO,2030,8157.727610582026
SSP2_BaU_NoCC,XER,GRO,2035,8145.32290056204
SSP2_BaU_NoCC,XER,GRO,2040,8063.240404701015
SSP2_BaU_NoCC,XER,GRO,2045,7971.0286732362665
SSP2_BaU_NoCC,XER,GRO,2050,7908.584454397253
SSP2_BaU_NoCC,XER,GRO,2060,7654.887870820629
SSP2_BaU_NoCC,XER,GRO,2070,7302.633381339722
SSP2_BaU_NoCC,XER,GRO,2080,7054.242731633845
SSP2_BaU_NoCC,XER,GRO,2090,6792.778955722441
SSP2_BaU_NoCC,XER,GRO,2100,6641.819883491261
SSP2_BaU_NoCC,XER,OL,2005,10739.944621448123
SSP2_BaU_NoCC,XER,OL,2010,10739.944621448123
SSP2_BaU_NoCC,XER,OL,2015,10739.944621448121
SSP2_BaU_NoCC,XER,OL,2020,10739.944621448121
SSP2_BaU_NoCC,XER,OL,2025,10739.944621448121
SSP2_BaU_NoCC,XER,OL,2030,10739.944621448121
SSP2_BaU_NoCC,XER,OL,2035,10739.944621448121
SSP2_BaU_NoCC,XER,OL,2040,10739.944621448121
SSP2_BaU_NoCC,XER,OL,2045,10739.944621448121
SSP2_BaU_NoCC,XER,OL,2050,10739.944621448121
SSP2_BaU_NoCC,XER,OL,2060,10739.944621448121
SSP2_BaU_NoCC,XER,OL,2070,10739.944621448121
SSP2_BaU_NoCC,XER,OL,2080,10739.944621448121
SSP2_BaU_NoCC,XER,OL,2090,10739.944621448121
SSP2_BaU_NoCC,XER,OL,2100,10739.944621448121
SSP2_BaU_NoCC,XER,OTH_A,2005,1859.6903639502457
SSP2_BaU_NoCC,XER,OTH_A,2010,4330.376689486458
SSP2_BaU_NoCC,XER,OTH_A,2015,2813.942974887274
SSP2_BaU_NoCC,XER,OTH_A,2020,2659.993403917749
SSP2_BaU_NoCC,XER,OTH_A,2025,2674.5243178805376
SSP2_BaU_NoCC,XER,OTH_A,2030,2655.862611052085
SSP2_BaU_NoCC,XER,OTH_A,2035,2637.5922156678016
SSP2_BaU_NoCC,XER,OTH_A,2040,2640.5637919341057
SSP2_BaU_NoCC,XER,OTH_A,2045,2647.31072620154
SSP2_BaU_NoCC,XER,OTH_A,2050,2632.193484718467
SSP2_BaU_NoCC,XER,OTH_A,2060,2582.3532540854562
SSP2_BaU_NoCC,XER,OTH_A,2070,2550.468235860844
SSP2_BaU_NoCC,XER,OTH_A,2080,2509.0488417701085
SSP2_BaU_NoCC,XER,OTH_A,2090,2501.940898086678
SSP2_BaU_NoCC,XER,OTH_A,2100,2569.856061198402
SSP2_BaU_NoCC,XER,PAS,2005,12808.30983863602
SSP2_BaU_NoCC,XER,PAS,2010,12808.30983863602
SSP2_BaU_NoCC,XER,PAS,2015,12980.969747323632
SSP2_BaU_NoCC,XER,PAS,2020,12646.361652167388
SSP2_BaU_NoCC,XER,PAS,2025,12525.064356039054
SSP2_BaU_NoCC,XER,PAS,2030,12541.295933891879
SSP2_BaU_NoCC,XER,PAS,2035,12082.907772600716
SSP2_BaU_NoCC,XER,PAS,2040,11547.24419029595
SSP2_BaU_NoCC,XER,PAS,2045,10726.322480080002
SSP2_BaU_NoCC,XER,PAS,2050,9982.67685050759
SSP2_BaU_NoCC,XER,PAS,2060,9056.05598665901
SSP2_BaU_NoCC,XER,PAS,2070,8327.957005847451
SSP2_BaU_NoCC,XER,PAS,2080,7643.993514995734
SSP2_BaU_NoCC,XER,PAS,2090,7538.832175772749
SSP2_BaU_NoCC,XER,PAS,2100,7847.480590520012
SSP2_BaU_NoCC,XER,PDR,2005,11.56269638285708
SSP2_BaU_NoCC,XER,PDR,2010,31.269075377381
SSP2_BaU_NoCC,XER,PDR,2015,31.543841783249896
SSP2_BaU_NoCC,XER,PDR,2020,32.98876131028117
SSP2_BaU_NoCC,XER,PDR,2025,35.134384425930854
SSP2_BaU_NoCC,XER,PDR,2030,35.87420607657264
SSP2_BaU_NoCC,XER,PDR,2035,38.2064811538375
SSP2_BaU_NoCC,XER,PDR,2040,42.304183368722235
SSP2_BaU_NoCC,XER,PDR,2045,47.510363439203786
SSP2_BaU_NoCC,XER,PDR,2050,53.16223109332168
SSP2_BaU_NoCC,XER,PDR,2060,63.77250399527307
SSP2_BaU_NoCC,XER,PDR,2070,71.5263260211614
SSP2_BaU_NoCC,XER,PDR,2080,76.64173632634812
SSP2_BaU_NoCC,XER,PDR,2090,82.25592674530886
SSP2_BaU_NoCC,XER,PDR,2100,89.20948741196335
SSP2_BaU_NoCC,XER,SL,2005,706.3314536519932
SSP2_BaU_NoCC,XER,SL,2010,734.1225315354792
SSP2_BaU_NoCC,XER,SL,2015,777.0228135949138
SSP2_BaU_NoCC,XER,SL,2020,777.0228135949138
SSP2_BaU_NoCC,XER,SL,2025,777.0228135949138
SSP2_BaU_NoCC,XER,SL,2030,777.0228135949138
SSP2_BaU_NoCC,XER,SL,2035,777.0228135949138
SSP2_BaU_NoCC,XER,SL,2040,777.0228135949138
SSP2_BaU_NoCC,XER,SL,2045,777.0228135949138
SSP2_BaU_NoCC,XER,SL,2050,777.0228135949138
SSP2_BaU_NoCC,XER,SL,2060,777.0228135949138
SSP2_BaU_NoCC,XER,SL,2070,777.0228135949138
SSP2_BaU_NoCC,XER,SL,2080,777.0228135949138
SSP2_BaU_NoCC,XER,SL,2090,777.0228135949138
SSP2_BaU_NoCC,XER,SL,2100,777.0228135949138
SSP2_BaU_NoCC,XOC,wht,2005,18821.48430537642
SSP2_BaU_NoCC,XOC,wht,2010,18470.66104533242
SSP2_BaU_NoCC,XOC,wht,2015,20801.35091742721
SSP2_BaU_NoCC,XOC,wht,2020,19858.27800841086
SSP2_BaU_NoCC,XOC,wht,2025,19935.334572600535
SSP2_BaU_NoCC,XOC,wht,2030,19015.397949517675
SSP2_BaU_NoCC,XOC,wht,2035,18028.85991049083
SSP2_BaU_NoCC,XOC,wht,2040,16747.822315552577
SSP2_BaU_NoCC,XOC,wht,2045,16189.559642389617
SSP2_BaU_NoCC,XOC,wht,2050,15971.520492837226
SSP2_BaU_NoCC,XOC,wht,2060,14829.859243355395
SSP2_BaU_NoCC,XOC,wht,2070,12047.226895171634
SSP2_BaU_NoCC,XOC,wht,2080,9260.621552838062
SSP2_BaU_NoCC,XOC,wht,2090,7618.040738612767
SSP2_BaU_NoCC,XOC,wht,2100,7068.43110335768
SSP2_BaU_NoCC,XOC,frs,2005,27260.87194500226
SSP2_BaU_NoCC,XOC,frs,2010,28430.435216042824
SSP2_BaU_NoCC,XOC,frs,2015,28523.58421072828
SSP2_BaU_NoCC,XOC,frs,2020,27175.154729075875
SSP2_BaU_NoCC,XOC,frs,2025,24981.971093204334
SSP2_BaU_NoCC,XOC,frs,2030,22266.738973539228
SSP2_BaU_NoCC,XOC,frs,2035,21261.6527435515
SSP2_BaU_NoCC,XOC,frs,2040,20841.50843046383
SSP2_BaU_NoCC,XOC,frs,2045,20301.57326814539
SSP2_BaU_NoCC,XOC,frs,2050,19827.959916431762
SSP2_BaU_NoCC,XOC,frs,2060,18550.952235587603
SSP2_BaU_NoCC,XOC,frs,2070,16573.91931529536
SSP2_BaU_NoCC,XOC,frs,2080,14251.787544955137
SSP2_BaU_NoCC,XOC,frs,2090,12334.508183815635
SSP2_BaU_NoCC,XOC,frs,2100,11789.90095932571
SSP2_BaU_NoCC,XOC,OSD,2005,2635.3231831037724
SSP2_BaU_NoCC,XOC,OSD,2010,2778.751337824311
SSP2_BaU_NoCC,XOC,OSD,2015,5519.720980938049
SSP2_BaU_NoCC,XOC,OSD,2020,5486.436027160044
SSP2_BaU_NoCC,XOC,OSD,2025,5466.212216337605
SSP2_BaU_NoCC,XOC,OSD,2030,5287.372580384714
SSP2_BaU_NoCC,XOC,OSD,2035,5195.569499028484
SSP2_BaU_NoCC,XOC,OSD,2040,4989.956714208566
SSP2_BaU_NoCC,XOC,OSD,2045,4913.195869285608
SSP2_BaU_NoCC,XOC,OSD,2050,4908.825347978325
SSP2_BaU_NoCC,XOC,OSD,2060,4583.330508957704
SSP2_BaU_NoCC,XOC,OSD,2070,3611.446688993993
SSP2_BaU_NoCC,XOC,OSD,2080,3057.684207702995
SSP2_BaU_NoCC,XOC,OSD,2090,2490.485852233832
SSP2_BaU_NoCC,XOC,OSD,2100,2149.5804024343233
SSP2_BaU_NoCC,XOC,BIO,2025,242.76267597478486
SSP2_BaU_NoCC,XOC,BIO,2030,522.2453551558987
SSP2_BaU_NoCC,XOC,BIO,2035,1100.7141694675393
SSP2_BaU_NoCC,XOC,BIO,2040,1853.6183044219772
SSP2_BaU_NoCC,XOC,BIO,2045,2129.112541099969
SSP2_BaU_NoCC,XOC,BIO,2050,2631.386667741469
SSP2_BaU_NoCC,XOC,BIO,2060,5227.051471437764
SSP2_BaU_NoCC,XOC,BIO,2070,8639.857805227613
SSP2_BaU_NoCC,XOC,BIO,2080,10857.464825087942
SSP2_BaU_NoCC,XOC,BIO,2090,12016.882109116656
SSP2_BaU_NoCC,XOC,BIO,2100,12665.7938566882
SSP2_BaU_NoCC,XOC,C_B,2005,431.1744651084229
SSP2_BaU_NoCC,XOC,C_B,2010,365.78543679741176
SSP2_BaU_NoCC,XOC,C_B,2015,447.1207585983023
SSP2_BaU_NoCC,XOC,C_B,2020,460.74944582035494
SSP2_BaU_NoCC,XOC,C_B,2025,476.7240771944774
SSP2_BaU_NoCC,XOC,C_B,2030,490.54938061781854
SSP2_BaU_NoCC,XOC,C_B,2035,502.687773143248
SSP2_BaU_NoCC,XOC,C_B,2040,506.76229823832654
SSP2_BaU_NoCC,XOC,C_B,2045,511.7976423191501
SSP2_BaU_NoCC,XOC,C_B,2050,517.0897901895866
SSP2_BaU_NoCC,XOC,C_B,2060,521.0493740832817
SSP2_BaU_NoCC,XOC,C_B,2070,484.6208460831073
SSP2_BaU_NoCC,XOC,C_B,2080,383.97373815310266
SSP2_BaU_NoCC,XOC,C_B,2090,269.03203566188523
SSP2_BaU_NoCC,XOC,C_B,2100,252.71295885009
SSP2_BaU_NoCC,XOC,CL,2005,42841.50699382157
SSP2_BaU_NoCC,XOC,CL,2010,41715.400960717205
SSP2_BaU_NoCC,XOC,CL,2015,50266.01653563378
SSP2_BaU_NoCC,XOC,CL,2020,48252.50483219388
SSP2_BaU_NoCC,XOC,CL,2025,47914.48307989668
SSP2_BaU_NoCC,XOC,CL,2030,45825.25191445722
SSP2_BaU_NoCC,XOC,CL,2035,44267.85755645954
SSP2_BaU_NoCC,XOC,CL,2040,42182.59186191417
SSP2_BaU_NoCC,XOC,CL,2045,40936.97682207656
SSP2_BaU_NoCC,XOC,CL,2050,40578.72643708286
SSP2_BaU_NoCC,XOC,CL,2060,40200.72584139811
SSP2_BaU_NoCC,XOC,CL,2070,37427.92646845158
SSP2_BaU_NoCC,XOC,CL,2080,34329.27610386683
SSP2_BaU_NoCC,XOC,CL,2090,32195.37132164113
SSP2_BaU_NoCC,XOC,CL,2100,31685.37373527492
SSP2_BaU_NoCC,XOC,CROP_FLW,2005,7941.552438830529
SSP2_BaU_NoCC,XOC,CROP_FLW,2010,7747.697902132625
SSP2_BaU_NoCC,XOC,CROP_FLW,2015,9471.265977711935
SSP2_BaU_NoCC,XOC,CROP_FLW,2020,8964.53419043572
SSP2_BaU_NoCC,XOC,CROP_FLW,2025,8388.705444916332
SSP2_BaU_NoCC,XOC,CROP_FLW,2030,7539.621932023251
SSP2_BaU_NoCC,XOC,CROP_FLW,2035,7027.454225606401
SSP2_BaU_NoCC,XOC,CROP_FLW,2040,6509.726757579337
SSP2_BaU_NoCC,XOC,CROP_FLW,2045,6265.6452957818965
SSP2_BaU_NoCC,XOC,CROP_FLW,2050,6161.537332805252
SSP2_BaU_NoCC,XOC,CROP_FLW,2060,5846.24090319632
SSP2_BaU_NoCC,XOC,CROP_FLW,2070,5250.337112581045
SSP2_BaU_NoCC,XOC,CROP_FLW,2080,4786.6685900883285
SSP2_BaU_NoCC,XOC,CROP_FLW,2090,4519.391850372368
SSP2_BaU_NoCC,XOC,CROP_FLW,2100,4494.706254911351
SSP2_BaU_NoCC,XOC,GL,2005,711970.8242608844
SSP2_BaU_NoCC,XOC,GL,2010,370862.0984072101
SSP2_BaU_NoCC,XOC,GL,2015,365825.0435030061
SSP2_BaU_NoCC,XOC,GL,2020,349465.4381353204
SSP2_BaU_NoCC,XOC,GL,2025,325109.7801416151
SSP2_BaU_NoCC,XOC,GL,2030,306385.7363614882
SSP2_BaU_NoCC,XOC,GL,2035,298191.0046805192
SSP2_BaU_NoCC,XOC,GL,2040,290355.1102060296
SSP2_BaU_NoCC,XOC,GL,2045,287545.9150342284
SSP2_BaU_NoCC,XOC,GL,2050,286079.14287392603
SSP2_BaU_NoCC,XOC,GL,2060,280392.6662240914
SSP2_BaU_NoCC,XOC,GL,2070,272699.4775001437
SSP2_BaU_NoCC,XOC,GL,2080,270666.2231894808
SSP2_BaU_NoCC,XOC,GL,2090,269569.6242679084
SSP2_BaU_NoCC,XOC,GL,2100,269380.6661053724
SSP2_BaU_NoCC,XOC,GRO,2005,9850.765890751478
SSP2_BaU_NoCC,XOC,GRO,2010,8565.857653938388
SSP2_BaU_NoCC,XOC,GRO,2015,10195.224398512506
SSP2_BaU_NoCC,XOC,GRO,2020,9731.46085949117
SSP2_BaU_NoCC,XOC,GRO,2025,9717.776049110762
SSP2_BaU_NoCC,XOC,GRO,2030,9428.239688176403
SSP2_BaU_NoCC,XOC,GRO,2035,8985.616252711756
SSP2_BaU_NoCC,XOC,GRO,2040,8296.903617056312
SSP2_BaU_NoCC,XOC,GRO,2045,7725.929736094902
SSP2_BaU_NoCC,XOC,GRO,2050,7233.756568576109
SSP2_BaU_NoCC,XOC,GRO,2060,6275.8506907334195
SSP2_BaU_NoCC,XOC,GRO,2070,5037.238746615808
SSP2_BaU_NoCC,XOC,GRO,2080,3770.1270690909496
SSP2_BaU_NoCC,XOC,GRO,2090,3173.515504043951
SSP2_BaU_NoCC,XOC,GRO,2100,3129.6927810310253
SSP2_BaU_NoCC,XOC,OL,2005,12743.726306746647
SSP2_BaU_NoCC,XOC,OL,2010,12743.726306746647
SSP2_BaU_NoCC,XOC,OL,2015,12743.726306746647
SSP2_BaU_NoCC,XOC,OL,2020,12743.726306746647
SSP2_BaU_NoCC,XOC,OL,2025,12743.726306746647
SSP2_BaU_NoCC,XOC,OL,2030,12743.726306746647
SSP2_BaU_NoCC,XOC,OL,2035,12743.726306746647
SSP2_BaU_NoCC,XOC,OL,2040,12743.726306746647
SSP2_BaU_NoCC,XOC,OL,2045,12743.726306746647
SSP2_BaU_NoCC,XOC,OL,2050,12743.726306746647
SSP2_BaU_NoCC,XOC,OL,2060,12743.726306746647
SSP2_BaU_NoCC,XOC,OL,2070,12743.726306746647
SSP2_BaU_NoCC,XOC,OL,2080,12743.726306746647
SSP2_BaU_NoCC,XOC,OL,2090,12743.726306746647
SSP2_BaU_NoCC,XOC,OL,2100,12743.726306746647
SSP2_BaU_NoCC,XOC,OTH_A,2005,3087.1458224828343
SSP2_BaU_NoCC,XOC,OTH_A,2010,3760.7715478088794
SSP2_BaU_NoCC,XOC,OTH_A,2015,3710.939021931804
SSP2_BaU_NoCC,XOC,OTH_A,2020,3629.028688292723
SSP2_BaU_NoCC,XOC,OTH_A,2025,3565.631950789348
SSP2_BaU_NoCC,XOC,OTH_A,2030,3422.8551316356957
SSP2_BaU_NoCC,XOC,OTH_A,2035,3308.0685030770674
SSP2_BaU_NoCC,XOC,OTH_A,2040,3161.379260904792
SSP2_BaU_NoCC,XOC,OTH_A,2045,3083.474038894986
SSP2_BaU_NoCC,XOC,OTH_A,2050,3031.9970550057483
SSP2_BaU_NoCC,XOC,OTH_A,2060,2798.779911962446
SSP2_BaU_NoCC,XOC,OTH_A,2070,2266.9517629669544
SSP2_BaU_NoCC,XOC,OTH_A,2080,2121.1970929786626
SSP2_BaU_NoCC,XOC,OTH_A,2090,2025.091784555439
SSP2_BaU_NoCC,XOC,OTH_A,2100,1850.2115603780449
SSP2_BaU_NoCC,XOC,PAS,2005,342745.16319842
SSP2_BaU_NoCC,XOC,PAS,2010,342745.16319842
SSP2_BaU_NoCC,XOC,PAS,2015,339494.56776365085
SSP2_BaU_NoCC,XOC,PAS,2020,359216.1143164291
SSP2_BaU_NoCC,XOC,PAS,2025,386102.97769830294
SSP2_BaU_NoCC,XOC,PAS,2030,409631.4847635346
SSP2_BaU_NoCC,XOC,PAS,2035,420388.6970324889
SSP2_BaU_NoCC,XOC,PAS,2040,430730.0015146114
SSP2_BaU_NoCC,XOC,PAS,2045,435324.7468885688
SSP2_BaU_NoCC,XOC,PAS,2050,437623.3827855784
SSP2_BaU_NoCC,XOC,PAS,2060,444964.86771194206
SSP2_BaU_NoCC,XOC,PAS,2070,457407.88872912864
SSP2_BaU_NoCC,XOC,PAS,2080,464861.92517471645
SSP2_BaU_NoCC,XOC,PAS,2090,470009.70823965396
SSP2_BaU_NoCC,XOC,PAS,2100,471253.27121304604
SSP2_BaU_NoCC,XOC,PDR,2005,74.06088816810835
SSP2_BaU_NoCC,XOC,PDR,2010,25.876036883174677
SSP2_BaU_NoCC,XOC,PDR,2015,120.39448051397461
SSP2_BaU_NoCC,XOC,PDR,2020,122.0176125830295
SSP2_BaU_NoCC,XOC,PDR,2025,121.33609297283502
SSP2_BaU_NoCC,XOC,PDR,2030,118.96989694576413
SSP2_BaU_NoCC,XOC,PDR,2035,118.8872229342108
SSP2_BaU_NoCC,XOC,PDR,2040,116.4225939522638
SSP2_BaU_NoCC,XOC,PDR,2045,118.26205621044393
SSP2_BaU_NoCC,XOC,PDR,2050,122.61318194916315
SSP2_BaU_NoCC,XOC,PDR,2060,118.56373767178009
SSP2_BaU_NoCC,XOC,PDR,2070,90.24661081142753
SSP2_BaU_NoCC,XOC,PDR,2080,91.53902792679139
SSP2_BaU_NoCC,XOC,PDR,2090,82.93144704423682
SSP2_BaU_NoCC,XOC,PDR,2100,74.24481762421097
SSP2_BaU_NoCC,XOC,SL,2005,1008.6252612257504
SSP2_BaU_NoCC,XOC,SL,2010,1102.2825389028808
SSP2_BaU_NoCC,XOC,SL,2015,1210.0846653582778
SSP2_BaU_NoCC,XOC,SL,2020,1210.0846653582778
SSP2_BaU_NoCC,XOC,SL,2025,1210.0846653582778
SSP2_BaU_NoCC,XOC,SL,2030,1210.0846653582778
SSP2_BaU_NoCC,XOC,SL,2035,1210.0846653582778
SSP2_BaU_NoCC,XOC,SL,2040,1210.0846653582778
SSP2_BaU_NoCC,XOC,SL,2045,1210.0846653582778
SSP2_BaU_NoCC,XOC,SL,2050,1210.0846653582778
SSP2_BaU_NoCC,XOC,SL,2060,1210.0846653582778
SSP2_BaU_NoCC,XOC,SL,2070,1210.0846653582778
SSP2_BaU_NoCC,XOC,SL,2080,1210.0846653582778
SSP2_BaU_NoCC,XOC,SL,2090,1210.0846653582778
SSP2_BaU_NoCC,XOC,SL,2100,1210.0846653582778
SSP2_BaU_NoCC,XSE,wht,2005,276.8979822967477
SSP2_BaU_NoCC,XSE,wht,2010,776.622236074186
SSP2_BaU_NoCC,XSE,wht,2015,1027.0938107108275
SSP2_BaU_NoCC,XSE,wht,2020,992.1790597623542
SSP2_BaU_NoCC,XSE,wht,2025,977.6256387920365
SSP2_BaU_NoCC,XSE,wht,2030,964.787622619359
SSP2_BaU_NoCC,XSE,wht,2035,973.9419006779366
SSP2_BaU_NoCC,XSE,wht,2040,976.390818659692
SSP2_BaU_NoCC,XSE,wht,2045,970.1115651207057
SSP2_BaU_NoCC,XSE,wht,2050,956.6296442354119
SSP2_BaU_NoCC,XSE,wht,2060,964.848973635102
SSP2_BaU_NoCC,XSE,wht,2070,965.2935790615637
SSP2_BaU_NoCC,XSE,wht,2080,958.35059209784
SSP2_BaU_NoCC,XSE,wht,2090,957.872814692666
SSP2_BaU_NoCC,XSE,wht,2100,978.0407711876865
SSP2_BaU_NoCC,XSE,frs,2005,296211.4297157561
SSP2_BaU_NoCC,XSE,frs,2010,277662.98637472506
SSP2_BaU_NoCC,XSE,frs,2015,281818.26099776506
SSP2_BaU_NoCC,XSE,frs,2020,278808.38863483054
SSP2_BaU_NoCC,XSE,frs,2025,273166.4080556226
SSP2_BaU_NoCC,XSE,frs,2030,268878.2164009135
SSP2_BaU_NoCC,XSE,frs,2035,265702.2473170095
SSP2_BaU_NoCC,XSE,frs,2040,263290.91842292063
SSP2_BaU_NoCC,XSE,frs,2045,261752.94670153208
SSP2_BaU_NoCC,XSE,frs,2050,260648.96753585627
SSP2_BaU_NoCC,XSE,frs,2060,258701.84959468944
SSP2_BaU_NoCC,XSE,frs,2070,258207.32257372662
SSP2_BaU_NoCC,XSE,frs,2080,256546.41891505115
SSP2_BaU_NoCC,XSE,frs,2090,255233.13601761442
SSP2_BaU_NoCC,XSE,frs,2100,255024.81433570542
SSP2_BaU_NoCC,XSE,OSD,2005,20316.950944020577
SSP2_BaU_NoCC,XSE,OSD,2010,23276.88402931752
SSP2_BaU_NoCC,XSE,OSD,2015,26223.489623219513
SSP2_BaU_NoCC,XSE,OSD,2020,26758.66244957248
SSP2_BaU_NoCC,XSE,OSD,2025,27295.67483268189
SSP2_BaU_NoCC,XSE,OSD,2030,27784.80310059971
SSP2_BaU_NoCC,XSE,OSD,2035,28177.640931739592
SSP2_BaU_NoCC,XSE,OSD,2040,28340.081589842295
SSP2_BaU_NoCC,XSE,OSD,2045,28244.659264450314
SSP2_BaU_NoCC,XSE,OSD,2050,28073.256944567358
SSP2_BaU_NoCC,XSE,OSD,2060,27379.894867010236
SSP2_BaU_NoCC,XSE,OSD,2070,26220.20679481196
SSP2_BaU_NoCC,XSE,OSD,2080,25409.181364462012
SSP2_BaU_NoCC,XSE,OSD,2090,24777.03628216388
SSP2_BaU_NoCC,XSE,OSD,2100,24548.184308965327
SSP2_BaU_NoCC,XSE,BIO,2025,1620.8516431104986
SSP2_BaU_NoCC,XSE,BIO,2030,2635.7098763210106
SSP2_BaU_NoCC,XSE,BIO,2035,3615.3658425540416
SSP2_BaU_NoCC,XSE,BIO,2040,4531.51014008925
SSP2_BaU_NoCC,XSE,BIO,2045,5578.61430126242
SSP2_BaU_NoCC,XSE,BIO,2050,6650.315459250136
SSP2_BaU_NoCC,XSE,BIO,2060,8405.831465274996
SSP2_BaU_NoCC,XSE,BIO,2070,9477.762897751483
SSP2_BaU_NoCC,XSE,BIO,2080,10087.835495275292
SSP2_BaU_NoCC,XSE,BIO,2090,10236.500276519064
SSP2_BaU_NoCC,XSE,BIO,2100,10580.32313197697
SSP2_BaU_NoCC,XSE,C_B,2005,2675.642109214025
SSP2_BaU_NoCC,XSE,C_B,2010,2533.8020768148353
SSP2_BaU_NoCC,XSE,C_B,2015,3351.654446796755
SSP2_BaU_NoCC,XSE,C_B,2020,3412.8921585186654
SSP2_BaU_NoCC,XSE,C_B,2025,3425.118329559942
SSP2_BaU_NoCC,XSE,C_B,2030,3445.4624940643057
SSP2_BaU_NoCC,XSE,C_B,2035,3469.88538340946
SSP2_BaU_NoCC,XSE,C_B,2040,3468.7398314518423
SSP2_BaU_NoCC,XSE,C_B,2045,3436.0918911170966
SSP2_BaU_NoCC,XSE,C_B,2050,3395.3683728459273
SSP2_BaU_NoCC,XSE,C_B,2060,3339.0957075302686
SSP2_BaU_NoCC,XSE,C_B,2070,3284.2446282408923
SSP2_BaU_NoCC,XSE,C_B,2080,3295.8606328700466
SSP2_BaU_NoCC,XSE,C_B,2090,3326.278327240946
SSP2_BaU_NoCC,XSE,C_B,2100,3378.2959626786474
SSP2_BaU_NoCC,XSE,CL,2005,99040.61027564341
SSP2_BaU_NoCC,XSE,CL,2010,106337.47625881826
SSP2_BaU_NoCC,XSE,CL,2015,111790.4370889322
SSP2_BaU_NoCC,XSE,CL,2020,114145.76623205688
SSP2_BaU_NoCC,XSE,CL,2025,118390.93973413891
SSP2_BaU_NoCC,XSE,CL,2030,122036.0852342902
SSP2_BaU_NoCC,XSE,CL,2035,125427.35164904885
SSP2_BaU_NoCC,XSE,CL,2040,127941.5188876899
SSP2_BaU_NoCC,XSE,CL,2045,129631.7795875585
SSP2_BaU_NoCC,XSE,CL,2050,130687.32201795699
SSP2_BaU_NoCC,XSE,CL,2060,131547.9667663231
SSP2_BaU_NoCC,XSE,CL,2070,130251.06973846715
SSP2_BaU_NoCC,XSE,CL,2080,129884.74597358514
SSP2_BaU_NoCC,XSE,CL,2090,130313.8976258212
SSP2_BaU_NoCC,XSE,CL,2100,132120.86892952118
SSP2_BaU_NoCC,XSE,CROP_FLW,2005,11905.988608819222
SSP2_BaU_NoCC,XSE,CROP_FLW,2010,11647.127531761576
SSP2_BaU_NoCC,XSE,CROP_FLW,2015,11768.026465400717
SSP2_BaU_NoCC,XSE,CROP_FLW,2020,11834.538149089243
SSP2_BaU_NoCC,XSE,CROP_FLW,2025,11962.37246787339
SSP2_BaU_NoCC,XSE,CROP_FLW,2030,12071.428187414404
SSP2_BaU_NoCC,XSE,CROP_FLW,2035,12169.395512962288
SSP2_BaU_NoCC,XSE,CROP_FLW,2040,12248.531654158607
SSP2_BaU_NoCC,XSE,CROP_FLW,2045,12336.43521482755
SSP2_BaU_NoCC,XSE,CROP_FLW,2050,12419.353861280453
SSP2_BaU_NoCC,XSE,CROP_FLW,2060,12575.38379604007
SSP2_BaU_NoCC,XSE,CROP_FLW,2070,12607.704259871305
SSP2_BaU_NoCC,XSE,CROP_FLW,2080,12465.47876169931
SSP2_BaU_NoCC,XSE,CROP_FLW,2090,12264.181562595584
SSP2_BaU_NoCC,XSE,CROP_FLW,2100,12288.27511210477
SSP2_BaU_NoCC,XSE,GL,2005,189886.90853807027
SSP2_BaU_NoCC,XSE,GL,2010,54795.40269864854
SSP2_BaU_NoCC,XSE,GL,2015,65525.042133059855
SSP2_BaU_NoCC,XSE,GL,2020,64278.41360167521
SSP2_BaU_NoCC,XSE,GL,2025,61153.49740397507
SSP2_BaU_NoCC,XSE,GL,2030,59954.024292077556
SSP2_BaU_NoCC,XSE,GL,2035,59311.915460974335
SSP2_BaU_NoCC,XSE,GL,2040,58784.067677902225
SSP2_BaU_NoCC,XSE,GL,2045,58308.351812968016
SSP2_BaU_NoCC,XSE,GL,2050,57939.1631669977
SSP2_BaU_NoCC,XSE,GL,2060,57238.560979232556
SSP2_BaU_NoCC,XSE,GL,2070,56824.591861689936
SSP2_BaU_NoCC,XSE,GL,2080,56216.416438766304
SSP2_BaU_NoCC,XSE,GL,2090,55651.615820106905
SSP2_BaU_NoCC,XSE,GL,2100,55341.53489316563
SSP2_BaU_NoCC,XSE,GRO,2005,12877.760463056022
SSP2_BaU_NoCC,XSE,GRO,2010,14509.938092705774
SSP2_BaU_NoCC,XSE,GRO,2015,15287.72240439709
SSP2_BaU_NoCC,XSE,GRO,2020,15584.83305419736
SSP2_BaU_NoCC,XSE,GRO,2025,16056.537159803473
SSP2_BaU_NoCC,XSE,GRO,2030,16279.935570779304
SSP2_BaU_NoCC,XSE,GRO,2035,16290.914153393895
SSP2_BaU_NoCC,XSE,GRO,2040,16069.705676055126
SSP2_BaU_NoCC,XSE,GRO,2045,15873.044998918038
SSP2_BaU_NoCC,XSE,GRO,2050,15682.54700706293
SSP2_BaU_NoCC,XSE,GRO,2060,15393.487443554859
SSP2_BaU_NoCC,XSE,GRO,2070,15163.583475830474
SSP2_BaU_NoCC,XSE,GRO,2080,15551.891146409544
SSP2_BaU_NoCC,XSE,GRO,2090,16406.97887284643
SSP2_BaU_NoCC,XSE,GRO,2100,16931.36194974633
SSP2_BaU_NoCC,XSE,OL,2005,27543.938527358525
SSP2_BaU_NoCC,XSE,OL,2010,27543.938527358525
SSP2_BaU_NoCC,XSE,OL,2015,27543.93852735853
SSP2_BaU_NoCC,XSE,OL,2020,27543.93852735853
SSP2_BaU_NoCC,XSE,OL,2025,27543.93852735853
SSP2_BaU_NoCC,XSE,OL,2030,27543.93852735853
SSP2_BaU_NoCC,XSE,OL,2035,27543.93852735853
SSP2_BaU_NoCC,XSE,OL,2040,27543.93852735853
SSP2_BaU_NoCC,XSE,OL,2045,27543.93852735853
SSP2_BaU_NoCC,XSE,OL,2050,27543.93852735853
SSP2_BaU_NoCC,XSE,OL,2060,27543.93852735853
SSP2_BaU_NoCC,XSE,OL,2070,27543.93852735853
SSP2_BaU_NoCC,XSE,OL,2080,27543.93852735853
SSP2_BaU_NoCC,XSE,OL,2090,27543.93852735853
SSP2_BaU_NoCC,XSE,OL,2100,27543.93852735853
SSP2_BaU_NoCC,XSE,OTH_A,2005,17777.03618747305
SSP2_BaU_NoCC,XSE,OTH_A,2010,19598.076636343212
SSP2_BaU_NoCC,XSE,OTH_A,2015,21567.274390335388
SSP2_BaU_NoCC,XSE,OTH_A,2020,21772.993189827685
SSP2_BaU_NoCC,XSE,OTH_A,2025,22394.433640296862
SSP2_BaU_NoCC,XSE,OTH_A,2030,23030.16332868353
SSP2_BaU_NoCC,XSE,OTH_A,2035,23644.560590043948
SSP2_BaU_NoCC,XSE,OTH_A,2040,24098.417973119293
SSP2_BaU_NoCC,XSE,OTH_A,2045,24363.666441598853
SSP2_BaU_NoCC,XSE,OTH_A,2050,24443.303065785374
SSP2_BaU_NoCC,XSE,OTH_A,2060,24233.298751781567
SSP2_BaU_NoCC,XSE,OTH_A,2070,23521.914273212817
SSP2_BaU_NoCC,XSE,OTH_A,2080,22994.508146878332
SSP2_BaU_NoCC,XSE,OTH_A,2090,22959.925114011487
SSP2_BaU_NoCC,XSE,OTH_A,2100,23278.728541989447
SSP2_BaU_NoCC,XSE,PAS,2005,147846.66333569118
SSP2_BaU_NoCC,XSE,PAS,2010,147846.66333569118
SSP2_BaU_NoCC,XSE,PAS,2015,126489.38626021208
SSP2_BaU_NoCC,XSE,PAS,2020,128390.55801140654
SSP2_BaU_NoCC,XSE,PAS,2025,132912.28128623258
SSP2_BaU_NoCC,XSE,PAS,2030,134754.8005526879
SSP2_BaU_NoCC,XSE,PAS,2035,135181.61205293654
SSP2_BaU_NoCC,XSE,PAS,2040,135606.62149145646
SSP2_BaU_NoCC,XSE,PAS,2045,135930.04837791057
SSP2_BaU_NoCC,XSE,PAS,2050,136347.67375915818
SSP2_BaU_NoCC,XSE,PAS,2060,138134.74913972412
SSP2_BaU_NoCC,XSE,PAS,2070,140340.14230608553
SSP2_BaU_NoCC,XSE,PAS,2080,142975.54515256657
SSP2_BaU_NoCC,XSE,PAS,2090,144424.47701642668
SSP2_BaU_NoCC,XSE,PAS,2100,143135.90832157698
SSP2_BaU_NoCC,XSE,PDR,2005,33210.333980763746
SSP2_BaU_NoCC,XSE,PDR,2010,33995.02565580117
SSP2_BaU_NoCC,XSE,PDR,2015,32565.17594807188
SSP2_BaU_NoCC,XSE,PDR,2020,33789.668171089084
SSP2_BaU_NoCC,XSE,PDR,2025,34658.32602202082
SSP2_BaU_NoCC,XSE,PDR,2030,35823.79505380855
SSP2_BaU_NoCC,XSE,PDR,2035,37085.64733426769
SSP2_BaU_NoCC,XSE,PDR,2040,38208.14120431376
SSP2_BaU_NoCC,XSE,PDR,2045,38829.15591026352
SSP2_BaU_NoCC,XSE,PDR,2050,39066.54766292948
SSP2_BaU_NoCC,XSE,PDR,2060,39256.125761496034
SSP2_BaU_NoCC,XSE,PDR,2070,39010.35982968668
SSP2_BaU_NoCC,XSE,PDR,2080,39121.63983389277
SSP2_BaU_NoCC,XSE,PDR,2090,39385.124375751155
SSP2_BaU_NoCC,XSE,PDR,2100,40137.65915087206
SSP2_BaU_NoCC,XSE,SL,2005,2420.0129964553826
SSP2_BaU_NoCC,XSE,SL,2010,2726.799346560418
SSP2_BaU_NoCC,XSE,SL,2015,3038.6864119720467
SSP2_BaU_NoCC,XSE,SL,2020,3038.6864119720467
SSP2_BaU_NoCC,XSE,SL,2025,3038.6864119720467
SSP2_BaU_NoCC,XSE,SL,2030,3038.6864119720467
SSP2_BaU_NoCC,XSE,SL,2035,3038.6864119720467
SSP2_BaU_NoCC,XSE,SL,2040,3038.6864119720467
SSP2_BaU_NoCC,XSE,SL,2045,3038.6864119720467
SSP2_BaU_NoCC,XSE,SL,2050,3038.6864119720467
SSP2_BaU_NoCC,XSE,SL,2060,3038.6864119720467
SSP2_BaU_NoCC,XSE,SL,2070,3038.6864119720467
SSP2_BaU_NoCC,XSE,SL,2080,3038.6864119720467
SSP2_BaU_NoCC,XSE,SL,2090,3038.6864119720467
SSP2_BaU_NoCC,XSE,SL,2100,3038.6864119720467
SSP2_BaU_NoCC,XSA,wht,2005,7787.097870418497
SSP2_BaU_NoCC,XSA,wht,2010,8307.828551814635
SSP2_BaU_NoCC,XSA,wht,2015,7868.106016944698
SSP2_BaU_NoCC,XSA,wht,2020,7943.802946328072
SSP2_BaU_NoCC,XSA,wht,2025,8318.331180490388
SSP2_BaU_NoCC,XSA,wht,2030,8688.385098249126
SSP2_BaU_NoCC,XSA,wht,2035,9359.550280512925
SSP2_BaU_NoCC,XSA,wht,2040,10035.465321649684
SSP2_BaU_NoCC,XSA,wht,2045,10827.435441841872
SSP2_BaU_NoCC,XSA,wht,2050,11607.111522146784
SSP2_BaU_NoCC,XSA,wht,2060,13757.127330120282
SSP2_BaU_NoCC,XSA,wht,2070,16206.92659415063
SSP2_BaU_NoCC,XSA,wht,2080,17118.11949375575
SSP2_BaU_NoCC,XSA,wht,2090,17523.171620570378
SSP2_BaU_NoCC,XSA,wht,2100,17711.17026489231
SSP2_BaU_NoCC,XSA,frs,2005,64953.79642377001
SSP2_BaU_NoCC,XSA,frs,2010,64965.14222110097
SSP2_BaU_NoCC,XSA,frs,2015,65010.38936617026
SSP2_BaU_NoCC,XSA,frs,2020,64522.579432205406
SSP2_BaU_NoCC,XSA,frs,2025,63729.896796239125
SSP2_BaU_NoCC,XSA,frs,2030,62560.10938325583
SSP2_BaU_NoCC,XSA,frs,2035,61902.104283760724
SSP2_BaU_NoCC,XSA,frs,2040,61608.1380921219
SSP2_BaU_NoCC,XSA,frs,2045,61717.83359677851
SSP2_BaU_NoCC,XSA,frs,2050,62253.305182783675
SSP2_BaU_NoCC,XSA,frs,2060,62472.258027780365
SSP2_BaU_NoCC,XSA,frs,2070,62454.596740068664
SSP2_BaU_NoCC,XSA,frs,2080,62856.175631433456
SSP2_BaU_NoCC,XSA,frs,2090,63275.95480731379
SSP2_BaU_NoCC,XSA,frs,2100,63430.92241827382
SSP2_BaU_NoCC,XSA,OSD,2005,3843.235631449283
SSP2_BaU_NoCC,XSA,OSD,2010,3715.831778451912
SSP2_BaU_NoCC,XSA,OSD,2015,3788.43932121352
SSP2_BaU_NoCC,XSA,OSD,2020,3862.2809146421573
SSP2_BaU_NoCC,XSA,OSD,2025,4034.214512661923
SSP2_BaU_NoCC,XSA,OSD,2030,4297.873207912392
SSP2_BaU_NoCC,XSA,OSD,2035,4587.184439880935
SSP2_BaU_NoCC,XSA,OSD,2040,4802.466548911044
SSP2_BaU_NoCC,XSA,OSD,2045,5031.095138076895
SSP2_BaU_NoCC,XSA,OSD,2050,5247.310105331268
SSP2_BaU_NoCC,XSA,OSD,2060,5509.683731993213
SSP2_BaU_NoCC,XSA,OSD,2070,5435.08061399907
SSP2_BaU_NoCC,XSA,OSD,2080,5395.272778322051
SSP2_BaU_NoCC,XSA,OSD,2090,5405.022693500113
SSP2_BaU_NoCC,XSA,OSD,2100,5376.740318884464
SSP2_BaU_NoCC,XSA,BIO,2025,217.5532030428306
SSP2_BaU_NoCC,XSA,BIO,2030,416.4661606796554
SSP2_BaU_NoCC,XSA,BIO,2035,741.3972515009369
SSP2_BaU_NoCC,XSA,BIO,2040,1290.680331513137
SSP2_BaU_NoCC,XSA,BIO,2045,1530.722929852906
SSP2_BaU_NoCC,XSA,BIO,2050,1800.1901252797313
SSP2_BaU_NoCC,XSA,BIO,2060,2474.60765947133
SSP2_BaU_NoCC,XSA,BIO,2070,3139.5520795904813
SSP2_BaU_NoCC,XSA,BIO,2080,3781.836659331977
SSP2_BaU_NoCC,XSA,BIO,2090,4359.5535888652585
SSP2_BaU_NoCC,XSA,BIO,2100,4912.091628058635
SSP2_BaU_NoCC,XSA,C_B,2005,843.7109139303199
SSP2_BaU_NoCC,XSA,C_B,2010,809.7019444249337
SSP2_BaU_NoCC,XSA,C_B,2015,887.7066238079168
SSP2_BaU_NoCC,XSA,C_B,2020,914.7964894257254
SSP2_BaU_NoCC,XSA,C_B,2025,943.1558936198252
SSP2_BaU_NoCC,XSA,C_B,2030,1021.9393212183137
SSP2_BaU_NoCC,XSA,C_B,2035,1104.785002833309
SSP2_BaU_NoCC,XSA,C_B,2040,1186.3961504118588
SSP2_BaU_NoCC,XSA,C_B,2045,1268.5359622921437
SSP2_BaU_NoCC,XSA,C_B,2050,1345.7913407054389
SSP2_BaU_NoCC,XSA,C_B,2060,1500.9423781589796
SSP2_BaU_NoCC,XSA,C_B,2070,1516.275635152958
SSP2_BaU_NoCC,XSA,C_B,2080,1477.5934240029444
SSP2_BaU_NoCC,XSA,C_B,2090,1451.346312085539
SSP2_BaU_NoCC,XSA,C_B,2100,1428.3420290042486
SSP2_BaU_NoCC,XSA,CL,2005,44281.01542230626
SSP2_BaU_NoCC,XSA,CL,2010,45172.520397640496
SSP2_BaU_NoCC,XSA,CL,2015,45702.47363317524
SSP2_BaU_NoCC,XSA,CL,2020,45800.72662846128
SSP2_BaU_NoCC,XSA,CL,2025,47537.063404275636
SSP2_BaU_NoCC,XSA,CL,2030,49139.58850287604
SSP2_BaU_NoCC,XSA,CL,2035,51742.68549208543
SSP2_BaU_NoCC,XSA,CL,2040,54253.22379931833
SSP2_BaU_NoCC,XSA,CL,2045,56712.81711300589
SSP2_BaU_NoCC,XSA,CL,2050,58931.85770828131
SSP2_BaU_NoCC,XSA,CL,2060,63660.68106632358
SSP2_BaU_NoCC,XSA,CL,2070,67992.32741860967
SSP2_BaU_NoCC,XSA,CL,2080,70322.79693226732
SSP2_BaU_NoCC,XSA,CL,2090,71362.8100129999
SSP2_BaU_NoCC,XSA,CL,2100,71364.83307647127
SSP2_BaU_NoCC,XSA,CROP_FLW,2005,15780.615518081333
SSP2_BaU_NoCC,XSA,CROP_FLW,2010,14791.801485558031
SSP2_BaU_NoCC,XSA,CROP_FLW,2015,15664.069785796179
SSP2_BaU_NoCC,XSA,CROP_FLW,2020,15387.066732388304
SSP2_BaU_NoCC,XSA,CROP_FLW,2025,15611.136538257084
SSP2_BaU_NoCC,XSA,CROP_FLW,2030,15295.041844305215
SSP2_BaU_NoCC,XSA,CROP_FLW,2035,15469.765998488187
SSP2_BaU_NoCC,XSA,CROP_FLW,2040,15682.999853189745
SSP2_BaU_NoCC,XSA,CROP_FLW,2045,15901.858992423446
SSP2_BaU_NoCC,XSA,CROP_FLW,2050,16018.042298919385
SSP2_BaU_NoCC,XSA,CROP_FLW,2060,16423.99846676177
SSP2_BaU_NoCC,XSA,CROP_FLW,2070,17241.172074369126
SSP2_BaU_NoCC,XSA,CROP_FLW,2080,17938.16136459151
SSP2_BaU_NoCC,XSA,CROP_FLW,2090,18258.806394314404
SSP2_BaU_NoCC,XSA,CROP_FLW,2100,17984.196854953494
SSP2_BaU_NoCC,XSA,GL,2005,123200.35203767792
SSP2_BaU_NoCC,XSA,GL,2010,86616.43038189359
SSP2_BaU_NoCC,XSA,GL,2015,85529.28599706151
SSP2_BaU_NoCC,XSA,GL,2020,83284.33221983239
SSP2_BaU_NoCC,XSA,GL,2025,83401.59100881444
SSP2_BaU_NoCC,XSA,GL,2030,80088.28820200829
SSP2_BaU_NoCC,XSA,GL,2035,78701.15493996454
SSP2_BaU_NoCC,XSA,GL,2040,77245.94549661555
SSP2_BaU_NoCC,XSA,GL,2045,76095.49052415181
SSP2_BaU_NoCC,XSA,GL,2050,75069.47975115202
SSP2_BaU_NoCC,XSA,GL,2060,77065.8698804489
SSP2_BaU_NoCC,XSA,GL,2070,79206.75552212608
SSP2_BaU_NoCC,XSA,GL,2080,81045.87892359501
SSP2_BaU_NoCC,XSA,GL,2090,83051.29319093103
SSP2_BaU_NoCC,XSA,GL,2100,83920.35475507143
SSP2_BaU_NoCC,XSA,GRO,2005,2771.4171651341376
SSP2_BaU_NoCC,XSA,GRO,2010,2872.9696458792378
SSP2_BaU_NoCC,XSA,GRO,2015,3013.999081647241
SSP2_BaU_NoCC,XSA,GRO,2020,3012.8529962864854
SSP2_BaU_NoCC,XSA,GRO,2025,3148.3203090543107
SSP2_BaU_NoCC,XSA,GRO,2030,3261.3575558122707
SSP2_BaU_NoCC,XSA,GRO,2035,3370.080910715903
SSP2_BaU_NoCC,XSA,GRO,2040,3426.6317297910923
SSP2_BaU_NoCC,XSA,GRO,2045,3522.497828755409
SSP2_BaU_NoCC,XSA,GRO,2050,3624.4321758078895
SSP2_BaU_NoCC,XSA,GRO,2060,3651.089089660867
SSP2_BaU_NoCC,XSA,GRO,2070,3711.482732532152
SSP2_BaU_NoCC,XSA,GRO,2080,3725.074933047188
SSP2_BaU_NoCC,XSA,GRO,2090,3692.007325808343
SSP2_BaU_NoCC,XSA,GRO,2100,3644.6701717447004
SSP2_BaU_NoCC,XSA,OL,2005,9705.16963321668
SSP2_BaU_NoCC,XSA,OL,2010,9705.16963321668
SSP2_BaU_NoCC,XSA,OL,2015,9705.169633216678
SSP2_BaU_NoCC,XSA,OL,2020,9705.169633216678
SSP2_BaU_NoCC,XSA,OL,2025,9705.169633216678
SSP2_BaU_NoCC,XSA,OL,2030,9705.169633216678
SSP2_BaU_NoCC,XSA,OL,2035,9705.169633216678
SSP2_BaU_NoCC,XSA,OL,2040,9705.169633216678
SSP2_BaU_NoCC,XSA,OL,2045,9705.169633216678
SSP2_BaU_NoCC,XSA,OL,2050,9705.169633216678
SSP2_BaU_NoCC,XSA,OL,2060,9705.169633216678
SSP2_BaU_NoCC,XSA,OL,2070,9705.169633216678
SSP2_BaU_NoCC,XSA,OL,2080,9705.169633216678
SSP2_BaU_NoCC,XSA,OL,2090,9705.169633216678
SSP2_BaU_NoCC,XSA,OL,2100,9705.169633216678
SSP2_BaU_NoCC,XSA,OTH_A,2005,4262.068434753678
SSP2_BaU_NoCC,XSA,OTH_A,2010,5721.766495583643
SSP2_BaU_NoCC,XSA,OTH_A,2015,5738.921068332045
SSP2_BaU_NoCC,XSA,OTH_A,2020,5737.183145950909
SSP2_BaU_NoCC,XSA,OTH_A,2025,5994.915037059178
SSP2_BaU_NoCC,XSA,OTH_A,2030,6394.823418955524
SSP2_BaU_NoCC,XSA,OTH_A,2035,6860.310483993256
SSP2_BaU_NoCC,XSA,OTH_A,2040,7279.267607821515
SSP2_BaU_NoCC,XSA,OTH_A,2045,7750.853553278439
SSP2_BaU_NoCC,XSA,OTH_A,2050,8214.395856102448
SSP2_BaU_NoCC,XSA,OTH_A,2060,9044.083927117614
SSP2_BaU_NoCC,XSA,OTH_A,2070,9558.135745584459
SSP2_BaU_NoCC,XSA,OTH_A,2080,9875.743058381258
SSP2_BaU_NoCC,XSA,OTH_A,2090,9971.70546457511
SSP2_BaU_NoCC,XSA,OTH_A,2100,9988.303936923861
SSP2_BaU_NoCC,XSA,PAS,2005,37874.86039465611
SSP2_BaU_NoCC,XSA,PAS,2010,37874.86039465611
SSP2_BaU_NoCC,XSA,PAS,2015,37874.831778869535
SSP2_BaU_NoCC,XSA,PAS,2020,40509.34249477749
SSP2_BaU_NoCC,XSA,PAS,2025,39448.42956594732
SSP2_BaU_NoCC,XSA,PAS,2030,42328.99468713639
SSP2_BaU_NoCC,XSA,PAS,2035,41771.036059465834
SSP2_BaU_NoCC,XSA,PAS,2040,41009.67338722079
SSP2_BaU_NoCC,XSA,PAS,2045,39590.839541340356
SSP2_BaU_NoCC,XSA,PAS,2050,37862.33813305955
SSP2_BaU_NoCC,XSA,PAS,2060,30918.1718007237
SSP2_BaU_NoCC,XSA,PAS,2070,24463.301094472125
SSP2_BaU_NoCC,XSA,PAS,2080,19892.129287980762
SSP2_BaU_NoCC,XSA,PAS,2090,16426.922764031842
SSP2_BaU_NoCC,XSA,PAS,2100,15400.870525460045
SSP2_BaU_NoCC,XSA,PDR,2005,8992.86988853901
SSP2_BaU_NoCC,XSA,PDR,2010,8952.62049592811
SSP2_BaU_NoCC,XSA,PDR,2015,8741.23173543366
SSP2_BaU_NoCC,XSA,PDR,2020,8942.743403439625
SSP2_BaU_NoCC,XSA,PDR,2025,9269.4367300901
SSP2_BaU_NoCC,XSA,PDR,2030,9763.701895743547
SSP2_BaU_NoCC,XSA,PDR,2035,10249.611124159983
SSP2_BaU_NoCC,XSA,PDR,2040,10549.316256030268
SSP2_BaU_NoCC,XSA,PDR,2045,10879.817266484806
SSP2_BaU_NoCC,XSA,PDR,2050,11074.584283988359
SSP2_BaU_NoCC,XSA,PDR,2060,11299.148483039517
SSP2_BaU_NoCC,XSA,PDR,2070,11183.701943230779
SSP2_BaU_NoCC,XSA,PDR,2080,11010.995220834651
SSP2_BaU_NoCC,XSA,PDR,2090,10701.196613280747
SSP2_BaU_NoCC,XSA,PDR,2100,10319.317872009553
SSP2_BaU_NoCC,XSA,SL,2005,651.1547696753958
SSP2_BaU_NoCC,XSA,SL,2010,735.6704059609079
SSP2_BaU_NoCC,XSA,SL,2015,882.4217457405213
SSP2_BaU_NoCC,XSA,SL,2020,882.4217457405213
SSP2_BaU_NoCC,XSA,SL,2025,882.4217457405213
SSP2_BaU_NoCC,XSA,SL,2030,882.4217457405213
SSP2_BaU_NoCC,XSA,SL,2035,882.4217457405213
SSP2_BaU_NoCC,XSA,SL,2040,882.4217457405213
SSP2_BaU_NoCC,XSA,SL,2045,882.4217457405213
SSP2_BaU_NoCC,XSA,SL,2050,882.4217457405213
SSP2_BaU_NoCC,XSA,SL,2060,882.4217457405213
SSP2_BaU_NoCC,XSA,SL,2070,882.4217457405213
SSP2_BaU_NoCC,XSA,SL,2080,882.4217457405213
SSP2_BaU_NoCC,XSA,SL,2090,882.4217457405213
SSP2_BaU_NoCC,XSA,SL,2100,882.4217457405213
SSP2_BaU_NoCC,XLM,wht,2005,8728.284214986987
SSP2_BaU_NoCC,XLM,wht,2010,6145.8709618652765
SSP2_BaU_NoCC,XLM,wht,2015,7750.612249518988
SSP2_BaU_NoCC,XLM,wht,2020,7406.734288538824
SSP2_BaU_NoCC,XLM,wht,2025,7658.85540171285
SSP2_BaU_NoCC,XLM,wht,2030,7790.304279288095
SSP2_BaU_NoCC,XLM,wht,2035,7731.016563354975
SSP2_BaU_NoCC,XLM,wht,2040,7593.432728469109
SSP2_BaU_NoCC,XLM,wht,2045,7498.956347113643
SSP2_BaU_NoCC,XLM,wht,2050,7444.055542625849
SSP2_BaU_NoCC,XLM,wht,2060,7569.079180381691
SSP2_BaU_NoCC,XLM,wht,2070,7692.546661144617
SSP2_BaU_NoCC,XLM,wht,2080,7559.098078528628
SSP2_BaU_NoCC,XLM,wht,2090,7410.312083060447
SSP2_BaU_NoCC,XLM,wht,2100,7540.235437519512
SSP2_BaU_NoCC,XLM,frs,2005,300402.3388998622
SSP2_BaU_NoCC,XLM,frs,2010,299226.24431006826
SSP2_BaU_NoCC,XLM,frs,2015,298229.41986077273
SSP2_BaU_NoCC,XLM,frs,2020,291186.9084354864
SSP2_BaU_NoCC,XLM,frs,2025,289097.037566003
SSP2_BaU_NoCC,XLM,frs,2030,283541.07471656345
SSP2_BaU_NoCC,XLM,frs,2035,280358.05842329934
SSP2_BaU_NoCC,XLM,frs,2040,280362.3729130739
SSP2_BaU_NoCC,XLM,frs,2045,283688.6324208032
SSP2_BaU_NoCC,XLM,frs,2050,287080.656469563
SSP2_BaU_NoCC,XLM,frs,2060,292137.1596517605
SSP2_BaU_NoCC,XLM,frs,2070,296981.2921630464
SSP2_BaU_NoCC,XLM,frs,2080,300059.2173665108
SSP2_BaU_NoCC,XLM,frs,2090,305951.9408418925
SSP2_BaU_NoCC,XLM,frs,2100,311021.40709348733
SSP2_BaU_NoCC,XLM,OSD,2005,26127.942492778493
SSP2_BaU_NoCC,XLM,OSD,2010,33505.579113446445
SSP2_BaU_NoCC,XLM,OSD,2015,34588.56185930271
SSP2_BaU_NoCC,XLM,OSD,2020,34365.227683904865
SSP2_BaU_NoCC,XLM,OSD,2025,35195.57661018785
SSP2_BaU_NoCC,XLM,OSD,2030,35991.61814280187
SSP2_BaU_NoCC,XLM,OSD,2035,36451.10837661255
SSP2_BaU_NoCC,XLM,OSD,2040,36489.40483186543
SSP2_BaU_NoCC,XLM,OSD,2045,36309.79738479894
SSP2_BaU_NoCC,XLM,OSD,2050,36174.97648678226
SSP2_BaU_NoCC,XLM,OSD,2060,36295.29315330361
SSP2_BaU_NoCC,XLM,OSD,2070,35599.14127392466
SSP2_BaU_NoCC,XLM,OSD,2080,34340.21563814112
SSP2_BaU_NoCC,XLM,OSD,2090,33407.024086833684
SSP2_BaU_NoCC,XLM,OSD,2100,33510.163560345165
SSP2_BaU_NoCC,XLM,AFR,2080,1972.977621431838
SSP2_BaU_NoCC,XLM,AFR,2090,1972.977369058181
SSP2_BaU_NoCC,XLM,AFR,2100,6020.51190605786
SSP2_BaU_NoCC,XLM,BIO,2025,568.6535319320449
SSP2_BaU_NoCC,XLM,BIO,2030,848.342947743298
SSP2_BaU_NoCC,XLM,BIO,2035,1088.7518961887724
SSP2_BaU_NoCC,XLM,BIO,2040,1343.672186925433
SSP2_BaU_NoCC,XLM,BIO,2045,1740.090662869677
SSP2_BaU_NoCC,XLM,BIO,2050,2302.153161007665
SSP2_BaU_NoCC,XLM,BIO,2060,3787.646179129377
SSP2_BaU_NoCC,XLM,BIO,2070,5382.184530405413
SSP2_BaU_NoCC,XLM,BIO,2080,6806.246065724862
SSP2_BaU_NoCC,XLM,BIO,2090,7740.561686450924
SSP2_BaU_NoCC,XLM,BIO,2100,8373.67124275264
SSP2_BaU_NoCC,XLM,C_B,2005,2710.4985000055535
SSP2_BaU_NoCC,XLM,C_B,2010,2743.7618803390383
SSP2_BaU_NoCC,XLM,C_B,2015,3141.3405899237355
SSP2_BaU_NoCC,XLM,C_B,2020,3220.3206753304803
SSP2_BaU_NoCC,XLM,C_B,2025,3292.8011941759078
SSP2_BaU_NoCC,XLM,C_B,2030,3387.513040752207
SSP2_BaU_NoCC,XLM,C_B,2035,3508.705702935006
SSP2_BaU_NoCC,XLM,C_B,2040,3638.1605185067087
SSP2_BaU_NoCC,XLM,C_B,2045,3770.9390238893793
SSP2_BaU_NoCC,XLM,C_B,2050,3924.070268034209
SSP2_BaU_NoCC,XLM,C_B,2060,4398.706310153233
SSP2_BaU_NoCC,XLM,C_B,2070,4964.988847472511
SSP2_BaU_NoCC,XLM,C_B,2080,5621.547827861368
SSP2_BaU_NoCC,XLM,C_B,2090,6311.595629838293
SSP2_BaU_NoCC,XLM,C_B,2100,6870.8552985555725
SSP2_BaU_NoCC,XLM,CL,2005,96421.07336353984
SSP2_BaU_NoCC,XLM,CL,2010,102299.17999371217
SSP2_BaU_NoCC,XLM,CL,2015,106674.9438390731
SSP2_BaU_NoCC,XLM,CL,2020,104818.67645948012
SSP2_BaU_NoCC,XLM,CL,2025,107735.16207724511
SSP2_BaU_NoCC,XLM,CL,2030,109647.15252825753
SSP2_BaU_NoCC,XLM,CL,2035,110927.61698247111
SSP2_BaU_NoCC,XLM,CL,2040,111885.95015052332
SSP2_BaU_NoCC,XLM,CL,2045,113264.10026650126
SSP2_BaU_NoCC,XLM,CL,2050,114364.21145057646
SSP2_BaU_NoCC,XLM,CL,2060,117707.86075226282
SSP2_BaU_NoCC,XLM,CL,2070,120449.07941680476
SSP2_BaU_NoCC,XLM,CL,2080,122981.57295085384
SSP2_BaU_NoCC,XLM,CL,2090,127128.00816825576
SSP2_BaU_NoCC,XLM,CL,2100,131978.23192561266
SSP2_BaU_NoCC,XLM,CROP_FLW,2005,20377.44769046786
SSP2_BaU_NoCC,XLM,CROP_FLW,2010,18063.464539424316
SSP2_BaU_NoCC,XLM,CROP_FLW,2015,15258.515690830258
SSP2_BaU_NoCC,XLM,CROP_FLW,2020,14720.90718631636
SSP2_BaU_NoCC,XLM,CROP_FLW,2025,14733.171537475493
SSP2_BaU_NoCC,XLM,CROP_FLW,2030,14512.947539996914
SSP2_BaU_NoCC,XLM,CROP_FLW,2035,14372.223730600026
SSP2_BaU_NoCC,XLM,CROP_FLW,2040,14379.177667382302
SSP2_BaU_NoCC,XLM,CROP_FLW,2045,14559.468157306594
SSP2_BaU_NoCC,XLM,CROP_FLW,2050,14718.81527374926
SSP2_BaU_NoCC,XLM,CROP_FLW,2060,15138.518004370759
SSP2_BaU_NoCC,XLM,CROP_FLW,2070,15477.640679994218
SSP2_BaU_NoCC,XLM,CROP_FLW,2080,15680.058439381084
SSP2_BaU_NoCC,XLM,CROP_FLW,2090,16015.498455201683
SSP2_BaU_NoCC,XLM,CROP_FLW,2100,16480.827606490628
SSP2_BaU_NoCC,XLM,GL,2005,652984.3255880772
SSP2_BaU_NoCC,XLM,GL,2010,320807.46891441185
SSP2_BaU_NoCC,XLM,GL,2015,312459.2880153388
SSP2_BaU_NoCC,XLM,GL,2020,294389.8518611778
SSP2_BaU_NoCC,XLM,GL,2025,288232.4939781114
SSP2_BaU_NoCC,XLM,GL,2030,274651.2572020937
SSP2_BaU_NoCC,XLM,GL,2035,262996.7012328576
SSP2_BaU_NoCC,XLM,GL,2040,255616.74477506033
SSP2_BaU_NoCC,XLM,GL,2045,253633.42091753017
SSP2_BaU_NoCC,XLM,GL,2050,255037.08439500706
SSP2_BaU_NoCC,XLM,GL,2060,262127.26848797692
SSP2_BaU_NoCC,XLM,GL,2070,266270.53095417196
SSP2_BaU_NoCC,XLM,GL,2080,265619.82335978845
SSP2_BaU_NoCC,XLM,GL,2090,269247.38132894144
SSP2_BaU_NoCC,XLM,GL,2100,275093.7080650928
SSP2_BaU_NoCC,XLM,GRO,2005,21864.908383744856
SSP2_BaU_NoCC,XLM,GRO,2010,23827.284887181
SSP2_BaU_NoCC,XLM,GRO,2015,26622.420630775046
SSP2_BaU_NoCC,XLM,GRO,2020,26150.30167419421
SSP2_BaU_NoCC,XLM,GRO,2025,27231.7912987027
SSP2_BaU_NoCC,XLM,GRO,2030,27785.09130506678
SSP2_BaU_NoCC,XLM,GRO,2035,27990.147793488504
SSP2_BaU_NoCC,XLM,GRO,2040,28110.754555453983
SSP2_BaU_NoCC,XLM,GRO,2045,28403.349599542576
SSP2_BaU_NoCC,XLM,GRO,2050,28203.262227339153
SSP2_BaU_NoCC,XLM,GRO,2060,27158.417356824368
SSP2_BaU_NoCC,XLM,GRO,2070,26181.45444064639
SSP2_BaU_NoCC,XLM,GRO,2080,26350.35789093659
SSP2_BaU_NoCC,XLM,GRO,2090,28019.584170899816
SSP2_BaU_NoCC,XLM,GRO,2100,29398.48589034891
SSP2_BaU_NoCC,XLM,OL,2005,28373.919288202065
SSP2_BaU_NoCC,XLM,OL,2010,28373.919288202065
SSP2_BaU_NoCC,XLM,OL,2015,28373.919288202058
SSP2_BaU_NoCC,XLM,OL,2020,28373.919288202058
SSP2_BaU_NoCC,XLM,OL,2025,28373.919288202058
SSP2_BaU_NoCC,XLM,OL,2030,28373.919288202058
SSP2_BaU_NoCC,XLM,OL,2035,28373.919288202058
SSP2_BaU_NoCC,XLM,OL,2040,28373.919288202058
SSP2_BaU_NoCC,XLM,OL,2045,28373.919288202058
SSP2_BaU_NoCC,XLM,OL,2050,28373.919288202058
SSP2_BaU_NoCC,XLM,OL,2060,28373.919288202058
SSP2_BaU_NoCC,XLM,OL,2070,28373.919288202058
SSP2_BaU_NoCC,XLM,OL,2080,28373.919288202058
SSP2_BaU_NoCC,XLM,OL,2090,28373.919288202058
SSP2_BaU_NoCC,XLM,OL,2100,28373.919288202058
SSP2_BaU_NoCC,XLM,OTH_A,2005,14385.650725019701
SSP2_BaU_NoCC,XLM,OTH_A,2010,15636.587638892315
SSP2_BaU_NoCC,XLM,OTH_A,2015,16942.371517595035
SSP2_BaU_NoCC,XLM,OTH_A,2020,16511.015216506403
SSP2_BaU_NoCC,XLM,OTH_A,2025,16481.787428056236
SSP2_BaU_NoCC,XLM,OTH_A,2030,16591.506989136047
SSP2_BaU_NoCC,XLM,OTH_A,2035,16868.509196775223
SSP2_BaU_NoCC,XLM,OTH_A,2040,17262.4400697685
SSP2_BaU_NoCC,XLM,OTH_A,2045,17775.72314019507
SSP2_BaU_NoCC,XLM,OTH_A,2050,18269.307598204763
SSP2_BaU_NoCC,XLM,OTH_A,2060,19840.62174281468
SSP2_BaU_NoCC,XLM,OTH_A,2070,21590.691786224434
SSP2_BaU_NoCC,XLM,OTH_A,2080,23064.66970616574
SSP2_BaU_NoCC,XLM,OTH_A,2090,24633.5087328573
SSP2_BaU_NoCC,XLM,OTH_A,2100,26124.63359807982
SSP2_BaU_NoCC,XLM,PAS,2005,337707.68660185114
SSP2_BaU_NoCC,XLM,PAS,2010,337707.68660185114
SSP2_BaU_NoCC,XLM,PAS,2015,338917.62209735357
SSP2_BaU_NoCC,XLM,PAS,2020,365885.8370563939
SSP2_BaU_NoCC,XLM,PAS,2025,371216.5801911788
SSP2_BaU_NoCC,XLM,PAS,2030,388441.78936562384
SSP2_BaU_NoCC,XLM,PAS,2035,401998.8971739104
SSP2_BaU_NoCC,XLM,PAS,2040,408416.20597388083
SSP2_BaU_NoCC,XLM,PAS,2045,405695.1202077037
SSP2_BaU_NoCC,XLM,PAS,2050,399799.321497392
SSP2_BaU_NoCC,XLM,PAS,2060,384308.98492053803
SSP2_BaU_NoCC,XLM,PAS,2070,372580.37127851526
SSP2_BaU_NoCC,XLM,PAS,2080,365647.68251395324
SSP2_BaU_NoCC,XLM,PAS,2090,351980.9661043906
SSP2_BaU_NoCC,XLM,PAS,2100,332167.4148222876
SSP2_BaU_NoCC,XLM,PDR,2005,2226.3413565363717
SSP2_BaU_NoCC,XLM,PDR,2010,2376.6309725637893
SSP2_BaU_NoCC,XLM,PDR,2015,2371.121301127324
SSP2_BaU_NoCC,XLM,PDR,2020,2444.169734688962
SSP2_BaU_NoCC,XLM,PDR,2025,2572.525075002069
SSP2_BaU_NoCC,XLM,PDR,2030,2739.8282834722977
SSP2_BaU_NoCC,XLM,PDR,2035,2917.1537225160323
SSP2_BaU_NoCC,XLM,PDR,2040,3068.907592151841
SSP2_BaU_NoCC,XLM,PDR,2045,3205.7759507853525
SSP2_BaU_NoCC,XLM,PDR,2050,3327.570892833405
SSP2_BaU_NoCC,XLM,PDR,2060,3519.5788252851276
SSP2_BaU_NoCC,XLM,PDR,2070,3560.431196992528
SSP2_BaU_NoCC,XLM,PDR,2080,3559.379304114442
SSP2_BaU_NoCC,XLM,PDR,2090,3589.92332311363
SSP2_BaU_NoCC,XLM,PDR,2100,3679.359291520412
SSP2_BaU_NoCC,XLM,SL,2005,3008.3285842006276
SSP2_BaU_NoCC,XLM,SL,2010,3286.0763733935646
SSP2_BaU_NoCC,XLM,SL,2015,3543.997233733869
SSP2_BaU_NoCC,XLM,SL,2020,3543.997233733869
SSP2_BaU_NoCC,XLM,SL,2025,3543.997233733869
SSP2_BaU_NoCC,XLM,SL,2030,3543.997233733869
SSP2_BaU_NoCC,XLM,SL,2035,3543.997233733869
SSP2_BaU_NoCC,XLM,SL,2040,3543.997233733869
SSP2_BaU_NoCC,XLM,SL,2045,3543.997233733869
SSP2_BaU_NoCC,XLM,SL,2050,3543.997233733869
SSP2_BaU_NoCC,XLM,SL,2060,3543.997233733869
SSP2_BaU_NoCC,XLM,SL,2070,3543.997233733869
SSP2_BaU_NoCC,XLM,SL,2080,3543.997233733869
SSP2_BaU_NoCC,XLM,SL,2090,3543.997233733869
SSP2_BaU_NoCC,XLM,SL,2100,3543.997233733869
SSP2_BaU_NoCC,CIS,wht,2005,80408.31710580543
SSP2_BaU_NoCC,CIS,wht,2010,81429.97836286465
SSP2_BaU_NoCC,CIS,wht,2015,76832.47270258337
SSP2_BaU_NoCC,CIS,wht,2020,74399.23792110209
SSP2_BaU_NoCC,CIS,wht,2025,75842.8481313478
SSP2_BaU_NoCC,CIS,wht,2030,76633.12701474095
SSP2_BaU_NoCC,CIS,wht,2035,76768.02246643996
SSP2_BaU_NoCC,CIS,wht,2040,77087.63406954044
SSP2_BaU_NoCC,CIS,wht,2045,77585.41545350473
SSP2_BaU_NoCC,CIS,wht,2050,77767.6615937859
SSP2_BaU_NoCC,CIS,wht,2060,77806.23759409727
SSP2_BaU_NoCC,CIS,wht,2070,78119.74488343566
SSP2_BaU_NoCC,CIS,wht,2080,77510.34118306088
SSP2_BaU_NoCC,CIS,wht,2090,76150.69005460708
SSP2_BaU_NoCC,CIS,wht,2100,75110.93903805445
SSP2_BaU_NoCC,CIS,frs,2005,894735.6495325667
SSP2_BaU_NoCC,CIS,frs,2010,894929.9517475619
SSP2_BaU_NoCC,CIS,frs,2015,895059.7156139866
SSP2_BaU_NoCC,CIS,frs,2020,894715.168514779
SSP2_BaU_NoCC,CIS,frs,2025,891951.0357306602
SSP2_BaU_NoCC,CIS,frs,2030,889527.0920670546
SSP2_BaU_NoCC,CIS,frs,2035,890678.6895367895
SSP2_BaU_NoCC,CIS,frs,2040,895300.8468465849
SSP2_BaU_NoCC,CIS,frs,2045,902042.9144776888
SSP2_BaU_NoCC,CIS,frs,2050,908389.9233166444
SSP2_BaU_NoCC,CIS,frs,2060,918476.697283792
SSP2_BaU_NoCC,CIS,frs,2070,924349.1793345655
SSP2_BaU_NoCC,CIS,frs,2080,927964.2448049844
SSP2_BaU_NoCC,CIS,frs,2090,923210.0737740953
SSP2_BaU_NoCC,CIS,frs,2100,924312.1806317453
SSP2_BaU_NoCC,CIS,OSD,2005,24416.96797870342
SSP2_BaU_NoCC,CIS,OSD,2010,32445.063124573477
SSP2_BaU_NoCC,CIS,OSD,2015,36512.551390992456
SSP2_BaU_NoCC,CIS,OSD,2020,36860.7920838542
SSP2_BaU_NoCC,CIS,OSD,2025,37452.33532706621
SSP2_BaU_NoCC,CIS,OSD,2030,38260.70135194924
SSP2_BaU_NoCC,CIS,OSD,2035,39490.82507875254
SSP2_BaU_NoCC,CIS,OSD,2040,40877.52933751414
SSP2_BaU_NoCC,CIS,OSD,2045,42135.41993044781
SSP2_BaU_NoCC,CIS,OSD,2050,43220.692801181656
SSP2_BaU_NoCC,CIS,OSD,2060,44902.85733713919
SSP2_BaU_NoCC,CIS,OSD,2070,45674.89785267444
SSP2_BaU_NoCC,CIS,OSD,2080,46336.09552820388
SSP2_BaU_NoCC,CIS,OSD,2090,47082.96191207486
SSP2_BaU_NoCC,CIS,OSD,2100,47655.80534814622
SSP2_BaU_NoCC,CIS,BIO,2025,260.9404216935316
SSP2_BaU_NoCC,CIS,BIO,2030,481.91800920159335
SSP2_BaU_NoCC,CIS,BIO,2035,794.7343274938573
SSP2_BaU_NoCC,CIS,BIO,2040,1215.9343346538951
SSP2_BaU_NoCC,CIS,BIO,2045,1204.8126276145977
SSP2_BaU_NoCC,CIS,BIO,2050,1157.902561384224
SSP2_BaU_NoCC,CIS,BIO,2060,956.7065167785473
SSP2_BaU_NoCC,CIS,BIO,2070,712.3540998031269
SSP2_BaU_NoCC,CIS,BIO,2080,528.69683987046
SSP2_BaU_NoCC,CIS,BIO,2090,422.5024145386796
SSP2_BaU_NoCC,CIS,BIO,2100,364.54221577026914
SSP2_BaU_NoCC,CIS,C_B,2005,2676.6903592925582
SSP2_BaU_NoCC,CIS,C_B,2010,3115.677380527587
SSP2_BaU_NoCC,CIS,C_B,2015,2448.172334408591
SSP2_BaU_NoCC,CIS,C_B,2020,2509.4789767822285
SSP2_BaU_NoCC,CIS,C_B,2025,2489.5970437798364
SSP2_BaU_NoCC,CIS,C_B,2030,2477.2356605943487
SSP2_BaU_NoCC,CIS,C_B,2035,2483.0383657365646
SSP2_BaU_NoCC,CIS,C_B,2040,2506.3205804927125
SSP2_BaU_NoCC,CIS,C_B,2045,2546.8096733251114
SSP2_BaU_NoCC,CIS,C_B,2050,2601.2513234308076
SSP2_BaU_NoCC,CIS,C_B,2060,2761.997045116116
SSP2_BaU_NoCC,CIS,C_B,2070,2996.1121840259475
SSP2_BaU_NoCC,CIS,C_B,2080,3244.04635230721
SSP2_BaU_NoCC,CIS,C_B,2090,3466.4896061109575
SSP2_BaU_NoCC,CIS,C_B,2100,3610.1443479228565
SSP2_BaU_NoCC,CIS,CL,2005,195405.15281549064
SSP2_BaU_NoCC,CIS,CL,2010,194916.25268241536
SSP2_BaU_NoCC,CIS,CL,2015,195899.2273558762
SSP2_BaU_NoCC,CIS,CL,2020,192378.4354008879
SSP2_BaU_NoCC,CIS,CL,2025,194883.6635526909
SSP2_BaU_NoCC,CIS,CL,2030,197859.99676270693
SSP2_BaU_NoCC,CIS,CL,2035,200848.32499310427
SSP2_BaU_NoCC,CIS,CL,2040,204474.75788402758
SSP2_BaU_NoCC,CIS,CL,2045,207740.89981616335
SSP2_BaU_NoCC,CIS,CL,2050,210171.3659012535
SSP2_BaU_NoCC,CIS,CL,2060,213755.1847041283
SSP2_BaU_NoCC,CIS,CL,2070,216236.77209482258
SSP2_BaU_NoCC,CIS,CL,2080,217499.34440673684
SSP2_BaU_NoCC,CIS,CL,2090,218077.52317360515
SSP2_BaU_NoCC,CIS,CL,2100,218960.61531243377
SSP2_BaU_NoCC,CIS,CROP_FLW,2005,17827.26726534667
SSP2_BaU_NoCC,CIS,CROP_FLW,2010,16270.090312567634
SSP2_BaU_NoCC,CIS,CROP_FLW,2015,12617.85879883666
SSP2_BaU_NoCC,CIS,CROP_FLW,2020,12257.011850433986
SSP2_BaU_NoCC,CIS,CROP_FLW,2025,12197.293060538432
SSP2_BaU_NoCC,CIS,CROP_FLW,2030,12058.188706123878
SSP2_BaU_NoCC,CIS,CROP_FLW,2035,12092.165520240247
SSP2_BaU_NoCC,CIS,CROP_FLW,2040,12252.131812243002
SSP2_BaU_NoCC,CIS,CROP_FLW,2045,12403.646959726604
SSP2_BaU_NoCC,CIS,CROP_FLW,2050,12476.962051271757
SSP2_BaU_NoCC,CIS,CROP_FLW,2060,12638.31434177907
SSP2_BaU_NoCC,CIS,CROP_FLW,2070,12658.591046682368
SSP2_BaU_NoCC,CIS,CROP_FLW,2080,12564.285424565562
SSP2_BaU_NoCC,CIS,CROP_FLW,2090,12421.143186624005
SSP2_BaU_NoCC,CIS,CROP_FLW,2100,12537.788179075083
SSP2_BaU_NoCC,CIS,GL,2005,1012998.6754572499
SSP2_BaU_NoCC,CIS,GL,2010,660319.737062736
SSP2_BaU_NoCC,CIS,GL,2015,660371.0767952275
SSP2_BaU_NoCC,CIS,GL,2020,654389.73613354
SSP2_BaU_NoCC,CIS,GL,2025,652110.2771949978
SSP2_BaU_NoCC,CIS,GL,2030,647720.8859863048
SSP2_BaU_NoCC,CIS,GL,2035,647477.1604345344
SSP2_BaU_NoCC,CIS,GL,2040,649737.2916585851
SSP2_BaU_NoCC,CIS,GL,2045,652713.5838119535
SSP2_BaU_NoCC,CIS,GL,2050,654236.7288640847
SSP2_BaU_NoCC,CIS,GL,2060,659809.3647456946
SSP2_BaU_NoCC,CIS,GL,2070,664944.5638385653
SSP2_BaU_NoCC,CIS,GL,2080,667964.7427077246
SSP2_BaU_NoCC,CIS,GL,2090,672028.6142815183
SSP2_BaU_NoCC,CIS,GL,2100,680341.819397611
SSP2_BaU_NoCC,CIS,GRO,2005,59364.2550870333
SSP2_BaU_NoCC,CIS,GRO,2010,50757.831121779316
SSP2_BaU_NoCC,CIS,GRO,2015,56365.834840831056
SSP2_BaU_NoCC,CIS,GRO,2020,55441.383374039804
SSP2_BaU_NoCC,CIS,GRO,2025,55801.91509033049
SSP2_BaU_NoCC,CIS,GRO,2030,57052.807406156906
SSP2_BaU_NoCC,CIS,GRO,2035,58175.30069764852
SSP2_BaU_NoCC,CIS,GRO,2040,59266.20469315706
SSP2_BaU_NoCC,CIS,GRO,2045,60422.010776548836
SSP2_BaU_NoCC,CIS,GRO,2050,61458.281157508776
SSP2_BaU_NoCC,CIS,GRO,2060,63250.841208109276
SSP2_BaU_NoCC,CIS,GRO,2070,64725.001221965395
SSP2_BaU_NoCC,CIS,GRO,2080,66303.88764260589
SSP2_BaU_NoCC,CIS,GRO,2090,67837.51555301246
SSP2_BaU_NoCC,CIS,GRO,2100,69016.861872678
SSP2_BaU_NoCC,CIS,OL,2005,72629.31089982792
SSP2_BaU_NoCC,CIS,OL,2010,72629.31089982792
SSP2_BaU_NoCC,CIS,OL,2015,72629.3108998279
SSP2_BaU_NoCC,CIS,OL,2020,72629.3108998279
SSP2_BaU_NoCC,CIS,OL,2025,72629.3108998279
SSP2_BaU_NoCC,CIS,OL,2030,72629.3108998279
SSP2_BaU_NoCC,CIS,OL,2035,72629.3108998279
SSP2_BaU_NoCC,CIS,OL,2040,72629.3108998279
SSP2_BaU_NoCC,CIS,OL,2045,72629.3108998279
SSP2_BaU_NoCC,CIS,OL,2050,72629.3108998279
SSP2_BaU_NoCC,CIS,OL,2060,72629.3108998279
SSP2_BaU_NoCC,CIS,OL,2070,72629.3108998279
SSP2_BaU_NoCC,CIS,OL,2080,72629.3108998279
SSP2_BaU_NoCC,CIS,OL,2090,72629.3108998279
SSP2_BaU_NoCC,CIS,OL,2100,72629.3108998279
SSP2_BaU_NoCC,CIS,OTH_A,2005,10128.157335712049
SSP2_BaU_NoCC,CIS,OTH_A,2010,10140.503899606032
SSP2_BaU_NoCC,CIS,OTH_A,2015,10472.482013934841
SSP2_BaU_NoCC,CIS,OTH_A,2020,10266.88924304243
SSP2_BaU_NoCC,CIS,OTH_A,2025,10205.287272425445
SSP2_BaU_NoCC,CIS,OTH_A,2030,10282.018232082064
SSP2_BaU_NoCC,CIS,OTH_A,2035,10441.661144673286
SSP2_BaU_NoCC,CIS,OTH_A,2040,10669.767912354306
SSP2_BaU_NoCC,CIS,OTH_A,2045,10842.687649462801
SSP2_BaU_NoCC,CIS,OTH_A,2050,10884.795189162172
SSP2_BaU_NoCC,CIS,OTH_A,2060,10830.871700086023
SSP2_BaU_NoCC,CIS,OTH_A,2070,10749.648360561781
SSP2_BaU_NoCC,CIS,OTH_A,2080,10421.728274925077
SSP2_BaU_NoCC,CIS,OTH_A,2090,10125.365480075698
SSP2_BaU_NoCC,CIS,OTH_A,2100,10081.999647157421
SSP2_BaU_NoCC,CIS,PAS,2005,359905.29740779987
SSP2_BaU_NoCC,CIS,PAS,2010,359905.29740779987
SSP2_BaU_NoCC,CIS,PAS,2015,359078.4503209459
SSP2_BaU_NoCC,CIS,PAS,2020,368925.1300368289
SSP2_BaU_NoCC,CIS,PAS,2025,371463.49360768736
SSP2_BaU_NoCC,CIS,PAS,2030,375300.49526996945
SSP2_BaU_NoCC,CIS,PAS,2035,371404.2951216078
SSP2_BaU_NoCC,CIS,PAS,2040,360895.57369683863
SSP2_BaU_NoCC,CIS,PAS,2045,347911.0719802303
SSP2_BaU_NoCC,CIS,PAS,2050,337610.45200405316
SSP2_BaU_NoCC,CIS,PAS,2060,318367.22335242113
SSP2_BaU_NoCC,CIS,PAS,2070,304877.95481808257
SSP2_BaU_NoCC,CIS,PAS,2080,296980.1381665902
SSP2_BaU_NoCC,CIS,PAS,2090,297092.2588568172
SSP2_BaU_NoCC,CIS,PAS,2100,286793.8547442464
SSP2_BaU_NoCC,CIS,PDR,2005,583.4976835972241
SSP2_BaU_NoCC,CIS,PDR,2010,757.108480496712
SSP2_BaU_NoCC,CIS,PDR,2015,649.8552742892181
SSP2_BaU_NoCC,CIS,PDR,2020,643.6419516331332
SSP2_BaU_NoCC,CIS,PDR,2025,633.4472055091811
SSP2_BaU_NoCC,CIS,PDR,2030,614.0003818580182
SSP2_BaU_NoCC,CIS,PDR,2035,602.5773921192612
SSP2_BaU_NoCC,CIS,PDR,2040,599.2351440719971
SSP2_BaU_NoCC,CIS,PDR,2045,600.0967455328215
SSP2_BaU_NoCC,CIS,PDR,2050,603.8192235282586
SSP2_BaU_NoCC,CIS,PDR,2060,607.35896102281
SSP2_BaU_NoCC,CIS,PDR,2070,600.4224456738972
SSP2_BaU_NoCC,CIS,PDR,2080,590.2631611978996
SSP2_BaU_NoCC,CIS,PDR,2090,570.8549665613693
SSP2_BaU_NoCC,CIS,PDR,2100,582.5346636294181
SSP2_BaU_NoCC,CIS,SL,2005,3474.1537065519137
SSP2_BaU_NoCC,CIS,SL,2010,3520.97675294475
SSP2_BaU_NoCC,CIS,SL,2015,3703.4023444303557
SSP2_BaU_NoCC,CIS,SL,2020,3703.4023444303557
SSP2_BaU_NoCC,CIS,SL,2025,3703.4023444303557
SSP2_BaU_NoCC,CIS,SL,2030,3703.4023444303557
SSP2_BaU_NoCC,CIS,SL,2035,3703.4023444303557
SSP2_BaU_NoCC,CIS,SL,2040,3703.4023444303557
SSP2_BaU_NoCC,CIS,SL,2045,3703.4023444303557
SSP2_BaU_NoCC,CIS,SL,2050,3703.4023444303557
SSP2_BaU_NoCC,CIS,SL,2060,3703.4023444303557
SSP2_BaU_NoCC,CIS,SL,2070,3703.4023444303557
SSP2_BaU_NoCC,CIS,SL,2080,3703.4023444303557
SSP2_BaU_NoCC,CIS,SL,2090,3703.4023444303557
SSP2_BaU_NoCC,CIS,SL,2100,3703.4023444303557
SSP2_BaU_NoCC,XME,wht,2005,10062.758260202287
SSP2_BaU_NoCC,XME,wht,2010,9308.2153900689
SSP2_BaU_NoCC,XME,wht,2015,8173.732328527959
SSP2_BaU_NoCC,XME,wht,2020,7567.041595400583
SSP2_BaU_NoCC,XME,wht,2025,7459.237624049893
SSP2_BaU_NoCC,XME,wht,2030,7401.941085419407
SSP2_BaU_NoCC,XME,wht,2035,7344.205376466063
SSP2_BaU_NoCC,XME,wht,2040,7300.1409099375
SSP2_BaU_NoCC,XME,wht,2045,7125.936550967985
SSP2_BaU_NoCC,XME,wht,2050,6812.621133211882
SSP2_BaU_NoCC,XME,wht,2060,6118.786311517591
SSP2_BaU_NoCC,XME,wht,2070,5362.065643707218
SSP2_BaU_NoCC,XME,wht,2080,4616.916858519184
SSP2_BaU_NoCC,XME,wht,2090,3985.3513057885284
SSP2_BaU_NoCC,XME,wht,2100,3644.4862554257197
SSP2_BaU_NoCC,XME,frs,2005,12205.074999999999
SSP2_BaU_NoCC,XME,frs,2010,12892.600000000004
SSP2_BaU_NoCC,XME,frs,2015,12906.660003436822
SSP2_BaU_NoCC,XME,frs,2020,12790.316578505517
SSP2_BaU_NoCC,XME,frs,2025,12611.649204278257
SSP2_BaU_NoCC,XME,frs,2030,12363.799758126479
SSP2_BaU_NoCC,XME,frs,2035,12246.26067116738
SSP2_BaU_NoCC,XME,frs,2040,12162.878431059467
SSP2_BaU_NoCC,XME,frs,2045,12123.765826967732
SSP2_BaU_NoCC,XME,frs,2050,12118.096903765572
SSP2_BaU_NoCC,XME,frs,2060,12203.349526885651
SSP2_BaU_NoCC,XME,frs,2070,12410.438639658287
SSP2_BaU_NoCC,XME,frs,2080,12506.937408716605
SSP2_BaU_NoCC,XME,frs,2090,12313.337322285033
SSP2_BaU_NoCC,XME,frs,2100,11738.569164032126
SSP2_BaU_NoCC,XME,OSD,2005,890.3918751026471
SSP2_BaU_NoCC,XME,OSD,2010,693.4889636270395
SSP2_BaU_NoCC,XME,OSD,2015,699.5944410430859
SSP2_BaU_NoCC,XME,OSD,2020,701.8604666065146
SSP2_BaU_NoCC,XME,OSD,2025,693.792217698767
SSP2_BaU_NoCC,XME,OSD,2030,682.3920769137442
SSP2_BaU_NoCC,XME,OSD,2035,685.2838333001658
SSP2_BaU_NoCC,XME,OSD,2040,692.6555096356037
SSP2_BaU_NoCC,XME,OSD,2045,703.9947466440187
SSP2_BaU_NoCC,XME,OSD,2050,728.4909258332017
SSP2_BaU_NoCC,XME,OSD,2060,811.7757730851117
SSP2_BaU_NoCC,XME,OSD,2070,910.0393439599175
SSP2_BaU_NoCC,XME,OSD,2080,1018.0804173844662
SSP2_BaU_NoCC,XME,OSD,2090,1087.4753212649869
SSP2_BaU_NoCC,XME,OSD,2100,1110.9842988958521
SSP2_BaU_NoCC,XME,BIO,2025,701.6522405306299
SSP2_BaU_NoCC,XME,BIO,2030,1017.1349552609119
SSP2_BaU_NoCC,XME,BIO,2035,1311.5203037056347
SSP2_BaU_NoCC,XME,BIO,2040,1629.2713986497197
SSP2_BaU_NoCC,XME,BIO,2045,1699.7715585162596
SSP2_BaU_NoCC,XME,BIO,2050,1707.2095169170502
SSP2_BaU_NoCC,XME,BIO,2060,1664.0147764092833
SSP2_BaU_NoCC,XME,BIO,2070,1505.2520281418058
SSP2_BaU_NoCC,XME,BIO,2080,1312.1227364962147
SSP2_BaU_NoCC,XME,BIO,2090,1124.1621621789332
SSP2_BaU_NoCC,XME,BIO,2100,985.9048435398704
SSP2_BaU_NoCC,XME,C_B,2005,256.1521701294978
SSP2_BaU_NoCC,XME,C_B,2010,202.47498873921452
SSP2_BaU_NoCC,XME,C_B,2015,248.70929956850694
SSP2_BaU_NoCC,XME,C_B,2020,254.7098058840879
SSP2_BaU_NoCC,XME,C_B,2025,257.35312589529974
SSP2_BaU_NoCC,XME,C_B,2030,257.4413868380005
SSP2_BaU_NoCC,XME,C_B,2035,258.1086246569327
SSP2_BaU_NoCC,XME,C_B,2040,259.25364385559055
SSP2_BaU_NoCC,XME,C_B,2045,261.50062050374294
SSP2_BaU_NoCC,XME,C_B,2050,267.63409376914757
SSP2_BaU_NoCC,XME,C_B,2060,294.6931872880533
SSP2_BaU_NoCC,XME,C_B,2070,338.74954065716526
SSP2_BaU_NoCC,XME,C_B,2080,364.16382063803337
SSP2_BaU_NoCC,XME,C_B,2090,353.2852729453031
SSP2_BaU_NoCC,XME,C_B,2100,343.69257886896685
SSP2_BaU_NoCC,XME,CL,2005,29061.588717523864
SSP2_BaU_NoCC,XME,CL,2010,27262.38040277228
SSP2_BaU_NoCC,XME,CL,2015,27050.88383485946
SSP2_BaU_NoCC,XME,CL,2020,25089.94404174276
SSP2_BaU_NoCC,XME,CL,2025,24522.948122921025
SSP2_BaU_NoCC,XME,CL,2030,23911.189633693626
SSP2_BaU_NoCC,XME,CL,2035,23692.785549037602
SSP2_BaU_NoCC,XME,CL,2040,23606.05019373958
SSP2_BaU_NoCC,XME,CL,2045,23339.78670634676
SSP2_BaU_NoCC,XME,CL,2050,22951.516623163923
SSP2_BaU_NoCC,XME,CL,2060,21703.97977336465
SSP2_BaU_NoCC,XME,CL,2070,20332.25922713273
SSP2_BaU_NoCC,XME,CL,2080,18549.749546402585
SSP2_BaU_NoCC,XME,CL,2090,16757.719302412217
SSP2_BaU_NoCC,XME,CL,2100,15517.460740399052
SSP2_BaU_NoCC,XME,CROP_FLW,2005,8148.849642460477
SSP2_BaU_NoCC,XME,CROP_FLW,2010,7846.811816292037
SSP2_BaU_NoCC,XME,CROP_FLW,2015,8211.907341918122
SSP2_BaU_NoCC,XME,CROP_FLW,2020,7439.122579990186
SSP2_BaU_NoCC,XME,CROP_FLW,2025,6759.179494388178
SSP2_BaU_NoCC,XME,CROP_FLW,2030,6274.064322510477
SSP2_BaU_NoCC,XME,CROP_FLW,2035,6040.665734578734
SSP2_BaU_NoCC,XME,CROP_FLW,2040,5877.6065463307
SSP2_BaU_NoCC,XME,CROP_FLW,2045,5835.205531873081
SSP2_BaU_NoCC,XME,CROP_FLW,2050,5769.624638851338
SSP2_BaU_NoCC,XME,CROP_FLW,2060,5167.348834766911
SSP2_BaU_NoCC,XME,CROP_FLW,2070,4839.160724550874
SSP2_BaU_NoCC,XME,CROP_FLW,2080,4296.7072112869755
SSP2_BaU_NoCC,XME,CROP_FLW,2090,3745.9398091850226
SSP2_BaU_NoCC,XME,CROP_FLW,2100,3378.556797528953
SSP2_BaU_NoCC,XME,GL,2005,405256.9901993351
SSP2_BaU_NoCC,XME,GL,2010,254372.84889841703
SSP2_BaU_NoCC,XME,GL,2015,254403.6255683907
SSP2_BaU_NoCC,XME,GL,2020,246544.22349273242
SSP2_BaU_NoCC,XME,GL,2025,243430.81930945165
SSP2_BaU_NoCC,XME,GL,2030,239306.8400395985
SSP2_BaU_NoCC,XME,GL,2035,236374.69785087346
SSP2_BaU_NoCC,XME,GL,2040,233497.39149440514
SSP2_BaU_NoCC,XME,GL,2045,231232.39954411762
SSP2_BaU_NoCC,XME,GL,2050,229700.39236733504
SSP2_BaU_NoCC,XME,GL,2060,229463.78640200692
SSP2_BaU_NoCC,XME,GL,2070,231774.61839731608
SSP2_BaU_NoCC,XME,GL,2080,233210.34276656524
SSP2_BaU_NoCC,XME,GL,2090,231802.60615942214
SSP2_BaU_NoCC,XME,GL,2100,226018.38738113426
SSP2_BaU_NoCC,XME,GRO,2005,3399.069942619983
SSP2_BaU_NoCC,XME,GRO,2010,3216.5247468154
SSP2_BaU_NoCC,XME,GRO,2015,3430.1764585069814
SSP2_BaU_NoCC,XME,GRO,2020,3232.9090380850894
SSP2_BaU_NoCC,XME,GRO,2025,3080.448083084653
SSP2_BaU_NoCC,XME,GRO,2030,2919.3561592269257
SSP2_BaU_NoCC,XME,GRO,2035,2766.7983027994997
SSP2_BaU_NoCC,XME,GRO,2040,2605.453421853484
SSP2_BaU_NoCC,XME,GRO,2045,2466.023551746297
SSP2_BaU_NoCC,XME,GRO,2050,2352.8720019283946
SSP2_BaU_NoCC,XME,GRO,2060,2196.7058861846376
SSP2_BaU_NoCC,XME,GRO,2070,2091.7805874583064
SSP2_BaU_NoCC,XME,GRO,2080,2002.3428084556763
SSP2_BaU_NoCC,XME,GRO,2090,1879.0209420570336
SSP2_BaU_NoCC,XME,GRO,2100,1716.2556610274646
SSP2_BaU_NoCC,XME,OL,2005,4286.240632133862
SSP2_BaU_NoCC,XME,OL,2010,4286.240632133862
SSP2_BaU_NoCC,XME,OL,2015,4286.240632133862
SSP2_BaU_NoCC,XME,OL,2020,4286.240632133862
SSP2_BaU_NoCC,XME,OL,2025,4286.240632133862
SSP2_BaU_NoCC,XME,OL,2030,4286.240632133862
SSP2_BaU_NoCC,XME,OL,2035,4286.240632133862
SSP2_BaU_NoCC,XME,OL,2040,4286.240632133862
SSP2_BaU_NoCC,XME,OL,2045,4286.240632133862
SSP2_BaU_NoCC,XME,OL,2050,4286.240632133862
SSP2_BaU_NoCC,XME,OL,2060,4286.240632133862
SSP2_BaU_NoCC,XME,OL,2070,4286.240632133862
SSP2_BaU_NoCC,XME,OL,2080,4286.240632133862
SSP2_BaU_NoCC,XME,OL,2090,4286.240632133862
SSP2_BaU_NoCC,XME,OL,2100,4286.240632133862
SSP2_BaU_NoCC,XME,OTH_A,2005,5522.620324659291
SSP2_BaU_NoCC,XME,OTH_A,2010,5286.254587528281
SSP2_BaU_NoCC,XME,OTH_A,2015,5587.932085344646
SSP2_BaU_NoCC,XME,OTH_A,2020,5170.226860788747
SSP2_BaU_NoCC,XME,OTH_A,2025,4822.024503789619
SSP2_BaU_NoCC,XME,OTH_A,2030,4573.149960701722
SSP2_BaU_NoCC,XME,OTH_A,2035,4446.404545299783
SSP2_BaU_NoCC,XME,OTH_A,2040,4344.265041297913
SSP2_BaU_NoCC,XME,OTH_A,2045,4283.376387035431
SSP2_BaU_NoCC,XME,OTH_A,2050,4255.518493611717
SSP2_BaU_NoCC,XME,OTH_A,2060,4138.188688824094
SSP2_BaU_NoCC,XME,OTH_A,2070,3916.5540999069526
SSP2_BaU_NoCC,XME,OTH_A,2080,3598.4783373742807
SSP2_BaU_NoCC,XME,OTH_A,2090,3243.228783843869
SSP2_BaU_NoCC,XME,OTH_A,2100,2947.4269354909525
SSP2_BaU_NoCC,XME,PAS,2005,166638.35755684884
SSP2_BaU_NoCC,XME,PAS,2010,166638.35755684884
SSP2_BaU_NoCC,XME,PAS,2015,166660.8475133907
SSP2_BaU_NoCC,XME,PAS,2020,176597.53280709716
SSP2_BaU_NoCC,XME,PAS,2025,180456.60028342673
SSP2_BaU_NoCC,XME,PAS,2030,185440.18748865908
SSP2_BaU_NoCC,XME,PAS,2035,188708.27284899922
SSP2_BaU_NoCC,XME,PAS,2040,191755.6968008735
SSP2_BaU_NoCC,XME,PAS,2045,194326.06484264554
SSP2_BaU_NoCC,XME,PAS,2050,196252.01102581315
SSP2_BaU_NoCC,XME,PAS,2060,197650.90121782038
SSP2_BaU_NoCC,XME,PAS,2070,196504.7006559705
SSP2_BaU_NoCC,XME,PAS,2080,196754.98719839324
SSP2_BaU_NoCC,XME,PAS,2090,200148.3541359583
SSP2_BaU_NoCC,XME,PAS,2100,207747.59963451227
SSP2_BaU_NoCC,XME,PDR,2005,781.7465023496799
SSP2_BaU_NoCC,XME,PDR,2010,708.6099097014094
SSP2_BaU_NoCC,XME,PDR,2015,698.83187995016
SSP2_BaU_NoCC,XME,PDR,2020,724.0736949875536
SSP2_BaU_NoCC,XME,PDR,2025,749.2608334839792
SSP2_BaU_NoCC,XME,PDR,2030,785.7096868224415
SSP2_BaU_NoCC,XME,PDR,2035,839.7988282308157
SSP2_BaU_NoCC,XME,PDR,2040,897.4037221790659
SSP2_BaU_NoCC,XME,PDR,2045,963.977759059952
SSP2_BaU_NoCC,XME,PDR,2050,1057.5458190412116
SSP2_BaU_NoCC,XME,PDR,2060,1312.4663152889768
SSP2_BaU_NoCC,XME,PDR,2070,1368.6572587504977
SSP2_BaU_NoCC,XME,PDR,2080,1340.93735624773
SSP2_BaU_NoCC,XME,PDR,2090,1339.2557051485392
SSP2_BaU_NoCC,XME,PDR,2100,1390.153369621258
SSP2_BaU_NoCC,XME,SL,2005,1492.4237069932528
SSP2_BaU_NoCC,XME,SL,2010,1703.0783672937891
SSP2_BaU_NoCC,XME,SL,2015,1891.9109124262027
SSP2_BaU_NoCC,XME,SL,2020,1891.9109124262027
SSP2_BaU_NoCC,XME,SL,2025,1891.9109124262027
SSP2_BaU_NoCC,XME,SL,2030,1891.9109124262027
SSP2_BaU_NoCC,XME,SL,2035,1891.9109124262027
SSP2_BaU_NoCC,XME,SL,2040,1891.9109124262027
SSP2_BaU_NoCC,XME,SL,2045,1891.9109124262027
SSP2_BaU_NoCC,XME,SL,2050,1891.9109124262027
SSP2_BaU_NoCC,XME,SL,2060,1891.9109124262027
SSP2_BaU_NoCC,XME,SL,2070,1891.9109124262027
SSP2_BaU_NoCC,XME,SL,2080,1891.9109124262027
SSP2_BaU_NoCC,XME,SL,2090,1891.9109124262027
SSP2_BaU_NoCC,XME,SL,2100,1891.9109124262027
SSP2_BaU_NoCC,XNF,wht,2005,7314.417683573925
SSP2_BaU_NoCC,XNF,wht,2010,6696.675917486631
SSP2_BaU_NoCC,XNF,wht,2015,7649.232958047029
SSP2_BaU_NoCC,XNF,wht,2020,7217.457728828473
SSP2_BaU_NoCC,XNF,wht,2025,7263.548724990894
SSP2_BaU_NoCC,XNF,wht,2030,7384.017541255974
SSP2_BaU_NoCC,XNF,wht,2035,7427.589441390597
SSP2_BaU_NoCC,XNF,wht,2040,7394.262487998305
SSP2_BaU_NoCC,XNF,wht,2045,7408.1877940966815
SSP2_BaU_NoCC,XNF,wht,2050,7374.791821991266
SSP2_BaU_NoCC,XNF,wht,2060,7147.421180149515
SSP2_BaU_NoCC,XNF,wht,2070,7143.416231513942
SSP2_BaU_NoCC,XNF,wht,2080,7474.200320163251
SSP2_BaU_NoCC,XNF,wht,2090,7785.307399528866
SSP2_BaU_NoCC,XNF,wht,2100,7525.029288261454
SSP2_BaU_NoCC,XNF,frs,2005,8296.119999999999
SSP2_BaU_NoCC,XNF,frs,2010,8562.64
SSP2_BaU_NoCC,XNF,frs,2015,8601.190036562275
SSP2_BaU_NoCC,XNF,frs,2020,8570.916336245838
SSP2_BaU_NoCC,XNF,frs,2025,8147.9365865739255
SSP2_BaU_NoCC,XNF,frs,2030,7681.64538108739
SSP2_BaU_NoCC,XNF,frs,2035,7536.566669357625
SSP2_BaU_NoCC,XNF,frs,2040,7511.143522562749
SSP2_BaU_NoCC,XNF,frs,2045,7500.483932116951
SSP2_BaU_NoCC,XNF,frs,2050,7498.510687266302
SSP2_BaU_NoCC,XNF,frs,2060,7521.764992811757
SSP2_BaU_NoCC,XNF,frs,2070,7568.2720998319255
SSP2_BaU_NoCC,XNF,frs,2080,7616.174049983922
SSP2_BaU_NoCC,XNF,frs,2090,7653.703298128736
SSP2_BaU_NoCC,XNF,frs,2100,7766.521002247055
SSP2_BaU_NoCC,XNF,OSD,2005,3626.1387884283586
SSP2_BaU_NoCC,XNF,OSD,2010,4608.448268242997
SSP2_BaU_NoCC,XNF,OSD,2015,4060.040359698953
SSP2_BaU_NoCC,XNF,OSD,2020,4040.9847294525066
SSP2_BaU_NoCC,XNF,OSD,2025,4080.164220749177
SSP2_BaU_NoCC,XNF,OSD,2030,4154.534786199266
SSP2_BaU_NoCC,XNF,OSD,2035,4266.974936328819
SSP2_BaU_NoCC,XNF,OSD,2040,4396.714795819689
SSP2_BaU_NoCC,XNF,OSD,2045,4544.950432364136
SSP2_BaU_NoCC,XNF,OSD,2050,4672.8330257083335
SSP2_BaU_NoCC,XNF,OSD,2060,4873.485133012398
SSP2_BaU_NoCC,XNF,OSD,2070,4942.580890725137
SSP2_BaU_NoCC,XNF,OSD,2080,5093.83322278309
SSP2_BaU_NoCC,XNF,OSD,2090,5404.527791651331
SSP2_BaU_NoCC,XNF,OSD,2100,5786.420274643242
SSP2_BaU_NoCC,XNF,BIO,2025,108.50847866721291
SSP2_BaU_NoCC,XNF,BIO,2030,106.33858178300882
SSP2_BaU_NoCC,XNF,BIO,2035,101.63652606089425
SSP2_BaU_NoCC,XNF,BIO,2040,96.25417613134275
SSP2_BaU_NoCC,XNF,BIO,2045,96.12110418083239
SSP2_BaU_NoCC,XNF,BIO,2050,90.82176383855926
SSP2_BaU_NoCC,XNF,BIO,2060,73.44759316562997
SSP2_BaU_NoCC,XNF,BIO,2070,54.224171696627806
SSP2_BaU_NoCC,XNF,BIO,2080,44.358073602618745
SSP2_BaU_NoCC,XNF,BIO,2090,39.05920273296333
SSP2_BaU_NoCC,XNF,BIO,2100,36.7389774508122
SSP2_BaU_NoCC,XNF,C_B,2005,212.54320856108043
SSP2_BaU_NoCC,XNF,C_B,2010,224.79793161643306
SSP2_BaU_NoCC,XNF,C_B,2015,299.36571670686385
SSP2_BaU_NoCC,XNF,C_B,2020,303.94241456946895
SSP2_BaU_NoCC,XNF,C_B,2025,316.86131983053394
SSP2_BaU_NoCC,XNF,C_B,2030,341.56398534012374
SSP2_BaU_NoCC,XNF,C_B,2035,367.59032078477327
SSP2_BaU_NoCC,XNF,C_B,2040,394.44074752345637
SSP2_BaU_NoCC,XNF,C_B,2045,423.17041852328043
SSP2_BaU_NoCC,XNF,C_B,2050,440.86975371152863
SSP2_BaU_NoCC,XNF,C_B,2060,416.6166388574335
SSP2_BaU_NoCC,XNF,C_B,2070,394.7947263369308
SSP2_BaU_NoCC,XNF,C_B,2080,387.0586421831176
SSP2_BaU_NoCC,XNF,C_B,2090,400.5021969935019
SSP2_BaU_NoCC,XNF,C_B,2100,481.1267836973687
SSP2_BaU_NoCC,XNF,CL,2005,27800.24822841039
SSP2_BaU_NoCC,XNF,CL,2010,28259.941449467722
SSP2_BaU_NoCC,XNF,CL,2015,28191.37250425732
SSP2_BaU_NoCC,XNF,CL,2020,26776.83153137417
SSP2_BaU_NoCC,XNF,CL,2025,26671.64835561048
SSP2_BaU_NoCC,XNF,CL,2030,26669.03140442822
SSP2_BaU_NoCC,XNF,CL,2035,26638.617231375494
SSP2_BaU_NoCC,XNF,CL,2040,26655.567210796173
SSP2_BaU_NoCC,XNF,CL,2045,26565.10653487908
SSP2_BaU_NoCC,XNF,CL,2050,26214.022504302542
SSP2_BaU_NoCC,XNF,CL,2060,24934.617727988494
SSP2_BaU_NoCC,XNF,CL,2070,24103.88158127724
SSP2_BaU_NoCC,XNF,CL,2080,23883.998379657678
SSP2_BaU_NoCC,XNF,CL,2090,23872.41929443664
SSP2_BaU_NoCC,XNF,CL,2100,23559.12086001321
SSP2_BaU_NoCC,XNF,CROP_FLW,2005,6755.756798585088
SSP2_BaU_NoCC,XNF,CROP_FLW,2010,6578.553583196964
SSP2_BaU_NoCC,XNF,CROP_FLW,2015,5925.014504487023
SSP2_BaU_NoCC,XNF,CROP_FLW,2020,5752.900641525604
SSP2_BaU_NoCC,XNF,CROP_FLW,2025,5603.860531647805
SSP2_BaU_NoCC,XNF,CROP_FLW,2030,5384.069172310463
SSP2_BaU_NoCC,XNF,CROP_FLW,2035,5116.79849782146
SSP2_BaU_NoCC,XNF,CROP_FLW,2040,4962.8981652832235
SSP2_BaU_NoCC,XNF,CROP_FLW,2045,4633.991536836498
SSP2_BaU_NoCC,XNF,CROP_FLW,2050,4279.0320143227345
SSP2_BaU_NoCC,XNF,CROP_FLW,2060,3813.9665053143035
SSP2_BaU_NoCC,XNF,CROP_FLW,2070,3744.4094319508345
SSP2_BaU_NoCC,XNF,CROP_FLW,2080,3790.8176774080307
SSP2_BaU_NoCC,XNF,CROP_FLW,2090,3769.719469252236
SSP2_BaU_NoCC,XNF,CROP_FLW,2100,3704.2794683058232
SSP2_BaU_NoCC,XNF,GL,2005,510655.6668085125
SSP2_BaU_NoCC,XNF,GL,2010,447420.21535548
SSP2_BaU_NoCC,XNF,GL,2015,446420.82415039063
SSP2_BaU_NoCC,XNF,GL,2020,442755.3116913492
SSP2_BaU_NoCC,XNF,GL,2025,438860.80375002377
SSP2_BaU_NoCC,XNF,GL,2030,432699.77637610066
SSP2_BaU_NoCC,XNF,GL,2035,426416.7670890656
SSP2_BaU_NoCC,XNF,GL,2040,421957.43331008195
SSP2_BaU_NoCC,XNF,GL,2045,418921.3352201394
SSP2_BaU_NoCC,XNF,GL,2050,417678.8608789417
SSP2_BaU_NoCC,XNF,GL,2060,418036.1983955436
SSP2_BaU_NoCC,XNF,GL,2070,419788.73394884437
SSP2_BaU_NoCC,XNF,GL,2080,422405.2738357269
SSP2_BaU_NoCC,XNF,GL,2090,424697.9752272432
SSP2_BaU_NoCC,XNF,GL,2100,426818.8022506441
SSP2_BaU_NoCC,XNF,GRO,2005,5568.4151893445605
SSP2_BaU_NoCC,XNF,GRO,2010,5364.113638589609
SSP2_BaU_NoCC,XNF,GRO,2015,5514.312321365739
SSP2_BaU_NoCC,XNF,GRO,2020,4984.312461722187
SSP2_BaU_NoCC,XNF,GRO,2025,4932.907644035251
SSP2_BaU_NoCC,XNF,GRO,2030,4940.385723318972
SSP2_BaU_NoCC,XNF,GRO,2035,4926.435972695461
SSP2_BaU_NoCC,XNF,GRO,2040,4869.175017716848
SSP2_BaU_NoCC,XNF,GRO,2045,4780.557360380046
SSP2_BaU_NoCC,XNF,GRO,2050,4615.973615854463
SSP2_BaU_NoCC,XNF,GRO,2060,4021.1714768980996
SSP2_BaU_NoCC,XNF,GRO,2070,3443.6873807033817
SSP2_BaU_NoCC,XNF,GRO,2080,2996.4347331077497
SSP2_BaU_NoCC,XNF,GRO,2090,2648.374081206463
SSP2_BaU_NoCC,XNF,GRO,2100,2426.3379530038173
SSP2_BaU_NoCC,XNF,OL,2005,3784.0643351574563
SSP2_BaU_NoCC,XNF,OL,2010,3784.0643351574563
SSP2_BaU_NoCC,XNF,OL,2015,3784.0643351574563
SSP2_BaU_NoCC,XNF,OL,2020,3784.0643351574563
SSP2_BaU_NoCC,XNF,OL,2025,3784.0643351574563
SSP2_BaU_NoCC,XNF,OL,2030,3784.0643351574563
SSP2_BaU_NoCC,XNF,OL,2035,3784.0643351574563
SSP2_BaU_NoCC,XNF,OL,2040,3784.0643351574563
SSP2_BaU_NoCC,XNF,OL,2045,3784.0643351574563
SSP2_BaU_NoCC,XNF,OL,2050,3784.0643351574563
SSP2_BaU_NoCC,XNF,OL,2060,3784.0643351574563
SSP2_BaU_NoCC,XNF,OL,2070,3784.0643351574563
SSP2_BaU_NoCC,XNF,OL,2080,3784.0643351574563
SSP2_BaU_NoCC,XNF,OL,2090,3784.0643351574563
SSP2_BaU_NoCC,XNF,OL,2100,3784.0643351574563
SSP2_BaU_NoCC,XNF,OTH_A,2005,3930.651419676182
SSP2_BaU_NoCC,XNF,OTH_A,2010,4486.827159276135
SSP2_BaU_NoCC,XNF,OTH_A,2015,4423.4759096313555
SSP2_BaU_NoCC,XNF,OTH_A,2020,4106.744166365391
SSP2_BaU_NoCC,XNF,OTH_A,2025,3968.7258692035807
SSP2_BaU_NoCC,XNF,OTH_A,2030,3933.818290425771
SSP2_BaU_NoCC,XNF,OTH_A,2035,3958.8824708417105
SSP2_BaU_NoCC,XNF,OTH_A,2040,4013.9346496853677
SSP2_BaU_NoCC,XNF,OTH_A,2045,4091.1211013526968
SSP2_BaU_NoCC,XNF,OTH_A,2050,4121.276591026048
SSP2_BaU_NoCC,XNF,OTH_A,2060,4035.24890212535
SSP2_BaU_NoCC,XNF,OTH_A,2070,3807.087475269634
SSP2_BaU_NoCC,XNF,OTH_A,2080,3513.324052861785
SSP2_BaU_NoCC,XNF,OTH_A,2090,3233.1234932399957
SSP2_BaU_NoCC,XNF,OTH_A,2100,3007.0864074731135
SSP2_BaU_NoCC,XNF,PAS,2005,72073.41050131862
SSP2_BaU_NoCC,XNF,PAS,2010,72073.41050131862
SSP2_BaU_NoCC,XNF,PAS,2015,72063.08946918375
SSP2_BaU_NoCC,XNF,PAS,2020,77173.41660142461
SSP2_BaU_NoCC,XNF,PAS,2025,81596.0874681858
SSP2_BaU_NoCC,XNF,PAS,2030,88226.02299877754
SSP2_BaU_NoCC,XNF,PAS,2035,94684.52517059518
SSP2_BaU_NoCC,XNF,PAS,2040,99152.33211695318
SSP2_BaU_NoCC,XNF,PAS,2045,102289.55047325838
SSP2_BaU_NoCC,XNF,PAS,2050,103885.08208988317
SSP2_BaU_NoCC,XNF,PAS,2060,104783.89504404996
SSP2_BaU_NoCC,XNF,PAS,2070,103815.58853044038
SSP2_BaU_NoCC,XNF,PAS,2080,101371.02989502525
SSP2_BaU_NoCC,XNF,PAS,2090,99052.37834058535
SSP2_BaU_NoCC,XNF,PAS,2100,97132.03204748953
SSP2_BaU_NoCC,XNF,PDR,2005,392.32514024119763
SSP2_BaU_NoCC,XNF,PDR,2010,300.5249510589532
SSP2_BaU_NoCC,XNF,PDR,2015,319.93073432035794
SSP2_BaU_NoCC,XNF,PDR,2020,370.48938891053865
SSP2_BaU_NoCC,XNF,PDR,2025,397.0715664860248
SSP2_BaU_NoCC,XNF,PDR,2030,424.3033237946395
SSP2_BaU_NoCC,XNF,PDR,2035,472.7090654517773
SSP2_BaU_NoCC,XNF,PDR,2040,527.8871706379424
SSP2_BaU_NoCC,XNF,PDR,2045,587.0067871449141
SSP2_BaU_NoCC,XNF,PDR,2050,618.4239178496124
SSP2_BaU_NoCC,XNF,PDR,2060,553.2602984657711
SSP2_BaU_NoCC,XNF,PDR,2070,573.6812730807447
SSP2_BaU_NoCC,XNF,PDR,2080,583.9716575480245
SSP2_BaU_NoCC,XNF,PDR,2090,591.8056598312786
SSP2_BaU_NoCC,XNF,PDR,2100,592.1017071775625
SSP2_BaU_NoCC,XNF,SL,2005,762.3664954146282
SSP2_BaU_NoCC,XNF,SL,2010,854.5230986833207
SSP2_BaU_NoCC,XNF,SL,2015,953.1901988417978
SSP2_BaU_NoCC,XNF,SL,2020,953.1901988417978
SSP2_BaU_NoCC,XNF,SL,2025,953.1901988417978
SSP2_BaU_NoCC,XNF,SL,2030,953.1901988417978
SSP2_BaU_NoCC,XNF,SL,2035,953.1901988417978
SSP2_BaU_NoCC,XNF,SL,2040,953.1901988417978
SSP2_BaU_NoCC,XNF,SL,2045,953.1901988417978
SSP2_BaU_NoCC,XNF,SL,2050,953.1901988417978
SSP2_BaU_NoCC,XNF,SL,2060,953.1901988417978
SSP2_BaU_NoCC,XNF,SL,2070,953.1901988417978
SSP2_BaU_NoCC,XNF,SL,2080,953.1901988417978
SSP2_BaU_NoCC,XNF,SL,2090,953.1901988417978
SSP2_BaU_NoCC,XNF,SL,2100,953.1901988417978
SSP2_BaU_NoCC,XAF,wht,2005,3773.5081131276993
SSP2_BaU_NoCC,XAF,wht,2010,3815.051133102455
SSP2_BaU_NoCC,XAF,wht,2015,4129.326597993078
SSP2_BaU_NoCC,XAF,wht,2020,3828.4018016155933
SSP2_BaU_NoCC,XAF,wht,2025,3834.483267946374
SSP2_BaU_NoCC,XAF,wht,2030,3883.7486642025538
SSP2_BaU_NoCC,XAF,wht,2035,3929.857577393372
SSP2_BaU_NoCC,XAF,wht,2040,3987.96369169702
SSP2_BaU_NoCC,XAF,wht,2045,4025.6740223546303
SSP2_BaU_NoCC,XAF,wht,2050,4066.305339112083
SSP2_BaU_NoCC,XAF,wht,2060,4412.383972257111
SSP2_BaU_NoCC,XAF,wht,2070,5101.7169127989955
SSP2_BaU_NoCC,XAF,wht,2080,5929.3469762175555
SSP2_BaU_NoCC,XAF,wht,2090,6910.802150352374
SSP2_BaU_NoCC,XAF,wht,2100,7441.636102596237
SSP2_BaU_NoCC,XAF,frs,2005,408324.1263580535
SSP2_BaU_NoCC,XAF,frs,2010,402957.0753630607
SSP2_BaU_NoCC,XAF,frs,2015,414477.33670732006
SSP2_BaU_NoCC,XAF,frs,2020,405432.38844881835
SSP2_BaU_NoCC,XAF,frs,2025,388165.0447280003
SSP2_BaU_NoCC,XAF,frs,2030,361050.3490979642
SSP2_BaU_NoCC,XAF,frs,2035,336742.7163661175
SSP2_BaU_NoCC,XAF,frs,2040,312798.0557196557
SSP2_BaU_NoCC,XAF,frs,2045,296824.4325632315
SSP2_BaU_NoCC,XAF,frs,2050,285457.3655385332
SSP2_BaU_NoCC,XAF,frs,2060,267222.57509376795
SSP2_BaU_NoCC,XAF,frs,2070,253276.79435999182
SSP2_BaU_NoCC,XAF,frs,2080,242395.35110947283
SSP2_BaU_NoCC,XAF,frs,2090,243213.73787796142
SSP2_BaU_NoCC,XAF,frs,2100,247672.29520517256
SSP2_BaU_NoCC,XAF,OSD,2005,25661.74965354365
SSP2_BaU_NoCC,XAF,OSD,2010,28053.018225265725
SSP2_BaU_NoCC,XAF,OSD,2015,39844.387779286444
SSP2_BaU_NoCC,XAF,OSD,2020,40249.566496254054
SSP2_BaU_NoCC,XAF,OSD,2025,40304.09511632657
SSP2_BaU_NoCC,XAF,OSD,2030,40104.955130768474
SSP2_BaU_NoCC,XAF,OSD,2035,39708.77891716625
SSP2_BaU_NoCC,XAF,OSD,2040,38187.569760012615
SSP2_BaU_NoCC,XAF,OSD,2045,37772.69979116284
SSP2_BaU_NoCC,XAF,OSD,2050,37883.60932055973
SSP2_BaU_NoCC,XAF,OSD,2060,38753.28556920974
SSP2_BaU_NoCC,XAF,OSD,2070,40010.91505666631
SSP2_BaU_NoCC,XAF,OSD,2080,40251.530543186316
SSP2_BaU_NoCC,XAF,OSD,2090,39560.084339152054
SSP2_BaU_NoCC,XAF,OSD,2100,38918.89558666735
SSP2_BaU_NoCC,XAF,BIO,2025,126.88019693501383
SSP2_BaU_NoCC,XAF,BIO,2030,332.83749792422543
SSP2_BaU_NoCC,XAF,BIO,2035,929.7560939586139
SSP2_BaU_NoCC,XAF,BIO,2040,2576.483042483024
SSP2_BaU_NoCC,XAF,BIO,2045,3036.500144909885
SSP2_BaU_NoCC,XAF,BIO,2050,3698.672271504398
SSP2_BaU_NoCC,XAF,BIO,2060,5792.414911465806
SSP2_BaU_NoCC,XAF,BIO,2070,9035.267916283063
SSP2_BaU_NoCC,XAF,BIO,2080,13853.468195225627
SSP2_BaU_NoCC,XAF,BIO,2090,18842.293846711018
SSP2_BaU_NoCC,XAF,BIO,2100,25411.659400519602
SSP2_BaU_NoCC,XAF,C_B,2005,1367.7001467449077
SSP2_BaU_NoCC,XAF,C_B,2010,1466.1821266851357
SSP2_BaU_NoCC,XAF,C_B,2015,1633.193029287492
SSP2_BaU_NoCC,XAF,C_B,2020,1647.784519061863
SSP2_BaU_NoCC,XAF,C_B,2025,1640.528991905134
SSP2_BaU_NoCC,XAF,C_B,2030,1616.944675893649
SSP2_BaU_NoCC,XAF,C_B,2035,1604.5653609789665
SSP2_BaU_NoCC,XAF,C_B,2040,1603.4571664792038
SSP2_BaU_NoCC,XAF,C_B,2045,1634.0006159930517
SSP2_BaU_NoCC,XAF,C_B,2050,1687.8131014318385
SSP2_BaU_NoCC,XAF,C_B,2060,1833.6131821218803
SSP2_BaU_NoCC,XAF,C_B,2070,2027.1739454634292
SSP2_BaU_NoCC,XAF,C_B,2080,2119.146314116048
SSP2_BaU_NoCC,XAF,C_B,2090,2166.237911996236
SSP2_BaU_NoCC,XAF,C_B,2100,2174.0996337572765
SSP2_BaU_NoCC,XAF,CL,2005,197807.51984725072
SSP2_BaU_NoCC,XAF,CL,2010,214503.65804705775
SSP2_BaU_NoCC,XAF,CL,2015,254559.26830247542
SSP2_BaU_NoCC,XAF,CL,2020,246303.73232153562
SSP2_BaU_NoCC,XAF,CL,2025,245091.78325329188
SSP2_BaU_NoCC,XAF,CL,2030,242077.23432064796
SSP2_BaU_NoCC,XAF,CL,2035,237761.66550723402
SSP2_BaU_NoCC,XAF,CL,2040,233945.40933133507
SSP2_BaU_NoCC,XAF,CL,2045,232371.66936341458
SSP2_BaU_NoCC,XAF,CL,2050,232218.89653256309
SSP2_BaU_NoCC,XAF,CL,2060,233331.92558304346
SSP2_BaU_NoCC,XAF,CL,2070,235530.7381018879
SSP2_BaU_NoCC,XAF,CL,2080,233922.84660840352
SSP2_BaU_NoCC,XAF,CL,2090,231603.1599154285
SSP2_BaU_NoCC,XAF,CL,2100,232554.23082908237
SSP2_BaU_NoCC,XAF,CROP_FLW,2005,22611.40651495124
SSP2_BaU_NoCC,XAF,CROP_FLW,2010,22098.320526422478
SSP2_BaU_NoCC,XAF,CROP_FLW,2015,23005.221197736737
SSP2_BaU_NoCC,XAF,CROP_FLW,2020,22396.811864433803
SSP2_BaU_NoCC,XAF,CROP_FLW,2025,20937.515304230044
SSP2_BaU_NoCC,XAF,CROP_FLW,2030,18506.077222545977
SSP2_BaU_NoCC,XAF,CROP_FLW,2035,15951.584262990704
SSP2_BaU_NoCC,XAF,CROP_FLW,2040,14189.790482086803
SSP2_BaU_NoCC,XAF,CROP_FLW,2045,13034.92205019254
SSP2_BaU_NoCC,XAF,CROP_FLW,2050,12211.477080601033
SSP2_BaU_NoCC,XAF,CROP_FLW,2060,10844.82160490299
SSP2_BaU_NoCC,XAF,CROP_FLW,2070,9873.064368657155
SSP2_BaU_NoCC,XAF,CROP_FLW,2080,9265.089789657166
SSP2_BaU_NoCC,XAF,CROP_FLW,2090,9089.99874112664
SSP2_BaU_NoCC,XAF,CROP_FLW,2100,9226.204485871134
SSP2_BaU_NoCC,XAF,GL,2005,1647873.134434072
SSP2_BaU_NoCC,XAF,GL,2010,1063312.0038471685
SSP2_BaU_NoCC,XAF,GL,2015,942589.6111066928
SSP2_BaU_NoCC,XAF,GL,2020,916369.8822562371
SSP2_BaU_NoCC,XAF,GL,2025,870520.671516859
SSP2_BaU_NoCC,XAF,GL,2030,805790.961766449
SSP2_BaU_NoCC,XAF,GL,2035,759313.591580738
SSP2_BaU_NoCC,XAF,GL,2040,721430.5808389417
SSP2_BaU_NoCC,XAF,GL,2045,697768.3284973281
SSP2_BaU_NoCC,XAF,GL,2050,681282.4700946984
SSP2_BaU_NoCC,XAF,GL,2060,653103.6162009297
SSP2_BaU_NoCC,XAF,GL,2070,632506.5622843659
SSP2_BaU_NoCC,XAF,GL,2080,620001.0476689143
SSP2_BaU_NoCC,XAF,GL,2090,624830.7270049709
SSP2_BaU_NoCC,XAF,GL,2100,654813.8155095247
SSP2_BaU_NoCC,XAF,GRO,2005,93003.5254773678
SSP2_BaU_NoCC,XAF,GRO,2010,100761.97569375722
SSP2_BaU_NoCC,XAF,GRO,2015,119458.79458885173
SSP2_BaU_NoCC,XAF,GRO,2020,112625.75850393694
SSP2_BaU_NoCC,XAF,GRO,2025,111413.73884173582
SSP2_BaU_NoCC,XAF,GRO,2030,109030.8166581151
SSP2_BaU_NoCC,XAF,GRO,2035,105121.38450812653
SSP2_BaU_NoCC,XAF,GRO,2040,101115.11016401456
SSP2_BaU_NoCC,XAF,GRO,2045,98359.45184751018
SSP2_BaU_NoCC,XAF,GRO,2050,96049.32680850121
SSP2_BaU_NoCC,XAF,GRO,2060,92237.8671743196
SSP2_BaU_NoCC,XAF,GRO,2070,88469.56998794134
SSP2_BaU_NoCC,XAF,GRO,2080,82728.22752665004
SSP2_BaU_NoCC,XAF,GRO,2090,77112.09663773466
SSP2_BaU_NoCC,XAF,GRO,2100,72208.75158552195
SSP2_BaU_NoCC,XAF,OL,2005,32467.197913876156
SSP2_BaU_NoCC,XAF,OL,2010,32467.197913876156
SSP2_BaU_NoCC,XAF,OL,2015,32467.197913876145
SSP2_BaU_NoCC,XAF,OL,2020,32467.197913876145
SSP2_BaU_NoCC,XAF,OL,2025,32467.197913876145
SSP2_BaU_NoCC,XAF,OL,2030,32467.197913876145
SSP2_BaU_NoCC,XAF,OL,2035,32467.197913876145
SSP2_BaU_NoCC,XAF,OL,2040,32467.197913876145
SSP2_BaU_NoCC,XAF,OL,2045,32467.197913876145
SSP2_BaU_NoCC,XAF,OL,2050,32467.197913876145
SSP2_BaU_NoCC,XAF,OL,2060,32467.197913876145
SSP2_BaU_NoCC,XAF,OL,2070,32467.197913876145
SSP2_BaU_NoCC,XAF,OL,2080,32467.197913876145
SSP2_BaU_NoCC,XAF,OL,2090,32467.197913876145
SSP2_BaU_NoCC,XAF,OL,2100,32467.197913876145
SSP2_BaU_NoCC,XAF,OTH_A,2005,42838.10335134358
SSP2_BaU_NoCC,XAF,OTH_A,2010,47689.62636086009
SSP2_BaU_NoCC,XAF,OTH_A,2015,54318.785757101476
SSP2_BaU_NoCC,XAF,OTH_A,2020,53095.83857384099
SSP2_BaU_NoCC,XAF,OTH_A,2025,53687.88483387496
SSP2_BaU_NoCC,XAF,OTH_A,2030,54832.548352060796
SSP2_BaU_NoCC,XAF,OTH_A,2035,56155.7999230039
SSP2_BaU_NoCC,XAF,OTH_A,2040,57491.59390997158
SSP2_BaU_NoCC,XAF,OTH_A,2045,59106.29381776623
SSP2_BaU_NoCC,XAF,OTH_A,2050,60369.10075013546
SSP2_BaU_NoCC,XAF,OTH_A,2060,62465.86647361557
SSP2_BaU_NoCC,XAF,OTH_A,2070,63546.043677698624
SSP2_BaU_NoCC,XAF,OTH_A,2080,62301.01922551987
SSP2_BaU_NoCC,XAF,OTH_A,2090,60167.8349778441
SSP2_BaU_NoCC,XAF,OTH_A,2100,58737.97198174092
SSP2_BaU_NoCC,XAF,PAS,2005,641517.5754353537
SSP2_BaU_NoCC,XAF,PAS,2010,641517.5754353537
SSP2_BaU_NoCC,XAF,PAS,2015,717424.8526160157
SSP2_BaU_NoCC,XAF,PAS,2020,760945.065705913
SSP2_BaU_NoCC,XAF,PAS,2025,825273.569234353
SSP2_BaU_NoCC,XAF,PAS,2030,920132.5235474426
SSP2_BaU_NoCC,XAF,PAS,2035,995233.0952784145
SSP2_BaU_NoCC,XAF,PAS,2040,1060877.0228425711
SSP2_BaU_NoCC,XAF,PAS,2045,1102086.6383085295
SSP2_BaU_NoCC,XAF,PAS,2050,1130092.336566709
SSP2_BaU_NoCC,XAF,PAS,2060,1175392.9518547624
SSP2_BaU_NoCC,XAF,PAS,2070,1207736.9739862585
SSP2_BaU_NoCC,XAF,PAS,2080,1232731.8233457133
SSP2_BaU_NoCC,XAF,PAS,2090,1229403.443934143
SSP2_BaU_NoCC,XAF,PAS,2100,1194010.727188724
SSP2_BaU_NoCC,XAF,PDR,2005,8551.526590171796
SSP2_BaU_NoCC,XAF,PDR,2010,10619.483980964667
SSP2_BaU_NoCC,XAF,PDR,2015,12169.559352218508
SSP2_BaU_NoCC,XAF,PDR,2020,12459.570562392311
SSP2_BaU_NoCC,XAF,PDR,2025,13146.656700311574
SSP2_BaU_NoCC,XAF,PDR,2030,13769.306119058854
SSP2_BaU_NoCC,XAF,PDR,2035,14359.93886333446
SSP2_BaU_NoCC,XAF,PDR,2040,14793.441113715315
SSP2_BaU_NoCC,XAF,PDR,2045,15402.127073525198
SSP2_BaU_NoCC,XAF,PDR,2050,16252.591860717357
SSP2_BaU_NoCC,XAF,PDR,2060,16991.672695150748
SSP2_BaU_NoCC,XAF,PDR,2070,17466.98623637899
SSP2_BaU_NoCC,XAF,PDR,2080,17475.01803783087
SSP2_BaU_NoCC,XAF,PDR,2090,17753.811310511355
SSP2_BaU_NoCC,XAF,PDR,2100,18435.012052407903
SSP2_BaU_NoCC,XAF,SL,2005,3244.0230564083176
SSP2_BaU_NoCC,XAF,SL,2010,3815.2336182260447
SSP2_BaU_NoCC,XAF,SL,2015,4556.017204808328
SSP2_BaU_NoCC,XAF,SL,2020,4556.017204808328
SSP2_BaU_NoCC,XAF,SL,2025,4556.017204808328
SSP2_BaU_NoCC,XAF,SL,2030,4556.017204808328
SSP2_BaU_NoCC,XAF,SL,2035,4556.017204808328
SSP2_BaU_NoCC,XAF,SL,2040,4556.017204808328
SSP2_BaU_NoCC,XAF,SL,2045,4556.017204808328
SSP2_BaU_NoCC,XAF,SL,2050,4556.017204808328
SSP2_BaU_NoCC,XAF,SL,2060,4556.017204808328
SSP2_BaU_NoCC,XAF,SL,2070,4556.017204808328
SSP2_BaU_NoCC,XAF,SL,2080,4556.017204808328
SSP2_BaU_NoCC,XAF,SL,2090,4556.017204808328
SSP2_BaU_NoCC,XAF,SL,2100,4556.017204808328
