scenario,year,region,type,value
SSP2_1000C_CACN_NoCC,base,USA,OTH,33613.452
SSP2_1000C_CACN_NoCC,base,USA,URB,11695.345311309815
SSP2_1000C_CACN_NoCC,base,XE25,OTH,3206.0
SSP2_1000C_CACN_NoCC,base,XE25,URB,9106.496241195679
SSP2_1000C_CACN_NoCC,base,XER,OTH,13232.0
SSP2_1000C_CACN_NoCC,base,XER,URB,1090.242361709595
SSP2_1000C_CACN_NoCC,base,TUR,URB,821.3799714660644
SSP2_1000C_CACN_NoCC,base,XOC,OTH,1467.0
SSP2_1000C_CACN_NoCC,base,XOC,URB,883.3264156804086
SSP2_1000C_CACN_NoCC,base,CHN,OTH,239998.39534375
SSP2_1000C_CACN_NoCC,base,CHN,URB,8006.078889526368
SSP2_1000C_CACN_NoCC,base,IND,OTH,13430.3702109375
SSP2_1000C_CACN_NoCC,base,IND,URB,3026.2728974914553
SSP2_1000C_CACN_NoCC,base,JPN,URB,1710.2899680175783
SSP2_1000C_CACN_NoCC,base,XSE,OTH,14506.901
SSP2_1000C_CACN_NoCC,base,XSE,URB,3032.1656320037837
SSP2_1000C_CACN_NoCC,base,XSA,OTH,44675.7545
SSP2_1000C_CACN_NoCC,base,XSA,URB,866.7895990753174
SSP2_1000C_CACN_NoCC,base,CAN,OTH,283585.656
SSP2_1000C_CACN_NoCC,base,CAN,URB,785.9824775390625
SSP2_1000C_CACN_NoCC,base,BRA,URB,3742.538360931397
SSP2_1000C_CACN_NoCC,base,XLM,OTH,72183.21731250001
SSP2_1000C_CACN_NoCC,base,XLM,URB,4894.335314867021
SSP2_1000C_CACN_NoCC,base,CIS,OTH,253974.9918984375
SSP2_1000C_CACN_NoCC,base,CIS,URB,5880.5270887603765
SSP2_1000C_CACN_NoCC,base,XME,OTH,281021.7655625
SSP2_1000C_CACN_NoCC,base,XME,URB,2128.071955810547
SSP2_1000C_CACN_NoCC,base,XNF,OTH,456890.6350624999
SSP2_1000C_CACN_NoCC,base,XNF,URB,927.4797019042969
SSP2_1000C_CACN_NoCC,base,XAF,OTH,399410.63371875
SSP2_1000C_CACN_NoCC,base,XAF,URB,2896.931178625107
SSP2_1000C_CACN_NoCC,base,ASIA2,OTH,312611.42105468747
SSP2_1000C_CACN_NoCC,base,ASIA2,URB,16641.596986114502
SSP2_1000C_CACN_NoCC,base,World,OTH,2111196.772609375
SSP2_1000C_CACN_NoCC,base,World,URB,61494.25336591386
SSP2_1000C_CACN_NoCC,base,Non-OECD,OTH,1776092.664609375
SSP2_1000C_CACN_NoCC,base,Non-OECD,URB,35401.19061899567
SSP2_1000C_CACN_NoCC,base,Industrial,OTH,321872.108
SSP2_1000C_CACN_NoCC,base,Industrial,URB,24181.440413742544
SSP2_1000C_CACN_NoCC,base,Transition,OTH,520635.75745312497
SSP2_1000C_CACN_NoCC,base,Transition,URB,22567.039569885255
SSP2_1000C_CACN_NoCC,base,Developing,OTH,1268688.90715625
SSP2_1000C_CACN_NoCC,base,Developing,URB,14745.773382286072
SSP2_1000C_CACN_NoCC,base,R5ASIA,OTH,312611.42105468747
SSP2_1000C_CACN_NoCC,base,R5ASIA,URB,14931.307018096923
SSP2_1000C_CACN_NoCC,base,R5OECD90+EU,OTH,335104.108
SSP2_1000C_CACN_NoCC,base,R5OECD90+EU,URB,26093.062746918204
SSP2_1000C_CACN_NoCC,base,R5REF,OTH,253974.9918984375
SSP2_1000C_CACN_NoCC,base,R5REF,URB,5880.5270887603765
SSP2_1000C_CACN_NoCC,base,R5MAF,OTH,1137323.0343437498
SSP2_1000C_CACN_NoCC,base,R5MAF,URB,5952.48283633995
SSP2_1000C_CACN_NoCC,base,R5LAM,OTH,72183.21731250001
SSP2_1000C_CACN_NoCC,base,R5LAM,URB,8636.873675798419
SSP2_1000C_CACN_NoCC,1970,USA,OTH,33613.452
SSP2_1000C_CACN_NoCC,1970,USA,URB,11695.345311309815
SSP2_1000C_CACN_NoCC,1970,XE25,OTH,3206.0
SSP2_1000C_CACN_NoCC,1970,XE25,URB,9106.496241195679
SSP2_1000C_CACN_NoCC,1970,XER,OTH,13232.0
SSP2_1000C_CACN_NoCC,1970,XER,URB,1090.242361709595
SSP2_1000C_CACN_NoCC,1970,TUR,URB,821.3799714660644
SSP2_1000C_CACN_NoCC,1970,XOC,OTH,1467.0
SSP2_1000C_CACN_NoCC,1970,XOC,URB,883.3264156804086
SSP2_1000C_CACN_NoCC,1970,CHN,OTH,239998.39534375
SSP2_1000C_CACN_NoCC,1970,CHN,URB,8006.078889526368
SSP2_1000C_CACN_NoCC,1970,IND,OTH,13430.3702109375
SSP2_1000C_CACN_NoCC,1970,IND,URB,3026.2728974914553
SSP2_1000C_CACN_NoCC,1970,JPN,URB,1710.2899680175783
SSP2_1000C_CACN_NoCC,1970,XSE,OTH,14506.901
SSP2_1000C_CACN_NoCC,1970,XSE,URB,3032.1656320037837
SSP2_1000C_CACN_NoCC,1970,XSA,OTH,44675.7545
SSP2_1000C_CACN_NoCC,1970,XSA,URB,866.7895990753174
SSP2_1000C_CACN_NoCC,1970,CAN,OTH,283585.656
SSP2_1000C_CACN_NoCC,1970,CAN,URB,785.9824775390625
SSP2_1000C_CACN_NoCC,1970,BRA,URB,3742.538360931397
SSP2_1000C_CACN_NoCC,1970,XLM,OTH,72183.21731250001
SSP2_1000C_CACN_NoCC,1970,XLM,URB,4894.335314867021
SSP2_1000C_CACN_NoCC,1970,CIS,OTH,253974.9918984375
SSP2_1000C_CACN_NoCC,1970,CIS,URB,5880.5270887603765
SSP2_1000C_CACN_NoCC,1970,XME,OTH,281021.7655625
SSP2_1000C_CACN_NoCC,1970,XME,URB,2128.071955810547
SSP2_1000C_CACN_NoCC,1970,XNF,OTH,456890.6350624999
SSP2_1000C_CACN_NoCC,1970,XNF,URB,927.4797019042969
SSP2_1000C_CACN_NoCC,1970,XAF,OTH,399410.63371875
SSP2_1000C_CACN_NoCC,1970,XAF,URB,2896.931178625107
SSP2_1000C_CACN_NoCC,1970,ASIA2,OTH,312611.42105468747
SSP2_1000C_CACN_NoCC,1970,ASIA2,URB,16641.596986114502
SSP2_1000C_CACN_NoCC,1970,World,OTH,2111196.772609375
SSP2_1000C_CACN_NoCC,1970,World,URB,61494.25336591386
SSP2_1000C_CACN_NoCC,1970,Non-OECD,OTH,1776092.664609375
SSP2_1000C_CACN_NoCC,1970,Non-OECD,URB,35401.19061899567
SSP2_1000C_CACN_NoCC,1970,Industrial,OTH,321872.108
SSP2_1000C_CACN_NoCC,1970,Industrial,URB,24181.440413742544
SSP2_1000C_CACN_NoCC,1970,Transition,OTH,520635.75745312497
SSP2_1000C_CACN_NoCC,1970,Transition,URB,22567.039569885255
SSP2_1000C_CACN_NoCC,1970,Developing,OTH,1268688.90715625
SSP2_1000C_CACN_NoCC,1970,Developing,URB,14745.773382286072
SSP2_1000C_CACN_NoCC,1970,R5ASIA,OTH,312611.42105468747
SSP2_1000C_CACN_NoCC,1970,R5ASIA,URB,14931.307018096923
SSP2_1000C_CACN_NoCC,1970,R5OECD90+EU,OTH,335104.108
SSP2_1000C_CACN_NoCC,1970,R5OECD90+EU,URB,26093.062746918204
SSP2_1000C_CACN_NoCC,1970,R5REF,OTH,253974.9918984375
SSP2_1000C_CACN_NoCC,1970,R5REF,URB,5880.5270887603765
SSP2_1000C_CACN_NoCC,1970,R5MAF,OTH,1137323.0343437498
SSP2_1000C_CACN_NoCC,1970,R5MAF,URB,5952.48283633995
SSP2_1000C_CACN_NoCC,1970,R5LAM,OTH,72183.21731250001
SSP2_1000C_CACN_NoCC,1970,R5LAM,URB,8636.873675798419
SSP2_1000C_CACN_NoCC,1971,USA,OTH,33613.452
SSP2_1000C_CACN_NoCC,1971,USA,URB,11695.345311309815
SSP2_1000C_CACN_NoCC,1971,XE25,OTH,3206.0
SSP2_1000C_CACN_NoCC,1971,XE25,URB,9106.496241195679
SSP2_1000C_CACN_NoCC,1971,XER,OTH,13232.0
SSP2_1000C_CACN_NoCC,1971,XER,URB,1090.242361709595
SSP2_1000C_CACN_NoCC,1971,TUR,URB,821.3799714660644
SSP2_1000C_CACN_NoCC,1971,XOC,OTH,1467.0
SSP2_1000C_CACN_NoCC,1971,XOC,URB,883.3264156804086
SSP2_1000C_CACN_NoCC,1971,CHN,OTH,239998.39534375
SSP2_1000C_CACN_NoCC,1971,CHN,URB,8006.078889526368
SSP2_1000C_CACN_NoCC,1971,IND,OTH,13430.3702109375
SSP2_1000C_CACN_NoCC,1971,IND,URB,3026.2728974914553
SSP2_1000C_CACN_NoCC,1971,JPN,URB,1710.2899680175783
SSP2_1000C_CACN_NoCC,1971,XSE,OTH,14506.901
SSP2_1000C_CACN_NoCC,1971,XSE,URB,3032.1656320037837
SSP2_1000C_CACN_NoCC,1971,XSA,OTH,44675.7545
SSP2_1000C_CACN_NoCC,1971,XSA,URB,866.7895990753174
SSP2_1000C_CACN_NoCC,1971,CAN,OTH,283585.656
SSP2_1000C_CACN_NoCC,1971,CAN,URB,785.9824775390625
SSP2_1000C_CACN_NoCC,1971,BRA,URB,3742.538360931397
SSP2_1000C_CACN_NoCC,1971,XLM,OTH,72183.21731250001
SSP2_1000C_CACN_NoCC,1971,XLM,URB,4894.335314867021
SSP2_1000C_CACN_NoCC,1971,CIS,OTH,253974.9918984375
SSP2_1000C_CACN_NoCC,1971,CIS,URB,5880.5270887603765
SSP2_1000C_CACN_NoCC,1971,XME,OTH,281021.7655625
SSP2_1000C_CACN_NoCC,1971,XME,URB,2128.071955810547
SSP2_1000C_CACN_NoCC,1971,XNF,OTH,456890.6350624999
SSP2_1000C_CACN_NoCC,1971,XNF,URB,927.4797019042969
SSP2_1000C_CACN_NoCC,1971,XAF,OTH,399410.63371875
SSP2_1000C_CACN_NoCC,1971,XAF,URB,2896.931178625107
SSP2_1000C_CACN_NoCC,1971,ASIA2,OTH,312611.42105468747
SSP2_1000C_CACN_NoCC,1971,ASIA2,URB,16641.596986114502
SSP2_1000C_CACN_NoCC,1971,World,OTH,2111196.772609375
SSP2_1000C_CACN_NoCC,1971,World,URB,61494.25336591386
SSP2_1000C_CACN_NoCC,1971,Non-OECD,OTH,1776092.664609375
SSP2_1000C_CACN_NoCC,1971,Non-OECD,URB,35401.19061899567
SSP2_1000C_CACN_NoCC,1971,Industrial,OTH,321872.108
SSP2_1000C_CACN_NoCC,1971,Industrial,URB,24181.440413742544
SSP2_1000C_CACN_NoCC,1971,Transition,OTH,520635.75745312497
SSP2_1000C_CACN_NoCC,1971,Transition,URB,22567.039569885255
SSP2_1000C_CACN_NoCC,1971,Developing,OTH,1268688.90715625
SSP2_1000C_CACN_NoCC,1971,Developing,URB,14745.773382286072
SSP2_1000C_CACN_NoCC,1971,R5ASIA,OTH,312611.42105468747
SSP2_1000C_CACN_NoCC,1971,R5ASIA,URB,14931.307018096923
SSP2_1000C_CACN_NoCC,1971,R5OECD90+EU,OTH,335104.108
SSP2_1000C_CACN_NoCC,1971,R5OECD90+EU,URB,26093.062746918204
SSP2_1000C_CACN_NoCC,1971,R5REF,OTH,253974.9918984375
SSP2_1000C_CACN_NoCC,1971,R5REF,URB,5880.5270887603765
SSP2_1000C_CACN_NoCC,1971,R5MAF,OTH,1137323.0343437498
SSP2_1000C_CACN_NoCC,1971,R5MAF,URB,5952.48283633995
SSP2_1000C_CACN_NoCC,1971,R5LAM,OTH,72183.21731250001
SSP2_1000C_CACN_NoCC,1971,R5LAM,URB,8636.873675798419
SSP2_1000C_CACN_NoCC,1975,USA,OTH,33613.452
SSP2_1000C_CACN_NoCC,1975,USA,URB,11695.345311309815
SSP2_1000C_CACN_NoCC,1975,XE25,OTH,3206.0
SSP2_1000C_CACN_NoCC,1975,XE25,URB,9106.496241195679
SSP2_1000C_CACN_NoCC,1975,XER,OTH,13232.0
SSP2_1000C_CACN_NoCC,1975,XER,URB,1090.242361709595
SSP2_1000C_CACN_NoCC,1975,TUR,URB,821.3799714660644
SSP2_1000C_CACN_NoCC,1975,XOC,OTH,1467.0
SSP2_1000C_CACN_NoCC,1975,XOC,URB,883.3264156804086
SSP2_1000C_CACN_NoCC,1975,CHN,OTH,239998.39534375
SSP2_1000C_CACN_NoCC,1975,CHN,URB,8006.078889526368
SSP2_1000C_CACN_NoCC,1975,IND,OTH,13430.3702109375
SSP2_1000C_CACN_NoCC,1975,IND,URB,3026.2728974914553
SSP2_1000C_CACN_NoCC,1975,JPN,URB,1710.2899680175783
SSP2_1000C_CACN_NoCC,1975,XSE,OTH,14506.901
SSP2_1000C_CACN_NoCC,1975,XSE,URB,3032.1656320037837
SSP2_1000C_CACN_NoCC,1975,XSA,OTH,44675.7545
SSP2_1000C_CACN_NoCC,1975,XSA,URB,866.7895990753174
SSP2_1000C_CACN_NoCC,1975,CAN,OTH,283585.656
SSP2_1000C_CACN_NoCC,1975,CAN,URB,785.9824775390625
SSP2_1000C_CACN_NoCC,1975,BRA,URB,3742.538360931397
SSP2_1000C_CACN_NoCC,1975,XLM,OTH,72183.21731250001
SSP2_1000C_CACN_NoCC,1975,XLM,URB,4894.335314867021
SSP2_1000C_CACN_NoCC,1975,CIS,OTH,253974.9918984375
SSP2_1000C_CACN_NoCC,1975,CIS,URB,5880.5270887603765
SSP2_1000C_CACN_NoCC,1975,XME,OTH,281021.7655625
SSP2_1000C_CACN_NoCC,1975,XME,URB,2128.071955810547
SSP2_1000C_CACN_NoCC,1975,XNF,OTH,456890.6350624999
SSP2_1000C_CACN_NoCC,1975,XNF,URB,927.4797019042969
SSP2_1000C_CACN_NoCC,1975,XAF,OTH,399410.63371875
SSP2_1000C_CACN_NoCC,1975,XAF,URB,2896.931178625107
SSP2_1000C_CACN_NoCC,1975,ASIA2,OTH,312611.42105468747
SSP2_1000C_CACN_NoCC,1975,ASIA2,URB,16641.596986114502
SSP2_1000C_CACN_NoCC,1975,World,OTH,2111196.772609375
SSP2_1000C_CACN_NoCC,1975,World,URB,61494.25336591386
SSP2_1000C_CACN_NoCC,1975,Non-OECD,OTH,1776092.664609375
SSP2_1000C_CACN_NoCC,1975,Non-OECD,URB,35401.19061899567
SSP2_1000C_CACN_NoCC,1975,Industrial,OTH,321872.108
SSP2_1000C_CACN_NoCC,1975,Industrial,URB,24181.440413742544
SSP2_1000C_CACN_NoCC,1975,Transition,OTH,520635.75745312497
SSP2_1000C_CACN_NoCC,1975,Transition,URB,22567.039569885255
SSP2_1000C_CACN_NoCC,1975,Developing,OTH,1268688.90715625
SSP2_1000C_CACN_NoCC,1975,Developing,URB,14745.773382286072
SSP2_1000C_CACN_NoCC,1975,R5ASIA,OTH,312611.42105468747
SSP2_1000C_CACN_NoCC,1975,R5ASIA,URB,14931.307018096923
SSP2_1000C_CACN_NoCC,1975,R5OECD90+EU,OTH,335104.108
SSP2_1000C_CACN_NoCC,1975,R5OECD90+EU,URB,26093.062746918204
SSP2_1000C_CACN_NoCC,1975,R5REF,OTH,253974.9918984375
SSP2_1000C_CACN_NoCC,1975,R5REF,URB,5880.5270887603765
SSP2_1000C_CACN_NoCC,1975,R5MAF,OTH,1137323.0343437498
SSP2_1000C_CACN_NoCC,1975,R5MAF,URB,5952.48283633995
SSP2_1000C_CACN_NoCC,1975,R5LAM,OTH,72183.21731250001
SSP2_1000C_CACN_NoCC,1975,R5LAM,URB,8636.873675798419
SSP2_1000C_CACN_NoCC,1980,USA,OTH,33613.452
SSP2_1000C_CACN_NoCC,1980,USA,URB,11695.345311309815
SSP2_1000C_CACN_NoCC,1980,XE25,OTH,3206.0
SSP2_1000C_CACN_NoCC,1980,XE25,URB,9106.496241195679
SSP2_1000C_CACN_NoCC,1980,XER,OTH,13232.0
SSP2_1000C_CACN_NoCC,1980,XER,URB,1090.242361709595
SSP2_1000C_CACN_NoCC,1980,TUR,URB,821.3799714660644
SSP2_1000C_CACN_NoCC,1980,XOC,OTH,1467.0
SSP2_1000C_CACN_NoCC,1980,XOC,URB,883.3264156804086
SSP2_1000C_CACN_NoCC,1980,CHN,OTH,239998.39534375
SSP2_1000C_CACN_NoCC,1980,CHN,URB,8006.078889526368
SSP2_1000C_CACN_NoCC,1980,IND,OTH,13430.3702109375
SSP2_1000C_CACN_NoCC,1980,IND,URB,3026.2728974914553
SSP2_1000C_CACN_NoCC,1980,JPN,URB,1710.2899680175783
SSP2_1000C_CACN_NoCC,1980,XSE,OTH,14506.901
SSP2_1000C_CACN_NoCC,1980,XSE,URB,3032.1656320037837
SSP2_1000C_CACN_NoCC,1980,XSA,OTH,44675.7545
SSP2_1000C_CACN_NoCC,1980,XSA,URB,866.7895990753174
SSP2_1000C_CACN_NoCC,1980,CAN,OTH,283585.656
SSP2_1000C_CACN_NoCC,1980,CAN,URB,785.9824775390625
SSP2_1000C_CACN_NoCC,1980,BRA,URB,3742.538360931397
SSP2_1000C_CACN_NoCC,1980,XLM,OTH,72183.21731250001
SSP2_1000C_CACN_NoCC,1980,XLM,URB,4894.335314867021
SSP2_1000C_CACN_NoCC,1980,CIS,OTH,253974.9918984375
SSP2_1000C_CACN_NoCC,1980,CIS,URB,5880.5270887603765
SSP2_1000C_CACN_NoCC,1980,XME,OTH,281021.7655625
SSP2_1000C_CACN_NoCC,1980,XME,URB,2128.071955810547
SSP2_1000C_CACN_NoCC,1980,XNF,OTH,456890.6350624999
SSP2_1000C_CACN_NoCC,1980,XNF,URB,927.4797019042969
SSP2_1000C_CACN_NoCC,1980,XAF,OTH,399410.63371875
SSP2_1000C_CACN_NoCC,1980,XAF,URB,2896.931178625107
SSP2_1000C_CACN_NoCC,1980,ASIA2,OTH,312611.42105468747
SSP2_1000C_CACN_NoCC,1980,ASIA2,URB,16641.596986114502
SSP2_1000C_CACN_NoCC,1980,World,OTH,2111196.772609375
SSP2_1000C_CACN_NoCC,1980,World,URB,61494.25336591386
SSP2_1000C_CACN_NoCC,1980,Non-OECD,OTH,1776092.664609375
SSP2_1000C_CACN_NoCC,1980,Non-OECD,URB,35401.19061899567
SSP2_1000C_CACN_NoCC,1980,Industrial,OTH,321872.108
SSP2_1000C_CACN_NoCC,1980,Industrial,URB,24181.440413742544
SSP2_1000C_CACN_NoCC,1980,Transition,OTH,520635.75745312497
SSP2_1000C_CACN_NoCC,1980,Transition,URB,22567.039569885255
SSP2_1000C_CACN_NoCC,1980,Developing,OTH,1268688.90715625
SSP2_1000C_CACN_NoCC,1980,Developing,URB,14745.773382286072
SSP2_1000C_CACN_NoCC,1980,R5ASIA,OTH,312611.42105468747
SSP2_1000C_CACN_NoCC,1980,R5ASIA,URB,14931.307018096923
SSP2_1000C_CACN_NoCC,1980,R5OECD90+EU,OTH,335104.108
SSP2_1000C_CACN_NoCC,1980,R5OECD90+EU,URB,26093.062746918204
SSP2_1000C_CACN_NoCC,1980,R5REF,OTH,253974.9918984375
SSP2_1000C_CACN_NoCC,1980,R5REF,URB,5880.5270887603765
SSP2_1000C_CACN_NoCC,1980,R5MAF,OTH,1137323.0343437498
SSP2_1000C_CACN_NoCC,1980,R5MAF,URB,5952.48283633995
SSP2_1000C_CACN_NoCC,1980,R5LAM,OTH,72183.21731250001
SSP2_1000C_CACN_NoCC,1980,R5LAM,URB,8636.873675798419
SSP2_1000C_CACN_NoCC,1985,USA,OTH,33613.452
SSP2_1000C_CACN_NoCC,1985,USA,URB,11695.345311309815
SSP2_1000C_CACN_NoCC,1985,XE25,OTH,3206.0
SSP2_1000C_CACN_NoCC,1985,XE25,URB,9106.496241195679
SSP2_1000C_CACN_NoCC,1985,XER,OTH,13232.0
SSP2_1000C_CACN_NoCC,1985,XER,URB,1090.242361709595
SSP2_1000C_CACN_NoCC,1985,TUR,URB,821.3799714660644
SSP2_1000C_CACN_NoCC,1985,XOC,OTH,1467.0
SSP2_1000C_CACN_NoCC,1985,XOC,URB,883.3264156804086
SSP2_1000C_CACN_NoCC,1985,CHN,OTH,239998.39534375
SSP2_1000C_CACN_NoCC,1985,CHN,URB,8006.078889526368
SSP2_1000C_CACN_NoCC,1985,IND,OTH,13430.3702109375
SSP2_1000C_CACN_NoCC,1985,IND,URB,3026.2728974914553
SSP2_1000C_CACN_NoCC,1985,JPN,URB,1710.2899680175783
SSP2_1000C_CACN_NoCC,1985,XSE,OTH,14506.901
SSP2_1000C_CACN_NoCC,1985,XSE,URB,3032.1656320037837
SSP2_1000C_CACN_NoCC,1985,XSA,OTH,44675.7545
SSP2_1000C_CACN_NoCC,1985,XSA,URB,866.7895990753174
SSP2_1000C_CACN_NoCC,1985,CAN,OTH,283585.656
SSP2_1000C_CACN_NoCC,1985,CAN,URB,785.9824775390625
SSP2_1000C_CACN_NoCC,1985,BRA,URB,3742.538360931397
SSP2_1000C_CACN_NoCC,1985,XLM,OTH,72183.21731250001
SSP2_1000C_CACN_NoCC,1985,XLM,URB,4894.335314867021
SSP2_1000C_CACN_NoCC,1985,CIS,OTH,253974.9918984375
SSP2_1000C_CACN_NoCC,1985,CIS,URB,5880.5270887603765
SSP2_1000C_CACN_NoCC,1985,XME,OTH,281021.7655625
SSP2_1000C_CACN_NoCC,1985,XME,URB,2128.071955810547
SSP2_1000C_CACN_NoCC,1985,XNF,OTH,456890.6350624999
SSP2_1000C_CACN_NoCC,1985,XNF,URB,927.4797019042969
SSP2_1000C_CACN_NoCC,1985,XAF,OTH,399410.63371875
SSP2_1000C_CACN_NoCC,1985,XAF,URB,2896.931178625107
SSP2_1000C_CACN_NoCC,1985,ASIA2,OTH,312611.42105468747
SSP2_1000C_CACN_NoCC,1985,ASIA2,URB,16641.596986114502
SSP2_1000C_CACN_NoCC,1985,World,OTH,2111196.772609375
SSP2_1000C_CACN_NoCC,1985,World,URB,61494.25336591386
SSP2_1000C_CACN_NoCC,1985,Non-OECD,OTH,1776092.664609375
SSP2_1000C_CACN_NoCC,1985,Non-OECD,URB,35401.19061899567
SSP2_1000C_CACN_NoCC,1985,Industrial,OTH,321872.108
SSP2_1000C_CACN_NoCC,1985,Industrial,URB,24181.440413742544
SSP2_1000C_CACN_NoCC,1985,Transition,OTH,520635.75745312497
SSP2_1000C_CACN_NoCC,1985,Transition,URB,22567.039569885255
SSP2_1000C_CACN_NoCC,1985,Developing,OTH,1268688.90715625
SSP2_1000C_CACN_NoCC,1985,Developing,URB,14745.773382286072
SSP2_1000C_CACN_NoCC,1985,R5ASIA,OTH,312611.42105468747
SSP2_1000C_CACN_NoCC,1985,R5ASIA,URB,14931.307018096923
SSP2_1000C_CACN_NoCC,1985,R5OECD90+EU,OTH,335104.108
SSP2_1000C_CACN_NoCC,1985,R5OECD90+EU,URB,26093.062746918204
SSP2_1000C_CACN_NoCC,1985,R5REF,OTH,253974.9918984375
SSP2_1000C_CACN_NoCC,1985,R5REF,URB,5880.5270887603765
SSP2_1000C_CACN_NoCC,1985,R5MAF,OTH,1137323.0343437498
SSP2_1000C_CACN_NoCC,1985,R5MAF,URB,5952.48283633995
SSP2_1000C_CACN_NoCC,1985,R5LAM,OTH,72183.21731250001
SSP2_1000C_CACN_NoCC,1985,R5LAM,URB,8636.873675798419
SSP2_1000C_CACN_NoCC,1990,USA,OTH,33613.452
SSP2_1000C_CACN_NoCC,1990,USA,URB,11695.345311309815
SSP2_1000C_CACN_NoCC,1990,XE25,OTH,3206.0
SSP2_1000C_CACN_NoCC,1990,XE25,URB,9106.496241195679
SSP2_1000C_CACN_NoCC,1990,XER,OTH,13232.0
SSP2_1000C_CACN_NoCC,1990,XER,URB,1090.242361709595
SSP2_1000C_CACN_NoCC,1990,TUR,URB,821.3799714660644
SSP2_1000C_CACN_NoCC,1990,XOC,OTH,1467.0
SSP2_1000C_CACN_NoCC,1990,XOC,URB,883.3264156804086
SSP2_1000C_CACN_NoCC,1990,CHN,OTH,239998.39534375
SSP2_1000C_CACN_NoCC,1990,CHN,URB,8006.078889526368
SSP2_1000C_CACN_NoCC,1990,IND,OTH,13430.3702109375
SSP2_1000C_CACN_NoCC,1990,IND,URB,3026.2728974914553
SSP2_1000C_CACN_NoCC,1990,JPN,URB,1710.2899680175783
SSP2_1000C_CACN_NoCC,1990,XSE,OTH,14506.901
SSP2_1000C_CACN_NoCC,1990,XSE,URB,3032.1656320037837
SSP2_1000C_CACN_NoCC,1990,XSA,OTH,44675.7545
SSP2_1000C_CACN_NoCC,1990,XSA,URB,866.7895990753174
SSP2_1000C_CACN_NoCC,1990,CAN,OTH,283585.656
SSP2_1000C_CACN_NoCC,1990,CAN,URB,785.9824775390625
SSP2_1000C_CACN_NoCC,1990,BRA,URB,3742.538360931397
SSP2_1000C_CACN_NoCC,1990,XLM,OTH,72183.21731250001
SSP2_1000C_CACN_NoCC,1990,XLM,URB,4894.335314867021
SSP2_1000C_CACN_NoCC,1990,CIS,OTH,253974.9918984375
SSP2_1000C_CACN_NoCC,1990,CIS,URB,5880.5270887603765
SSP2_1000C_CACN_NoCC,1990,XME,OTH,281021.7655625
SSP2_1000C_CACN_NoCC,1990,XME,URB,2128.071955810547
SSP2_1000C_CACN_NoCC,1990,XNF,OTH,456890.6350624999
SSP2_1000C_CACN_NoCC,1990,XNF,URB,927.4797019042969
SSP2_1000C_CACN_NoCC,1990,XAF,OTH,399410.63371875
SSP2_1000C_CACN_NoCC,1990,XAF,URB,2896.931178625107
SSP2_1000C_CACN_NoCC,1990,ASIA2,OTH,312611.42105468747
SSP2_1000C_CACN_NoCC,1990,ASIA2,URB,16641.596986114502
SSP2_1000C_CACN_NoCC,1990,World,OTH,2111196.772609375
SSP2_1000C_CACN_NoCC,1990,World,URB,61494.25336591386
SSP2_1000C_CACN_NoCC,1990,Non-OECD,OTH,1776092.664609375
SSP2_1000C_CACN_NoCC,1990,Non-OECD,URB,35401.19061899567
SSP2_1000C_CACN_NoCC,1990,Industrial,OTH,321872.108
SSP2_1000C_CACN_NoCC,1990,Industrial,URB,24181.440413742544
SSP2_1000C_CACN_NoCC,1990,Transition,OTH,520635.75745312497
SSP2_1000C_CACN_NoCC,1990,Transition,URB,22567.039569885255
SSP2_1000C_CACN_NoCC,1990,Developing,OTH,1268688.90715625
SSP2_1000C_CACN_NoCC,1990,Developing,URB,14745.773382286072
SSP2_1000C_CACN_NoCC,1990,R5ASIA,OTH,312611.42105468747
SSP2_1000C_CACN_NoCC,1990,R5ASIA,URB,14931.307018096923
SSP2_1000C_CACN_NoCC,1990,R5OECD90+EU,OTH,335104.108
SSP2_1000C_CACN_NoCC,1990,R5OECD90+EU,URB,26093.062746918204
SSP2_1000C_CACN_NoCC,1990,R5REF,OTH,253974.9918984375
SSP2_1000C_CACN_NoCC,1990,R5REF,URB,5880.5270887603765
SSP2_1000C_CACN_NoCC,1990,R5MAF,OTH,1137323.0343437498
SSP2_1000C_CACN_NoCC,1990,R5MAF,URB,5952.48283633995
SSP2_1000C_CACN_NoCC,1990,R5LAM,OTH,72183.21731250001
SSP2_1000C_CACN_NoCC,1990,R5LAM,URB,8636.873675798419
SSP2_1000C_CACN_NoCC,1995,USA,OTH,33613.452
SSP2_1000C_CACN_NoCC,1995,USA,URB,11695.345311309815
SSP2_1000C_CACN_NoCC,1995,XE25,OTH,3206.0
SSP2_1000C_CACN_NoCC,1995,XE25,URB,9106.496241195679
SSP2_1000C_CACN_NoCC,1995,XER,OTH,13232.0
SSP2_1000C_CACN_NoCC,1995,XER,URB,1090.242361709595
SSP2_1000C_CACN_NoCC,1995,TUR,URB,821.3799714660644
SSP2_1000C_CACN_NoCC,1995,XOC,OTH,1467.0
SSP2_1000C_CACN_NoCC,1995,XOC,URB,883.3264156804086
SSP2_1000C_CACN_NoCC,1995,CHN,OTH,239998.39534375
SSP2_1000C_CACN_NoCC,1995,CHN,URB,8006.078889526368
SSP2_1000C_CACN_NoCC,1995,IND,OTH,13430.3702109375
SSP2_1000C_CACN_NoCC,1995,IND,URB,3026.2728974914553
SSP2_1000C_CACN_NoCC,1995,JPN,URB,1710.2899680175783
SSP2_1000C_CACN_NoCC,1995,XSE,OTH,14506.901
SSP2_1000C_CACN_NoCC,1995,XSE,URB,3032.1656320037837
SSP2_1000C_CACN_NoCC,1995,XSA,OTH,44675.7545
SSP2_1000C_CACN_NoCC,1995,XSA,URB,866.7895990753174
SSP2_1000C_CACN_NoCC,1995,CAN,OTH,283585.656
SSP2_1000C_CACN_NoCC,1995,CAN,URB,785.9824775390625
SSP2_1000C_CACN_NoCC,1995,BRA,URB,3742.538360931397
SSP2_1000C_CACN_NoCC,1995,XLM,OTH,72183.21731250001
SSP2_1000C_CACN_NoCC,1995,XLM,URB,4894.335314867021
SSP2_1000C_CACN_NoCC,1995,CIS,OTH,253974.9918984375
SSP2_1000C_CACN_NoCC,1995,CIS,URB,5880.5270887603765
SSP2_1000C_CACN_NoCC,1995,XME,OTH,281021.7655625
SSP2_1000C_CACN_NoCC,1995,XME,URB,2128.071955810547
SSP2_1000C_CACN_NoCC,1995,XNF,OTH,456890.6350624999
SSP2_1000C_CACN_NoCC,1995,XNF,URB,927.4797019042969
SSP2_1000C_CACN_NoCC,1995,XAF,OTH,399410.63371875
SSP2_1000C_CACN_NoCC,1995,XAF,URB,2896.931178625107
SSP2_1000C_CACN_NoCC,1995,ASIA2,OTH,312611.42105468747
SSP2_1000C_CACN_NoCC,1995,ASIA2,URB,16641.596986114502
SSP2_1000C_CACN_NoCC,1995,World,OTH,2111196.772609375
SSP2_1000C_CACN_NoCC,1995,World,URB,61494.25336591386
SSP2_1000C_CACN_NoCC,1995,Non-OECD,OTH,1776092.664609375
SSP2_1000C_CACN_NoCC,1995,Non-OECD,URB,35401.19061899567
SSP2_1000C_CACN_NoCC,1995,Industrial,OTH,321872.108
SSP2_1000C_CACN_NoCC,1995,Industrial,URB,24181.440413742544
SSP2_1000C_CACN_NoCC,1995,Transition,OTH,520635.75745312497
SSP2_1000C_CACN_NoCC,1995,Transition,URB,22567.039569885255
SSP2_1000C_CACN_NoCC,1995,Developing,OTH,1268688.90715625
SSP2_1000C_CACN_NoCC,1995,Developing,URB,14745.773382286072
SSP2_1000C_CACN_NoCC,1995,R5ASIA,OTH,312611.42105468747
SSP2_1000C_CACN_NoCC,1995,R5ASIA,URB,14931.307018096923
SSP2_1000C_CACN_NoCC,1995,R5OECD90+EU,OTH,335104.108
SSP2_1000C_CACN_NoCC,1995,R5OECD90+EU,URB,26093.062746918204
SSP2_1000C_CACN_NoCC,1995,R5REF,OTH,253974.9918984375
SSP2_1000C_CACN_NoCC,1995,R5REF,URB,5880.5270887603765
SSP2_1000C_CACN_NoCC,1995,R5MAF,OTH,1137323.0343437498
SSP2_1000C_CACN_NoCC,1995,R5MAF,URB,5952.48283633995
SSP2_1000C_CACN_NoCC,1995,R5LAM,OTH,72183.21731250001
SSP2_1000C_CACN_NoCC,1995,R5LAM,URB,8636.873675798419
SSP2_1000C_CACN_NoCC,2000,USA,OTH,33613.452
SSP2_1000C_CACN_NoCC,2000,USA,URB,11695.345311309815
SSP2_1000C_CACN_NoCC,2000,XE25,OTH,3206.0
SSP2_1000C_CACN_NoCC,2000,XE25,URB,9106.496241195679
SSP2_1000C_CACN_NoCC,2000,XER,OTH,13232.0
SSP2_1000C_CACN_NoCC,2000,XER,URB,1090.242361709595
SSP2_1000C_CACN_NoCC,2000,TUR,URB,821.3799714660644
SSP2_1000C_CACN_NoCC,2000,XOC,OTH,1467.0
SSP2_1000C_CACN_NoCC,2000,XOC,URB,883.3264156804086
SSP2_1000C_CACN_NoCC,2000,CHN,OTH,239998.39534375
SSP2_1000C_CACN_NoCC,2000,CHN,URB,8006.078889526368
SSP2_1000C_CACN_NoCC,2000,IND,OTH,13430.3702109375
SSP2_1000C_CACN_NoCC,2000,IND,URB,3026.2728974914553
SSP2_1000C_CACN_NoCC,2000,JPN,URB,1710.2899680175783
SSP2_1000C_CACN_NoCC,2000,XSE,OTH,14506.901
SSP2_1000C_CACN_NoCC,2000,XSE,URB,3032.1656320037837
SSP2_1000C_CACN_NoCC,2000,XSA,OTH,44675.7545
SSP2_1000C_CACN_NoCC,2000,XSA,URB,866.7895990753174
SSP2_1000C_CACN_NoCC,2000,CAN,OTH,283585.656
SSP2_1000C_CACN_NoCC,2000,CAN,URB,785.9824775390625
SSP2_1000C_CACN_NoCC,2000,BRA,URB,3742.538360931397
SSP2_1000C_CACN_NoCC,2000,XLM,OTH,72183.21731250001
SSP2_1000C_CACN_NoCC,2000,XLM,URB,4894.335314867021
SSP2_1000C_CACN_NoCC,2000,CIS,OTH,253974.9918984375
SSP2_1000C_CACN_NoCC,2000,CIS,URB,5880.5270887603765
SSP2_1000C_CACN_NoCC,2000,XME,OTH,281021.7655625
SSP2_1000C_CACN_NoCC,2000,XME,URB,2128.071955810547
SSP2_1000C_CACN_NoCC,2000,XNF,OTH,456890.6350624999
SSP2_1000C_CACN_NoCC,2000,XNF,URB,927.4797019042969
SSP2_1000C_CACN_NoCC,2000,XAF,OTH,399410.63371875
SSP2_1000C_CACN_NoCC,2000,XAF,URB,2896.931178625107
SSP2_1000C_CACN_NoCC,2000,ASIA2,OTH,312611.42105468747
SSP2_1000C_CACN_NoCC,2000,ASIA2,URB,16641.596986114502
SSP2_1000C_CACN_NoCC,2000,World,OTH,2111196.772609375
SSP2_1000C_CACN_NoCC,2000,World,URB,61494.25336591386
SSP2_1000C_CACN_NoCC,2000,Non-OECD,OTH,1776092.664609375
SSP2_1000C_CACN_NoCC,2000,Non-OECD,URB,35401.19061899567
SSP2_1000C_CACN_NoCC,2000,Industrial,OTH,321872.108
SSP2_1000C_CACN_NoCC,2000,Industrial,URB,24181.440413742544
SSP2_1000C_CACN_NoCC,2000,Transition,OTH,520635.75745312497
SSP2_1000C_CACN_NoCC,2000,Transition,URB,22567.039569885255
SSP2_1000C_CACN_NoCC,2000,Developing,OTH,1268688.90715625
SSP2_1000C_CACN_NoCC,2000,Developing,URB,14745.773382286072
SSP2_1000C_CACN_NoCC,2000,R5ASIA,OTH,312611.42105468747
SSP2_1000C_CACN_NoCC,2000,R5ASIA,URB,14931.307018096923
SSP2_1000C_CACN_NoCC,2000,R5OECD90+EU,OTH,335104.108
SSP2_1000C_CACN_NoCC,2000,R5OECD90+EU,URB,26093.062746918204
SSP2_1000C_CACN_NoCC,2000,R5REF,OTH,253974.9918984375
SSP2_1000C_CACN_NoCC,2000,R5REF,URB,5880.5270887603765
SSP2_1000C_CACN_NoCC,2000,R5MAF,OTH,1137323.0343437498
SSP2_1000C_CACN_NoCC,2000,R5MAF,URB,5952.48283633995
SSP2_1000C_CACN_NoCC,2000,R5LAM,OTH,72183.21731250001
SSP2_1000C_CACN_NoCC,2000,R5LAM,URB,8636.873675798419
SSP2_1000C_CACN_NoCC,2005,USA,OTH,33613.452
SSP2_1000C_CACN_NoCC,2005,USA,CROP,94642.70312880125
SSP2_1000C_CACN_NoCC,2005,USA,CROP_FLW,81622.63811459148
SSP2_1000C_CACN_NoCC,2005,USA,PRM_FRS,242507.45654530247
SSP2_1000C_CACN_NoCC,2005,USA,MNG_FRS,60581.5434546975
SSP2_1000C_CACN_NoCC,2005,USA,GRAZING,237318.18665873658
SSP2_1000C_CACN_NoCC,2005,USA,GRASS,117479.38098168658
SSP2_1000C_CACN_NoCC,2005,USA,URB,11695.345311309815
SSP2_1000C_CACN_NoCC,2005,XE25,OTH,3206.0
SSP2_1000C_CACN_NoCC,2005,XE25,CROP,79553.85853715289
SSP2_1000C_CACN_NoCC,2005,XE25,CROP_FLW,27002.3069212668
SSP2_1000C_CACN_NoCC,2005,XE25,PRM_FRS,77971.50505280773
SSP2_1000C_CACN_NoCC,2005,XE25,MNG_FRS,67553.15885961798
SSP2_1000C_CACN_NoCC,2005,XE25,GRAZING,58837.337054252486
SSP2_1000C_CACN_NoCC,2005,XE25,GRASS,32786.10163064816
SSP2_1000C_CACN_NoCC,2005,XE25,URB,9106.496241195679
SSP2_1000C_CACN_NoCC,2005,XER,OTH,13232.0
SSP2_1000C_CACN_NoCC,2005,XER,CROP,51725.91610019929
SSP2_1000C_CACN_NoCC,2005,XER,CROP_FLW,2030.223888096895
SSP2_1000C_CACN_NoCC,2005,XER,PRM_FRS,19843.511989405495
SSP2_1000C_CACN_NoCC,2005,XER,MNG_FRS,7786.678810744741
SSP2_1000C_CACN_NoCC,2005,XER,GRAZING,14340.737367386038
SSP2_1000C_CACN_NoCC,2005,XER,GRASS,3391.043605557056
SSP2_1000C_CACN_NoCC,2005,XER,URB,1090.242361709595
SSP2_1000C_CACN_NoCC,2005,TUR,CROP,20147.652949944695
SSP2_1000C_CACN_NoCC,2005,TUR,CROP_FLW,6270.283135140101
SSP2_1000C_CACN_NoCC,2005,TUR,PRM_FRS,8905.738701065311
SSP2_1000C_CACN_NoCC,2005,TUR,MNG_FRS,1269.2612989346887
SSP2_1000C_CACN_NoCC,2005,TUR,GRAZING,14496.02421725271
SSP2_1000C_CACN_NoCC,2005,TUR,GRASS,24249.831106243728
SSP2_1000C_CACN_NoCC,2005,TUR,URB,821.3799714660644
SSP2_1000C_CACN_NoCC,2005,XOC,OTH,1467.0
SSP2_1000C_CACN_NoCC,2005,XOC,CROP,21661.587131297358
SSP2_1000C_CACN_NoCC,2005,XOC,CROP_FLW,29213.293323836377
SSP2_1000C_CACN_NoCC,2005,XOC,PRM_FRS,167275.7669873254
SSP2_1000C_CACN_NoCC,2005,XOC,MNG_FRS,4686.540878717308
SSP2_1000C_CACN_NoCC,2005,XOC,GRAZING,407001.0000000001
SSP2_1000C_CACN_NoCC,2005,XOC,GRASS,468655.9971627584
SSP2_1000C_CACN_NoCC,2005,XOC,URB,883.3264156804086
SSP2_1000C_CACN_NoCC,2005,CHN,OTH,239998.39534375
SSP2_1000C_CACN_NoCC,2005,CHN,CROP,131932.9096482798
SSP2_1000C_CACN_NoCC,2005,CHN,PRM_FRS,169284.80709920282
SSP2_1000C_CACN_NoCC,2005,CHN,MNG_FRS,28005.192900797214
SSP2_1000C_CACN_NoCC,2005,CHN,GRAZING,399640.0415174307
SSP2_1000C_CACN_NoCC,2005,CHN,GRASS,93748.82837253771
SSP2_1000C_CACN_NoCC,2005,CHN,URB,8006.078889526368
SSP2_1000C_CACN_NoCC,2005,IND,OTH,13430.3702109375
SSP2_1000C_CACN_NoCC,2005,IND,CROP,149855.42748986982
SSP2_1000C_CACN_NoCC,2005,IND,PRM_FRS,53179.1409616348
SSP2_1000C_CACN_NoCC,2005,IND,MNG_FRS,14521.8590383652
SSP2_1000C_CACN_NoCC,2005,IND,GRAZING,10415.0
SSP2_1000C_CACN_NoCC,2005,IND,GRASS,32046.68114207883
SSP2_1000C_CACN_NoCC,2005,IND,URB,3026.2728974914553
SSP2_1000C_CACN_NoCC,2005,JPN,CROP,2896.9210940380995
SSP2_1000C_CACN_NoCC,2005,JPN,CROP_FLW,862.5823508315736
SSP2_1000C_CACN_NoCC,2005,JPN,PRM_FRS,21960.133070402633
SSP2_1000C_CACN_NoCC,2005,JPN,MNG_FRS,2907.8669295973646
SSP2_1000C_CACN_NoCC,2005,JPN,GRAZING,49.87032459670535
SSP2_1000C_CACN_NoCC,2005,JPN,GRASS,683.9519801590851
SSP2_1000C_CACN_NoCC,2005,JPN,URB,1710.2899680175783
SSP2_1000C_CACN_NoCC,2005,XSE,OTH,14506.901
SSP2_1000C_CACN_NoCC,2005,XSE,CROP,86492.82976272554
SSP2_1000C_CACN_NoCC,2005,XSE,CROP_FLW,12414.097435956868
SSP2_1000C_CACN_NoCC,2005,XSE,PRM_FRS,215975.71110041416
SSP2_1000C_CACN_NoCC,2005,XSE,MNG_FRS,10356.335718992324
SSP2_1000C_CACN_NoCC,2005,XSE,GRAZING,130067.88071821834
SSP2_1000C_CACN_NoCC,2005,XSE,GRASS,78958.4312715423
SSP2_1000C_CACN_NoCC,2005,XSE,URB,3032.1656320037837
SSP2_1000C_CACN_NoCC,2005,XSA,OTH,44675.7545
SSP2_1000C_CACN_NoCC,2005,XSA,CROP,32370.31167093366
SSP2_1000C_CACN_NoCC,2005,XSA,CROP_FLW,7675.9021077603375
SSP2_1000C_CACN_NoCC,2005,XSA,PRM_FRS,8720.611815295257
SSP2_1000C_CACN_NoCC,2005,XSA,MNG_FRS,4159.844877656197
SSP2_1000C_CACN_NoCC,2005,XSA,GRAZING,38875.62142961343
SSP2_1000C_CACN_NoCC,2005,XSA,GRASS,47260.62952651719
SSP2_1000C_CACN_NoCC,2005,XSA,URB,866.7895990753174
SSP2_1000C_CACN_NoCC,2005,CAN,OTH,283585.656
SSP2_1000C_CACN_NoCC,2005,CAN,CROP,25884.178000088254
SSP2_1000C_CACN_NoCC,2005,CAN,CROP_FLW,25523.512844024306
SSP2_1000C_CACN_NoCC,2005,CAN,PRM_FRS,261618.50989653936
SSP2_1000C_CACN_NoCC,2005,CAN,MNG_FRS,48515.49010346063
SSP2_1000C_CACN_NoCC,2005,CAN,GRAZING,15322.669478146787
SSP2_1000C_CACN_NoCC,2005,CAN,GRASS,8485.396220873323
SSP2_1000C_CACN_NoCC,2005,CAN,URB,785.9824775390625
SSP2_1000C_CACN_NoCC,2005,BRA,CROP,61826.71992204339
SSP2_1000C_CACN_NoCC,2005,BRA,CROP_FLW,4031.8027951200825
SSP2_1000C_CACN_NoCC,2005,BRA,PRM_FRS,470624.1668813751
SSP2_1000C_CACN_NoCC,2005,BRA,MNG_FRS,7073.833118624849
SSP2_1000C_CACN_NoCC,2005,BRA,GRAZING,197000.00000000006
SSP2_1000C_CACN_NoCC,2005,BRA,GRASS,159958.04573655108
SSP2_1000C_CACN_NoCC,2005,BRA,URB,3742.538360931397
SSP2_1000C_CACN_NoCC,2005,XLM,OTH,72183.21731250001
SSP2_1000C_CACN_NoCC,2005,XLM,CROP,69468.39136595798
SSP2_1000C_CACN_NoCC,2005,XLM,CROP_FLW,24919.718678159035
SSP2_1000C_CACN_NoCC,2005,XLM,PRM_FRS,427540.6754520419
SSP2_1000C_CACN_NoCC,2005,XLM,MNG_FRS,17515.785545758645
SSP2_1000C_CACN_NoCC,2005,XLM,GRAZING,352433.8290836653
SSP2_1000C_CACN_NoCC,2005,XLM,GRASS,261903.34459357464
SSP2_1000C_CACN_NoCC,2005,XLM,URB,4894.335314867021
SSP2_1000C_CACN_NoCC,2005,CIS,OTH,253974.9918984375
SSP2_1000C_CACN_NoCC,2005,CIS,CROP,115980.68632163315
SSP2_1000C_CACN_NoCC,2005,CIS,CROP_FLW,92359.12717792591
SSP2_1000C_CACN_NoCC,2005,CIS,PRM_FRS,786765.8375097129
SSP2_1000C_CACN_NoCC,2005,CIS,MNG_FRS,52723.53808379956
SSP2_1000C_CACN_NoCC,2005,CIS,GRAZING,361322.1605712376
SSP2_1000C_CACN_NoCC,2005,CIS,GRASS,196146.53256945367
SSP2_1000C_CACN_NoCC,2005,CIS,URB,5880.5270887603765
SSP2_1000C_CACN_NoCC,2005,XME,OTH,281021.7655625
SSP2_1000C_CACN_NoCC,2005,XME,CROP,28065.01485206794
SSP2_1000C_CACN_NoCC,2005,XME,CROP_FLW,4924.484161397701
SSP2_1000C_CACN_NoCC,2005,XME,PRM_FRS,11826.449340625002
SSP2_1000C_CACN_NoCC,2005,XME,MNG_FRS,623.7515744230127
SSP2_1000C_CACN_NoCC,2005,XME,GRAZING,237368.13575828768
SSP2_1000C_CACN_NoCC,2005,XME,GRASS,114186.4356692811
SSP2_1000C_CACN_NoCC,2005,XME,URB,2128.071955810547
SSP2_1000C_CACN_NoCC,2005,XNF,OTH,456890.6350624999
SSP2_1000C_CACN_NoCC,2005,XNF,CROP,20777.587248088657
SSP2_1000C_CACN_NoCC,2005,XNF,CROP_FLW,7234.4544597706035
SSP2_1000C_CACN_NoCC,2005,XNF,PRM_FRS,4292.090662500001
SSP2_1000C_CACN_NoCC,2005,XNF,MNG_FRS,71.9093375
SSP2_1000C_CACN_NoCC,2005,XNF,GRAZING,67864.57327495172
SSP2_1000C_CACN_NoCC,2005,XNF,GRASS,15007.352458255664
SSP2_1000C_CACN_NoCC,2005,XNF,URB,927.4797019042969
SSP2_1000C_CACN_NoCC,2005,XAF,OTH,399410.63371875
SSP2_1000C_CACN_NoCC,2005,XAF,CROP,173242.65868010602
SSP2_1000C_CACN_NoCC,2005,XAF,CROP_FLW,34571.445443469915
SSP2_1000C_CACN_NoCC,2005,XAF,PRM_FRS,608408.8926684535
SSP2_1000C_CACN_NoCC,2005,XAF,MNG_FRS,18651.999046563822
SSP2_1000C_CACN_NoCC,2005,XAF,GRAZING,833777.0000000002
SSP2_1000C_CACN_NoCC,2005,XAF,GRASS,668620.802328684
SSP2_1000C_CACN_NoCC,2005,XAF,URB,2896.931178625107
SSP2_1000C_CACN_NoCC,2005,ASIA2,OTH,312611.42105468747
SSP2_1000C_CACN_NoCC,2005,ASIA2,CROP,403548.399665847
SSP2_1000C_CACN_NoCC,2005,ASIA2,CROP_FLW,20952.581894548777
SSP2_1000C_CACN_NoCC,2005,ASIA2,PRM_FRS,469120.40404694964
SSP2_1000C_CACN_NoCC,2005,ASIA2,MNG_FRS,59951.099465408304
SSP2_1000C_CACN_NoCC,2005,ASIA2,GRAZING,579048.4139898592
SSP2_1000C_CACN_NoCC,2005,ASIA2,GRASS,252698.5222928351
SSP2_1000C_CACN_NoCC,2005,ASIA2,URB,16641.596986114502
SSP2_1000C_CACN_NoCC,2005,World,OTH,2111196.772609375
SSP2_1000C_CACN_NoCC,2005,World,CROP,1166525.3539032277
SSP2_1000C_CACN_NoCC,2005,World,CROP_FLW,360655.87283734797
SSP2_1000C_CACN_NoCC,2005,World,PRM_FRS,3556701.0057341037
SSP2_1000C_CACN_NoCC,2005,World,MNG_FRS,347004.589578251
SSP2_1000C_CACN_NoCC,2005,World,GRAZING,3376130.0674537765
SSP2_1000C_CACN_NoCC,2005,World,GRASS,2323568.7863564026
SSP2_1000C_CACN_NoCC,2005,World,URB,61494.25336591386
SSP2_1000C_CACN_NoCC,2005,Non-OECD,OTH,1776092.664609375
SSP2_1000C_CACN_NoCC,2005,Non-OECD,CROP,870012.536961706
SSP2_1000C_CACN_NoCC,2005,Non-OECD,CROP_FLW,188131.03225956048
SSP2_1000C_CACN_NoCC,2005,Non-OECD,PRM_FRS,2756618.3834912553
SSP2_1000C_CACN_NoCC,2005,Non-OECD,MNG_FRS,153704.0492424808
SSP2_1000C_CACN_NoCC,2005,Non-OECD,GRAZING,2628764.242353405
SSP2_1000C_CACN_NoCC,2005,Non-OECD,GRASS,1667837.0836684762
SSP2_1000C_CACN_NoCC,2005,Non-OECD,URB,35401.19061899567
SSP2_1000C_CACN_NoCC,2005,Industrial,OTH,321872.108
SSP2_1000C_CACN_NoCC,2005,Industrial,CROP,224639.24789137783
SSP2_1000C_CACN_NoCC,2005,Industrial,CROP_FLW,164224.33355455054
SSP2_1000C_CACN_NoCC,2005,Industrial,PRM_FRS,771333.3715523776
SSP2_1000C_CACN_NoCC,2005,Industrial,MNG_FRS,184244.6002260908
SSP2_1000C_CACN_NoCC,2005,Industrial,GRAZING,718529.0635157328
SSP2_1000C_CACN_NoCC,2005,Industrial,GRASS,628090.8279761255
SSP2_1000C_CACN_NoCC,2005,Industrial,URB,24181.440413742544
SSP2_1000C_CACN_NoCC,2005,Transition,OTH,520635.75745312497
SSP2_1000C_CACN_NoCC,2005,Transition,CROP,531469.3124319701
SSP2_1000C_CACN_NoCC,2005,Transition,CROP_FLW,104691.436996283
SSP2_1000C_CACN_NoCC,2005,Transition,PRM_FRS,1508603.2031423964
SSP2_1000C_CACN_NoCC,2005,Transition,MNG_FRS,111380.36325126624
SSP2_1000C_CACN_NoCC,2005,Transition,GRAZING,997213.9636733071
SSP2_1000C_CACN_NoCC,2005,Transition,GRASS,509540.96253242216
SSP2_1000C_CACN_NoCC,2005,Transition,URB,22567.039569885255
SSP2_1000C_CACN_NoCC,2005,Developing,OTH,1268688.90715625
SSP2_1000C_CACN_NoCC,2005,Developing,CROP,410416.7935798798
SSP2_1000C_CACN_NoCC,2005,Developing,CROP_FLW,91740.10228651446
SSP2_1000C_CACN_NoCC,2005,Developing,PRM_FRS,1276764.4310393299
SSP2_1000C_CACN_NoCC,2005,Developing,MNG_FRS,51379.626100894006
SSP2_1000C_CACN_NoCC,2005,Developing,GRAZING,1660387.0402647366
SSP2_1000C_CACN_NoCC,2005,Developing,GRASS,1185936.9958478548
SSP2_1000C_CACN_NoCC,2005,Developing,URB,14745.773382286072
SSP2_1000C_CACN_NoCC,2005,R5ASIA,OTH,312611.42105468747
SSP2_1000C_CACN_NoCC,2005,R5ASIA,CROP,400651.47857180884
SSP2_1000C_CACN_NoCC,2005,R5ASIA,CROP_FLW,20089.999543717204
SSP2_1000C_CACN_NoCC,2005,R5ASIA,PRM_FRS,447160.27097654704
SSP2_1000C_CACN_NoCC,2005,R5ASIA,MNG_FRS,57043.23253581094
SSP2_1000C_CACN_NoCC,2005,R5ASIA,GRAZING,578998.5436652625
SSP2_1000C_CACN_NoCC,2005,R5ASIA,GRASS,252014.57031267602
SSP2_1000C_CACN_NoCC,2005,R5ASIA,URB,14931.307018096923
SSP2_1000C_CACN_NoCC,2005,R5OECD90+EU,OTH,335104.108
SSP2_1000C_CACN_NoCC,2005,R5OECD90+EU,CROP,296512.8169415218
SSP2_1000C_CACN_NoCC,2005,R5OECD90+EU,CROP_FLW,172524.84057778755
SSP2_1000C_CACN_NoCC,2005,R5OECD90+EU,PRM_FRS,800082.6222428484
SSP2_1000C_CACN_NoCC,2005,R5OECD90+EU,MNG_FRS,193300.54033577023
SSP2_1000C_CACN_NoCC,2005,R5OECD90+EU,GRAZING,747365.8251003716
SSP2_1000C_CACN_NoCC,2005,R5OECD90+EU,GRASS,655731.7026879262
SSP2_1000C_CACN_NoCC,2005,R5OECD90+EU,URB,26093.062746918204
SSP2_1000C_CACN_NoCC,2005,R5REF,OTH,253974.9918984375
SSP2_1000C_CACN_NoCC,2005,R5REF,CROP,115980.68632163315
SSP2_1000C_CACN_NoCC,2005,R5REF,CROP_FLW,92359.12717792591
SSP2_1000C_CACN_NoCC,2005,R5REF,PRM_FRS,786765.8375097129
SSP2_1000C_CACN_NoCC,2005,R5REF,MNG_FRS,52723.53808379956
SSP2_1000C_CACN_NoCC,2005,R5REF,GRAZING,361322.1605712376
SSP2_1000C_CACN_NoCC,2005,R5REF,GRASS,196146.53256945367
SSP2_1000C_CACN_NoCC,2005,R5REF,URB,5880.5270887603765
SSP2_1000C_CACN_NoCC,2005,R5MAF,OTH,1137323.0343437498
SSP2_1000C_CACN_NoCC,2005,R5MAF,CROP,222085.26078026262
SSP2_1000C_CACN_NoCC,2005,R5MAF,CROP_FLW,46730.384064638216
SSP2_1000C_CACN_NoCC,2005,R5MAF,PRM_FRS,624527.4326715785
SSP2_1000C_CACN_NoCC,2005,R5MAF,MNG_FRS,19347.659958486835
SSP2_1000C_CACN_NoCC,2005,R5MAF,GRAZING,1139009.7090332396
SSP2_1000C_CACN_NoCC,2005,R5MAF,GRASS,797814.5904562208
SSP2_1000C_CACN_NoCC,2005,R5MAF,URB,5952.48283633995
SSP2_1000C_CACN_NoCC,2005,R5LAM,OTH,72183.21731250001
SSP2_1000C_CACN_NoCC,2005,R5LAM,CROP,131295.11128800138
SSP2_1000C_CACN_NoCC,2005,R5LAM,CROP_FLW,28951.521473279117
SSP2_1000C_CACN_NoCC,2005,R5LAM,PRM_FRS,898164.8423334169
SSP2_1000C_CACN_NoCC,2005,R5LAM,MNG_FRS,24589.618664383495
SSP2_1000C_CACN_NoCC,2005,R5LAM,GRAZING,549433.8290836653
SSP2_1000C_CACN_NoCC,2005,R5LAM,GRASS,421861.3903301257
SSP2_1000C_CACN_NoCC,2005,R5LAM,URB,8636.873675798419
SSP2_1000C_CACN_NoCC,2010,USA,OTH,33613.452
SSP2_1000C_CACN_NoCC,2010,USA,CROP,108750.52081510496
SSP2_1000C_CACN_NoCC,2010,USA,CROP_FLW,81279.90284242839
SSP2_1000C_CACN_NoCC,2010,USA,PRM_FRS,234862.78595165606
SSP2_1000C_CACN_NoCC,2010,USA,MNG_FRS,60160.617859449056
SSP2_1000C_CACN_NoCC,2010,USA,GRAZING,236212.05872600107
SSP2_1000C_CACN_NoCC,2010,USA,GRASS,112886.02268917639
SSP2_1000C_CACN_NoCC,2010,USA,URB,11695.345311309815
SSP2_1000C_CACN_NoCC,2010,XE25,OTH,3206.0
SSP2_1000C_CACN_NoCC,2010,XE25,CROP,79292.1230728669
SSP2_1000C_CACN_NoCC,2010,XE25,CROP_FLW,27233.65996523443
SSP2_1000C_CACN_NoCC,2010,XE25,PRM_FRS,79232.23170304194
SSP2_1000C_CACN_NoCC,2010,XE25,MNG_FRS,66086.9320061447
SSP2_1000C_CACN_NoCC,2010,XE25,GRAZING,58860.01855223403
SSP2_1000C_CACN_NoCC,2010,XE25,GRASS,32999.302756224155
SSP2_1000C_CACN_NoCC,2010,XE25,URB,9106.496241195679
SSP2_1000C_CACN_NoCC,2010,XER,OTH,13232.0
SSP2_1000C_CACN_NoCC,2010,XER,CROP,49690.373849325646
SSP2_1000C_CACN_NoCC,2010,XER,CROP_FLW,2548.93115094111
SSP2_1000C_CACN_NoCC,2010,XER,PRM_FRS,21029.51407849204
SSP2_1000C_CACN_NoCC,2010,XER,MNG_FRS,7457.88145692854
SSP2_1000C_CACN_NoCC,2010,XER,GRAZING,14605.499845494984
SSP2_1000C_CACN_NoCC,2010,XER,GRASS,3785.9113802071524
SSP2_1000C_CACN_NoCC,2010,XER,URB,1090.242361709595
SSP2_1000C_CACN_NoCC,2010,TUR,CROP,20719.977712426044
SSP2_1000C_CACN_NoCC,2010,TUR,CROP_FLW,6172.539516588997
SSP2_1000C_CACN_NoCC,2010,TUR,PRM_FRS,8739.853002337235
SSP2_1000C_CACN_NoCC,2010,TUR,MNG_FRS,1275.971232932779
SSP2_1000C_CACN_NoCC,2010,TUR,GRAZING,14418.114117848494
SSP2_1000C_CACN_NoCC,2010,TUR,GRASS,24012.335826447626
SSP2_1000C_CACN_NoCC,2010,TUR,URB,821.3799714660644
SSP2_1000C_CACN_NoCC,2010,XOC,OTH,1467.0
SSP2_1000C_CACN_NoCC,2010,XOC,CROP,23481.22661633761
SSP2_1000C_CACN_NoCC,2010,XOC,CROP_FLW,30192.939693206194
SSP2_1000C_CACN_NoCC,2010,XOC,PRM_FRS,165883.77471476624
SSP2_1000C_CACN_NoCC,2010,XOC,MNG_FRS,4724.962595137725
SSP2_1000C_CACN_NoCC,2010,XOC,GRAZING,403488.56494081183
SSP2_1000C_CACN_NoCC,2010,XOC,GRASS,470722.7169236755
SSP2_1000C_CACN_NoCC,2010,XOC,URB,883.3264156804086
SSP2_1000C_CACN_NoCC,2010,CHN,OTH,239998.39534375
SSP2_1000C_CACN_NoCC,2010,CHN,CROP,132316.0123978845
SSP2_1000C_CACN_NoCC,2010,CHN,PRM_FRS,169336.43979259863
SSP2_1000C_CACN_NoCC,2010,CHN,MNG_FRS,27013.311555871478
SSP2_1000C_CACN_NoCC,2010,CHN,GRAZING,401037.57190470194
SSP2_1000C_CACN_NoCC,2010,CHN,GRASS,92908.44388719142
SSP2_1000C_CACN_NoCC,2010,CHN,URB,8006.078889526368
SSP2_1000C_CACN_NoCC,2010,IND,OTH,13430.3702109375
SSP2_1000C_CACN_NoCC,2010,IND,CROP,159306.074497131
SSP2_1000C_CACN_NoCC,2010,IND,PRM_FRS,47269.66637574903
SSP2_1000C_CACN_NoCC,2010,IND,MNG_FRS,14812.31605230695
SSP2_1000C_CACN_NoCC,2010,IND,GRAZING,9960.317159863283
SSP2_1000C_CACN_NoCC,2010,IND,GRASS,28669.734546898195
SSP2_1000C_CACN_NoCC,2010,IND,URB,3026.2728974914553
SSP2_1000C_CACN_NoCC,2010,JPN,CROP,2794.2375234705755
SSP2_1000C_CACN_NoCC,2010,JPN,CROP_FLW,885.7757407784337
SSP2_1000C_CACN_NoCC,2010,JPN,PRM_FRS,22149.785684512943
SSP2_1000C_CACN_NoCC,2010,JPN,MNG_FRS,2788.3130741603054
SSP2_1000C_CACN_NoCC,2010,JPN,GRAZING,49.85839464028749
SSP2_1000C_CACN_NoCC,2010,JPN,GRASS,693.3553320629233
SSP2_1000C_CACN_NoCC,2010,JPN,URB,1710.2899680175783
SSP2_1000C_CACN_NoCC,2010,XSE,OTH,14506.901
SSP2_1000C_CACN_NoCC,2010,XSE,CROP,89765.75280076242
SSP2_1000C_CACN_NoCC,2010,XSE,CROP_FLW,11873.0735174914
SSP2_1000C_CACN_NoCC,2010,XSE,PRM_FRS,213316.2434540306
SSP2_1000C_CACN_NoCC,2010,XSE,MNG_FRS,10410.626531358199
SSP2_1000C_CACN_NoCC,2010,XSE,GRAZING,130534.96311345746
SSP2_1000C_CACN_NoCC,2010,XSE,GRASS,78364.62659074966
SSP2_1000C_CACN_NoCC,2010,XSE,URB,3032.1656320037837
SSP2_1000C_CACN_NoCC,2010,XSA,OTH,44675.7545
SSP2_1000C_CACN_NoCC,2010,XSA,CROP,34299.971221582906
SSP2_1000C_CACN_NoCC,2010,XSA,CROP_FLW,7124.238312122499
SSP2_1000C_CACN_NoCC,2010,XSA,PRM_FRS,8252.834017456498
SSP2_1000C_CACN_NoCC,2010,XSA,MNG_FRS,4277.127169617067
SSP2_1000C_CACN_NoCC,2010,XSA,GRAZING,39385.86240495034
SSP2_1000C_CACN_NoCC,2010,XSA,GRASS,45722.888302046726
SSP2_1000C_CACN_NoCC,2010,XSA,URB,866.7895990753174
SSP2_1000C_CACN_NoCC,2010,CAN,OTH,283585.656
SSP2_1000C_CACN_NoCC,2010,CAN,CROP,28081.501790946128
SSP2_1000C_CACN_NoCC,2010,CAN,CROP_FLW,25515.15422896113
SSP2_1000C_CACN_NoCC,2010,CAN,PRM_FRS,259609.92339059932
SSP2_1000C_CACN_NoCC,2010,CAN,MNG_FRS,48586.02948019204
SSP2_1000C_CACN_NoCC,2010,CAN,GRAZING,15293.09394861549
SSP2_1000C_CACN_NoCC,2010,CAN,GRASS,8264.05370381863
SSP2_1000C_CACN_NoCC,2010,CAN,URB,785.9824775390625
SSP2_1000C_CACN_NoCC,2010,BRA,CROP,64571.86939993808
SSP2_1000C_CACN_NoCC,2010,BRA,CROP_FLW,3818.51804493528
SSP2_1000C_CACN_NoCC,2010,BRA,PRM_FRS,464131.9878740925
SSP2_1000C_CACN_NoCC,2010,BRA,MNG_FRS,6998.3457922442785
SSP2_1000C_CACN_NoCC,2010,BRA,GRAZING,201884.68804173678
SSP2_1000C_CACN_NoCC,2010,BRA,GRASS,159109.15930076776
SSP2_1000C_CACN_NoCC,2010,BRA,URB,3742.538360931397
SSP2_1000C_CACN_NoCC,2010,XLM,OTH,72183.21731250001
SSP2_1000C_CACN_NoCC,2010,XLM,CROP,71676.95187580276
SSP2_1000C_CACN_NoCC,2010,XLM,CROP_FLW,24743.098629335913
SSP2_1000C_CACN_NoCC,2010,XLM,PRM_FRS,423611.193887441
SSP2_1000C_CACN_NoCC,2010,XLM,MNG_FRS,17666.47618329265
SSP2_1000C_CACN_NoCC,2010,XLM,GRAZING,355366.971661196
SSP2_1000C_CACN_NoCC,2010,XLM,GRASS,260717.05248208906
SSP2_1000C_CACN_NoCC,2010,XLM,URB,4894.335314867021
SSP2_1000C_CACN_NoCC,2010,CIS,OTH,253974.9918984375
SSP2_1000C_CACN_NoCC,2010,CIS,CROP,112189.85047456683
SSP2_1000C_CACN_NoCC,2010,CIS,CROP_FLW,91270.9554705556
SSP2_1000C_CACN_NoCC,2010,CIS,PRM_FRS,792504.5751156982
SSP2_1000C_CACN_NoCC,2010,CIS,MNG_FRS,51432.80125490762
SSP2_1000C_CACN_NoCC,2010,CIS,GRAZING,364074.0906656825
SSP2_1000C_CACN_NoCC,2010,CIS,GRASS,193825.609252352
SSP2_1000C_CACN_NoCC,2010,CIS,URB,5880.5270887603765
SSP2_1000C_CACN_NoCC,2010,XME,OTH,281021.7655625
SSP2_1000C_CACN_NoCC,2010,XME,CROP,30341.655499258894
SSP2_1000C_CACN_NoCC,2010,XME,CROP_FLW,4283.51456744733
SSP2_1000C_CACN_NoCC,2010,XME,PRM_FRS,10925.507473155338
SSP2_1000C_CACN_NoCC,2010,XME,MNG_FRS,642.5924689932318
SSP2_1000C_CACN_NoCC,2010,XME,GRAZING,244546.43318751024
SSP2_1000C_CACN_NoCC,2010,XME,GRASS,106254.5681597173
SSP2_1000C_CACN_NoCC,2010,XME,URB,2128.071955810547
SSP2_1000C_CACN_NoCC,2010,XNF,OTH,456890.6350624999
SSP2_1000C_CACN_NoCC,2010,XNF,CROP,22642.49899242674
SSP2_1000C_CACN_NoCC,2010,XNF,CROP_FLW,6457.673277759466
SSP2_1000C_CACN_NoCC,2010,XNF,PRM_FRS,3957.5888867779026
SSP2_1000C_CACN_NoCC,2010,XNF,MNG_FRS,73.21645837975626
SSP2_1000C_CACN_NoCC,2010,XNF,GRAZING,69040.23986683719
SSP2_1000C_CACN_NoCC,2010,XNF,GRASS,13076.749958885632
SSP2_1000C_CACN_NoCC,2010,XNF,URB,927.4797019042969
SSP2_1000C_CACN_NoCC,2010,XAF,OTH,399410.63371875
SSP2_1000C_CACN_NoCC,2010,XAF,CROP,197869.4776633182
SSP2_1000C_CACN_NoCC,2010,XAF,CROP_FLW,31583.689236231112
SSP2_1000C_CACN_NoCC,2010,XAF,PRM_FRS,577759.8494292676
SSP2_1000C_CACN_NoCC,2010,XAF,MNG_FRS,19800.771101114704
SSP2_1000C_CACN_NoCC,2010,XAF,GRAZING,864972.3337933752
SSP2_1000C_CACN_NoCC,2010,XAF,GRASS,645286.6769439708
SSP2_1000C_CACN_NoCC,2010,XAF,URB,2896.931178625107
SSP2_1000C_CACN_NoCC,2010,ASIA2,OTH,312611.42105468747
SSP2_1000C_CACN_NoCC,2010,ASIA2,CROP,418482.0484408314
SSP2_1000C_CACN_NoCC,2010,ASIA2,CROP_FLW,19883.087570392334
SSP2_1000C_CACN_NoCC,2010,ASIA2,PRM_FRS,460324.9693243477
SSP2_1000C_CACN_NoCC,2010,ASIA2,MNG_FRS,59301.694383314
SSP2_1000C_CACN_NoCC,2010,ASIA2,GRAZING,580968.5729776133
SSP2_1000C_CACN_NoCC,2010,ASIA2,GRASS,246359.04865894892
SSP2_1000C_CACN_NoCC,2010,ASIA2,URB,16641.596986114502
SSP2_1000C_CACN_NoCC,2010,World,OTH,2111196.772609375
SSP2_1000C_CACN_NoCC,2010,World,CROP,1227790.0762031502
SSP2_1000C_CACN_NoCC,2010,World,CROP_FLW,354983.6641940172
SSP2_1000C_CACN_NoCC,2010,World,PRM_FRS,3502573.754831673
SSP2_1000C_CACN_NoCC,2010,World,MNG_FRS,344208.2922730311
SSP2_1000C_CACN_NoCC,2010,World,GRAZING,3423730.6803249577
SSP2_1000C_CACN_NoCC,2010,World,GRASS,2277299.208036281
SSP2_1000C_CACN_NoCC,2010,World,URB,61494.25336591386
SSP2_1000C_CACN_NoCC,2010,Non-OECD,OTH,1776092.664609375
SSP2_1000C_CACN_NoCC,2010,Non-OECD,CROP,914980.1148226723
SSP2_1000C_CACN_NoCC,2010,Non-OECD,CROP_FLW,181154.7610558786
SSP2_1000C_CACN_NoCC,2010,Non-OECD,PRM_FRS,2711065.8863062668
SSP2_1000C_CACN_NoCC,2010,Non-OECD,MNG_FRS,153127.58456808596
SSP2_1000C_CACN_NoCC,2010,Non-OECD,GRAZING,2680803.4717993103
SSP2_1000C_CACN_NoCC,2010,Non-OECD,GRASS,1623935.5094246685
SSP2_1000C_CACN_NoCC,2010,Non-OECD,URB,35401.19061899567
SSP2_1000C_CACN_NoCC,2010,Industrial,OTH,321872.108
SSP2_1000C_CACN_NoCC,2010,Industrial,CROP,242399.60981872617
SSP2_1000C_CACN_NoCC,2010,Industrial,CROP_FLW,165107.43247060856
SSP2_1000C_CACN_NoCC,2010,Industrial,PRM_FRS,761738.5014445765
SSP2_1000C_CACN_NoCC,2010,Industrial,MNG_FRS,182346.8550150838
SSP2_1000C_CACN_NoCC,2010,Industrial,GRAZING,713903.5945623027
SSP2_1000C_CACN_NoCC,2010,Industrial,GRASS,625565.4514049576
SSP2_1000C_CACN_NoCC,2010,Industrial,URB,24181.440413742544
SSP2_1000C_CACN_NoCC,2010,Transition,OTH,520635.75745312497
SSP2_1000C_CACN_NoCC,2010,Transition,CROP,538794.1583312721
SSP2_1000C_CACN_NoCC,2010,Transition,CROP_FLW,103810.94418302098
SSP2_1000C_CACN_NoCC,2010,Transition,PRM_FRS,1503012.0362389674
SSP2_1000C_CACN_NoCC,2010,Transition,MNG_FRS,108990.62734519165
SSP2_1000C_CACN_NoCC,2010,Transition,GRAZING,1005980.281735328
SSP2_1000C_CACN_NoCC,2010,Transition,GRASS,502311.1941938641
SSP2_1000C_CACN_NoCC,2010,Transition,URB,22567.039569885255
SSP2_1000C_CACN_NoCC,2010,Developing,OTH,1268688.90715625
SSP2_1000C_CACN_NoCC,2010,Developing,CROP,446596.30805315194
SSP2_1000C_CACN_NoCC,2010,Developing,CROP_FLW,86065.28754038773
SSP2_1000C_CACN_NoCC,2010,Developing,PRM_FRS,1237823.217148129
SSP2_1000C_CACN_NoCC,2010,Developing,MNG_FRS,52870.809912755605
SSP2_1000C_CACN_NoCC,2010,Developing,GRAZING,1703846.8040273264
SSP2_1000C_CACN_NoCC,2010,Developing,GRASS,1149422.5624374594
SSP2_1000C_CACN_NoCC,2010,Developing,URB,14745.773382286072
SSP2_1000C_CACN_NoCC,2010,R5ASIA,OTH,312611.42105468747
SSP2_1000C_CACN_NoCC,2010,R5ASIA,CROP,415687.8109173608
SSP2_1000C_CACN_NoCC,2010,R5ASIA,CROP_FLW,18997.3118296139
SSP2_1000C_CACN_NoCC,2010,R5ASIA,PRM_FRS,438175.18363983475
SSP2_1000C_CACN_NoCC,2010,R5ASIA,MNG_FRS,56513.381309153694
SSP2_1000C_CACN_NoCC,2010,R5ASIA,GRAZING,580918.714582973
SSP2_1000C_CACN_NoCC,2010,R5ASIA,GRASS,245665.693326886
SSP2_1000C_CACN_NoCC,2010,R5ASIA,URB,14931.307018096923
SSP2_1000C_CACN_NoCC,2010,R5OECD90+EU,OTH,335104.108
SSP2_1000C_CACN_NoCC,2010,R5OECD90+EU,CROP,312809.9613804779
SSP2_1000C_CACN_NoCC,2010,R5OECD90+EU,CROP_FLW,173828.90313813867
SSP2_1000C_CACN_NoCC,2010,R5OECD90+EU,PRM_FRS,791507.8685254058
SSP2_1000C_CACN_NoCC,2010,R5OECD90+EU,MNG_FRS,191080.70770494518
SSP2_1000C_CACN_NoCC,2010,R5OECD90+EU,GRAZING,742927.2085256462
SSP2_1000C_CACN_NoCC,2010,R5OECD90+EU,GRASS,653363.6986116124
SSP2_1000C_CACN_NoCC,2010,R5OECD90+EU,URB,26093.062746918204
SSP2_1000C_CACN_NoCC,2010,R5REF,OTH,253974.9918984375
SSP2_1000C_CACN_NoCC,2010,R5REF,CROP,112189.85047456683
SSP2_1000C_CACN_NoCC,2010,R5REF,CROP_FLW,91270.9554705556
SSP2_1000C_CACN_NoCC,2010,R5REF,PRM_FRS,792504.5751156982
SSP2_1000C_CACN_NoCC,2010,R5REF,MNG_FRS,51432.80125490762
SSP2_1000C_CACN_NoCC,2010,R5REF,GRAZING,364074.0906656825
SSP2_1000C_CACN_NoCC,2010,R5REF,GRASS,193825.609252352
SSP2_1000C_CACN_NoCC,2010,R5REF,URB,5880.5270887603765
SSP2_1000C_CACN_NoCC,2010,R5MAF,OTH,1137323.0343437498
SSP2_1000C_CACN_NoCC,2010,R5MAF,CROP,250853.63215500384
SSP2_1000C_CACN_NoCC,2010,R5MAF,CROP_FLW,42324.87708143791
SSP2_1000C_CACN_NoCC,2010,R5MAF,PRM_FRS,592642.9457892008
SSP2_1000C_CACN_NoCC,2010,R5MAF,MNG_FRS,20516.580028487693
SSP2_1000C_CACN_NoCC,2010,R5MAF,GRAZING,1178559.0068477225
SSP2_1000C_CACN_NoCC,2010,R5MAF,GRASS,764617.9950625738
SSP2_1000C_CACN_NoCC,2010,R5MAF,URB,5952.48283633995
SSP2_1000C_CACN_NoCC,2010,R5LAM,OTH,72183.21731250001
SSP2_1000C_CACN_NoCC,2010,R5LAM,CROP,136248.82127574083
SSP2_1000C_CACN_NoCC,2010,R5LAM,CROP_FLW,28561.616674271194
SSP2_1000C_CACN_NoCC,2010,R5LAM,PRM_FRS,887743.1817615335
SSP2_1000C_CACN_NoCC,2010,R5LAM,MNG_FRS,24664.82197553693
SSP2_1000C_CACN_NoCC,2010,R5LAM,GRAZING,557251.6597029327
SSP2_1000C_CACN_NoCC,2010,R5LAM,GRASS,419826.21178285684
SSP2_1000C_CACN_NoCC,2010,R5LAM,URB,8636.873675798419
SSP2_1000C_CACN_NoCC,2015,USA,OTH,33613.452
SSP2_1000C_CACN_NoCC,2015,USA,CROP,109710.58108237816
SSP2_1000C_CACN_NoCC,2015,USA,CROP_FLW,81000.05581261645
SSP2_1000C_CACN_NoCC,2015,USA,PRM_FRS,233368.09119620506
SSP2_1000C_CACN_NoCC,2015,USA,MNG_FRS,59547.609710503115
SSP2_1000C_CACN_NoCC,2015,USA,BIOCROP,2648.149934246343
SSP2_1000C_CACN_NoCC,2015,USA,GRAZING,236293.00891302337
SSP2_1000C_CACN_NoCC,2015,USA,GRASS,111584.41223484356
SSP2_1000C_CACN_NoCC,2015,USA,URB,11695.345311309815
SSP2_1000C_CACN_NoCC,2015,XE25,OTH,3206.0
SSP2_1000C_CACN_NoCC,2015,XE25,CROP,77639.99210470593
SSP2_1000C_CACN_NoCC,2015,XE25,CROP_FLW,27571.47402492966
SSP2_1000C_CACN_NoCC,2015,XE25,PRM_FRS,80927.67773307137
SSP2_1000C_CACN_NoCC,2015,XE25,MNG_FRS,64323.62163119287
SSP2_1000C_CACN_NoCC,2015,XE25,BIOCROP,1045.4605180473645
SSP2_1000C_CACN_NoCC,2015,XE25,GRAZING,58894.73231354009
SSP2_1000C_CACN_NoCC,2015,XE25,GRASS,33301.30973025878
SSP2_1000C_CACN_NoCC,2015,XE25,URB,9106.496241195679
SSP2_1000C_CACN_NoCC,2015,XER,OTH,13232.0
SSP2_1000C_CACN_NoCC,2015,XER,CROP,47463.676685108716
SSP2_1000C_CACN_NoCC,2015,XER,CROP_FLW,3105.905587105668
SSP2_1000C_CACN_NoCC,2015,XER,PRM_FRS,22221.394770762687
SSP2_1000C_CACN_NoCC,2015,XER,MNG_FRS,7147.988353192959
SSP2_1000C_CACN_NoCC,2015,XER,BIOCROP,194.43890764716497
SSP2_1000C_CACN_NoCC,2015,XER,GRAZING,14819.974531103582
SSP2_1000C_CACN_NoCC,2015,XER,GRASS,4164.732926468712
SSP2_1000C_CACN_NoCC,2015,XER,URB,1090.242361709595
SSP2_1000C_CACN_NoCC,2015,TUR,CROP,22436.202185653292
SSP2_1000C_CACN_NoCC,2015,TUR,CROP_FLW,5718.574334032652
SSP2_1000C_CACN_NoCC,2015,TUR,PRM_FRS,8189.283771010862
SSP2_1000C_CACN_NoCC,2015,TUR,MNG_FRS,1304.3042669211989
SSP2_1000C_CACN_NoCC,2015,TUR,BIOCROP,118.72151423909776
SSP2_1000C_CACN_NoCC,2015,TUR,GRAZING,14446.940331069547
SSP2_1000C_CACN_NoCC,2015,TUR,GRASS,23124.765005654575
SSP2_1000C_CACN_NoCC,2015,TUR,URB,821.3799714660644
SSP2_1000C_CACN_NoCC,2015,XOC,OTH,1467.0
SSP2_1000C_CACN_NoCC,2015,XOC,CROP,24341.46592686844
SSP2_1000C_CACN_NoCC,2015,XOC,CROP_FLW,30818.937794305493
SSP2_1000C_CACN_NoCC,2015,XOC,PRM_FRS,165039.05082134146
SSP2_1000C_CACN_NoCC,2015,XOC,MNG_FRS,4776.313447134218
SSP2_1000C_CACN_NoCC,2015,XOC,BIOCROP,18.460415672130114
SSP2_1000C_CACN_NoCC,2015,XOC,GRAZING,400102.25941142155
SSP2_1000C_CACN_NoCC,2015,XOC,GRASS,473397.69766719127
SSP2_1000C_CACN_NoCC,2015,XOC,URB,883.3264156804086
SSP2_1000C_CACN_NoCC,2015,CHN,OTH,239998.39534375
SSP2_1000C_CACN_NoCC,2015,CHN,CROP,132282.47893389504
SSP2_1000C_CACN_NoCC,2015,CHN,PRM_FRS,170130.03729163844
SSP2_1000C_CACN_NoCC,2015,CHN,MNG_FRS,25996.607293701156
SSP2_1000C_CACN_NoCC,2015,CHN,BIOCROP,283.26163017790236
SSP2_1000C_CACN_NoCC,2015,CHN,GRAZING,400430.97799163754
SSP2_1000C_CACN_NoCC,2015,CHN,GRASS,93488.41639719802
SSP2_1000C_CACN_NoCC,2015,CHN,URB,8006.078889526368
SSP2_1000C_CACN_NoCC,2015,IND,OTH,13430.3702109375
SSP2_1000C_CACN_NoCC,2015,IND,CROP,167030.12327703662
SSP2_1000C_CACN_NoCC,2015,IND,PRM_FRS,42560.685400246926
SSP2_1000C_CACN_NoCC,2015,IND,MNG_FRS,14915.038408780443
SSP2_1000C_CACN_NoCC,2015,IND,BIOCROP,45.71459300887742
SSP2_1000C_CACN_NoCC,2015,IND,GRAZING,9558.824378047882
SSP2_1000C_CACN_NoCC,2015,IND,GRASS,25907.722574827814
SSP2_1000C_CACN_NoCC,2015,IND,URB,3026.2728974914553
SSP2_1000C_CACN_NoCC,2015,JPN,CROP,2731.467061368673
SSP2_1000C_CACN_NoCC,2015,JPN,CROP_FLW,895.6828895923188
SSP2_1000C_CACN_NoCC,2015,JPN,PRM_FRS,22300.466687977183
SSP2_1000C_CACN_NoCC,2015,JPN,MNG_FRS,2657.746645616765
SSP2_1000C_CACN_NoCC,2015,JPN,BIOCROP,28.7426238187093
SSP2_1000C_CACN_NoCC,2015,JPN,GRAZING,49.834648430181986
SSP2_1000C_CACN_NoCC,2015,JPN,GRASS,697.385192821615
SSP2_1000C_CACN_NoCC,2015,JPN,URB,1710.2899680175783
SSP2_1000C_CACN_NoCC,2015,XSE,OTH,14506.901
SSP2_1000C_CACN_NoCC,2015,XSE,CROP,94075.03258157393
SSP2_1000C_CACN_NoCC,2015,XSE,CROP_FLW,11264.01985814685
SSP2_1000C_CACN_NoCC,2015,XSE,PRM_FRS,209849.51552079097
SSP2_1000C_CACN_NoCC,2015,XSE,MNG_FRS,10444.219821702742
SSP2_1000C_CACN_NoCC,2015,XSE,BIOCROP,56.75580481551562
SSP2_1000C_CACN_NoCC,2015,XSE,GRAZING,130380.4056083209
SSP2_1000C_CACN_NoCC,2015,XSE,GRASS,78195.33681249866
SSP2_1000C_CACN_NoCC,2015,XSE,URB,3032.1656320037837
SSP2_1000C_CACN_NoCC,2015,XSA,OTH,44675.7545
SSP2_1000C_CACN_NoCC,2015,XSA,CROP,36538.13859751664
SSP2_1000C_CACN_NoCC,2015,XSA,CROP_FLW,6546.580011782269
SSP2_1000C_CACN_NoCC,2015,XSA,PRM_FRS,7784.69267566822
SSP2_1000C_CACN_NoCC,2015,XSA,MNG_FRS,4373.531743504907
SSP2_1000C_CACN_NoCC,2015,XSA,BIOCROP,10.743687601866432
SSP2_1000C_CACN_NoCC,2015,XSA,GRAZING,39703.00381213898
SSP2_1000C_CACN_NoCC,2015,XSA,GRASS,44106.23089956315
SSP2_1000C_CACN_NoCC,2015,XSA,URB,866.7895990753174
SSP2_1000C_CACN_NoCC,2015,CAN,OTH,283585.656
SSP2_1000C_CACN_NoCC,2015,CAN,CROP,29174.651392150634
SSP2_1000C_CACN_NoCC,2015,CAN,CROP_FLW,25460.450072790765
SSP2_1000C_CACN_NoCC,2015,CAN,PRM_FRS,258324.66133950267
SSP2_1000C_CACN_NoCC,2015,CAN,MNG_FRS,48543.08321375259
SSP2_1000C_CACN_NoCC,2015,CAN,BIOCROP,437.40010644320455
SSP2_1000C_CACN_NoCC,2015,CAN,GRAZING,15293.578792157512
SSP2_1000C_CACN_NoCC,2015,CAN,GRASS,8115.931626335323
SSP2_1000C_CACN_NoCC,2015,CAN,URB,785.9824775390625
SSP2_1000C_CACN_NoCC,2015,BRA,CROP,64855.5022754467
SSP2_1000C_CACN_NoCC,2015,BRA,CROP_FLW,3764.4948689932994
SSP2_1000C_CACN_NoCC,2015,BRA,PRM_FRS,462642.2706330323
SSP2_1000C_CACN_NoCC,2015,BRA,MNG_FRS,6928.2197973056855
SSP2_1000C_CACN_NoCC,2015,BRA,BIOCROP,229.72826855975774
SSP2_1000C_CACN_NoCC,2015,BRA,GRAZING,203361.2471513304
SSP2_1000C_CACN_NoCC,2015,BRA,GRASS,158733.1054590462
SSP2_1000C_CACN_NoCC,2015,BRA,URB,3742.538360931397
SSP2_1000C_CACN_NoCC,2015,XLM,OTH,72183.21731250001
SSP2_1000C_CACN_NoCC,2015,XLM,CROP,73205.37998304439
SSP2_1000C_CACN_NoCC,2015,XLM,CROP_FLW,24947.98009652695
SSP2_1000C_CACN_NoCC,2015,XLM,PRM_FRS,421558.136394119
SSP2_1000C_CACN_NoCC,2015,XLM,MNG_FRS,17743.58503796752
SSP2_1000C_CACN_NoCC,2015,XLM,BIOCROP,45.45152503544493
SSP2_1000C_CACN_NoCC,2015,XLM,GRAZING,354209.81747327716
SSP2_1000C_CACN_NoCC,2015,XLM,GRASS,262071.3942091874
SSP2_1000C_CACN_NoCC,2015,XLM,URB,4894.335314867021
SSP2_1000C_CACN_NoCC,2015,CIS,OTH,253974.9918984375
SSP2_1000C_CACN_NoCC,2015,CIS,CROP,109783.92623601189
SSP2_1000C_CACN_NoCC,2015,CIS,CROP_FLW,91424.72696018373
SSP2_1000C_CACN_NoCC,2015,CIS,PRM_FRS,796608.4584668437
SSP2_1000C_CACN_NoCC,2015,CIS,MNG_FRS,50276.914071369356
SSP2_1000C_CACN_NoCC,2015,CIS,BIOCROP,56.20986507239031
SSP2_1000C_CACN_NoCC,2015,CIS,GRAZING,362712.89165697346
SSP2_1000C_CACN_NoCC,2015,CIS,GRASS,194434.75497730845
SSP2_1000C_CACN_NoCC,2015,CIS,URB,5880.5270887603765
SSP2_1000C_CACN_NoCC,2015,XME,OTH,281021.7655625
SSP2_1000C_CACN_NoCC,2015,XME,CROP,32318.638617626162
SSP2_1000C_CACN_NoCC,2015,XME,CROP_FLW,3973.545450481342
SSP2_1000C_CACN_NoCC,2015,XME,PRM_FRS,10290.605536658619
SSP2_1000C_CACN_NoCC,2015,XME,MNG_FRS,655.5380949276031
SSP2_1000C_CACN_NoCC,2015,XME,BIOCROP,226.09101989548844
SSP2_1000C_CACN_NoCC,2015,XME,GRAZING,246279.5502937819
SSP2_1000C_CACN_NoCC,2015,XME,GRASS,103250.3023427112
SSP2_1000C_CACN_NoCC,2015,XME,URB,2128.071955810547
SSP2_1000C_CACN_NoCC,2015,XNF,OTH,456890.6350624999
SSP2_1000C_CACN_NoCC,2015,XNF,CROP,24907.466558967877
SSP2_1000C_CACN_NoCC,2015,XNF,CROP_FLW,5666.790432985053
SSP2_1000C_CACN_NoCC,2015,XNF,PRM_FRS,3561.3492951966628
SSP2_1000C_CACN_NoCC,2015,XNF,MNG_FRS,74.89675069729647
SSP2_1000C_CACN_NoCC,2015,XNF,BIOCROP,601.2490158907758
SSP2_1000C_CACN_NoCC,2015,XNF,GRAZING,68997.88341027145
SSP2_1000C_CACN_NoCC,2015,XNF,GRASS,11438.331977057604
SSP2_1000C_CACN_NoCC,2015,XNF,URB,927.4797019042969
SSP2_1000C_CACN_NoCC,2015,XAF,OTH,399410.63371875
SSP2_1000C_CACN_NoCC,2015,XAF,CROP,221206.18048678417
SSP2_1000C_CACN_NoCC,2015,XAF,CROP_FLW,29910.50359459017
SSP2_1000C_CACN_NoCC,2015,XAF,PRM_FRS,553242.4176696645
SSP2_1000C_CACN_NoCC,2015,XAF,MNG_FRS,21004.450043215264
SSP2_1000C_CACN_NoCC,2015,XAF,BIOCROP,8.432139432295434
SSP2_1000C_CACN_NoCC,2015,XAF,GRAZING,876188.9944938845
SSP2_1000C_CACN_NoCC,2015,XAF,GRASS,635711.8197397068
SSP2_1000C_CACN_NoCC,2015,XAF,URB,2896.931178625107
SSP2_1000C_CACN_NoCC,2015,ASIA2,OTH,312611.42105468747
SSP2_1000C_CACN_NoCC,2015,ASIA2,CROP,432657.2404513909
SSP2_1000C_CACN_NoCC,2015,ASIA2,CROP_FLW,18706.28275952144
SSP2_1000C_CACN_NoCC,2015,ASIA2,PRM_FRS,452625.3975763218
SSP2_1000C_CACN_NoCC,2015,ASIA2,MNG_FRS,58387.14391330601
SSP2_1000C_CACN_NoCC,2015,ASIA2,BIOCROP,425.21833942287117
SSP2_1000C_CACN_NoCC,2015,ASIA2,GRAZING,580123.0464385755
SSP2_1000C_CACN_NoCC,2015,ASIA2,GRASS,242395.09187690925
SSP2_1000C_CACN_NoCC,2015,ASIA2,URB,16641.596986114502
SSP2_1000C_CACN_NoCC,2015,World,OTH,2111196.772609375
SSP2_1000C_CACN_NoCC,2015,World,CROP,1269700.9039861371
SSP2_1000C_CACN_NoCC,2015,World,CROP_FLW,352069.72178906266
SSP2_1000C_CACN_NoCC,2015,World,PRM_FRS,3468598.795203731
SSP2_1000C_CACN_NoCC,2015,World,MNG_FRS,340713.66833148565
SSP2_1000C_CACN_NoCC,2015,World,BIOCROP,6055.0115696043285
SSP2_1000C_CACN_NoCC,2015,World,GRAZING,3431723.92521041
SSP2_1000C_CACN_NoCC,2015,World,GRASS,2261723.6497726794
SSP2_1000C_CACN_NoCC,2015,World,URB,61494.25336591386
SSP2_1000C_CACN_NoCC,2015,Non-OECD,OTH,1776092.664609375
SSP2_1000C_CACN_NoCC,2015,Non-OECD,CROP,956202.8675479034
SSP2_1000C_CACN_NoCC,2015,Non-OECD,CROP_FLW,177498.6412736897
SSP2_1000C_CACN_NoCC,2015,Non-OECD,PRM_FRS,2678228.1688838596
SSP2_1000C_CACN_NoCC,2015,Non-OECD,MNG_FRS,152413.00106317198
SSP2_1000C_CACN_NoCC,2015,Non-OECD,BIOCROP,1563.6375494903143
SSP2_1000C_CACN_NoCC,2015,Non-OECD,GRAZING,2691823.5962696644
SSP2_1000C_CACN_NoCC,2015,Non-OECD,GRASS,1607337.4153891052
SSP2_1000C_CACN_NoCC,2015,Non-OECD,URB,35401.19061899567
SSP2_1000C_CACN_NoCC,2015,Industrial,OTH,321872.108
SSP2_1000C_CACN_NoCC,2015,Industrial,CROP,243598.15756747185
SSP2_1000C_CACN_NoCC,2015,Industrial,CROP_FLW,165746.60059423468
SSP2_1000C_CACN_NoCC,2015,Industrial,PRM_FRS,759959.9477780978
SSP2_1000C_CACN_NoCC,2015,Industrial,MNG_FRS,179848.3746481996
SSP2_1000C_CACN_NoCC,2015,Industrial,BIOCROP,4178.213598227752
SSP2_1000C_CACN_NoCC,2015,Industrial,GRAZING,710633.4140785728
SSP2_1000C_CACN_NoCC,2015,Industrial,GRASS,627096.7364514506
SSP2_1000C_CACN_NoCC,2015,Industrial,URB,24181.440413742544
SSP2_1000C_CACN_NoCC,2015,Transition,OTH,520635.75745312497
SSP2_1000C_CACN_NoCC,2015,Transition,CROP,543851.9095931522
SSP2_1000C_CACN_NoCC,2015,Transition,CROP_FLW,104013.70175031535
SSP2_1000C_CACN_NoCC,2015,Transition,PRM_FRS,1502352.130333535
SSP2_1000C_CACN_NoCC,2015,Transition,MNG_FRS,106569.0721912708
SSP2_1000C_CACN_NoCC,2015,Transition,BIOCROP,928.0747787051905
SSP2_1000C_CACN_NoCC,2015,Transition,GRAZING,1005330.8560401625
SSP2_1000C_CACN_NoCC,2015,Transition,GRASS,499853.49734050373
SSP2_1000C_CACN_NoCC,2015,Transition,URB,22567.039569885255
SSP2_1000C_CACN_NoCC,2015,Developing,OTH,1268688.90715625
SSP2_1000C_CACN_NoCC,2015,Developing,CROP,482250.83682551316
SSP2_1000C_CACN_NoCC,2015,Developing,CROP_FLW,82309.41944451263
SSP2_1000C_CACN_NoCC,2015,Developing,PRM_FRS,1206286.7170920982
SSP2_1000C_CACN_NoCC,2015,Developing,MNG_FRS,54296.221492015335
SSP2_1000C_CACN_NoCC,2015,Developing,BIOCROP,948.7231926713868
SSP2_1000C_CACN_NoCC,2015,Developing,GRAZING,1715759.655091675
SSP2_1000C_CACN_NoCC,2015,Developing,GRASS,1134773.4159807249
SSP2_1000C_CACN_NoCC,2015,Developing,URB,14745.773382286072
SSP2_1000C_CACN_NoCC,2015,R5ASIA,OTH,312611.42105468747
SSP2_1000C_CACN_NoCC,2015,R5ASIA,CROP,429925.7733900222
SSP2_1000C_CACN_NoCC,2015,R5ASIA,CROP_FLW,17810.59986992912
SSP2_1000C_CACN_NoCC,2015,R5ASIA,PRM_FRS,430324.9308883446
SSP2_1000C_CACN_NoCC,2015,R5ASIA,MNG_FRS,55729.397267689244
SSP2_1000C_CACN_NoCC,2015,R5ASIA,BIOCROP,396.47571560416185
SSP2_1000C_CACN_NoCC,2015,R5ASIA,GRAZING,580073.2117901454
SSP2_1000C_CACN_NoCC,2015,R5ASIA,GRASS,241697.70668408764
SSP2_1000C_CACN_NoCC,2015,R5ASIA,URB,14931.307018096923
SSP2_1000C_CACN_NoCC,2015,R5OECD90+EU,OTH,335104.108
SSP2_1000C_CACN_NoCC,2015,R5OECD90+EU,CROP,313498.03643823386
SSP2_1000C_CACN_NoCC,2015,R5OECD90+EU,CROP_FLW,174571.080515373
SSP2_1000C_CACN_NoCC,2015,R5OECD90+EU,PRM_FRS,790370.6263198713
SSP2_1000C_CACN_NoCC,2015,R5OECD90+EU,MNG_FRS,188300.6672683137
SSP2_1000C_CACN_NoCC,2015,R5OECD90+EU,BIOCROP,4491.3740201140145
SSP2_1000C_CACN_NoCC,2015,R5OECD90+EU,GRAZING,739900.3289407458
SSP2_1000C_CACN_NoCC,2015,R5OECD90+EU,GRASS,654386.2343835739
SSP2_1000C_CACN_NoCC,2015,R5OECD90+EU,URB,26093.062746918204
SSP2_1000C_CACN_NoCC,2015,R5REF,OTH,253974.9918984375
SSP2_1000C_CACN_NoCC,2015,R5REF,CROP,109783.92623601189
SSP2_1000C_CACN_NoCC,2015,R5REF,CROP_FLW,91424.72696018373
SSP2_1000C_CACN_NoCC,2015,R5REF,PRM_FRS,796608.4584668437
SSP2_1000C_CACN_NoCC,2015,R5REF,MNG_FRS,50276.914071369356
SSP2_1000C_CACN_NoCC,2015,R5REF,BIOCROP,56.20986507239031
SSP2_1000C_CACN_NoCC,2015,R5REF,GRAZING,362712.89165697346
SSP2_1000C_CACN_NoCC,2015,R5REF,GRASS,194434.75497730845
SSP2_1000C_CACN_NoCC,2015,R5REF,URB,5880.5270887603765
SSP2_1000C_CACN_NoCC,2015,R5MAF,OTH,1137323.0343437498
SSP2_1000C_CACN_NoCC,2015,R5MAF,CROP,278432.2856633782
SSP2_1000C_CACN_NoCC,2015,R5MAF,CROP_FLW,39550.839478056565
SSP2_1000C_CACN_NoCC,2015,R5MAF,PRM_FRS,567094.3725015197
SSP2_1000C_CACN_NoCC,2015,R5MAF,MNG_FRS,21734.884888840163
SSP2_1000C_CACN_NoCC,2015,R5MAF,BIOCROP,835.7721752185597
SSP2_1000C_CACN_NoCC,2015,R5MAF,GRAZING,1191466.4281979378
SSP2_1000C_CACN_NoCC,2015,R5MAF,GRASS,750400.4540594756
SSP2_1000C_CACN_NoCC,2015,R5MAF,URB,5952.48283633995
SSP2_1000C_CACN_NoCC,2015,R5LAM,OTH,72183.21731250001
SSP2_1000C_CACN_NoCC,2015,R5LAM,CROP,138060.8822584911
SSP2_1000C_CACN_NoCC,2015,R5LAM,CROP_FLW,28712.47496552025
SSP2_1000C_CACN_NoCC,2015,R5LAM,PRM_FRS,884200.4070271513
SSP2_1000C_CACN_NoCC,2015,R5LAM,MNG_FRS,24671.804835273208
SSP2_1000C_CACN_NoCC,2015,R5LAM,BIOCROP,275.1797935952027
SSP2_1000C_CACN_NoCC,2015,R5LAM,GRAZING,557571.0646246076
SSP2_1000C_CACN_NoCC,2015,R5LAM,GRASS,420804.49966823356
SSP2_1000C_CACN_NoCC,2015,R5LAM,URB,8636.873675798419
SSP2_1000C_CACN_NoCC,2020,USA,OTH,33613.452
SSP2_1000C_CACN_NoCC,2020,USA,CROP,109280.07130253532
SSP2_1000C_CACN_NoCC,2020,USA,CROP_FLW,80742.46445560869
SSP2_1000C_CACN_NoCC,2020,USA,PRM_FRS,232334.54619318395
SSP2_1000C_CACN_NoCC,2020,USA,MNG_FRS,59161.91829581383
SSP2_1000C_CACN_NoCC,2020,USA,BIOCROP,5471.035588023323
SSP2_1000C_CACN_NoCC,2020,USA,GRAZING,236495.82110637217
SSP2_1000C_CACN_NoCC,2020,USA,GRASS,110666.0519422791
SSP2_1000C_CACN_NoCC,2020,USA,URB,11695.345311309815
SSP2_1000C_CACN_NoCC,2020,XE25,OTH,3206.0
SSP2_1000C_CACN_NoCC,2020,XE25,CROP,77130.70242288394
SSP2_1000C_CACN_NoCC,2020,XE25,CROP_FLW,27436.285524160434
SSP2_1000C_CACN_NoCC,2020,XE25,PRM_FRS,81552.01632363437
SSP2_1000C_CACN_NoCC,2020,XE25,MNG_FRS,62702.77457345621
SSP2_1000C_CACN_NoCC,2020,XE25,BIOCROP,2845.8462536990846
SSP2_1000C_CACN_NoCC,2020,XE25,GRAZING,58858.724153685806
SSP2_1000C_CACN_NoCC,2020,XE25,GRASS,33177.91880422622
SSP2_1000C_CACN_NoCC,2020,XE25,URB,9106.496241195679
SSP2_1000C_CACN_NoCC,2020,XER,OTH,13232.0
SSP2_1000C_CACN_NoCC,2020,XER,CROP,46860.3702093883
SSP2_1000C_CACN_NoCC,2020,XER,CROP_FLW,3114.2305293158925
SSP2_1000C_CACN_NoCC,2020,XER,PRM_FRS,22459.739878447137
SSP2_1000C_CACN_NoCC,2020,XER,MNG_FRS,6851.4447664630525
SSP2_1000C_CACN_NoCC,2020,XER,BIOCROP,803.7244936901591
SSP2_1000C_CACN_NoCC,2020,XER,GRAZING,14854.254146819205
SSP2_1000C_CACN_NoCC,2020,XER,GRASS,4174.347737265728
SSP2_1000C_CACN_NoCC,2020,XER,URB,1090.242361709595
SSP2_1000C_CACN_NoCC,2020,TUR,CROP,23227.545387747527
SSP2_1000C_CACN_NoCC,2020,TUR,CROP_FLW,5539.145259919263
SSP2_1000C_CACN_NoCC,2020,TUR,PRM_FRS,7962.981619683623
SSP2_1000C_CACN_NoCC,2020,TUR,MNG_FRS,1298.0671398816091
SSP2_1000C_CACN_NoCC,2020,TUR,BIOCROP,209.68052962435192
SSP2_1000C_CACN_NoCC,2020,TUR,GRAZING,14356.376681844262
SSP2_1000C_CACN_NoCC,2020,TUR,GRASS,22744.994789880628
SSP2_1000C_CACN_NoCC,2020,TUR,URB,821.3799714660644
SSP2_1000C_CACN_NoCC,2020,XOC,OTH,1467.0
SSP2_1000C_CACN_NoCC,2020,XOC,CROP,25383.934665711986
SSP2_1000C_CACN_NoCC,2020,XOC,CROP_FLW,31458.901352163626
SSP2_1000C_CACN_NoCC,2020,XOC,PRM_FRS,164056.64376829087
SSP2_1000C_CACN_NoCC,2020,XOC,MNG_FRS,4821.353610713714
SSP2_1000C_CACN_NoCC,2020,XOC,BIOCROP,27.2813702384411
SSP2_1000C_CACN_NoCC,2020,XOC,GRAZING,397307.13710964983
SSP2_1000C_CACN_NoCC,2020,XOC,GRASS,475438.93360716646
SSP2_1000C_CACN_NoCC,2020,XOC,URB,883.3264156804086
SSP2_1000C_CACN_NoCC,2020,CHN,OTH,239998.39534375
SSP2_1000C_CACN_NoCC,2020,CHN,CROP,131268.7169825428
SSP2_1000C_CACN_NoCC,2020,CHN,PRM_FRS,171625.35331178218
SSP2_1000C_CACN_NoCC,2020,CHN,MNG_FRS,24785.593882635658
SSP2_1000C_CACN_NoCC,2020,CHN,BIOCROP,1043.9755550131692
SSP2_1000C_CACN_NoCC,2020,CHN,GRAZING,399469.72191431135
SSP2_1000C_CACN_NoCC,2020,CHN,GRASS,94418.41789196292
SSP2_1000C_CACN_NoCC,2020,CHN,URB,8006.078889526368
SSP2_1000C_CACN_NoCC,2020,IND,OTH,13430.3702109375
SSP2_1000C_CACN_NoCC,2020,IND,CROP,173967.99540876
SSP2_1000C_CACN_NoCC,2020,IND,PRM_FRS,38300.79146475999
SSP2_1000C_CACN_NoCC,2020,IND,MNG_FRS,15002.132537546277
SSP2_1000C_CACN_NoCC,2020,IND,BIOCROP,222.07860565598133
SSP2_1000C_CACN_NoCC,2020,IND,GRAZING,9153.961261564513
SSP2_1000C_CACN_NoCC,2020,IND,GRASS,23371.149353661967
SSP2_1000C_CACN_NoCC,2020,IND,URB,3026.2728974914553
SSP2_1000C_CACN_NoCC,2020,JPN,CROP,2688.2039546212372
SSP2_1000C_CACN_NoCC,2020,JPN,CROP_FLW,904.7461356453911
SSP2_1000C_CACN_NoCC,2020,JPN,PRM_FRS,22447.330471889843
SSP2_1000C_CACN_NoCC,2020,JPN,MNG_FRS,2530.109050528308
SSP2_1000C_CACN_NoCC,2020,JPN,BIOCROP,40.2789475215663
SSP2_1000C_CACN_NoCC,2020,JPN,GRAZING,49.75508601871406
SSP2_1000C_CACN_NoCC,2020,JPN,GRASS,700.9021034003938
SSP2_1000C_CACN_NoCC,2020,JPN,URB,1710.2899680175783
SSP2_1000C_CACN_NoCC,2020,XSE,OTH,14506.901
SSP2_1000C_CACN_NoCC,2020,XSE,CROP,97437.07733200969
SSP2_1000C_CACN_NoCC,2020,XSE,CROP_FLW,10811.208880205968
SSP2_1000C_CACN_NoCC,2020,XSE,PRM_FRS,207181.5932991175
SSP2_1000C_CACN_NoCC,2020,XSE,MNG_FRS,10369.181205394867
SSP2_1000C_CACN_NoCC,2020,XSE,BIOCROP,182.980188922748
SSP2_1000C_CACN_NoCC,2020,XSE,GRAZING,130072.61607826331
SSP2_1000C_CACN_NoCC,2020,XSE,GRASS,78210.62902393556
SSP2_1000C_CACN_NoCC,2020,XSE,URB,3032.1656320037837
SSP2_1000C_CACN_NoCC,2020,XSA,OTH,44675.7545
SSP2_1000C_CACN_NoCC,2020,XSA,CROP,39065.16193563865
SSP2_1000C_CACN_NoCC,2020,XSA,CROP_FLW,5955.120952705572
SSP2_1000C_CACN_NoCC,2020,XSA,PRM_FRS,7331.502744648497
SSP2_1000C_CACN_NoCC,2020,XSA,MNG_FRS,4455.317383779092
SSP2_1000C_CACN_NoCC,2020,XSA,BIOCROP,26.247188220822427
SSP2_1000C_CACN_NoCC,2020,XSA,GRAZING,39786.54649506472
SSP2_1000C_CACN_NoCC,2020,XSA,GRASS,42443.02472771884
SSP2_1000C_CACN_NoCC,2020,XSA,URB,866.7895990753174
SSP2_1000C_CACN_NoCC,2020,CAN,OTH,283585.656
SSP2_1000C_CACN_NoCC,2020,CAN,CROP,30310.06784270979
SSP2_1000C_CACN_NoCC,2020,CAN,CROP_FLW,25364.999624720607
SSP2_1000C_CACN_NoCC,2020,CAN,PRM_FRS,256838.57580325266
SSP2_1000C_CACN_NoCC,2020,CAN,MNG_FRS,48641.973529068215
SSP2_1000C_CACN_NoCC,2020,CAN,BIOCROP,963.949599081235
SSP2_1000C_CACN_NoCC,2020,CAN,GRAZING,15273.229408996416
SSP2_1000C_CACN_NoCC,2020,CAN,GRASS,7956.960735303718
SSP2_1000C_CACN_NoCC,2020,CAN,URB,785.9824775390625
SSP2_1000C_CACN_NoCC,2020,BRA,CROP,66063.26661318316
SSP2_1000C_CACN_NoCC,2020,BRA,CROP_FLW,3592.5380663577657
SSP2_1000C_CACN_NoCC,2020,BRA,PRM_FRS,459016.7925076999
SSP2_1000C_CACN_NoCC,2020,BRA,MNG_FRS,6802.213447863198
SSP2_1000C_CACN_NoCC,2020,BRA,BIOCROP,312.9465045755872
SSP2_1000C_CACN_NoCC,2020,BRA,GRAZING,207573.47467611654
SSP2_1000C_CACN_NoCC,2020,BRA,GRASS,157153.33663791834
SSP2_1000C_CACN_NoCC,2020,BRA,URB,3742.538360931397
SSP2_1000C_CACN_NoCC,2020,XLM,OTH,72183.21731250001
SSP2_1000C_CACN_NoCC,2020,XLM,CROP,75648.64821260767
SSP2_1000C_CACN_NoCC,2020,XLM,CROP_FLW,24699.01631599811
SSP2_1000C_CACN_NoCC,2020,XLM,PRM_FRS,417430.53712789435
SSP2_1000C_CACN_NoCC,2020,XLM,MNG_FRS,17712.207316350145
SSP2_1000C_CACN_NoCC,2020,XLM,BIOCROP,114.81549464172001
SSP2_1000C_CACN_NoCC,2020,XLM,GRAZING,357649.12028459774
SSP2_1000C_CACN_NoCC,2020,XLM,GRASS,260527.39996706782
SSP2_1000C_CACN_NoCC,2020,XLM,URB,4894.335314867021
SSP2_1000C_CACN_NoCC,2020,CIS,OTH,253974.9918984375
SSP2_1000C_CACN_NoCC,2020,CIS,CROP,107388.747472623
SSP2_1000C_CACN_NoCC,2020,CIS,CROP_FLW,91263.47302182409
SSP2_1000C_CACN_NoCC,2020,CIS,PRM_FRS,801007.7476880918
SSP2_1000C_CACN_NoCC,2020,CIS,MNG_FRS,48283.23990624287
SSP2_1000C_CACN_NoCC,2020,CIS,BIOCROP,213.8344811248115
SSP2_1000C_CACN_NoCC,2020,CIS,GRAZING,362814.3467608481
SSP2_1000C_CACN_NoCC,2020,CIS,GRASS,194326.49290300795
SSP2_1000C_CACN_NoCC,2020,CIS,URB,5880.5270887603765
SSP2_1000C_CACN_NoCC,2020,XME,OTH,281021.7655625
SSP2_1000C_CACN_NoCC,2020,XME,CROP,34731.81354844619
SSP2_1000C_CACN_NoCC,2020,XME,CROP_FLW,3601.918377347508
SSP2_1000C_CACN_NoCC,2020,XME,PRM_FRS,9583.369766700736
SSP2_1000C_CACN_NoCC,2020,XME,MNG_FRS,663.7037223461838
SSP2_1000C_CACN_NoCC,2020,XME,BIOCROP,447.9585670102905
SSP2_1000C_CACN_NoCC,2020,XME,GRAZING,248480.94355500388
SSP2_1000C_CACN_NoCC,2020,XME,GRASS,99484.56381922762
SSP2_1000C_CACN_NoCC,2020,XME,URB,2128.071955810547
SSP2_1000C_CACN_NoCC,2020,XNF,OTH,456890.6350624999
SSP2_1000C_CACN_NoCC,2020,XNF,CROP,27077.89278536327
SSP2_1000C_CACN_NoCC,2020,XNF,CROP_FLW,4799.547328521037
SSP2_1000C_CACN_NoCC,2020,XNF,PRM_FRS,3232.286521858319
SSP2_1000C_CACN_NoCC,2020,XNF,MNG_FRS,74.87532668749218
SSP2_1000C_CACN_NoCC,2020,XNF,BIOCROP,752.5759976216121
SSP2_1000C_CACN_NoCC,2020,XNF,GRAZING,69647.05164530837
SSP2_1000C_CACN_NoCC,2020,XNF,GRASS,9663.737835706648
SSP2_1000C_CACN_NoCC,2020,XNF,URB,927.4797019042969
SSP2_1000C_CACN_NoCC,2020,XAF,OTH,399410.63371875
SSP2_1000C_CACN_NoCC,2020,XAF,CROP,246491.95320999975
SSP2_1000C_CACN_NoCC,2020,XAF,CROP_FLW,28222.44008843843
SSP2_1000C_CACN_NoCC,2020,XAF,PRM_FRS,529161.1043487923
SSP2_1000C_CACN_NoCC,2020,XAF,MNG_FRS,21982.87339136707
SSP2_1000C_CACN_NoCC,2020,XAF,BIOCROP,19.267007374337037
SSP2_1000C_CACN_NoCC,2020,XAF,GRAZING,884833.207955615
SSP2_1000C_CACN_NoCC,2020,XAF,GRASS,626561.9521656905
SSP2_1000C_CACN_NoCC,2020,XAF,URB,2896.931178625107
SSP2_1000C_CACN_NoCC,2020,ASIA2,OTH,312611.42105468747
SSP2_1000C_CACN_NoCC,2020,ASIA2,CROP,444427.15561357234
SSP2_1000C_CACN_NoCC,2020,ASIA2,CROP_FLW,17671.075968556932
SSP2_1000C_CACN_NoCC,2020,ASIA2,PRM_FRS,446886.57129219803
SSP2_1000C_CACN_NoCC,2020,ASIA2,MNG_FRS,57142.3340598842
SSP2_1000C_CACN_NoCC,2020,ASIA2,BIOCROP,1515.5604853342875
SSP2_1000C_CACN_NoCC,2020,ASIA2,GRAZING,578532.6008352226
SSP2_1000C_CACN_NoCC,2020,ASIA2,GRASS,239144.1231006797
SSP2_1000C_CACN_NoCC,2020,ASIA2,URB,16641.596986114502
SSP2_1000C_CACN_NoCC,2020,World,OTH,2111196.772609375
SSP2_1000C_CACN_NoCC,2020,World,CROP,1314022.1692867724
SSP2_1000C_CACN_NoCC,2020,World,CROP_FLW,347506.03591293236
SSP2_1000C_CACN_NoCC,2020,World,PRM_FRS,3431522.912839728
SSP2_1000C_CACN_NoCC,2020,World,MNG_FRS,336138.97908613784
SSP2_1000C_CACN_NoCC,2020,World,BIOCROP,13698.476372039238
SSP2_1000C_CACN_NoCC,2020,World,GRAZING,3446676.28832008
SSP2_1000C_CACN_NoCC,2020,World,GRASS,2241020.81404542
SSP2_1000C_CACN_NoCC,2020,World,URB,61494.25336591386
SSP2_1000C_CACN_NoCC,2020,Non-OECD,OTH,1776092.664609375
SSP2_1000C_CACN_NoCC,2020,Non-OECD,CROP,999141.2735011742
SSP2_1000C_CACN_NoCC,2020,Non-OECD,CROP_FLW,172945.26303139847
SSP2_1000C_CACN_NoCC,2020,Non-OECD,PRM_FRS,2643871.078781346
SSP2_1000C_CACN_NoCC,2020,Non-OECD,MNG_FRS,150131.33812021287
SSP2_1000C_CACN_NoCC,2020,Non-OECD,BIOCROP,3336.67959016108
SSP2_1000C_CACN_NoCC,2020,Non-OECD,GRAZING,2709480.9906266937
SSP2_1000C_CACN_NoCC,2020,Non-OECD,GRASS,1586160.704325898
SSP2_1000C_CACN_NoCC,2020,Non-OECD,URB,35401.19061899567
SSP2_1000C_CACN_NoCC,2020,Industrial,OTH,321872.108
SSP2_1000C_CACN_NoCC,2020,Industrial,CROP,244792.98018846224
SSP2_1000C_CACN_NoCC,2020,Industrial,CROP_FLW,165907.39709229875
SSP2_1000C_CACN_NoCC,2020,Industrial,PRM_FRS,757229.1125602516
SSP2_1000C_CACN_NoCC,2020,Industrial,MNG_FRS,177858.12905958027
SSP2_1000C_CACN_NoCC,2020,Industrial,BIOCROP,9348.39175856365
SSP2_1000C_CACN_NoCC,2020,Industrial,GRAZING,707984.666864723
SSP2_1000C_CACN_NoCC,2020,Industrial,GRASS,627940.7671923758
SSP2_1000C_CACN_NoCC,2020,Industrial,URB,24181.440413742544
SSP2_1000C_CACN_NoCC,2020,Transition,OTH,520635.75745312497
SSP2_1000C_CACN_NoCC,2020,Transition,CROP,548776.6420742448
SSP2_1000C_CACN_NoCC,2020,Transition,CROP_FLW,103509.38687741701
SSP2_1000C_CACN_NoCC,2020,Transition,PRM_FRS,1500373.4064704645
SSP2_1000C_CACN_NoCC,2020,Transition,MNG_FRS,103022.69168063266
SSP2_1000C_CACN_NoCC,2020,Transition,BIOCROP,2806.2401696840607
SSP2_1000C_CACN_NoCC,2020,Transition,GRAZING,1008222.135441504
SSP2_1000C_CACN_NoCC,2020,Transition,GRASS,496188.7393136975
SSP2_1000C_CACN_NoCC,2020,Transition,URB,22567.039569885255
SSP2_1000C_CACN_NoCC,2020,Developing,OTH,1268688.90715625
SSP2_1000C_CACN_NoCC,2020,Developing,CROP,520452.5470240653
SSP2_1000C_CACN_NoCC,2020,Developing,CROP_FLW,78089.25194321663
SSP2_1000C_CACN_NoCC,2020,Developing,PRM_FRS,1173920.3938090117
SSP2_1000C_CACN_NoCC,2020,Developing,MNG_FRS,55258.15834592485
SSP2_1000C_CACN_NoCC,2020,Developing,BIOCROP,1543.84444379153
SSP2_1000C_CACN_NoCC,2020,Developing,GRAZING,1730469.486013853
SSP2_1000C_CACN_NoCC,2020,Developing,GRASS,1116891.307539347
SSP2_1000C_CACN_NoCC,2020,Developing,URB,14745.773382286072
SSP2_1000C_CACN_NoCC,2020,R5ASIA,OTH,312611.42105468747
SSP2_1000C_CACN_NoCC,2020,R5ASIA,CROP,441738.9516589511
SSP2_1000C_CACN_NoCC,2020,R5ASIA,CROP_FLW,16766.32983291154
SSP2_1000C_CACN_NoCC,2020,R5ASIA,PRM_FRS,424439.24082030816
SSP2_1000C_CACN_NoCC,2020,R5ASIA,MNG_FRS,54612.22500935589
SSP2_1000C_CACN_NoCC,2020,R5ASIA,BIOCROP,1475.2815378127211
SSP2_1000C_CACN_NoCC,2020,R5ASIA,GRAZING,578482.8457492039
SSP2_1000C_CACN_NoCC,2020,R5ASIA,GRASS,238443.22099727928
SSP2_1000C_CACN_NoCC,2020,R5ASIA,URB,14931.307018096923
SSP2_1000C_CACN_NoCC,2020,R5OECD90+EU,OTH,335104.108
SSP2_1000C_CACN_NoCC,2020,R5OECD90+EU,CROP,314880.895785598
SSP2_1000C_CACN_NoCC,2020,R5OECD90+EU,CROP_FLW,174560.7728815339
SSP2_1000C_CACN_NoCC,2020,R5OECD90+EU,PRM_FRS,787651.8340583824
SSP2_1000C_CACN_NoCC,2020,R5OECD90+EU,MNG_FRS,186007.64096592495
SSP2_1000C_CACN_NoCC,2020,R5OECD90+EU,BIOCROP,10361.79678187816
SSP2_1000C_CACN_NoCC,2020,R5OECD90+EU,GRAZING,737195.2976933863
SSP2_1000C_CACN_NoCC,2020,R5OECD90+EU,GRASS,654860.1097195223
SSP2_1000C_CACN_NoCC,2020,R5OECD90+EU,URB,26093.062746918204
SSP2_1000C_CACN_NoCC,2020,R5REF,OTH,253974.9918984375
SSP2_1000C_CACN_NoCC,2020,R5REF,CROP,107388.747472623
SSP2_1000C_CACN_NoCC,2020,R5REF,CROP_FLW,91263.47302182409
SSP2_1000C_CACN_NoCC,2020,R5REF,PRM_FRS,801007.7476880918
SSP2_1000C_CACN_NoCC,2020,R5REF,MNG_FRS,48283.23990624287
SSP2_1000C_CACN_NoCC,2020,R5REF,BIOCROP,213.8344811248115
SSP2_1000C_CACN_NoCC,2020,R5REF,GRAZING,362814.3467608481
SSP2_1000C_CACN_NoCC,2020,R5REF,GRASS,194326.49290300795
SSP2_1000C_CACN_NoCC,2020,R5REF,URB,5880.5270887603765
SSP2_1000C_CACN_NoCC,2020,R5MAF,OTH,1137323.0343437498
SSP2_1000C_CACN_NoCC,2020,R5MAF,CROP,308301.6595438092
SSP2_1000C_CACN_NoCC,2020,R5MAF,CROP_FLW,36623.90579430698
SSP2_1000C_CACN_NoCC,2020,R5MAF,PRM_FRS,541976.7606373514
SSP2_1000C_CACN_NoCC,2020,R5MAF,MNG_FRS,22721.452440400746
SSP2_1000C_CACN_NoCC,2020,R5MAF,BIOCROP,1219.8015720062397
SSP2_1000C_CACN_NoCC,2020,R5MAF,GRAZING,1202961.2031559274
SSP2_1000C_CACN_NoCC,2020,R5MAF,GRASS,735710.2538206248
SSP2_1000C_CACN_NoCC,2020,R5MAF,URB,5952.48283633995
SSP2_1000C_CACN_NoCC,2020,R5LAM,OTH,72183.21731250001
SSP2_1000C_CACN_NoCC,2020,R5LAM,CROP,141711.91482579085
SSP2_1000C_CACN_NoCC,2020,R5LAM,CROP_FLW,28291.554382355876
SSP2_1000C_CACN_NoCC,2020,R5LAM,PRM_FRS,876447.3296355943
SSP2_1000C_CACN_NoCC,2020,R5LAM,MNG_FRS,24514.42076421334
SSP2_1000C_CACN_NoCC,2020,R5LAM,BIOCROP,427.7619992173072
SSP2_1000C_CACN_NoCC,2020,R5LAM,GRAZING,565222.5949607142
SSP2_1000C_CACN_NoCC,2020,R5LAM,GRASS,417680.73660498613
SSP2_1000C_CACN_NoCC,2020,R5LAM,URB,8636.873675798419
SSP2_1000C_CACN_NoCC,2025,USA,OTH,33613.452
SSP2_1000C_CACN_NoCC,2025,USA,CROP,113151.87917374412
SSP2_1000C_CACN_NoCC,2025,USA,CROP_FLW,79135.83965006877
SSP2_1000C_CACN_NoCC,2025,USA,PRM_FRS,228155.0585997433
SSP2_1000C_CACN_NoCC,2025,USA,MNG_FRS,58272.076448947984
SSP2_1000C_CACN_NoCC,2025,USA,BIOCROP,14625.14417116551
SSP2_1000C_CACN_NoCC,2025,USA,GRAZING,234290.73624571934
SSP2_1000C_CACN_NoCC,2025,USA,GRASS,106521.1745944271
SSP2_1000C_CACN_NoCC,2025,USA,URB,11695.345311309815
SSP2_1000C_CACN_NoCC,2025,XE25,OTH,3206.0
SSP2_1000C_CACN_NoCC,2025,XE25,CROP,75744.34804795019
SSP2_1000C_CACN_NoCC,2025,XE25,CROP_FLW,26561.578388126913
SSP2_1000C_CACN_NoCC,2025,XE25,PRM_FRS,81298.11972991262
SSP2_1000C_CACN_NoCC,2025,XE25,MNG_FRS,60902.233992209
SSP2_1000C_CACN_NoCC,2025,XE25,BIOCROP,8104.843284674777
SSP2_1000C_CACN_NoCC,2025,XE25,GRAZING,58700.79722512754
SSP2_1000C_CACN_NoCC,2025,XE25,GRASS,32392.34738774486
SSP2_1000C_CACN_NoCC,2025,XE25,URB,9106.496241195679
SSP2_1000C_CACN_NoCC,2025,XER,OTH,13232.0
SSP2_1000C_CACN_NoCC,2025,XER,CROP,45945.27242324085
SSP2_1000C_CACN_NoCC,2025,XER,CROP_FLW,3221.0512066104875
SSP2_1000C_CACN_NoCC,2025,XER,PRM_FRS,22863.70632063305
SSP2_1000C_CACN_NoCC,2025,XER,MNG_FRS,6563.502018533379
SSP2_1000C_CACN_NoCC,2025,XER,BIOCROP,1362.5834962557904
SSP2_1000C_CACN_NoCC,2025,XER,GRAZING,14914.716145195518
SSP2_1000C_CACN_NoCC,2025,XER,GRASS,4247.280150920452
SSP2_1000C_CACN_NoCC,2025,XER,URB,1090.242361709595
SSP2_1000C_CACN_NoCC,2025,TUR,CROP,23584.601723839372
SSP2_1000C_CACN_NoCC,2025,TUR,CROP_FLW,5378.457932506915
SSP2_1000C_CACN_NoCC,2025,TUR,PRM_FRS,7891.1757813436925
SSP2_1000C_CACN_NoCC,2025,TUR,MNG_FRS,1284.1031707765114
SSP2_1000C_CACN_NoCC,2025,TUR,BIOCROP,545.7101947902148
SSP2_1000C_CACN_NoCC,2025,TUR,GRAZING,14261.226728284311
SSP2_1000C_CACN_NoCC,2025,TUR,GRASS,22393.51587704023
SSP2_1000C_CACN_NoCC,2025,TUR,URB,821.3799714660644
SSP2_1000C_CACN_NoCC,2025,XOC,OTH,1467.0
SSP2_1000C_CACN_NoCC,2025,XOC,CROP,27476.692230527573
SSP2_1000C_CACN_NoCC,2025,XOC,CROP_FLW,33043.31836818125
SSP2_1000C_CACN_NoCC,2025,XOC,PRM_FRS,163101.61274257203
SSP2_1000C_CACN_NoCC,2025,XOC,MNG_FRS,4824.592054395393
SSP2_1000C_CACN_NoCC,2025,XOC,BIOCROP,151.14773703581753
SSP2_1000C_CACN_NoCC,2025,XOC,GRAZING,387598.8856616066
SSP2_1000C_CACN_NoCC,2025,XOC,GRASS,482297.9366896162
SSP2_1000C_CACN_NoCC,2025,XOC,URB,883.3264156804086
SSP2_1000C_CACN_NoCC,2025,CHN,OTH,239998.39534375
SSP2_1000C_CACN_NoCC,2025,CHN,CROP,129806.93710840544
SSP2_1000C_CACN_NoCC,2025,CHN,PRM_FRS,179340.45429567297
SSP2_1000C_CACN_NoCC,2025,CHN,MNG_FRS,23273.957684205132
SSP2_1000C_CACN_NoCC,2025,CHN,BIOCROP,5264.777625616512
SSP2_1000C_CACN_NoCC,2025,CHN,GRAZING,389210.37898835173
SSP2_1000C_CACN_NoCC,2025,CHN,GRASS,95715.27383599649
SSP2_1000C_CACN_NoCC,2025,CHN,URB,8006.078889526368
SSP2_1000C_CACN_NoCC,2025,IND,OTH,13430.3702109375
SSP2_1000C_CACN_NoCC,2025,IND,CROP,177474.0431811004
SSP2_1000C_CACN_NoCC,2025,IND,PRM_FRS,36514.68568789102
SSP2_1000C_CACN_NoCC,2025,IND,MNG_FRS,15018.127444330366
SSP2_1000C_CACN_NoCC,2025,IND,BIOCROP,1062.9035318146155
SSP2_1000C_CACN_NoCC,2025,IND,GRAZING,8245.082998079366
SSP2_1000C_CACN_NoCC,2025,IND,GRASS,21703.265788732817
SSP2_1000C_CACN_NoCC,2025,IND,URB,3026.2728974914553
SSP2_1000C_CACN_NoCC,2025,JPN,CROP,2569.619356363735
SSP2_1000C_CACN_NoCC,2025,JPN,CROP_FLW,921.3497195769997
SSP2_1000C_CACN_NoCC,2025,JPN,PRM_FRS,22631.66032604503
SSP2_1000C_CACN_NoCC,2025,JPN,MNG_FRS,2396.9210030738145
SSP2_1000C_CACN_NoCC,2025,JPN,BIOCROP,83.29895193785048
SSP2_1000C_CACN_NoCC,2025,JPN,GRAZING,49.85613012626153
SSP2_1000C_CACN_NoCC,2025,JPN,GRASS,708.6202625017708
SSP2_1000C_CACN_NoCC,2025,JPN,URB,1710.2899680175783
SSP2_1000C_CACN_NoCC,2025,XSE,OTH,14506.901
SSP2_1000C_CACN_NoCC,2025,XSE,CROP,95703.16913385395
SSP2_1000C_CACN_NoCC,2025,XSE,CROP_FLW,9040.156907023074
SSP2_1000C_CACN_NoCC,2025,XSE,PRM_FRS,213856.93845433876
SSP2_1000C_CACN_NoCC,2025,XSE,MNG_FRS,9941.118207824895
SSP2_1000C_CACN_NoCC,2025,XSE,BIOCROP,1081.2654369613053
SSP2_1000C_CACN_NoCC,2025,XSE,GRAZING,127864.93619356601
SSP2_1000C_CACN_NoCC,2025,XSE,GRASS,76777.70167428168
SSP2_1000C_CACN_NoCC,2025,XSE,URB,3032.1656320037837
SSP2_1000C_CACN_NoCC,2025,XSA,OTH,44675.7545
SSP2_1000C_CACN_NoCC,2025,XSA,CROP,42547.19960270577
SSP2_1000C_CACN_NoCC,2025,XSA,CROP_FLW,5513.413836659177
SSP2_1000C_CACN_NoCC,2025,XSA,PRM_FRS,7513.236218361226
SSP2_1000C_CACN_NoCC,2025,XSA,MNG_FRS,4479.782340298965
SSP2_1000C_CACN_NoCC,2025,XSA,BIOCROP,138.6699132236239
SSP2_1000C_CACN_NoCC,2025,XSA,GRAZING,37808.53835282256
SSP2_1000C_CACN_NoCC,2025,XSA,GRASS,41062.08116370473
SSP2_1000C_CACN_NoCC,2025,XSA,URB,866.7895990753174
SSP2_1000C_CACN_NoCC,2025,CAN,OTH,283585.656
SSP2_1000C_CACN_NoCC,2025,CAN,CROP,31657.02546744851
SSP2_1000C_CACN_NoCC,2025,CAN,CROP_FLW,24976.40691180277
SSP2_1000C_CACN_NoCC,2025,CAN,PRM_FRS,255071.45698739172
SSP2_1000C_CACN_NoCC,2025,CAN,MNG_FRS,48413.15268124461
SSP2_1000C_CACN_NoCC,2025,CAN,BIOCROP,2572.7380545618084
SSP2_1000C_CACN_NoCC,2025,CAN,GRAZING,15033.649461569781
SSP2_1000C_CACN_NoCC,2025,CAN,GRASS,7625.326979113631
SSP2_1000C_CACN_NoCC,2025,CAN,URB,785.9824775390625
SSP2_1000C_CACN_NoCC,2025,BRA,CROP,66472.74636720432
SSP2_1000C_CACN_NoCC,2025,BRA,CROP_FLW,3486.240965619787
SSP2_1000C_CACN_NoCC,2025,BRA,PRM_FRS,481270.91523619683
SSP2_1000C_CACN_NoCC,2025,BRA,MNG_FRS,6452.772687381554
SSP2_1000C_CACN_NoCC,2025,BRA,BIOCROP,831.4974662267723
SSP2_1000C_CACN_NoCC,2025,BRA,GRAZING,189527.77819594822
SSP2_1000C_CACN_NoCC,2025,BRA,GRASS,152472.61753513673
SSP2_1000C_CACN_NoCC,2025,BRA,URB,3742.538360931397
SSP2_1000C_CACN_NoCC,2025,XLM,OTH,72183.21731250001
SSP2_1000C_CACN_NoCC,2025,XLM,CROP,78593.6143905144
SSP2_1000C_CACN_NoCC,2025,XLM,CROP_FLW,23508.56439535238
SSP2_1000C_CACN_NoCC,2025,XLM,PRM_FRS,430406.5676859674
SSP2_1000C_CACN_NoCC,2025,XLM,MNG_FRS,17428.8796665536
SSP2_1000C_CACN_NoCC,2025,XLM,BIOCROP,630.5879933697817
SSP2_1000C_CACN_NoCC,2025,XLM,GRAZING,347027.0221531051
SSP2_1000C_CACN_NoCC,2025,XLM,GRASS,256186.5084342947
SSP2_1000C_CACN_NoCC,2025,XLM,URB,4894.335314867021
SSP2_1000C_CACN_NoCC,2025,CIS,OTH,253974.9918984375
SSP2_1000C_CACN_NoCC,2025,CIS,CROP,103834.97815230546
SSP2_1000C_CACN_NoCC,2025,CIS,CROP_FLW,92836.52946217125
SSP2_1000C_CACN_NoCC,2025,CIS,PRM_FRS,807720.6016750255
SSP2_1000C_CACN_NoCC,2025,CIS,MNG_FRS,46126.848223017114
SSP2_1000C_CACN_NoCC,2025,CIS,BIOCROP,1409.3969231927608
SSP2_1000C_CACN_NoCC,2025,CIS,GRAZING,355062.6350391619
SSP2_1000C_CACN_NoCC,2025,CIS,GRASS,198306.89275888883
SSP2_1000C_CACN_NoCC,2025,CIS,URB,5880.5270887603765
SSP2_1000C_CACN_NoCC,2025,XME,OTH,281021.7655625
SSP2_1000C_CACN_NoCC,2025,XME,CROP,36054.64324907802
SSP2_1000C_CACN_NoCC,2025,XME,CROP_FLW,3313.7857330658344
SSP2_1000C_CACN_NoCC,2025,XME,PRM_FRS,9102.026625257353
SSP2_1000C_CACN_NoCC,2025,XME,MNG_FRS,667.2873066630268
SSP2_1000C_CACN_NoCC,2025,XME,BIOCROP,2035.2034085330874
SSP2_1000C_CACN_NoCC,2025,XME,GRAZING,248693.86173160296
SSP2_1000C_CACN_NoCC,2025,XME,GRASS,97127.46330188219
SSP2_1000C_CACN_NoCC,2025,XME,URB,2128.071955810547
SSP2_1000C_CACN_NoCC,2025,XNF,OTH,456890.6350624999
SSP2_1000C_CACN_NoCC,2025,XNF,CROP,28095.999850599463
SSP2_1000C_CACN_NoCC,2025,XNF,CROP_FLW,4020.0305029995034
SSP2_1000C_CACN_NoCC,2025,XNF,PRM_FRS,2996.6098243253155
SSP2_1000C_CACN_NoCC,2025,XNF,MNG_FRS,74.93075737381466
SSP2_1000C_CACN_NoCC,2025,XNF,BIOCROP,2334.920587743224
SSP2_1000C_CACN_NoCC,2025,XNF,GRAZING,69473.78479949666
SSP2_1000C_CACN_NoCC,2025,XNF,GRASS,8251.691118528604
SSP2_1000C_CACN_NoCC,2025,XNF,URB,927.4797019042969
SSP2_1000C_CACN_NoCC,2025,XAF,OTH,399410.63371875
SSP2_1000C_CACN_NoCC,2025,XAF,CROP,276264.8915548591
SSP2_1000C_CACN_NoCC,2025,XAF,CROP_FLW,32124.363843944353
SSP2_1000C_CACN_NoCC,2025,XAF,PRM_FRS,542399.9803651494
SSP2_1000C_CACN_NoCC,2025,XAF,MNG_FRS,22573.241938518404
SSP2_1000C_CACN_NoCC,2025,XAF,BIOCROP,148.90229947149314
SSP2_1000C_CACN_NoCC,2025,XAF,GRAZING,789325.2227176318
SSP2_1000C_CACN_NoCC,2025,XAF,GRASS,674436.1954477028
SSP2_1000C_CACN_NoCC,2025,XAF,URB,2896.931178625107
SSP2_1000C_CACN_NoCC,2025,ASIA2,OTH,312611.42105468747
SSP2_1000C_CACN_NoCC,2025,ASIA2,CROP,448100.96838242933
SSP2_1000C_CACN_NoCC,2025,ASIA2,CROP_FLW,15474.920463259252
SSP2_1000C_CACN_NoCC,2025,ASIA2,PRM_FRS,459856.974982309
SSP2_1000C_CACN_NoCC,2025,ASIA2,MNG_FRS,55109.90667973318
SSP2_1000C_CACN_NoCC,2025,ASIA2,BIOCROP,7630.915459553907
SSP2_1000C_CACN_NoCC,2025,ASIA2,GRAZING,563178.7926629459
SSP2_1000C_CACN_NoCC,2025,ASIA2,GRASS,235966.9427252175
SSP2_1000C_CACN_NoCC,2025,ASIA2,URB,16641.596986114502
SSP2_1000C_CACN_NoCC,2025,World,OTH,2111196.772609375
SSP2_1000C_CACN_NoCC,2025,World,CROP,1354977.661013741
SSP2_1000C_CACN_NoCC,2025,World,CROP_FLW,347081.0878237095
SSP2_1000C_CACN_NoCC,2025,World,PRM_FRS,3492134.806555827
SSP2_1000C_CACN_NoCC,2025,World,MNG_FRS,328693.5276253475
SSP2_1000C_CACN_NoCC,2025,World,BIOCROP,42383.59107657494
SSP2_1000C_CACN_NoCC,2025,World,GRAZING,3287089.108767396
SSP2_1000C_CACN_NoCC,2025,World,GRASS,2278225.893000514
SSP2_1000C_CACN_NoCC,2025,World,URB,61494.25336591386
SSP2_1000C_CACN_NoCC,2025,Non-OECD,OTH,1776092.664609375
SSP2_1000C_CACN_NoCC,2025,Non-OECD,CROP,1034848.2225906265
SSP2_1000C_CACN_NoCC,2025,Non-OECD,CROP_FLW,173843.08564683536
SSP2_1000C_CACN_NoCC,2025,Non-OECD,PRM_FRS,2711122.0160681866
SSP2_1000C_CACN_NoCC,2025,Non-OECD,MNG_FRS,146036.94625616688
SSP2_1000C_CACN_NoCC,2025,Non-OECD,BIOCROP,14938.125186153173
SSP2_1000C_CACN_NoCC,2025,Non-OECD,GRAZING,2562239.2411697665
SSP2_1000C_CACN_NoCC,2025,Non-OECD,GRASS,1622039.6910591493
SSP2_1000C_CACN_NoCC,2025,Non-OECD,URB,35401.19061899567
SSP2_1000C_CACN_NoCC,2025,Industrial,OTH,321872.108
SSP2_1000C_CACN_NoCC,2025,Industrial,CROP,250599.56427603413
SSP2_1000C_CACN_NoCC,2025,Industrial,CROP_FLW,164638.4930377567
SSP2_1000C_CACN_NoCC,2025,Industrial,PRM_FRS,750257.9083856647
SSP2_1000C_CACN_NoCC,2025,Industrial,MNG_FRS,174808.97617987084
SSP2_1000C_CACN_NoCC,2025,Industrial,BIOCROP,25537.172199375764
SSP2_1000C_CACN_NoCC,2025,Industrial,GRAZING,695673.9247241495
SSP2_1000C_CACN_NoCC,2025,Industrial,GRASS,629545.4059134035
SSP2_1000C_CACN_NoCC,2025,Industrial,URB,24181.440413742544
SSP2_1000C_CACN_NoCC,2025,Transition,OTH,520635.75745312497
SSP2_1000C_CACN_NoCC,2025,Transition,CROP,547118.5789560959
SSP2_1000C_CACN_NoCC,2025,Transition,CROP_FLW,104922.27956690844
SSP2_1000C_CACN_NoCC,2025,Transition,PRM_FRS,1535601.538996763
SSP2_1000C_CACN_NoCC,2025,Transition,MNG_FRS,98719.31122824407
SSP2_1000C_CACN_NoCC,2025,Transition,BIOCROP,10476.869237896666
SSP2_1000C_CACN_NoCC,2025,Transition,GRAZING,971221.8180950211
SSP2_1000C_CACN_NoCC,2025,Transition,GRASS,494838.8459467155
SSP2_1000C_CACN_NoCC,2025,Transition,URB,22567.039569885255
SSP2_1000C_CACN_NoCC,2025,Developing,OTH,1268688.90715625
SSP2_1000C_CACN_NoCC,2025,Developing,CROP,557259.5177816107
SSP2_1000C_CACN_NoCC,2025,Developing,CROP_FLW,77520.31521904434
SSP2_1000C_CACN_NoCC,2025,Developing,PRM_FRS,1206275.3591733994
SSP2_1000C_CACN_NoCC,2025,Developing,MNG_FRS,55165.240217232706
SSP2_1000C_CACN_NoCC,2025,Developing,BIOCROP,6369.549639302516
SSP2_1000C_CACN_NoCC,2025,Developing,GRAZING,1620193.3659482251
SSP2_1000C_CACN_NoCC,2025,Developing,GRASS,1153841.6411403946
SSP2_1000C_CACN_NoCC,2025,Developing,URB,14745.773382286072
SSP2_1000C_CACN_NoCC,2025,R5ASIA,OTH,312611.42105468747
SSP2_1000C_CACN_NoCC,2025,R5ASIA,CROP,445531.34902606555
SSP2_1000C_CACN_NoCC,2025,R5ASIA,CROP_FLW,14553.570743682252
SSP2_1000C_CACN_NoCC,2025,R5ASIA,PRM_FRS,437225.314656264
SSP2_1000C_CACN_NoCC,2025,R5ASIA,MNG_FRS,52712.985676659366
SSP2_1000C_CACN_NoCC,2025,R5ASIA,BIOCROP,7547.616507616056
SSP2_1000C_CACN_NoCC,2025,R5ASIA,GRAZING,563128.9365328196
SSP2_1000C_CACN_NoCC,2025,R5ASIA,GRASS,235258.32246271573
SSP2_1000C_CACN_NoCC,2025,R5ASIA,URB,14931.307018096923
SSP2_1000C_CACN_NoCC,2025,R5OECD90+EU,OTH,335104.108
SSP2_1000C_CACN_NoCC,2025,R5OECD90+EU,CROP,320129.43842311436
SSP2_1000C_CACN_NoCC,2025,R5OECD90+EU,CROP_FLW,173238.0021768741
SSP2_1000C_CACN_NoCC,2025,R5OECD90+EU,PRM_FRS,781012.7904876415
SSP2_1000C_CACN_NoCC,2025,R5OECD90+EU,MNG_FRS,182656.5813691807
SSP2_1000C_CACN_NoCC,2025,R5OECD90+EU,BIOCROP,27445.46589042177
SSP2_1000C_CACN_NoCC,2025,R5OECD90+EU,GRAZING,724849.8675976294
SSP2_1000C_CACN_NoCC,2025,R5OECD90+EU,GRASS,656186.2019413642
SSP2_1000C_CACN_NoCC,2025,R5OECD90+EU,URB,26093.062746918204
SSP2_1000C_CACN_NoCC,2025,R5REF,OTH,253974.9918984375
SSP2_1000C_CACN_NoCC,2025,R5REF,CROP,103834.97815230546
SSP2_1000C_CACN_NoCC,2025,R5REF,CROP_FLW,92836.52946217125
SSP2_1000C_CACN_NoCC,2025,R5REF,PRM_FRS,807720.6016750255
SSP2_1000C_CACN_NoCC,2025,R5REF,MNG_FRS,46126.848223017114
SSP2_1000C_CACN_NoCC,2025,R5REF,BIOCROP,1409.3969231927608
SSP2_1000C_CACN_NoCC,2025,R5REF,GRAZING,355062.6350391619
SSP2_1000C_CACN_NoCC,2025,R5REF,GRASS,198306.89275888883
SSP2_1000C_CACN_NoCC,2025,R5REF,URB,5880.5270887603765
SSP2_1000C_CACN_NoCC,2025,R5MAF,OTH,1137323.0343437498
SSP2_1000C_CACN_NoCC,2025,R5MAF,CROP,340415.53465453663
SSP2_1000C_CACN_NoCC,2025,R5MAF,CROP_FLW,39458.18008000969
SSP2_1000C_CACN_NoCC,2025,R5MAF,PRM_FRS,554498.6168147321
SSP2_1000C_CACN_NoCC,2025,R5MAF,MNG_FRS,23315.460002555246
SSP2_1000C_CACN_NoCC,2025,R5MAF,BIOCROP,4519.026295747805
SSP2_1000C_CACN_NoCC,2025,R5MAF,GRAZING,1107492.8692487315
SSP2_1000C_CACN_NoCC,2025,R5MAF,GRASS,779815.3498681135
SSP2_1000C_CACN_NoCC,2025,R5MAF,URB,5952.48283633995
SSP2_1000C_CACN_NoCC,2025,R5LAM,OTH,72183.21731250001
SSP2_1000C_CACN_NoCC,2025,R5LAM,CROP,145066.36075771874
SSP2_1000C_CACN_NoCC,2025,R5LAM,CROP_FLW,26994.80536097217
SSP2_1000C_CACN_NoCC,2025,R5LAM,PRM_FRS,911677.4829221643
SSP2_1000C_CACN_NoCC,2025,R5LAM,MNG_FRS,23881.652353935155
SSP2_1000C_CACN_NoCC,2025,R5LAM,BIOCROP,1462.0854595965538
SSP2_1000C_CACN_NoCC,2025,R5LAM,GRAZING,536554.8003490533
SSP2_1000C_CACN_NoCC,2025,R5LAM,GRASS,408659.1259694314
SSP2_1000C_CACN_NoCC,2025,R5LAM,URB,8636.873675798419
SSP2_1000C_CACN_NoCC,2030,USA,OTH,33613.452
SSP2_1000C_CACN_NoCC,2030,USA,CROP,115147.69047216985
SSP2_1000C_CACN_NoCC,2030,USA,CROP_FLW,76826.72448606315
SSP2_1000C_CACN_NoCC,2030,USA,PRM_FRS,228235.5902864902
SSP2_1000C_CACN_NoCC,2030,USA,MNG_FRS,57309.51636129705
SSP2_1000C_CACN_NoCC,2030,USA,BIOCROP,20195.65591321896
SSP2_1000C_CACN_NoCC,2030,USA,GRAZING,233561.52690111284
SSP2_1000C_CACN_NoCC,2030,USA,GRASS,102875.20446346393
SSP2_1000C_CACN_NoCC,2030,USA,URB,11695.345311309815
SSP2_1000C_CACN_NoCC,2030,XE25,OTH,3206.0
SSP2_1000C_CACN_NoCC,2030,XE25,CROP,74314.36498971719
SSP2_1000C_CACN_NoCC,2030,XE25,CROP_FLW,25829.2948699413
SSP2_1000C_CACN_NoCC,2030,XE25,PRM_FRS,81599.12970971284
SSP2_1000C_CACN_NoCC,2030,XE25,MNG_FRS,59358.93378747506
SSP2_1000C_CACN_NoCC,2030,XE25,BIOCROP,12177.656773681201
SSP2_1000C_CACN_NoCC,2030,XE25,GRAZING,58680.81692579492
SSP2_1000C_CACN_NoCC,2030,XE25,GRASS,31744.07099942358
SSP2_1000C_CACN_NoCC,2030,XE25,URB,9106.496241195679
SSP2_1000C_CACN_NoCC,2030,XER,OTH,13232.0
SSP2_1000C_CACN_NoCC,2030,XER,CROP,44704.01750173316
SSP2_1000C_CACN_NoCC,2030,XER,CROP_FLW,3445.6979880931895
SSP2_1000C_CACN_NoCC,2030,XER,PRM_FRS,23459.79104724806
SSP2_1000C_CACN_NoCC,2030,XER,MNG_FRS,6321.222603115074
SSP2_1000C_CACN_NoCC,2030,XER,BIOCROP,1743.8986196640553
SSP2_1000C_CACN_NoCC,2030,XER,GRAZING,15053.30129680458
SSP2_1000C_CACN_NoCC,2030,XER,GRASS,4390.182704731388
SSP2_1000C_CACN_NoCC,2030,XER,URB,1090.242361709595
SSP2_1000C_CACN_NoCC,2030,TUR,CROP,23644.21288335247
SSP2_1000C_CACN_NoCC,2030,TUR,CROP_FLW,5099.60969171502
SSP2_1000C_CACN_NoCC,2030,TUR,PRM_FRS,8373.00926429572
SSP2_1000C_CACN_NoCC,2030,TUR,MNG_FRS,1250.6499941094776
SSP2_1000C_CACN_NoCC,2030,TUR,BIOCROP,969.9156664523811
SSP2_1000C_CACN_NoCC,2030,TUR,GRAZING,14220.110961046526
SSP2_1000C_CACN_NoCC,2030,TUR,GRASS,21781.282947609652
SSP2_1000C_CACN_NoCC,2030,TUR,URB,821.3799714660644
SSP2_1000C_CACN_NoCC,2030,XOC,OTH,1467.0
SSP2_1000C_CACN_NoCC,2030,XOC,CROP,29109.522687085435
SSP2_1000C_CACN_NoCC,2030,XOC,CROP_FLW,32455.491574851003
SSP2_1000C_CACN_NoCC,2030,XOC,PRM_FRS,173322.35243827722
SSP2_1000C_CACN_NoCC,2030,XOC,MNG_FRS,4631.183773532723
SSP2_1000C_CACN_NoCC,2030,XOC,BIOCROP,320.87125550902977
SSP2_1000C_CACN_NoCC,2030,XOC,GRAZING,384369.35489129694
SSP2_1000C_CACN_NoCC,2030,XOC,GRASS,474285.40886338276
SSP2_1000C_CACN_NoCC,2030,XOC,URB,883.3264156804086
SSP2_1000C_CACN_NoCC,2030,CHN,OTH,239998.39534375
SSP2_1000C_CACN_NoCC,2030,CHN,CROP,124186.27893175794
SSP2_1000C_CACN_NoCC,2030,CHN,PRM_FRS,193318.576915481
SSP2_1000C_CACN_NoCC,2030,CHN,MNG_FRS,21363.906937515196
SSP2_1000C_CACN_NoCC,2030,CHN,BIOCROP,9464.197234113519
SSP2_1000C_CACN_NoCC,2030,CHN,GRAZING,384605.950950041
SSP2_1000C_CACN_NoCC,2030,CHN,GRASS,89672.86856934045
SSP2_1000C_CACN_NoCC,2030,CHN,URB,8006.078889526368
SSP2_1000C_CACN_NoCC,2030,IND,OTH,13430.3702109375
SSP2_1000C_CACN_NoCC,2030,IND,CROP,178390.8207585273
SSP2_1000C_CACN_NoCC,2030,IND,PRM_FRS,36607.23084652591
SSP2_1000C_CACN_NoCC,2030,IND,MNG_FRS,14717.775909579575
SSP2_1000C_CACN_NoCC,2030,IND,BIOCROP,2313.933721783911
SSP2_1000C_CACN_NoCC,2030,IND,GRAZING,8044.092075806033
SSP2_1000C_CACN_NoCC,2030,IND,GRASS,19944.255319726053
SSP2_1000C_CACN_NoCC,2030,IND,URB,3026.2728974914553
SSP2_1000C_CACN_NoCC,2030,JPN,CROP,2451.4363793364682
SSP2_1000C_CACN_NoCC,2030,JPN,CROP_FLW,922.4477588075401
SSP2_1000C_CACN_NoCC,2030,JPN,PRM_FRS,22827.298410823663
SSP2_1000C_CACN_NoCC,2030,JPN,MNG_FRS,2268.8324769011756
SSP2_1000C_CACN_NoCC,2030,JPN,BIOCROP,133.057628233467
SSP2_1000C_CACN_NoCC,2030,JPN,GRAZING,49.89784844544443
SSP2_1000C_CACN_NoCC,2030,JPN,GRASS,708.3552470776988
SSP2_1000C_CACN_NoCC,2030,JPN,URB,1710.2899680175783
SSP2_1000C_CACN_NoCC,2030,XSE,OTH,14506.901
SSP2_1000C_CACN_NoCC,2030,XSE,CROP,92939.53546725029
SSP2_1000C_CACN_NoCC,2030,XSE,CROP_FLW,6713.159430145551
SSP2_1000C_CACN_NoCC,2030,XSE,PRM_FRS,222423.19354826378
SSP2_1000C_CACN_NoCC,2030,XSE,MNG_FRS,9306.760529707173
SSP2_1000C_CACN_NoCC,2030,XSE,BIOCROP,2829.0433819968166
SSP2_1000C_CACN_NoCC,2030,XSE,GRAZING,127448.00212451091
SSP2_1000C_CACN_NoCC,2030,XSE,GRASS,72605.59152597355
SSP2_1000C_CACN_NoCC,2030,XSE,URB,3032.1656320037837
SSP2_1000C_CACN_NoCC,2030,XSA,OTH,44675.7545
SSP2_1000C_CACN_NoCC,2030,XSA,CROP,44060.980757926474
SSP2_1000C_CACN_NoCC,2030,XSA,CROP_FLW,4810.384940149433
SSP2_1000C_CACN_NoCC,2030,XSA,PRM_FRS,8265.424657385382
SSP2_1000C_CACN_NoCC,2030,XSA,MNG_FRS,4402.966269439839
SSP2_1000C_CACN_NoCC,2030,XSA,BIOCROP,316.7042436253038
SSP2_1000C_CACN_NoCC,2030,XSA,GRAZING,38062.70736542583
SSP2_1000C_CACN_NoCC,2030,XSA,GRASS,39143.753193823795
SSP2_1000C_CACN_NoCC,2030,XSA,URB,866.7895990753174
SSP2_1000C_CACN_NoCC,2030,CAN,OTH,283585.656
SSP2_1000C_CACN_NoCC,2030,CAN,CROP,32937.21806416795
SSP2_1000C_CACN_NoCC,2030,CAN,CROP_FLW,23498.736190389205
SSP2_1000C_CACN_NoCC,2030,CAN,PRM_FRS,255258.89569620625
SSP2_1000C_CACN_NoCC,2030,CAN,MNG_FRS,47708.61812805614
SSP2_1000C_CACN_NoCC,2030,CAN,BIOCROP,4053.061900623479
SSP2_1000C_CACN_NoCC,2030,CAN,GRAZING,14905.435267141564
SSP2_1000C_CACN_NoCC,2030,CAN,GRASS,6987.791296548214
SSP2_1000C_CACN_NoCC,2030,CAN,URB,785.9824775390625
SSP2_1000C_CACN_NoCC,2030,BRA,CROP,65692.3384398051
SSP2_1000C_CACN_NoCC,2030,BRA,CROP_FLW,1682.6245988956398
SSP2_1000C_CACN_NoCC,2030,BRA,PRM_FRS,531361.9786507793
SSP2_1000C_CACN_NoCC,2030,BRA,MNG_FRS,5644.366295477375
SSP2_1000C_CACN_NoCC,2030,BRA,BIOCROP,1514.8603967171891
SSP2_1000C_CACN_NoCC,2030,BRA,GRAZING,184208.42077968083
SSP2_1000C_CACN_NoCC,2030,BRA,GRASS,110409.97929235888
SSP2_1000C_CACN_NoCC,2030,BRA,URB,3742.538360931397
SSP2_1000C_CACN_NoCC,2030,XLM,OTH,72183.21731250001
SSP2_1000C_CACN_NoCC,2030,XLM,CROP,81317.74793916405
SSP2_1000C_CACN_NoCC,2030,XLM,CROP_FLW,19691.567913698866
SSP2_1000C_CACN_NoCC,2030,XLM,PRM_FRS,454113.16240282793
SSP2_1000C_CACN_NoCC,2030,XLM,MNG_FRS,16796.843317018873
SSP2_1000C_CACN_NoCC,2030,XLM,BIOCROP,1263.9915191277942
SSP2_1000C_CACN_NoCC,2030,XLM,GRAZING,345372.6821660404
SSP2_1000C_CACN_NoCC,2030,XLM,GRASS,235225.74946127972
SSP2_1000C_CACN_NoCC,2030,XLM,URB,4894.335314867021
SSP2_1000C_CACN_NoCC,2030,CIS,OTH,253974.9918984375
SSP2_1000C_CACN_NoCC,2030,CIS,CROP,100068.28142832473
SSP2_1000C_CACN_NoCC,2030,CIS,CROP_FLW,92319.85966830292
SSP2_1000C_CACN_NoCC,2030,CIS,PRM_FRS,812099.1973558621
SSP2_1000C_CACN_NoCC,2030,CIS,MNG_FRS,44618.985866612355
SSP2_1000C_CACN_NoCC,2030,CIS,BIOCROP,2827.9228178706803
SSP2_1000C_CACN_NoCC,2030,CIS,GRAZING,355901.86262085155
SSP2_1000C_CACN_NoCC,2030,CIS,GRASS,197461.7724759385
SSP2_1000C_CACN_NoCC,2030,CIS,URB,5880.5270887603765
SSP2_1000C_CACN_NoCC,2030,XME,OTH,281021.7655625
SSP2_1000C_CACN_NoCC,2030,XME,CROP,36344.28823125552
SSP2_1000C_CACN_NoCC,2030,XME,CROP_FLW,3026.800343117947
SSP2_1000C_CACN_NoCC,2030,XME,PRM_FRS,9102.026625257353
SSP2_1000C_CACN_NoCC,2030,XME,MNG_FRS,664.7756940946243
SSP2_1000C_CACN_NoCC,2030,XME,BIOCROP,3838.8197906704095
SSP2_1000C_CACN_NoCC,2030,XME,GRAZING,250112.72224353103
SSP2_1000C_CACN_NoCC,2030,XME,GRASS,93904.83842815548
SSP2_1000C_CACN_NoCC,2030,XME,URB,2128.071955810547
SSP2_1000C_CACN_NoCC,2030,XNF,OTH,456890.6350624999
SSP2_1000C_CACN_NoCC,2030,XNF,CROP,28592.77518947161
SSP2_1000C_CACN_NoCC,2030,XNF,CROP_FLW,3469.220277727368
SSP2_1000C_CACN_NoCC,2030,XNF,PRM_FRS,2996.6098243253155
SSP2_1000C_CACN_NoCC,2030,XNF,MNG_FRS,73.94388973587793
SSP2_1000C_CACN_NoCC,2030,XNF,BIOCROP,2866.28951547039
SSP2_1000C_CACN_NoCC,2030,XNF,GRAZING,70118.73563090015
SSP2_1000C_CACN_NoCC,2030,XNF,GRASS,7130.393113436011
SSP2_1000C_CACN_NoCC,2030,XNF,URB,927.4797019042969
SSP2_1000C_CACN_NoCC,2030,XAF,OTH,399410.63371875
SSP2_1000C_CACN_NoCC,2030,XAF,CROP,299456.94665007666
SSP2_1000C_CACN_NoCC,2030,XAF,CROP_FLW,24638.737727991356
SSP2_1000C_CACN_NoCC,2030,XAF,PRM_FRS,597948.3814925025
SSP2_1000C_CACN_NoCC,2030,XAF,MNG_FRS,21863.41512855175
SSP2_1000C_CACN_NoCC,2030,XAF,BIOCROP,373.1115796571347
SSP2_1000C_CACN_NoCC,2030,XAF,GRAZING,797272.0472468314
SSP2_1000C_CACN_NoCC,2030,XAF,GRASS,595720.1583416668
SSP2_1000C_CACN_NoCC,2030,XAF,URB,2896.931178625107
SSP2_1000C_CACN_NoCC,2030,ASIA2,OTH,312611.42105468747
SSP2_1000C_CACN_NoCC,2030,ASIA2,CROP,442029.0522947984
SSP2_1000C_CACN_NoCC,2030,ASIA2,CROP_FLW,12445.992129102524
SSP2_1000C_CACN_NoCC,2030,ASIA2,PRM_FRS,483441.72437847976
SSP2_1000C_CACN_NoCC,2030,ASIA2,MNG_FRS,52060.24212314296
SSP2_1000C_CACN_NoCC,2030,ASIA2,BIOCROP,15056.936209753017
SSP2_1000C_CACN_NoCC,2030,ASIA2,GRAZING,558210.6503642292
SSP2_1000C_CACN_NoCC,2030,ASIA2,GRASS,222074.82385594153
SSP2_1000C_CACN_NoCC,2030,ASIA2,URB,16641.596986114502
SSP2_1000C_CACN_NoCC,2030,World,OTH,2111196.772609375
SSP2_1000C_CACN_NoCC,2030,World,CROP,1373358.4567711223
SSP2_1000C_CACN_NoCC,2030,World,CROP_FLW,324430.3574598895
SSP2_1000C_CACN_NoCC,2030,World,PRM_FRS,3661311.849172265
SSP2_1000C_CACN_NoCC,2030,World,MNG_FRS,318302.69696221943
SSP2_1000C_CACN_NoCC,2030,World,BIOCROP,67202.99195841573
SSP2_1000C_CACN_NoCC,2030,World,GRAZING,3281987.667295262
SSP2_1000C_CACN_NoCC,2030,World,GRASS,2103991.656243936
SSP2_1000C_CACN_NoCC,2030,World,URB,61494.25336591386
SSP2_1000C_CACN_NoCC,2030,Non-OECD,OTH,1776092.664609375
SSP2_1000C_CACN_NoCC,2030,Non-OECD,CROP,1051049.9937935597
SSP2_1000C_CACN_NoCC,2030,Non-OECD,CROP_FLW,156352.35490002908
SSP2_1000C_CACN_NoCC,2030,Non-OECD,PRM_FRS,2868235.782319211
SSP2_1000C_CACN_NoCC,2030,Non-OECD,MNG_FRS,139453.73983773263
SSP2_1000C_CACN_NoCC,2030,Non-OECD,BIOCROP,27608.874201033148
SSP2_1000C_CACN_NoCC,2030,Non-OECD,GRAZING,2561147.223203619
SSP2_1000C_CACN_NoCC,2030,Non-OECD,GRASS,1461219.3597216993
SSP2_1000C_CACN_NoCC,2030,Non-OECD,URB,35401.19061899567
SSP2_1000C_CACN_NoCC,2030,Industrial,OTH,321872.108
SSP2_1000C_CACN_NoCC,2030,Industrial,CROP,253960.23259247688
SSP2_1000C_CACN_NoCC,2030,Industrial,CROP_FLW,159532.69488005218
SSP2_1000C_CACN_NoCC,2030,Industrial,PRM_FRS,761243.2665415101
SSP2_1000C_CACN_NoCC,2030,Industrial,MNG_FRS,171277.08452726217
SSP2_1000C_CACN_NoCC,2030,Industrial,BIOCROP,36880.30347126614
SSP2_1000C_CACN_NoCC,2030,Industrial,GRAZING,691567.0318337916
SSP2_1000C_CACN_NoCC,2030,Industrial,GRASS,616600.8308698961
SSP2_1000C_CACN_NoCC,2030,Industrial,URB,24181.440413742544
SSP2_1000C_CACN_NoCC,2030,Transition,OTH,520635.75745312497
SSP2_1000C_CACN_NoCC,2030,Transition,CROP,536685.9499435007
SSP2_1000C_CACN_NoCC,2030,Transition,CROP_FLW,102547.79194700677
SSP2_1000C_CACN_NoCC,2030,Transition,PRM_FRS,1605219.784080192
SSP2_1000C_CACN_NoCC,2030,Transition,MNG_FRS,93916.90760640905
SSP2_1000C_CACN_NoCC,2030,Transition,BIOCROP,18834.728456601737
SSP2_1000C_CACN_NoCC,2030,Transition,GRAZING,962033.7386842305
SSP2_1000C_CACN_NoCC,2030,Transition,GRASS,443660.34130970493
SSP2_1000C_CACN_NoCC,2030,Transition,URB,22567.039569885255
SSP2_1000C_CACN_NoCC,2030,Developing,OTH,1268688.90715625
SSP2_1000C_CACN_NoCC,2030,Developing,CROP,582712.2742351446
SSP2_1000C_CACN_NoCC,2030,Developing,CROP_FLW,62349.87063283052
SSP2_1000C_CACN_NoCC,2030,Developing,PRM_FRS,1294848.7985505622
SSP2_1000C_CACN_NoCC,2030,Developing,MNG_FRS,53108.70482854814
SSP2_1000C_CACN_NoCC,2030,Developing,BIOCROP,11487.960030547847
SSP2_1000C_CACN_NoCC,2030,Developing,GRAZING,1628386.8967772396
SSP2_1000C_CACN_NoCC,2030,Developing,GRASS,1043730.4840643354
SSP2_1000C_CACN_NoCC,2030,Developing,URB,14745.773382286072
SSP2_1000C_CACN_NoCC,2030,R5ASIA,OTH,312611.42105468747
SSP2_1000C_CACN_NoCC,2030,R5ASIA,CROP,439577.61591546197
SSP2_1000C_CACN_NoCC,2030,R5ASIA,CROP_FLW,11523.544370294983
SSP2_1000C_CACN_NoCC,2030,R5ASIA,PRM_FRS,460614.42596765613
SSP2_1000C_CACN_NoCC,2030,R5ASIA,MNG_FRS,49791.40964624178
SSP2_1000C_CACN_NoCC,2030,R5ASIA,BIOCROP,14923.87858151955
SSP2_1000C_CACN_NoCC,2030,R5ASIA,GRAZING,558160.7525157838
SSP2_1000C_CACN_NoCC,2030,R5ASIA,GRASS,221366.46860886386
SSP2_1000C_CACN_NoCC,2030,R5ASIA,URB,14931.307018096923
SSP2_1000C_CACN_NoCC,2030,R5OECD90+EU,OTH,335104.108
SSP2_1000C_CACN_NoCC,2030,R5OECD90+EU,CROP,322308.4629775625
SSP2_1000C_CACN_NoCC,2030,R5OECD90+EU,CROP_FLW,168078.00255986038
SSP2_1000C_CACN_NoCC,2030,R5OECD90+EU,PRM_FRS,793076.066853054
SSP2_1000C_CACN_NoCC,2030,R5OECD90+EU,MNG_FRS,178848.9571244867
SSP2_1000C_CACN_NoCC,2030,R5OECD90+EU,BIOCROP,39594.11775738258
SSP2_1000C_CACN_NoCC,2030,R5OECD90+EU,GRAZING,720840.4440916427
SSP2_1000C_CACN_NoCC,2030,R5OECD90+EU,GRASS,642772.2965222372
SSP2_1000C_CACN_NoCC,2030,R5OECD90+EU,URB,26093.062746918204
SSP2_1000C_CACN_NoCC,2030,R5REF,OTH,253974.9918984375
SSP2_1000C_CACN_NoCC,2030,R5REF,CROP,100068.28142832473
SSP2_1000C_CACN_NoCC,2030,R5REF,CROP_FLW,92319.85966830292
SSP2_1000C_CACN_NoCC,2030,R5REF,PRM_FRS,812099.1973558621
SSP2_1000C_CACN_NoCC,2030,R5REF,MNG_FRS,44618.985866612355
SSP2_1000C_CACN_NoCC,2030,R5REF,BIOCROP,2827.9228178706803
SSP2_1000C_CACN_NoCC,2030,R5REF,GRAZING,355901.86262085155
SSP2_1000C_CACN_NoCC,2030,R5REF,GRASS,197461.7724759385
SSP2_1000C_CACN_NoCC,2030,R5REF,URB,5880.5270887603765
SSP2_1000C_CACN_NoCC,2030,R5MAF,OTH,1137323.0343437498
SSP2_1000C_CACN_NoCC,2030,R5MAF,CROP,364394.0100708038
SSP2_1000C_CACN_NoCC,2030,R5MAF,CROP_FLW,31134.758348836673
SSP2_1000C_CACN_NoCC,2030,R5MAF,PRM_FRS,610047.0179420852
SSP2_1000C_CACN_NoCC,2030,R5MAF,MNG_FRS,22602.134712382252
SSP2_1000C_CACN_NoCC,2030,R5MAF,BIOCROP,7078.220885797934
SSP2_1000C_CACN_NoCC,2030,R5MAF,GRAZING,1117503.5051212625
SSP2_1000C_CACN_NoCC,2030,R5MAF,GRASS,696755.3898832583
SSP2_1000C_CACN_NoCC,2030,R5MAF,URB,5952.48283633995
SSP2_1000C_CACN_NoCC,2030,R5LAM,OTH,72183.21731250001
SSP2_1000C_CACN_NoCC,2030,R5LAM,CROP,147010.08637896914
SSP2_1000C_CACN_NoCC,2030,R5LAM,CROP_FLW,21374.192512594505
SSP2_1000C_CACN_NoCC,2030,R5LAM,PRM_FRS,985475.1410536072
SSP2_1000C_CACN_NoCC,2030,R5LAM,MNG_FRS,22441.209612496248
SSP2_1000C_CACN_NoCC,2030,R5LAM,BIOCROP,2778.8519158449835
SSP2_1000C_CACN_NoCC,2030,R5LAM,GRAZING,529581.1029457212
SSP2_1000C_CACN_NoCC,2030,R5LAM,GRASS,345635.72875363857
SSP2_1000C_CACN_NoCC,2030,R5LAM,URB,8636.873675798419
SSP2_1000C_CACN_NoCC,2035,USA,OTH,33613.452
SSP2_1000C_CACN_NoCC,2035,USA,CROP,115436.35909531113
SSP2_1000C_CACN_NoCC,2035,USA,CROP_FLW,74630.19206144997
SSP2_1000C_CACN_NoCC,2035,USA,PRM_FRS,228235.59028649598
SSP2_1000C_CACN_NoCC,2035,USA,MNG_FRS,56266.82720586673
SSP2_1000C_CACN_NoCC,2035,USA,BIOCROP,26429.38303427082
SSP2_1000C_CACN_NoCC,2035,USA,GRAZING,233536.68371680987
SSP2_1000C_CACN_NoCC,2035,USA,GRASS,99616.87348360773
SSP2_1000C_CACN_NoCC,2035,USA,URB,11695.345311309815
SSP2_1000C_CACN_NoCC,2035,XE25,OTH,3206.0
SSP2_1000C_CACN_NoCC,2035,XE25,CROP,72600.10013708906
SSP2_1000C_CACN_NoCC,2035,XE25,CROP_FLW,24838.405277073372
SSP2_1000C_CACN_NoCC,2035,XE25,PRM_FRS,81894.59771640014
SSP2_1000C_CACN_NoCC,2035,XE25,MNG_FRS,57683.33247236737
SSP2_1000C_CACN_NoCC,2035,XE25,BIOCROP,17127.362082255015
SSP2_1000C_CACN_NoCC,2035,XE25,GRAZING,58679.72222745259
SSP2_1000C_CACN_NoCC,2035,XE25,GRASS,30880.748143108543
SSP2_1000C_CACN_NoCC,2035,XE25,URB,9106.496241195679
SSP2_1000C_CACN_NoCC,2035,XER,OTH,13232.0
SSP2_1000C_CACN_NoCC,2035,XER,CROP,43137.41835159746
SSP2_1000C_CACN_NoCC,2035,XER,CROP_FLW,3577.362338760191
SSP2_1000C_CACN_NoCC,2035,XER,PRM_FRS,23939.260607199256
SSP2_1000C_CACN_NoCC,2035,XER,MNG_FRS,6057.71300666605
SSP2_1000C_CACN_NoCC,2035,XER,BIOCROP,2754.078742232556
SSP2_1000C_CACN_NoCC,2035,XER,GRAZING,15180.681864169033
SSP2_1000C_CACN_NoCC,2035,XER,GRASS,4471.596850764955
SSP2_1000C_CACN_NoCC,2035,XER,URB,1090.242361709595
SSP2_1000C_CACN_NoCC,2035,TUR,CROP,23629.37196666182
SSP2_1000C_CACN_NoCC,2035,TUR,CROP_FLW,4958.534527124192
SSP2_1000C_CACN_NoCC,2035,TUR,PRM_FRS,8418.745882622185
SSP2_1000C_CACN_NoCC,2035,TUR,MNG_FRS,1222.431887071933
SSP2_1000C_CACN_NoCC,2035,TUR,BIOCROP,1368.9920062922774
SSP2_1000C_CACN_NoCC,2035,TUR,GRAZING,14235.527912409847
SSP2_1000C_CACN_NoCC,2035,TUR,GRASS,21505.187226398983
SSP2_1000C_CACN_NoCC,2035,TUR,URB,821.3799714660644
SSP2_1000C_CACN_NoCC,2035,XOC,OTH,1467.0
SSP2_1000C_CACN_NoCC,2035,XOC,CROP,29951.151686186684
SSP2_1000C_CACN_NoCC,2035,XOC,CROP_FLW,32632.717323202756
SSP2_1000C_CACN_NoCC,2035,XOC,PRM_FRS,173763.6700929877
SSP2_1000C_CACN_NoCC,2035,XOC,MNG_FRS,4615.136915459875
SSP2_1000C_CACN_NoCC,2035,XOC,BIOCROP,492.78732254077704
SSP2_1000C_CACN_NoCC,2035,XOC,GRAZING,384503.17750565155
SSP2_1000C_CACN_NoCC,2035,XOC,GRASS,472535.54463790543
SSP2_1000C_CACN_NoCC,2035,XOC,URB,883.3264156804086
SSP2_1000C_CACN_NoCC,2035,CHN,OTH,239998.39534375
SSP2_1000C_CACN_NoCC,2035,CHN,CROP,113678.70603928358
SSP2_1000C_CACN_NoCC,2035,CHN,PRM_FRS,208480.69822826714
SSP2_1000C_CACN_NoCC,2035,CHN,MNG_FRS,19384.162216389625
SSP2_1000C_CACN_NoCC,2035,CHN,BIOCROP,16798.088722033142
SSP2_1000C_CACN_NoCC,2035,CHN,GRAZING,382498.81328235834
SSP2_1000C_CACN_NoCC,2035,CHN,GRASS,81771.3110499168
SSP2_1000C_CACN_NoCC,2035,CHN,URB,8006.078889526368
SSP2_1000C_CACN_NoCC,2035,IND,OTH,13430.3702109375
SSP2_1000C_CACN_NoCC,2035,IND,CROP,178199.20393377665
SSP2_1000C_CACN_NoCC,2035,IND,PRM_FRS,36607.23084652591
SSP2_1000C_CACN_NoCC,2035,IND,MNG_FRS,14334.950484249955
SSP2_1000C_CACN_NoCC,2035,IND,BIOCROP,4585.819922852022
SSP2_1000C_CACN_NoCC,2035,IND,GRAZING,7997.9011698072345
SSP2_1000C_CACN_NoCC,2035,IND,GRASS,18293.002274737108
SSP2_1000C_CACN_NoCC,2035,IND,URB,3026.2728974914553
SSP2_1000C_CACN_NoCC,2035,JPN,CROP,2311.897879996008
SSP2_1000C_CACN_NoCC,2035,JPN,CROP_FLW,952.7818562793066
SSP2_1000C_CACN_NoCC,2035,JPN,PRM_FRS,22986.080623777965
SSP2_1000C_CACN_NoCC,2035,JPN,MNG_FRS,2148.6439520378576
SSP2_1000C_CACN_NoCC,2035,JPN,BIOCROP,187.68050367567048
SSP2_1000C_CACN_NoCC,2035,JPN,GRAZING,50.04882619211982
SSP2_1000C_CACN_NoCC,2035,JPN,GRASS,724.1921076665325
SSP2_1000C_CACN_NoCC,2035,JPN,URB,1710.2899680175783
SSP2_1000C_CACN_NoCC,2035,XSE,OTH,14506.901
SSP2_1000C_CACN_NoCC,2035,XSE,CROP,91161.25120790616
SSP2_1000C_CACN_NoCC,2035,XSE,CROP_FLW,6221.936900791421
SSP2_1000C_CACN_NoCC,2035,XSE,PRM_FRS,223072.57103559878
SSP2_1000C_CACN_NoCC,2035,XSE,MNG_FRS,9021.452896283157
SSP2_1000C_CACN_NoCC,2035,XSE,BIOCROP,5297.370455970001
SSP2_1000C_CACN_NoCC,2035,XSE,GRAZING,128583.31255238068
SSP2_1000C_CACN_NoCC,2035,XSE,GRASS,70907.3909590121
SSP2_1000C_CACN_NoCC,2035,XSE,URB,3032.1656320037837
SSP2_1000C_CACN_NoCC,2035,XSA,OTH,44675.7545
SSP2_1000C_CACN_NoCC,2035,XSA,CROP,44889.48512528458
SSP2_1000C_CACN_NoCC,2035,XSA,CROP_FLW,4245.409056841396
SSP2_1000C_CACN_NoCC,2035,XSA,PRM_FRS,8606.7347595832
SSP2_1000C_CACN_NoCC,2035,XSA,MNG_FRS,4327.7582396886655
SSP2_1000C_CACN_NoCC,2035,XSA,BIOCROP,541.0287242967414
SSP2_1000C_CACN_NoCC,2035,XSA,GRAZING,38879.358460016934
SSP2_1000C_CACN_NoCC,2035,XSA,GRASS,37573.14706206441
SSP2_1000C_CACN_NoCC,2035,XSA,URB,866.7895990753174
SSP2_1000C_CACN_NoCC,2035,CAN,OTH,283585.656
SSP2_1000C_CACN_NoCC,2035,CAN,CROP,33993.52898475327
SSP2_1000C_CACN_NoCC,2035,CAN,CROP_FLW,22271.575414667634
SSP2_1000C_CACN_NoCC,2035,CAN,PRM_FRS,255258.89569620625
SSP2_1000C_CACN_NoCC,2035,CAN,MNG_FRS,46940.06877148172
SSP2_1000C_CACN_NoCC,2035,CAN,BIOCROP,5512.603673955454
SSP2_1000C_CACN_NoCC,2035,CAN,GRAZING,14871.911449296118
SSP2_1000C_CACN_NoCC,2035,CAN,GRASS,6501.172552772152
SSP2_1000C_CACN_NoCC,2035,CAN,URB,785.9824775390625
SSP2_1000C_CACN_NoCC,2035,BRA,CROP,66621.17654433346
SSP2_1000C_CACN_NoCC,2035,BRA,CROP_FLW,1122.0285577692887
SSP2_1000C_CACN_NoCC,2035,BRA,PRM_FRS,546880.5108042916
SSP2_1000C_CACN_NoCC,2035,BRA,MNG_FRS,5213.408734629845
SSP2_1000C_CACN_NoCC,2035,BRA,BIOCROP,1915.7492149190907
SSP2_1000C_CACN_NoCC,2035,BRA,GRAZING,185300.00251401903
SSP2_1000C_CACN_NoCC,2035,BRA,GRASS,93461.69208375232
SSP2_1000C_CACN_NoCC,2035,BRA,URB,3742.538360931397
SSP2_1000C_CACN_NoCC,2035,XLM,OTH,72183.21731250001
SSP2_1000C_CACN_NoCC,2035,XLM,CROP,84212.5118432536
SSP2_1000C_CACN_NoCC,2035,XLM,CROP_FLW,18163.798641338533
SSP2_1000C_CACN_NoCC,2035,XLM,PRM_FRS,458435.38184058905
SSP2_1000C_CACN_NoCC,2035,XLM,MNG_FRS,16259.22749260011
SSP2_1000C_CACN_NoCC,2035,XLM,BIOCROP,1706.6133961432051
SSP2_1000C_CACN_NoCC,2035,XLM,GRAZING,349516.13258640503
SSP2_1000C_CACN_NoCC,2035,XLM,GRASS,225488.07891882802
SSP2_1000C_CACN_NoCC,2035,XLM,URB,4894.335314867021
SSP2_1000C_CACN_NoCC,2035,CIS,OTH,253974.9918984375
SSP2_1000C_CACN_NoCC,2035,CIS,CROP,96747.62843972673
SSP2_1000C_CACN_NoCC,2035,CIS,CROP_FLW,91347.35975263313
SSP2_1000C_CACN_NoCC,2035,CIS,PRM_FRS,814100.0894997809
SSP2_1000C_CACN_NoCC,2035,CIS,MNG_FRS,43000.837497026194
SSP2_1000C_CACN_NoCC,2035,CIS,BIOCROP,5365.312227901494
SSP2_1000C_CACN_NoCC,2035,CIS,GRAZING,359482.1063595723
SSP2_1000C_CACN_NoCC,2035,CIS,GRASS,195254.54845712162
SSP2_1000C_CACN_NoCC,2035,CIS,URB,5880.5270887603765
SSP2_1000C_CACN_NoCC,2035,XME,OTH,281021.7655625
SSP2_1000C_CACN_NoCC,2035,XME,CROP,35857.196748747614
SSP2_1000C_CACN_NoCC,2035,XME,CROP_FLW,2771.338516662707
SSP2_1000C_CACN_NoCC,2035,XME,PRM_FRS,9102.026625257353
SSP2_1000C_CACN_NoCC,2035,XME,MNG_FRS,660.120044715427
SSP2_1000C_CACN_NoCC,2035,XME,BIOCROP,5723.692341954916
SSP2_1000C_CACN_NoCC,2035,XME,GRAZING,252469.89653082984
SSP2_1000C_CACN_NoCC,2035,XME,GRASS,90410.00054791452
SSP2_1000C_CACN_NoCC,2035,XME,URB,2128.071955810547
SSP2_1000C_CACN_NoCC,2035,XNF,OTH,456890.6350624999
SSP2_1000C_CACN_NoCC,2035,XNF,CROP,28679.67139129602
SSP2_1000C_CACN_NoCC,2035,XNF,CROP_FLW,3009.536704452372
SSP2_1000C_CACN_NoCC,2035,XNF,PRM_FRS,2996.6098243253155
SSP2_1000C_CACN_NoCC,2035,XNF,MNG_FRS,72.50514671937152
SSP2_1000C_CACN_NoCC,2035,XNF,BIOCROP,3104.4192231218904
SSP2_1000C_CACN_NoCC,2035,XNF,GRAZING,71277.58721878976
SSP2_1000C_CACN_NoCC,2035,XNF,GRASS,6107.637932361995
SSP2_1000C_CACN_NoCC,2035,XNF,URB,927.4797019042969
SSP2_1000C_CACN_NoCC,2035,XAF,OTH,399410.63371875
SSP2_1000C_CACN_NoCC,2035,XAF,CROP,323132.21476384153
SSP2_1000C_CACN_NoCC,2035,XAF,CROP_FLW,20115.938995269957
SSP2_1000C_CACN_NoCC,2035,XAF,PRM_FRS,597948.3814924243
SSP2_1000C_CACN_NoCC,2035,XAF,MNG_FRS,21996.378322561686
SSP2_1000C_CACN_NoCC,2035,XAF,BIOCROP,568.8424888908609
SSP2_1000C_CACN_NoCC,2035,XAF,GRAZING,826526.7506775652
SSP2_1000C_CACN_NoCC,2035,XAF,GRASS,546984.2914267237
SSP2_1000C_CACN_NoCC,2035,XAF,URB,2896.931178625107
SSP2_1000C_CACN_NoCC,2035,ASIA2,OTH,312611.42105468747
SSP2_1000C_CACN_NoCC,2035,ASIA2,CROP,430240.544186247
SSP2_1000C_CACN_NoCC,2035,ASIA2,CROP_FLW,11420.127813912124
SSP2_1000C_CACN_NoCC,2035,ASIA2,PRM_FRS,499753.315493753
SSP2_1000C_CACN_NoCC,2035,ASIA2,MNG_FRS,49216.967788649265
SSP2_1000C_CACN_NoCC,2035,ASIA2,BIOCROP,27409.988328827578
SSP2_1000C_CACN_NoCC,2035,ASIA2,GRAZING,558009.4342907553
SSP2_1000C_CACN_NoCC,2035,ASIA2,GRASS,209269.04345339697
SSP2_1000C_CACN_NoCC,2035,ASIA2,URB,16641.596986114502
SSP2_1000C_CACN_NoCC,2035,World,OTH,2111196.772609375
SSP2_1000C_CACN_NoCC,2035,World,CROP,1384238.8741390454
SSP2_1000C_CACN_NoCC,2035,World,CROP_FLW,310858.9159243162
SSP2_1000C_CACN_NoCC,2035,World,PRM_FRS,3700727.075862333
SSP2_1000C_CACN_NoCC,2035,World,MNG_FRS,309204.9552858155
SSP2_1000C_CACN_NoCC,2035,World,BIOCROP,99479.82408330594
SSP2_1000C_CACN_NoCC,2035,World,GRAZING,3323589.6148537253
SSP2_1000C_CACN_NoCC,2035,World,GRASS,2002486.415714657
SSP2_1000C_CACN_NoCC,2035,World,URB,61494.25336591386
SSP2_1000C_CACN_NoCC,2035,Non-OECD,OTH,1776092.664609375
SSP2_1000C_CACN_NoCC,2035,Non-OECD,CROP,1063179.04603745
SSP2_1000C_CACN_NoCC,2035,Non-OECD,CROP_FLW,146997.34712575882
SSP2_1000C_CACN_NoCC,2035,Non-OECD,PRM_FRS,2906230.234956644
SSP2_1000C_CACN_NoCC,2035,Non-OECD,MNG_FRS,134270.80107486402
SSP2_1000C_CACN_NoCC,2035,Non-OECD,BIOCROP,45606.936718083365
SSP2_1000C_CACN_NoCC,2035,Non-OECD,GRAZING,2602531.8613517447
SSP2_1000C_CACN_NoCC,2035,Non-OECD,GRASS,1366251.1007124325
SSP2_1000C_CACN_NoCC,2035,Non-OECD,URB,35401.19061899567
SSP2_1000C_CACN_NoCC,2035,Industrial,OTH,321872.108
SSP2_1000C_CACN_NoCC,2035,Industrial,CROP,254293.03778333613
SSP2_1000C_CACN_NoCC,2035,Industrial,CROP_FLW,155325.67193267302
SSP2_1000C_CACN_NoCC,2035,Industrial,PRM_FRS,762138.8344158682
SSP2_1000C_CACN_NoCC,2035,Industrial,MNG_FRS,167654.00931721355
SSP2_1000C_CACN_NoCC,2035,Industrial,BIOCROP,49749.81661669774
SSP2_1000C_CACN_NoCC,2035,Industrial,GRAZING,691641.5437254023
SSP2_1000C_CACN_NoCC,2035,Industrial,GRASS,610258.5309250604
SSP2_1000C_CACN_NoCC,2035,Industrial,URB,24181.440413742544
SSP2_1000C_CACN_NoCC,2035,Transition,OTH,520635.75745312497
SSP2_1000C_CACN_NoCC,2035,Transition,CROP,522013.5052753797
SSP2_1000C_CACN_NoCC,2035,Transition,CROP_FLW,101005.2851762868
SSP2_1000C_CACN_NoCC,2035,Transition,PRM_FRS,1638426.535868687
SSP2_1000C_CACN_NoCC,2035,Transition,MNG_FRS,89213.5038260336
SSP2_1000C_CACN_NoCC,2035,Transition,BIOCROP,32788.04083623058
SSP2_1000C_CACN_NoCC,2035,Transition,GRAZING,964695.0331023359
SSP2_1000C_CACN_NoCC,2035,Transition,GRASS,414757.33794269175
SSP2_1000C_CACN_NoCC,2035,Transition,URB,22567.039569885255
SSP2_1000C_CACN_NoCC,2035,Developing,OTH,1268688.90715625
SSP2_1000C_CACN_NoCC,2035,Developing,CROP,607932.3310803295
SSP2_1000C_CACN_NoCC,2035,Developing,CROP_FLW,54527.95881535639
SSP2_1000C_CACN_NoCC,2035,Developing,PRM_FRS,1300161.705577778
SSP2_1000C_CACN_NoCC,2035,Developing,MNG_FRS,52337.44214256841
SSP2_1000C_CACN_NoCC,2035,Developing,BIOCROP,16941.966630377614
SSP2_1000C_CACN_NoCC,2035,Developing,GRAZING,1667253.0380259873
SSP2_1000C_CACN_NoCC,2035,Developing,GRASS,977470.5468469048
SSP2_1000C_CACN_NoCC,2035,Developing,URB,14745.773382286072
SSP2_1000C_CACN_NoCC,2035,R5ASIA,OTH,312611.42105468747
SSP2_1000C_CACN_NoCC,2035,R5ASIA,CROP,427928.646306251
SSP2_1000C_CACN_NoCC,2035,R5ASIA,CROP_FLW,10467.345957632817
SSP2_1000C_CACN_NoCC,2035,R5ASIA,PRM_FRS,476767.2348699751
SSP2_1000C_CACN_NoCC,2035,R5ASIA,MNG_FRS,47068.3238366114
SSP2_1000C_CACN_NoCC,2035,R5ASIA,BIOCROP,27222.307825151907
SSP2_1000C_CACN_NoCC,2035,R5ASIA,GRAZING,557959.3854645632
SSP2_1000C_CACN_NoCC,2035,R5ASIA,GRASS,208544.85134573042
SSP2_1000C_CACN_NoCC,2035,R5ASIA,URB,14931.307018096923
SSP2_1000C_CACN_NoCC,2035,R5OECD90+EU,OTH,335104.108
SSP2_1000C_CACN_NoCC,2035,R5OECD90+EU,CROP,321059.8281015954
SSP2_1000C_CACN_NoCC,2035,R5OECD90+EU,CROP_FLW,163861.56879855742
SSP2_1000C_CACN_NoCC,2035,R5OECD90+EU,PRM_FRS,794496.8409056895
SSP2_1000C_CACN_NoCC,2035,R5OECD90+EU,MNG_FRS,174934.15421095153
SSP2_1000C_CACN_NoCC,2035,R5OECD90+EU,BIOCROP,53872.887365222574
SSP2_1000C_CACN_NoCC,2035,R5OECD90+EU,GRAZING,721057.7535019811
SSP2_1000C_CACN_NoCC,2035,R5OECD90+EU,GRASS,636235.3150022243
SSP2_1000C_CACN_NoCC,2035,R5OECD90+EU,URB,26093.062746918204
SSP2_1000C_CACN_NoCC,2035,R5REF,OTH,253974.9918984375
SSP2_1000C_CACN_NoCC,2035,R5REF,CROP,96747.62843972673
SSP2_1000C_CACN_NoCC,2035,R5REF,CROP_FLW,91347.35975263313
SSP2_1000C_CACN_NoCC,2035,R5REF,PRM_FRS,814100.0894997809
SSP2_1000C_CACN_NoCC,2035,R5REF,MNG_FRS,43000.837497026194
SSP2_1000C_CACN_NoCC,2035,R5REF,BIOCROP,5365.312227901494
SSP2_1000C_CACN_NoCC,2035,R5REF,GRAZING,359482.1063595723
SSP2_1000C_CACN_NoCC,2035,R5REF,GRASS,195254.54845712162
SSP2_1000C_CACN_NoCC,2035,R5REF,URB,5880.5270887603765
SSP2_1000C_CACN_NoCC,2035,R5MAF,OTH,1137323.0343437498
SSP2_1000C_CACN_NoCC,2035,R5MAF,CROP,387669.08290388517
SSP2_1000C_CACN_NoCC,2035,R5MAF,CROP_FLW,25896.814216385035
SSP2_1000C_CACN_NoCC,2035,R5MAF,PRM_FRS,610047.0179420069
SSP2_1000C_CACN_NoCC,2035,R5MAF,MNG_FRS,22729.003513996486
SSP2_1000C_CACN_NoCC,2035,R5MAF,BIOCROP,9396.954053967667
SSP2_1000C_CACN_NoCC,2035,R5MAF,GRAZING,1150274.2344271848
SSP2_1000C_CACN_NoCC,2035,R5MAF,GRASS,643501.9299070002
SSP2_1000C_CACN_NoCC,2035,R5MAF,URB,5952.48283633995
SSP2_1000C_CACN_NoCC,2035,R5LAM,OTH,72183.21731250001
SSP2_1000C_CACN_NoCC,2035,R5LAM,CROP,150833.68838758706
SSP2_1000C_CACN_NoCC,2035,R5LAM,CROP_FLW,19285.82719910782
SSP2_1000C_CACN_NoCC,2035,R5LAM,PRM_FRS,1005315.8926448806
SSP2_1000C_CACN_NoCC,2035,R5LAM,MNG_FRS,21472.636227229956
SSP2_1000C_CACN_NoCC,2035,R5LAM,BIOCROP,3622.362611062296
SSP2_1000C_CACN_NoCC,2035,R5LAM,GRAZING,534816.135100424
SSP2_1000C_CACN_NoCC,2035,R5LAM,GRASS,318949.77100258035
SSP2_1000C_CACN_NoCC,2035,R5LAM,URB,8636.873675798419
SSP2_1000C_CACN_NoCC,2040,USA,OTH,33613.452
SSP2_1000C_CACN_NoCC,2040,USA,CROP,116158.29235866999
SSP2_1000C_CACN_NoCC,2040,USA,CROP_FLW,72422.28261001309
SSP2_1000C_CACN_NoCC,2040,USA,PRM_FRS,228235.59028649598
SSP2_1000C_CACN_NoCC,2040,USA,MNG_FRS,55077.46851621054
SSP2_1000C_CACN_NoCC,2040,USA,BIOCROP,32556.487902761717
SSP2_1000C_CACN_NoCC,2040,USA,GRAZING,233174.28515018593
SSP2_1000C_CACN_NoCC,2040,USA,GRASS,96527.50205947847
SSP2_1000C_CACN_NoCC,2040,USA,URB,11695.345311309815
SSP2_1000C_CACN_NoCC,2040,XE25,OTH,3206.0
SSP2_1000C_CACN_NoCC,2040,XE25,CROP,70338.5433065372
SSP2_1000C_CACN_NoCC,2040,XE25,CROP_FLW,22976.21082185741
SSP2_1000C_CACN_NoCC,2040,XE25,PRM_FRS,82059.54722328988
SSP2_1000C_CACN_NoCC,2040,XE25,MNG_FRS,55837.88478234137
SSP2_1000C_CACN_NoCC,2040,XE25,BIOCROP,24689.96653692407
SSP2_1000C_CACN_NoCC,2040,XE25,GRAZING,58524.14167380393
SSP2_1000C_CACN_NoCC,2040,XE25,GRASS,29277.97371099226
SSP2_1000C_CACN_NoCC,2040,XE25,URB,9106.496241195679
SSP2_1000C_CACN_NoCC,2040,XER,OTH,13232.0
SSP2_1000C_CACN_NoCC,2040,XER,CROP,41588.902749300614
SSP2_1000C_CACN_NoCC,2040,XER,CROP_FLW,3636.8959083133836
SSP2_1000C_CACN_NoCC,2040,XER,PRM_FRS,24291.125751100655
SSP2_1000C_CACN_NoCC,2040,XER,MNG_FRS,5793.529640462037
SSP2_1000C_CACN_NoCC,2040,XER,BIOCROP,4029.1741904907035
SSP2_1000C_CACN_NoCC,2040,XER,GRAZING,15270.4665429176
SSP2_1000C_CACN_NoCC,2040,XER,GRASS,4508.0169788045205
SSP2_1000C_CACN_NoCC,2040,XER,URB,1090.242361709595
SSP2_1000C_CACN_NoCC,2040,TUR,CROP,23641.368863781197
SSP2_1000C_CACN_NoCC,2040,TUR,CROP_FLW,4832.882270228472
SSP2_1000C_CACN_NoCC,2040,TUR,PRM_FRS,8418.745882622185
SSP2_1000C_CACN_NoCC,2040,TUR,MNG_FRS,1190.5331026740369
SSP2_1000C_CACN_NoCC,2040,TUR,BIOCROP,1767.9009624125538
SSP2_1000C_CACN_NoCC,2040,TUR,GRAZING,14229.384063583591
SSP2_1000C_CACN_NoCC,2040,TUR,GRASS,21257.976263279194
SSP2_1000C_CACN_NoCC,2040,TUR,URB,821.3799714660644
SSP2_1000C_CACN_NoCC,2040,XOC,OTH,1467.0
SSP2_1000C_CACN_NoCC,2040,XOC,CROP,30840.95318801217
SSP2_1000C_CACN_NoCC,2040,XOC,CROP_FLW,32919.89697096926
SSP2_1000C_CACN_NoCC,2040,XOC,PRM_FRS,173763.6700929877
SSP2_1000C_CACN_NoCC,2040,XOC,MNG_FRS,4585.9423693191975
SSP2_1000C_CACN_NoCC,2040,XOC,BIOCROP,772.048621850539
SSP2_1000C_CACN_NoCC,2040,XOC,GRAZING,383794.6709125333
SSP2_1000C_CACN_NoCC,2040,XOC,GRASS,471817.00332826277
SSP2_1000C_CACN_NoCC,2040,XOC,URB,883.3264156804086
SSP2_1000C_CACN_NoCC,2040,CHN,OTH,239998.39534375
SSP2_1000C_CACN_NoCC,2040,CHN,CROP,104822.48987899035
SSP2_1000C_CACN_NoCC,2040,CHN,PRM_FRS,214951.77844064342
SSP2_1000C_CACN_NoCC,2040,CHN,MNG_FRS,17845.00726887359
SSP2_1000C_CACN_NoCC,2040,CHN,BIOCROP,24245.212963037233
SSP2_1000C_CACN_NoCC,2040,CHN,GRAZING,381044.0188987088
SSP2_1000C_CACN_NoCC,2040,CHN,GRASS,79703.27208799505
SSP2_1000C_CACN_NoCC,2040,CHN,URB,8006.078889526368
SSP2_1000C_CACN_NoCC,2040,IND,OTH,13430.3702109375
SSP2_1000C_CACN_NoCC,2040,IND,CROP,177287.4873248949
SSP2_1000C_CACN_NoCC,2040,IND,PRM_FRS,36607.23084652591
SSP2_1000C_CACN_NoCC,2040,IND,MNG_FRS,13923.227033433799
SSP2_1000C_CACN_NoCC,2040,IND,BIOCROP,7432.247684960802
SSP2_1000C_CACN_NoCC,2040,IND,GRAZING,7870.402698052159
SSP2_1000C_CACN_NoCC,2040,IND,GRASS,16897.513044081104
SSP2_1000C_CACN_NoCC,2040,IND,URB,3026.2728974914553
SSP2_1000C_CACN_NoCC,2040,JPN,CROP,2181.5114266199025
SSP2_1000C_CACN_NoCC,2040,JPN,CROP_FLW,966.0654811720402
SSP2_1000C_CACN_NoCC,2040,JPN,PRM_FRS,23158.628428862994
SSP2_1000C_CACN_NoCC,2040,JPN,MNG_FRS,2023.5068034611918
SSP2_1000C_CACN_NoCC,2040,JPN,BIOCROP,250.26115106665264
SSP2_1000C_CACN_NoCC,2040,JPN,GRAZING,50.139264657354396
SSP2_1000C_CACN_NoCC,2040,JPN,GRASS,731.2131937853205
SSP2_1000C_CACN_NoCC,2040,JPN,URB,1710.2899680175783
SSP2_1000C_CACN_NoCC,2040,XSE,OTH,14506.901
SSP2_1000C_CACN_NoCC,2040,XSE,CROP,88454.30611633681
SSP2_1000C_CACN_NoCC,2040,XSE,CROP_FLW,5736.833777120889
SSP2_1000C_CACN_NoCC,2040,XSE,PRM_FRS,223072.57103560996
SSP2_1000C_CACN_NoCC,2040,XSE,MNG_FRS,8716.216816743794
SSP2_1000C_CACN_NoCC,2040,XSE,BIOCROP,9293.706893059883
SSP2_1000C_CACN_NoCC,2040,XSE,GRAZING,129305.89498260568
SSP2_1000C_CACN_NoCC,2040,XSE,GRASS,69685.75638637997
SSP2_1000C_CACN_NoCC,2040,XSE,URB,3032.1656320037837
SSP2_1000C_CACN_NoCC,2040,XSA,OTH,44675.7545
SSP2_1000C_CACN_NoCC,2040,XSA,CROP,45797.74322120853
SSP2_1000C_CACN_NoCC,2040,XSA,CROP_FLW,3805.3955082622692
SSP2_1000C_CACN_NoCC,2040,XSA,PRM_FRS,8679.14656275707
SSP2_1000C_CACN_NoCC,2040,XSA,MNG_FRS,4266.591980754299
SSP2_1000C_CACN_NoCC,2040,XSA,BIOCROP,917.8735653707273
SSP2_1000C_CACN_NoCC,2040,XSA,GRAZING,39393.76686103364
SSP2_1000C_CACN_NoCC,2040,XSA,GRASS,36202.40372838954
SSP2_1000C_CACN_NoCC,2040,XSA,URB,866.7895990753174
SSP2_1000C_CACN_NoCC,2040,CAN,OTH,283585.656
SSP2_1000C_CACN_NoCC,2040,CAN,CROP,34785.519850734156
SSP2_1000C_CACN_NoCC,2040,CAN,CROP_FLW,21108.517227870256
SSP2_1000C_CACN_NoCC,2040,CAN,PRM_FRS,255258.89569620625
SSP2_1000C_CACN_NoCC,2040,CAN,MNG_FRS,46097.85338845302
SSP2_1000C_CACN_NoCC,2040,CAN,BIOCROP,7213.359407499624
SSP2_1000C_CACN_NoCC,2040,CAN,GRAZING,14813.109254361874
SSP2_1000C_CACN_NoCC,2040,CAN,GRASS,6072.501718007443
SSP2_1000C_CACN_NoCC,2040,CAN,URB,785.9824775390625
SSP2_1000C_CACN_NoCC,2040,BRA,CROP,68332.04320584718
SSP2_1000C_CACN_NoCC,2040,BRA,CROP_FLW,969.7403981801857
SSP2_1000C_CACN_NoCC,2040,BRA,PRM_FRS,546880.5108042915
SSP2_1000C_CACN_NoCC,2040,BRA,MNG_FRS,4984.27747655506
SSP2_1000C_CACN_NoCC,2040,BRA,BIOCROP,2541.9132404504926
SSP2_1000C_CACN_NoCC,2040,BRA,GRAZING,187353.25668260502
SSP2_1000C_CACN_NoCC,2040,BRA,GRASS,89452.82664578491
SSP2_1000C_CACN_NoCC,2040,BRA,URB,3742.538360931397
SSP2_1000C_CACN_NoCC,2040,XLM,OTH,72183.21731250001
SSP2_1000C_CACN_NoCC,2040,XLM,CROP,86512.09653818121
SSP2_1000C_CACN_NoCC,2040,XLM,CROP_FLW,16929.279599318354
SSP2_1000C_CACN_NoCC,2040,XLM,PRM_FRS,462275.9029059265
SSP2_1000C_CACN_NoCC,2040,XLM,MNG_FRS,15702.64582726548
SSP2_1000C_CACN_NoCC,2040,XLM,BIOCROP,2440.8820210613644
SSP2_1000C_CACN_NoCC,2040,XLM,GRAZING,352348.2077497611
SSP2_1000C_CACN_NoCC,2040,XLM,GRASS,217572.73007764338
SSP2_1000C_CACN_NoCC,2040,XLM,URB,4894.335314867021
SSP2_1000C_CACN_NoCC,2040,CIS,OTH,253974.9918984375
SSP2_1000C_CACN_NoCC,2040,CIS,CROP,93117.93716727746
SSP2_1000C_CACN_NoCC,2040,CIS,CROP_FLW,90737.28364162958
SSP2_1000C_CACN_NoCC,2040,CIS,PRM_FRS,814202.8036331413
SSP2_1000C_CACN_NoCC,2040,CIS,MNG_FRS,41221.099311523074
SSP2_1000C_CACN_NoCC,2040,CIS,BIOCROP,11624.041416689108
SSP2_1000C_CACN_NoCC,2040,CIS,GRAZING,361275.5128736887
SSP2_1000C_CACN_NoCC,2040,CIS,GRASS,193119.20418981346
SSP2_1000C_CACN_NoCC,2040,CIS,URB,5880.5270887603765
SSP2_1000C_CACN_NoCC,2040,XME,OTH,281021.7655625
SSP2_1000C_CACN_NoCC,2040,XME,CROP,35064.38589642015
SSP2_1000C_CACN_NoCC,2040,XME,CROP_FLW,2531.945597897916
SSP2_1000C_CACN_NoCC,2040,XME,PRM_FRS,9102.026625257353
SSP2_1000C_CACN_NoCC,2040,XME,MNG_FRS,652.2586907615815
SSP2_1000C_CACN_NoCC,2040,XME,BIOCROP,8108.256197684215
SSP2_1000C_CACN_NoCC,2040,XME,GRAZING,254394.88029640625
SSP2_1000C_CACN_NoCC,2040,XME,GRASS,87140.51805165489
SSP2_1000C_CACN_NoCC,2040,XME,URB,2128.071955810547
SSP2_1000C_CACN_NoCC,2040,XNF,OTH,456890.6350624999
SSP2_1000C_CACN_NoCC,2040,XNF,CROP,28759.908625378375
SSP2_1000C_CACN_NoCC,2040,XNF,CROP_FLW,2621.2624263697007
SSP2_1000C_CACN_NoCC,2040,XNF,PRM_FRS,2996.6098243253155
SSP2_1000C_CACN_NoCC,2040,XNF,MNG_FRS,70.8966026255805
SSP2_1000C_CACN_NoCC,2040,XNF,BIOCROP,3335.8699065712017
SSP2_1000C_CACN_NoCC,2040,XNF,GRAZING,72200.0359754518
SSP2_1000C_CACN_NoCC,2040,XNF,GRASS,5263.384080344705
SSP2_1000C_CACN_NoCC,2040,XNF,URB,927.4797019042969
SSP2_1000C_CACN_NoCC,2040,XAF,OTH,399410.63371875
SSP2_1000C_CACN_NoCC,2040,XAF,CROP,347396.708659912
SSP2_1000C_CACN_NoCC,2040,XAF,CROP_FLW,16757.0569808275
SSP2_1000C_CACN_NoCC,2040,XAF,PRM_FRS,597948.3814924243
SSP2_1000C_CACN_NoCC,2040,XAF,MNG_FRS,22038.580295916174
SSP2_1000C_CACN_NoCC,2040,XAF,BIOCROP,1108.9655958223289
SSP2_1000C_CACN_NoCC,2040,XAF,GRAZING,844337.8606188153
SSP2_1000C_CACN_NoCC,2040,XAF,GRASS,507685.2445235599
SSP2_1000C_CACN_NoCC,2040,XAF,URB,2896.931178625107
SSP2_1000C_CACN_NoCC,2040,ASIA2,OTH,312611.42105468747
SSP2_1000C_CACN_NoCC,2040,ASIA2,CROP,418543.5379680505
SSP2_1000C_CACN_NoCC,2040,ASIA2,CROP_FLW,10508.294766555198
SSP2_1000C_CACN_NoCC,2040,ASIA2,PRM_FRS,506469.35531439935
SSP2_1000C_CACN_NoCC,2040,ASIA2,MNG_FRS,46774.54990326667
SSP2_1000C_CACN_NoCC,2040,ASIA2,BIOCROP,42139.3022574953
SSP2_1000C_CACN_NoCC,2040,ASIA2,GRAZING,557664.2227050576
SSP2_1000C_CACN_NoCC,2040,ASIA2,GRASS,203220.158440631
SSP2_1000C_CACN_NoCC,2040,ASIA2,URB,16641.596986114502
SSP2_1000C_CACN_NoCC,2040,World,OTH,2111196.772609375
SSP2_1000C_CACN_NoCC,2040,World,CROP,1395080.1983781022
SSP2_1000C_CACN_NoCC,2040,World,CROP_FLW,298951.54922003025
SSP2_1000C_CACN_NoCC,2040,World,PRM_FRS,3711903.1655324684
SSP2_1000C_CACN_NoCC,2040,World,MNG_FRS,300027.5199073739
SSP2_1000C_CACN_NoCC,2040,World,BIOCROP,142328.1682577132
SSP2_1000C_CACN_NoCC,2040,World,GRAZING,3349380.0344991717
SSP2_1000C_CACN_NoCC,2040,World,GRASS,1932915.040068257
SSP2_1000C_CACN_NoCC,2040,World,URB,61494.25336591386
SSP2_1000C_CACN_NoCC,2040,Non-OECD,OTH,1776092.664609375
SSP2_1000C_CACN_NoCC,2040,Non-OECD,CROP,1075545.106634447
SSP2_1000C_CACN_NoCC,2040,Non-OECD,CROP_FLW,140088.79792960637
SSP2_1000C_CACN_NoCC,2040,Non-OECD,PRM_FRS,2916716.962170903
SSP2_1000C_CACN_NoCC,2040,Non-OECD,MNG_FRS,129420.80130445241
SSP2_1000C_CACN_NoCC,2040,Non-OECD,BIOCROP,71048.96948470736
SSP2_1000C_CACN_NoCC,2040,Non-OECD,GRAZING,2629523.8376371283
SSP2_1000C_CACN_NoCC,2040,Non-OECD,GRASS,1302722.852815647
SSP2_1000C_CACN_NoCC,2040,Non-OECD,URB,35401.19061899567
SSP2_1000C_CACN_NoCC,2040,Industrial,OTH,321872.108
SSP2_1000C_CACN_NoCC,2040,Industrial,CROP,254304.8201305734
SSP2_1000C_CACN_NoCC,2040,Industrial,CROP_FLW,150392.97311188208
SSP2_1000C_CACN_NoCC,2040,Industrial,PRM_FRS,762476.3317278428
SSP2_1000C_CACN_NoCC,2040,Industrial,MNG_FRS,163622.6558597853
SSP2_1000C_CACN_NoCC,2040,Industrial,BIOCROP,65482.1236201026
SSP2_1000C_CACN_NoCC,2040,Industrial,GRAZING,690356.3462555424
SSP2_1000C_CACN_NoCC,2040,Industrial,GRASS,604426.1940105263
SSP2_1000C_CACN_NoCC,2040,Industrial,URB,24181.440413742544
SSP2_1000C_CACN_NoCC,2040,Transition,OTH,520635.75745312497
SSP2_1000C_CACN_NoCC,2040,Transition,CROP,508790.2291900917
SSP2_1000C_CACN_NoCC,2040,Transition,CROP_FLW,100176.80221835162
SSP2_1000C_CACN_NoCC,2040,Transition,PRM_FRS,1645352.195358325
SSP2_1000C_CACN_NoCC,2040,Transition,MNG_FRS,84957.6738335216
SSP2_1000C_CACN_NoCC,2040,Transition,BIOCROP,51640.49045804089
SSP2_1000C_CACN_NoCC,2040,Transition,GRAZING,967043.0417595559
SSP2_1000C_CACN_NoCC,2040,Transition,GRASS,404938.80920975824
SSP2_1000C_CACN_NoCC,2040,Transition,URB,22567.039569885255
SSP2_1000C_CACN_NoCC,2040,Developing,OTH,1268688.90715625
SSP2_1000C_CACN_NoCC,2040,Developing,CROP,631985.1490574371
SSP2_1000C_CACN_NoCC,2040,Developing,CROP_FLW,48381.773889796634
SSP2_1000C_CACN_NoCC,2040,Developing,PRM_FRS,1304074.6384463005
SSP2_1000C_CACN_NoCC,2040,Developing,MNG_FRS,51447.19021406691
SSP2_1000C_CACN_NoCC,2040,Developing,BIOCROP,25205.554179569725
SSP2_1000C_CACN_NoCC,2040,Developing,GRAZING,1691980.6464840737
SSP2_1000C_CACN_NoCC,2040,Developing,GRASS,923550.0368479723
SSP2_1000C_CACN_NoCC,2040,Developing,URB,14745.773382286072
SSP2_1000C_CACN_NoCC,2040,R5ASIA,OTH,312611.42105468747
SSP2_1000C_CACN_NoCC,2040,R5ASIA,CROP,416362.02654143056
SSP2_1000C_CACN_NoCC,2040,R5ASIA,CROP_FLW,9542.229285383159
SSP2_1000C_CACN_NoCC,2040,R5ASIA,PRM_FRS,483310.72688553634
SSP2_1000C_CACN_NoCC,2040,R5ASIA,MNG_FRS,44751.04309980548
SSP2_1000C_CACN_NoCC,2040,R5ASIA,BIOCROP,41889.041106428645
SSP2_1000C_CACN_NoCC,2040,R5ASIA,GRAZING,557614.0834404003
SSP2_1000C_CACN_NoCC,2040,R5ASIA,GRASS,202488.94524684566
SSP2_1000C_CACN_NoCC,2040,R5ASIA,URB,14931.307018096923
SSP2_1000C_CACN_NoCC,2040,R5OECD90+EU,OTH,335104.108
SSP2_1000C_CACN_NoCC,2040,R5OECD90+EU,CROP,319535.0917436552
SSP2_1000C_CACN_NoCC,2040,R5OECD90+EU,CROP_FLW,158862.7512904239
SSP2_1000C_CACN_NoCC,2040,R5OECD90+EU,PRM_FRS,795186.2033615656
SSP2_1000C_CACN_NoCC,2040,R5OECD90+EU,MNG_FRS,170606.71860292135
SSP2_1000C_CACN_NoCC,2040,R5OECD90+EU,BIOCROP,71279.19877300586
SSP2_1000C_CACN_NoCC,2040,R5OECD90+EU,GRAZING,719856.1968620436
SSP2_1000C_CACN_NoCC,2040,R5OECD90+EU,GRASS,630192.18725261
SSP2_1000C_CACN_NoCC,2040,R5OECD90+EU,URB,26093.062746918204
SSP2_1000C_CACN_NoCC,2040,R5REF,OTH,253974.9918984375
SSP2_1000C_CACN_NoCC,2040,R5REF,CROP,93117.93716727746
SSP2_1000C_CACN_NoCC,2040,R5REF,CROP_FLW,90737.28364162958
SSP2_1000C_CACN_NoCC,2040,R5REF,PRM_FRS,814202.8036331413
SSP2_1000C_CACN_NoCC,2040,R5REF,MNG_FRS,41221.099311523074
SSP2_1000C_CACN_NoCC,2040,R5REF,BIOCROP,11624.041416689108
SSP2_1000C_CACN_NoCC,2040,R5REF,GRAZING,361275.5128736887
SSP2_1000C_CACN_NoCC,2040,R5REF,GRASS,193119.20418981346
SSP2_1000C_CACN_NoCC,2040,R5REF,URB,5880.5270887603765
SSP2_1000C_CACN_NoCC,2040,R5MAF,OTH,1137323.0343437498
SSP2_1000C_CACN_NoCC,2040,R5MAF,CROP,411221.0031817105
SSP2_1000C_CACN_NoCC,2040,R5MAF,CROP_FLW,21910.265005095116
SSP2_1000C_CACN_NoCC,2040,R5MAF,PRM_FRS,610047.0179420069
SSP2_1000C_CACN_NoCC,2040,R5MAF,MNG_FRS,22761.735589303335
SSP2_1000C_CACN_NoCC,2040,R5MAF,BIOCROP,12553.091700077746
SSP2_1000C_CACN_NoCC,2040,R5MAF,GRAZING,1170932.7768906732
SSP2_1000C_CACN_NoCC,2040,R5MAF,GRASS,600089.1466555594
SSP2_1000C_CACN_NoCC,2040,R5MAF,URB,5952.48283633995
SSP2_1000C_CACN_NoCC,2040,R5LAM,OTH,72183.21731250001
SSP2_1000C_CACN_NoCC,2040,R5LAM,CROP,154844.1397440284
SSP2_1000C_CACN_NoCC,2040,R5LAM,CROP_FLW,17899.01999749854
SSP2_1000C_CACN_NoCC,2040,R5LAM,PRM_FRS,1009156.4137102179
SSP2_1000C_CACN_NoCC,2040,R5LAM,MNG_FRS,20686.923303820542
SSP2_1000C_CACN_NoCC,2040,R5LAM,BIOCROP,4982.7952615118575
SSP2_1000C_CACN_NoCC,2040,R5LAM,GRAZING,539701.4644323662
SSP2_1000C_CACN_NoCC,2040,R5LAM,GRASS,307025.5567234283
SSP2_1000C_CACN_NoCC,2040,R5LAM,URB,8636.873675798419
SSP2_1000C_CACN_NoCC,2045,USA,OTH,33613.452
SSP2_1000C_CACN_NoCC,2045,USA,CROP,116854.94235631227
SSP2_1000C_CACN_NoCC,2045,USA,CROP_FLW,70535.70181900138
SSP2_1000C_CACN_NoCC,2045,USA,PRM_FRS,228235.59028649598
SSP2_1000C_CACN_NoCC,2045,USA,MNG_FRS,53808.9221323895
SSP2_1000C_CACN_NoCC,2045,USA,BIOCROP,37941.3983879444
SSP2_1000C_CACN_NoCC,2045,USA,GRAZING,232765.6852749813
SSP2_1000C_CACN_NoCC,2045,USA,GRASS,94009.66862669105
SSP2_1000C_CACN_NoCC,2045,USA,URB,11695.345311309815
SSP2_1000C_CACN_NoCC,2045,XE25,OTH,3206.0
SSP2_1000C_CACN_NoCC,2045,XE25,CROP,68189.84241171204
SSP2_1000C_CACN_NoCC,2045,XE25,CROP_FLW,21455.897103249834
SSP2_1000C_CACN_NoCC,2045,XE25,PRM_FRS,82319.37568399019
SSP2_1000C_CACN_NoCC,2045,XE25,MNG_FRS,54035.15476494506
SSP2_1000C_CACN_NoCC,2045,XE25,BIOCROP,31284.26448837933
SSP2_1000C_CACN_NoCC,2045,XE25,GRAZING,58418.67059057173
SSP2_1000C_CACN_NoCC,2045,XE25,GRASS,28001.063012897976
SSP2_1000C_CACN_NoCC,2045,XE25,URB,9106.496241195679
SSP2_1000C_CACN_NoCC,2045,XER,OTH,13232.0
SSP2_1000C_CACN_NoCC,2045,XER,CROP,40101.83769117011
SSP2_1000C_CACN_NoCC,2045,XER,CROP_FLW,3669.1495282569194
SSP2_1000C_CACN_NoCC,2045,XER,PRM_FRS,24600.541383567423
SSP2_1000C_CACN_NoCC,2045,XER,MNG_FRS,5528.014356040642
SSP2_1000C_CACN_NoCC,2045,XER,BIOCROP,5346.789768838547
SSP2_1000C_CACN_NoCC,2045,XER,GRAZING,15344.784570123184
SSP2_1000C_CACN_NoCC,2045,XER,GRASS,4526.994463392685
SSP2_1000C_CACN_NoCC,2045,XER,URB,1090.242361709595
SSP2_1000C_CACN_NoCC,2045,TUR,CROP,23622.172492249403
SSP2_1000C_CACN_NoCC,2045,TUR,CROP_FLW,4713.638463358258
SSP2_1000C_CACN_NoCC,2045,TUR,PRM_FRS,8418.745882622185
SSP2_1000C_CACN_NoCC,2045,TUR,MNG_FRS,1153.9906651332324
SSP2_1000C_CACN_NoCC,2045,TUR,BIOCROP,2198.0781571526704
SSP2_1000C_CACN_NoCC,2045,TUR,GRAZING,14212.101246673794
SSP2_1000C_CACN_NoCC,2045,TUR,GRASS,21020.06450139166
SSP2_1000C_CACN_NoCC,2045,TUR,URB,821.3799714660644
SSP2_1000C_CACN_NoCC,2045,XOC,OTH,1467.0
SSP2_1000C_CACN_NoCC,2045,XOC,CROP,31715.856694297658
SSP2_1000C_CACN_NoCC,2045,XOC,CROP_FLW,33245.24034230221
SSP2_1000C_CACN_NoCC,2045,XOC,PRM_FRS,173763.6700929877
SSP2_1000C_CACN_NoCC,2045,XOC,MNG_FRS,4540.441151361318
SSP2_1000C_CACN_NoCC,2045,XOC,BIOCROP,1191.9470425723655
SSP2_1000C_CACN_NoCC,2045,XOC,GRAZING,382784.8432921924
SSP2_1000C_CACN_NoCC,2045,XOC,GRASS,471252.186868221
SSP2_1000C_CACN_NoCC,2045,XOC,URB,883.3264156804086
SSP2_1000C_CACN_NoCC,2045,CHN,OTH,239998.39534375
SSP2_1000C_CACN_NoCC,2045,CHN,CROP,97099.15107026653
SSP2_1000C_CACN_NoCC,2045,CHN,PRM_FRS,219524.43579750834
SSP2_1000C_CACN_NoCC,2045,CHN,MNG_FRS,16476.107299365118
SSP2_1000C_CACN_NoCC,2045,CHN,BIOCROP,30165.889981744676
SSP2_1000C_CACN_NoCC,2045,CHN,GRAZING,379980.84296200675
SSP2_1000C_CACN_NoCC,2045,CHN,GRASS,79365.3524273572
SSP2_1000C_CACN_NoCC,2045,CHN,URB,8006.078889526368
SSP2_1000C_CACN_NoCC,2045,IND,OTH,13430.3702109375
SSP2_1000C_CACN_NoCC,2045,IND,CROP,175963.5150982654
SSP2_1000C_CACN_NoCC,2045,IND,PRM_FRS,36607.23084652591
SSP2_1000C_CACN_NoCC,2045,IND,MNG_FRS,13504.728732168758
SSP2_1000C_CACN_NoCC,2045,IND,BIOCROP,10415.14952109818
SSP2_1000C_CACN_NoCC,2045,IND,GRAZING,7731.004003006214
SSP2_1000C_CACN_NoCC,2045,IND,GRASS,15796.48043088422
SSP2_1000C_CACN_NoCC,2045,IND,URB,3026.2728974914553
SSP2_1000C_CACN_NoCC,2045,JPN,CROP,2063.3018386363674
SSP2_1000C_CACN_NoCC,2045,JPN,CROP_FLW,978.2095831943388
SSP2_1000C_CACN_NoCC,2045,JPN,PRM_FRS,23325.617978514758
SSP2_1000C_CACN_NoCC,2045,JPN,MNG_FRS,1902.1408595428234
SSP2_1000C_CACN_NoCC,2045,JPN,BIOCROP,303.82698616552534
SSP2_1000C_CACN_NoCC,2045,JPN,GRAZING,50.25028150823486
SSP2_1000C_CACN_NoCC,2045,JPN,GRASS,737.9782220634208
SSP2_1000C_CACN_NoCC,2045,JPN,URB,1710.2899680175783
SSP2_1000C_CACN_NoCC,2045,XSE,OTH,14506.901
SSP2_1000C_CACN_NoCC,2045,XSE,CROP,85314.33910128723
SSP2_1000C_CACN_NoCC,2045,XSE,CROP_FLW,5309.4040230038645
SSP2_1000C_CACN_NoCC,2045,XSE,PRM_FRS,223072.57103561083
SSP2_1000C_CACN_NoCC,2045,XSE,MNG_FRS,8380.72445188193
SSP2_1000C_CACN_NoCC,2045,XSE,BIOCROP,13708.27856408468
SSP2_1000C_CACN_NoCC,2045,XSE,GRAZING,129821.188648667
SSP2_1000C_CACN_NoCC,2045,XSE,GRASS,68658.78018331407
SSP2_1000C_CACN_NoCC,2045,XSE,URB,3032.1656320037837
SSP2_1000C_CACN_NoCC,2045,XSA,OTH,44675.7545
SSP2_1000C_CACN_NoCC,2045,XSA,CROP,46616.06329128506
SSP2_1000C_CACN_NoCC,2045,XSA,CROP_FLW,3455.5698397433416
SSP2_1000C_CACN_NoCC,2045,XSA,PRM_FRS,8679.14656275707
SSP2_1000C_CACN_NoCC,2045,XSA,MNG_FRS,4197.432973816831
SSP2_1000C_CACN_NoCC,2045,XSA,BIOCROP,1332.0060145871635
SSP2_1000C_CACN_NoCC,2045,XSA,GRAZING,39752.20581005754
SSP2_1000C_CACN_NoCC,2045,XSA,GRASS,35030.49693552922
SSP2_1000C_CACN_NoCC,2045,XSA,URB,866.7895990753174
SSP2_1000C_CACN_NoCC,2045,CAN,OTH,283585.656
SSP2_1000C_CACN_NoCC,2045,CAN,CROP,35416.668284111074
SSP2_1000C_CACN_NoCC,2045,CAN,CROP_FLW,19979.812278379053
SSP2_1000C_CACN_NoCC,2045,CAN,PRM_FRS,255258.89569620625
SSP2_1000C_CACN_NoCC,2045,CAN,MNG_FRS,45207.854158517934
SSP2_1000C_CACN_NoCC,2045,CAN,BIOCROP,9059.126240365058
SSP2_1000C_CACN_NoCC,2045,CAN,GRAZING,14741.809325725444
SSP2_1000C_CACN_NoCC,2045,CAN,GRASS,5685.590559827793
SSP2_1000C_CACN_NoCC,2045,CAN,URB,785.9824775390625
SSP2_1000C_CACN_NoCC,2045,BRA,CROP,69756.48027004694
SSP2_1000C_CACN_NoCC,2045,BRA,CROP_FLW,847.3901282655911
SSP2_1000C_CACN_NoCC,2045,BRA,PRM_FRS,546880.5108042983
SSP2_1000C_CACN_NoCC,2045,BRA,MNG_FRS,4746.8762509645485
SSP2_1000C_CACN_NoCC,2045,BRA,BIOCROP,3539.623567933947
SSP2_1000C_CACN_NoCC,2045,BRA,GRAZING,188747.37547837204
SSP2_1000C_CACN_NoCC,2045,BRA,GRASS,85996.31195383304
SSP2_1000C_CACN_NoCC,2045,BRA,URB,3742.538360931397
SSP2_1000C_CACN_NoCC,2045,XLM,OTH,72183.21731250001
SSP2_1000C_CACN_NoCC,2045,XLM,CROP,88396.90388334385
SSP2_1000C_CACN_NoCC,2045,XLM,CROP_FLW,16100.183427151404
SSP2_1000C_CACN_NoCC,2045,XLM,PRM_FRS,463262.4572048736
SSP2_1000C_CACN_NoCC,2045,XLM,MNG_FRS,15170.62344367142
SSP2_1000C_CACN_NoCC,2045,XLM,BIOCROP,3388.5931828292846
SSP2_1000C_CACN_NoCC,2045,XLM,GRAZING,355131.3184554872
SSP2_1000C_CACN_NoCC,2045,XLM,GRASS,212331.66512180082
SSP2_1000C_CACN_NoCC,2045,XLM,URB,4894.335314867021
SSP2_1000C_CACN_NoCC,2045,CIS,OTH,253974.9918984375
SSP2_1000C_CACN_NoCC,2045,CIS,CROP,89576.25029852471
SSP2_1000C_CACN_NoCC,2045,CIS,CROP_FLW,90368.13370570353
SSP2_1000C_CACN_NoCC,2045,CIS,PRM_FRS,814202.8036331413
SSP2_1000C_CACN_NoCC,2045,CIS,MNG_FRS,39259.23016100929
SSP2_1000C_CACN_NoCC,2045,CIS,BIOCROP,18847.19826339246
SSP2_1000C_CACN_NoCC,2045,CIS,GRAZING,361687.70173829835
SSP2_1000C_CACN_NoCC,2045,CIS,GRASS,191356.56443369295
SSP2_1000C_CACN_NoCC,2045,CIS,URB,5880.5270887603765
SSP2_1000C_CACN_NoCC,2045,XME,OTH,281021.7655625
SSP2_1000C_CACN_NoCC,2045,XME,CROP,34081.85380668421
SSP2_1000C_CACN_NoCC,2045,XME,CROP_FLW,2352.7257925680024
SSP2_1000C_CACN_NoCC,2045,XME,PRM_FRS,9102.026625257353
SSP2_1000C_CACN_NoCC,2045,XME,MNG_FRS,642.323342713068
SSP2_1000C_CACN_NoCC,2045,XME,BIOCROP,10290.788801691473
SSP2_1000C_CACN_NoCC,2045,XME,GRAZING,256006.46250752744
SSP2_1000C_CACN_NoCC,2045,XME,GRASS,84518.09047964084
SSP2_1000C_CACN_NoCC,2045,XME,URB,2128.071955810547
SSP2_1000C_CACN_NoCC,2045,XNF,OTH,456890.6350624999
SSP2_1000C_CACN_NoCC,2045,XNF,CROP,28773.435909902935
SSP2_1000C_CACN_NoCC,2045,XNF,CROP_FLW,2333.927530861944
SSP2_1000C_CACN_NoCC,2045,XNF,PRM_FRS,2996.6098243253155
SSP2_1000C_CACN_NoCC,2045,XNF,MNG_FRS,69.13737512441074
SSP2_1000C_CACN_NoCC,2045,XNF,BIOCROP,3440.3556680569195
SSP2_1000C_CACN_NoCC,2045,XNF,GRAZING,73004.41315052101
SSP2_1000C_CACN_NoCC,2045,XNF,GRASS,4630.087982274113
SSP2_1000C_CACN_NoCC,2045,XNF,URB,927.4797019042969
SSP2_1000C_CACN_NoCC,2045,XAF,OTH,399410.63371875
SSP2_1000C_CACN_NoCC,2045,XAF,CROP,372146.1566339206
SSP2_1000C_CACN_NoCC,2045,XAF,CROP_FLW,14033.96143352619
SSP2_1000C_CACN_NoCC,2045,XAF,PRM_FRS,597948.3814924243
SSP2_1000C_CACN_NoCC,2045,XAF,MNG_FRS,21959.69757983298
SSP2_1000C_CACN_NoCC,2045,XAF,BIOCROP,2120.782659305641
SSP2_1000C_CACN_NoCC,2045,XAF,GRAZING,856049.6298181706
SSP2_1000C_CACN_NoCC,2045,XAF,GRASS,473014.1885500974
SSP2_1000C_CACN_NoCC,2045,XAF,URB,2896.931178625107
SSP2_1000C_CACN_NoCC,2045,ASIA2,OTH,312611.42105468747
SSP2_1000C_CACN_NoCC,2045,ASIA2,CROP,407056.3703997406
SSP2_1000C_CACN_NoCC,2045,ASIA2,CROP_FLW,9743.183445941544
SSP2_1000C_CACN_NoCC,2045,ASIA2,PRM_FRS,511209.0022209169
SSP2_1000C_CACN_NoCC,2045,ASIA2,MNG_FRS,44461.13431677546
SSP2_1000C_CACN_NoCC,2045,ASIA2,BIOCROP,55925.15106768022
SSP2_1000C_CACN_NoCC,2045,ASIA2,GRAZING,557335.4917052458
SSP2_1000C_CACN_NoCC,2045,ASIA2,GRASS,199589.08819914813
SSP2_1000C_CACN_NoCC,2045,ASIA2,URB,16641.596986114502
SSP2_1000C_CACN_NoCC,2045,World,OTH,2111196.772609375
SSP2_1000C_CACN_NoCC,2045,World,CROP,1405688.7711320166
SSP2_1000C_CACN_NoCC,2045,World,CROP_FLW,289378.9449985658
SSP2_1000C_CACN_NoCC,2045,World,PRM_FRS,3718198.610831107
SSP2_1000C_CACN_NoCC,2045,World,MNG_FRS,290583.39969847887
SSP2_1000C_CACN_NoCC,2045,World,BIOCROP,184574.09729614234
SSP2_1000C_CACN_NoCC,2045,World,GRAZING,3366230.2871538904
SSP2_1000C_CACN_NoCC,2045,World,GRASS,1875931.5647529091
SSP2_1000C_CACN_NoCC,2045,World,URB,61494.25336591386
SSP2_1000C_CACN_NoCC,2045,Non-OECD,OTH,1776092.664609375
SSP2_1000C_CACN_NoCC,2045,Non-OECD,CROP,1087724.1493635275
SSP2_1000C_CACN_NoCC,2045,Non-OECD,CROP_FLW,134801.29588082386
SSP2_1000C_CACN_NoCC,2045,Non-OECD,PRM_FRS,2922276.173826723
SSP2_1000C_CACN_NoCC,2045,Non-OECD,MNG_FRS,124406.88161054836
SSP2_1000C_CACN_NoCC,2045,Non-OECD,BIOCROP,97248.6662247244
SSP2_1000C_CACN_NoCC,2045,Non-OECD,GRAZING,2647912.1425721142
SSP2_1000C_CACN_NoCC,2045,Non-OECD,GRASS,1250698.018498424
SSP2_1000C_CACN_NoCC,2045,Non-OECD,URB,35401.19061899567
SSP2_1000C_CACN_NoCC,2045,Industrial,OTH,321872.108
SSP2_1000C_CACN_NoCC,2045,Industrial,CROP,254240.61158506942
SSP2_1000C_CACN_NoCC,2045,Industrial,CROP_FLW,146194.8611261268
SSP2_1000C_CACN_NoCC,2045,Industrial,PRM_FRS,762903.1497381949
SSP2_1000C_CACN_NoCC,2045,Industrial,MNG_FRS,159494.51306675666
SSP2_1000C_CACN_NoCC,2045,Industrial,BIOCROP,79780.56314542668
SSP2_1000C_CACN_NoCC,2045,Industrial,GRAZING,688761.258764979
SSP2_1000C_CACN_NoCC,2045,Industrial,GRASS,599686.4872897011
SSP2_1000C_CACN_NoCC,2045,Industrial,URB,24181.440413742544
SSP2_1000C_CACN_NoCC,2045,Transition,OTH,520635.75745312497
SSP2_1000C_CACN_NoCC,2045,Transition,CROP,496119.40692052315
SSP2_1000C_CACN_NoCC,2045,Transition,CROP_FLW,99598.3118255843
SSP2_1000C_CACN_NoCC,2045,Transition,PRM_FRS,1650234.2683476636
SSP2_1000C_CACN_NoCC,2045,Transition,MNG_FRS,80668.94746468158
SSP2_1000C_CACN_NoCC,2045,Transition,BIOCROP,70512.72926016049
SSP2_1000C_CACN_NoCC,2045,Transition,GRAZING,967703.8099984804
SSP2_1000C_CACN_NoCC,2045,Transition,GRASS,398061.76821055176
SSP2_1000C_CACN_NoCC,2045,Transition,URB,22567.039569885255
SSP2_1000C_CACN_NoCC,2045,Developing,OTH,1268688.90715625
SSP2_1000C_CACN_NoCC,2045,Developing,CROP,655328.752626424
SSP2_1000C_CACN_NoCC,2045,Developing,CROP_FLW,43585.77204685475
SSP2_1000C_CACN_NoCC,2045,Developing,PRM_FRS,1305061.1927452483
SSP2_1000C_CACN_NoCC,2045,Developing,MNG_FRS,50419.93916704064
SSP2_1000C_CACN_NoCC,2045,Developing,BIOCROP,34280.80489055516
SSP2_1000C_CACN_NoCC,2045,Developing,GRAZING,1709765.2183904308
SSP2_1000C_CACN_NoCC,2045,Developing,GRASS,878183.3092526565
SSP2_1000C_CACN_NoCC,2045,Developing,URB,14745.773382286072
SSP2_1000C_CACN_NoCC,2045,R5ASIA,OTH,312611.42105468747
SSP2_1000C_CACN_NoCC,2045,R5ASIA,CROP,404993.06856110424
SSP2_1000C_CACN_NoCC,2045,R5ASIA,CROP_FLW,8764.973862747207
SSP2_1000C_CACN_NoCC,2045,R5ASIA,PRM_FRS,487883.38424240216
SSP2_1000C_CACN_NoCC,2045,R5ASIA,MNG_FRS,42558.99345723264
SSP2_1000C_CACN_NoCC,2045,R5ASIA,BIOCROP,55621.32408151469
SSP2_1000C_CACN_NoCC,2045,R5ASIA,GRAZING,557285.2414237375
SSP2_1000C_CACN_NoCC,2045,R5ASIA,GRASS,198851.1099770847
SSP2_1000C_CACN_NoCC,2045,R5ASIA,URB,14931.307018096923
SSP2_1000C_CACN_NoCC,2045,R5OECD90+EU,OTH,335104.108
SSP2_1000C_CACN_NoCC,2045,R5OECD90+EU,CROP,317964.6217684889
SSP2_1000C_CACN_NoCC,2045,R5OECD90+EU,CROP_FLW,154577.649117742
SSP2_1000C_CACN_NoCC,2045,R5OECD90+EU,PRM_FRS,795922.4370043846
SSP2_1000C_CACN_NoCC,2045,R5OECD90+EU,MNG_FRS,166176.5180879305
SSP2_1000C_CACN_NoCC,2045,R5OECD90+EU,BIOCROP,87325.4310714179
SSP2_1000C_CACN_NoCC,2045,R5OECD90+EU,GRAZING,718318.144581776
SSP2_1000C_CACN_NoCC,2045,R5OECD90+EU,GRASS,625233.5462544855
SSP2_1000C_CACN_NoCC,2045,R5OECD90+EU,URB,26093.062746918204
SSP2_1000C_CACN_NoCC,2045,R5REF,OTH,253974.9918984375
SSP2_1000C_CACN_NoCC,2045,R5REF,CROP,89576.25029852471
SSP2_1000C_CACN_NoCC,2045,R5REF,CROP_FLW,90368.13370570353
SSP2_1000C_CACN_NoCC,2045,R5REF,PRM_FRS,814202.8036331413
SSP2_1000C_CACN_NoCC,2045,R5REF,MNG_FRS,39259.23016100929
SSP2_1000C_CACN_NoCC,2045,R5REF,BIOCROP,18847.19826339246
SSP2_1000C_CACN_NoCC,2045,R5REF,GRAZING,361687.70173829835
SSP2_1000C_CACN_NoCC,2045,R5REF,GRASS,191356.56443369295
SSP2_1000C_CACN_NoCC,2045,R5REF,URB,5880.5270887603765
SSP2_1000C_CACN_NoCC,2045,R5MAF,OTH,1137323.0343437498
SSP2_1000C_CACN_NoCC,2045,R5MAF,CROP,435001.4463505078
SSP2_1000C_CACN_NoCC,2045,R5MAF,CROP_FLW,18720.614756956136
SSP2_1000C_CACN_NoCC,2045,R5MAF,PRM_FRS,610047.0179420069
SSP2_1000C_CACN_NoCC,2045,R5MAF,MNG_FRS,22671.15829767046
SSP2_1000C_CACN_NoCC,2045,R5MAF,BIOCROP,15851.927129054035
SSP2_1000C_CACN_NoCC,2045,R5MAF,GRAZING,1185060.505476219
SSP2_1000C_CACN_NoCC,2045,R5MAF,GRASS,562162.3670120124
SSP2_1000C_CACN_NoCC,2045,R5MAF,URB,5952.48283633995
SSP2_1000C_CACN_NoCC,2045,R5LAM,OTH,72183.21731250001
SSP2_1000C_CACN_NoCC,2045,R5LAM,CROP,158153.3841533908
SSP2_1000C_CACN_NoCC,2045,R5LAM,CROP_FLW,16947.573555416995
SSP2_1000C_CACN_NoCC,2045,R5LAM,PRM_FRS,1010142.968009172
SSP2_1000C_CACN_NoCC,2045,R5LAM,MNG_FRS,19917.499694635968
SSP2_1000C_CACN_NoCC,2045,R5LAM,BIOCROP,6928.216750763231
SSP2_1000C_CACN_NoCC,2045,R5LAM,GRAZING,543878.6939338592
SSP2_1000C_CACN_NoCC,2045,R5LAM,GRASS,298327.9770756338
SSP2_1000C_CACN_NoCC,2045,R5LAM,URB,8636.873675798419
SSP2_1000C_CACN_NoCC,2050,USA,OTH,33613.452
SSP2_1000C_CACN_NoCC,2050,USA,CROP,117295.06588948802
SSP2_1000C_CACN_NoCC,2050,USA,CROP_FLW,68911.0697697711
SSP2_1000C_CACN_NoCC,2050,USA,PRM_FRS,228235.59028649598
SSP2_1000C_CACN_NoCC,2050,USA,MNG_FRS,52505.49383266413
SSP2_1000C_CACN_NoCC,2050,USA,BIOCROP,43051.47740251484
SSP2_1000C_CACN_NoCC,2050,USA,GRAZING,232209.7332148
SSP2_1000C_CACN_NoCC,2050,USA,GRASS,91943.4784880819
SSP2_1000C_CACN_NoCC,2050,USA,URB,11695.345311309815
SSP2_1000C_CACN_NoCC,2050,XE25,OTH,3206.0
SSP2_1000C_CACN_NoCC,2050,XE25,CROP,66080.29363653579
SSP2_1000C_CACN_NoCC,2050,XE25,CROP_FLW,20427.188521493117
SSP2_1000C_CACN_NoCC,2050,XE25,PRM_FRS,82710.29583460785
SSP2_1000C_CACN_NoCC,2050,XE25,MNG_FRS,52282.66108979014
SSP2_1000C_CACN_NoCC,2050,XE25,BIOCROP,36651.83501767888
SSP2_1000C_CACN_NoCC,2050,XE25,GRAZING,58396.97030804913
SSP2_1000C_CACN_NoCC,2050,XE25,GRASS,27155.023647591155
SSP2_1000C_CACN_NoCC,2050,XE25,URB,9106.496241195679
SSP2_1000C_CACN_NoCC,2050,XER,OTH,13232.0
SSP2_1000C_CACN_NoCC,2050,XER,CROP,38664.2102083811
SSP2_1000C_CACN_NoCC,2050,XER,CROP_FLW,3686.5880786686816
SSP2_1000C_CACN_NoCC,2050,XER,PRM_FRS,24919.568860647443
SSP2_1000C_CACN_NoCC,2050,XER,MNG_FRS,5261.92186508954
SSP2_1000C_CACN_NoCC,2050,XER,BIOCROP,6633.382358985038
SSP2_1000C_CACN_NoCC,2050,XER,GRAZING,15416.574972778053
SSP2_1000C_CACN_NoCC,2050,XER,GRASS,4535.865416839672
SSP2_1000C_CACN_NoCC,2050,XER,URB,1090.242361709595
SSP2_1000C_CACN_NoCC,2050,TUR,CROP,23557.066684699545
SSP2_1000C_CACN_NoCC,2050,TUR,CROP_FLW,4599.416705221706
SSP2_1000C_CACN_NoCC,2050,TUR,PRM_FRS,8430.334457461016
SSP2_1000C_CACN_NoCC,2050,TUR,MNG_FRS,1113.2577828314609
SSP2_1000C_CACN_NoCC,2050,TUR,BIOCROP,2670.367311064421
SSP2_1000C_CACN_NoCC,2050,TUR,GRAZING,14181.836626734235
SSP2_1000C_CACN_NoCC,2050,TUR,GRASS,20786.51184056887
SSP2_1000C_CACN_NoCC,2050,TUR,URB,821.3799714660644
SSP2_1000C_CACN_NoCC,2050,XOC,OTH,1467.0
SSP2_1000C_CACN_NoCC,2050,XOC,CROP,32483.230788143796
SSP2_1000C_CACN_NoCC,2050,XOC,CROP_FLW,33622.50783950326
SSP2_1000C_CACN_NoCC,2050,XOC,PRM_FRS,174438.37870612746
SSP2_1000C_CACN_NoCC,2050,XOC,MNG_FRS,4475.530558395485
SSP2_1000C_CACN_NoCC,2050,XOC,BIOCROP,1830.8447275179176
SSP2_1000C_CACN_NoCC,2050,XOC,GRAZING,381116.0740784122
SSP2_1000C_CACN_NoCC,2050,XOC,GRASS,470527.61878583475
SSP2_1000C_CACN_NoCC,2050,XOC,URB,883.3264156804086
SSP2_1000C_CACN_NoCC,2050,CHN,OTH,239998.39534375
SSP2_1000C_CACN_NoCC,2050,CHN,CROP,89166.35429279627
SSP2_1000C_CACN_NoCC,2050,CHN,PRM_FRS,228585.47297085662
SSP2_1000C_CACN_NoCC,2050,CHN,MNG_FRS,15047.424922773234
SSP2_1000C_CACN_NoCC,2050,CHN,BIOCROP,34659.67971656694
SSP2_1000C_CACN_NoCC,2050,CHN,GRAZING,377312.0014586434
SSP2_1000C_CACN_NoCC,2050,CHN,GRASS,77840.84617661306
SSP2_1000C_CACN_NoCC,2050,CHN,URB,8006.078889526368
SSP2_1000C_CACN_NoCC,2050,IND,OTH,13430.3702109375
SSP2_1000C_CACN_NoCC,2050,IND,CROP,174681.3316433195
SSP2_1000C_CACN_NoCC,2050,IND,PRM_FRS,36607.23084652591
SSP2_1000C_CACN_NoCC,2050,IND,MNG_FRS,13092.105086984388
SSP2_1000C_CACN_NoCC,2050,IND,BIOCROP,13004.870210021701
SSP2_1000C_CACN_NoCC,2050,IND,GRAZING,7595.354078839918
SSP2_1000C_CACN_NoCC,2050,IND,GRASS,15037.216766257996
SSP2_1000C_CACN_NoCC,2050,IND,URB,3026.2728974914553
SSP2_1000C_CACN_NoCC,2050,JPN,CROP,1951.548097877523
SSP2_1000C_CACN_NoCC,2050,JPN,CROP_FLW,966.8673877673307
SSP2_1000C_CACN_NoCC,2050,JPN,PRM_FRS,23536.782691059005
SSP2_1000C_CACN_NoCC,2050,JPN,MNG_FRS,1776.0720315035069
SSP2_1000C_CACN_NoCC,2050,JPN,BIOCROP,348.06219624147474
SSP2_1000C_CACN_NoCC,2050,JPN,GRAZING,50.29502686714661
SSP2_1000C_CACN_NoCC,2050,JPN,GRASS,731.6983183094759
SSP2_1000C_CACN_NoCC,2050,JPN,URB,1710.2899680175783
SSP2_1000C_CACN_NoCC,2050,XSE,OTH,14506.901
SSP2_1000C_CACN_NoCC,2050,XSE,CROP,81913.21865441764
SSP2_1000C_CACN_NoCC,2050,XSE,CROP_FLW,5002.646983056351
SSP2_1000C_CACN_NoCC,2050,XSE,PRM_FRS,223072.57103561083
SSP2_1000C_CACN_NoCC,2050,XSE,MNG_FRS,8032.567623589904
SSP2_1000C_CACN_NoCC,2050,XSE,BIOCROP,18178.651321755027
SSP2_1000C_CACN_NoCC,2050,XSE,GRAZING,130090.35551903705
SSP2_1000C_CACN_NoCC,2050,XSE,GRASS,67975.27487038291
SSP2_1000C_CACN_NoCC,2050,XSE,URB,3032.1656320037837
SSP2_1000C_CACN_NoCC,2050,XSA,OTH,44675.7545
SSP2_1000C_CACN_NoCC,2050,XSA,CROP,47287.02734635161
SSP2_1000C_CACN_NoCC,2050,XSA,CROP_FLW,3167.9543711672177
SSP2_1000C_CACN_NoCC,2050,XSA,PRM_FRS,8828.343842016515
SSP2_1000C_CACN_NoCC,2050,XSA,MNG_FRS,4099.8093868325905
SSP2_1000C_CACN_NoCC,2050,XSA,BIOCROP,1703.4710707937304
SSP2_1000C_CACN_NoCC,2050,XSA,GRAZING,39935.125124000275
SSP2_1000C_CACN_NoCC,2050,XSA,GRASS,34041.190286614044
SSP2_1000C_CACN_NoCC,2050,XSA,URB,866.7895990753174
SSP2_1000C_CACN_NoCC,2050,CAN,OTH,283585.656
SSP2_1000C_CACN_NoCC,2050,CAN,CROP,35669.260461667785
SSP2_1000C_CACN_NoCC,2050,CAN,CROP_FLW,19289.147617591152
SSP2_1000C_CACN_NoCC,2050,CAN,PRM_FRS,255298.66239166135
SSP2_1000C_CACN_NoCC,2050,CAN,MNG_FRS,44387.71852799508
SSP2_1000C_CACN_NoCC,2050,CAN,BIOCROP,10570.748569315881
SSP2_1000C_CACN_NoCC,2050,CAN,GRAZING,14676.808217671958
SSP2_1000C_CACN_NoCC,2050,CAN,GRASS,5457.410757229517
SSP2_1000C_CACN_NoCC,2050,CAN,URB,785.9824775390625
SSP2_1000C_CACN_NoCC,2050,BRA,CROP,70734.58143341675
SSP2_1000C_CACN_NoCC,2050,BRA,CROP_FLW,755.3055720918916
SSP2_1000C_CACN_NoCC,2050,BRA,PRM_FRS,546880.5108042983
SSP2_1000C_CACN_NoCC,2050,BRA,MNG_FRS,4504.006661654442
SSP2_1000C_CACN_NoCC,2050,BRA,BIOCROP,5114.462543514317
SSP2_1000C_CACN_NoCC,2050,BRA,GRAZING,189151.3138629197
SSP2_1000C_CACN_NoCC,2050,BRA,GRASS,83374.38757581924
SSP2_1000C_CACN_NoCC,2050,BRA,URB,3742.538360931397
SSP2_1000C_CACN_NoCC,2050,XLM,OTH,72183.21731250001
SSP2_1000C_CACN_NoCC,2050,XLM,CROP,89257.33026322398
SSP2_1000C_CACN_NoCC,2050,XLM,CROP_FLW,15238.327713815655
SSP2_1000C_CACN_NoCC,2050,XLM,PRM_FRS,467049.4998601829
SSP2_1000C_CACN_NoCC,2050,XLM,MNG_FRS,14558.216584314403
SSP2_1000C_CACN_NoCC,2050,XLM,BIOCROP,4577.79872404838
SSP2_1000C_CACN_NoCC,2050,XLM,GRAZING,356491.0389628971
SSP2_1000C_CACN_NoCC,2050,XLM,GRASS,206609.5326106753
SSP2_1000C_CACN_NoCC,2050,XLM,URB,4894.335314867021
SSP2_1000C_CACN_NoCC,2050,CIS,OTH,253974.9918984375
SSP2_1000C_CACN_NoCC,2050,CIS,CROP,85977.09708595631
SSP2_1000C_CACN_NoCC,2050,CIS,CROP_FLW,90274.3100010987
SSP2_1000C_CACN_NoCC,2050,CIS,PRM_FRS,814202.8036331413
SSP2_1000C_CACN_NoCC,2050,CIS,MNG_FRS,37200.916033624526
SSP2_1000C_CACN_NoCC,2050,CIS,BIOCROP,26205.68946657284
SSP2_1000C_CACN_NoCC,2050,CIS,GRAZING,361117.444938532
SSP2_1000C_CACN_NoCC,2050,CIS,GRASS,190319.6210748366
SSP2_1000C_CACN_NoCC,2050,CIS,URB,5880.5270887603765
SSP2_1000C_CACN_NoCC,2050,XME,OTH,281021.7655625
SSP2_1000C_CACN_NoCC,2050,XME,CROP,32892.07879903062
SSP2_1000C_CACN_NoCC,2050,XME,CROP_FLW,2246.714297019414
SSP2_1000C_CACN_NoCC,2050,XME,PRM_FRS,9102.026625257353
SSP2_1000C_CACN_NoCC,2050,XME,MNG_FRS,631.0206200120691
SSP2_1000C_CACN_NoCC,2050,XME,BIOCROP,12078.883586590657
SSP2_1000C_CACN_NoCC,2050,XME,GRAZING,257252.92945138554
SSP2_1000C_CACN_NoCC,2050,XME,GRASS,82790.61797678663
SSP2_1000C_CACN_NoCC,2050,XME,URB,2128.071955810547
SSP2_1000C_CACN_NoCC,2050,XNF,OTH,456890.6350624999
SSP2_1000C_CACN_NoCC,2050,XNF,CROP,28715.010990873878
SSP2_1000C_CACN_NoCC,2050,XNF,CROP_FLW,2135.857575711447
SSP2_1000C_CACN_NoCC,2050,XNF,PRM_FRS,2996.6098243253155
SSP2_1000C_CACN_NoCC,2050,XNF,MNG_FRS,67.20007818094881
SSP2_1000C_CACN_NoCC,2050,XNF,BIOCROP,3461.443772109418
SSP2_1000C_CACN_NoCC,2050,XNF,GRAZING,73689.52964442917
SSP2_1000C_CACN_NoCC,2050,XNF,GRASS,4182.315555436474
SSP2_1000C_CACN_NoCC,2050,XNF,URB,927.4797019042969
SSP2_1000C_CACN_NoCC,2050,XAF,OTH,399410.63371875
SSP2_1000C_CACN_NoCC,2050,XAF,CROP,395579.9909859627
SSP2_1000C_CACN_NoCC,2050,XAF,CROP_FLW,11982.318828982432
SSP2_1000C_CACN_NoCC,2050,XAF,PRM_FRS,597948.3814924243
SSP2_1000C_CACN_NoCC,2050,XAF,MNG_FRS,21808.149142894712
SSP2_1000C_CACN_NoCC,2050,XAF,BIOCROP,3851.3438000206284
SSP2_1000C_CACN_NoCC,2050,XAF,GRAZING,861144.5245977597
SSP2_1000C_CACN_NoCC,2050,XAF,GRASS,444958.089319233
SSP2_1000C_CACN_NoCC,2050,XAF,URB,2896.931178625107
SSP2_1000C_CACN_NoCC,2050,ASIA2,OTH,312611.42105468747
SSP2_1000C_CACN_NoCC,2050,ASIA2,CROP,394999.4800347626
SSP2_1000C_CACN_NoCC,2050,ASIA2,CROP_FLW,9137.468741990899
SSP2_1000C_CACN_NoCC,2050,ASIA2,PRM_FRS,520630.4013860689
SSP2_1000C_CACN_NoCC,2050,ASIA2,MNG_FRS,42047.97905168362
SSP2_1000C_CACN_NoCC,2050,ASIA2,BIOCROP,67894.73451537888
SSP2_1000C_CACN_NoCC,2050,ASIA2,GRAZING,554983.1312073878
SSP2_1000C_CACN_NoCC,2050,ASIA2,GRASS,195626.22641817748
SSP2_1000C_CACN_NoCC,2050,ASIA2,URB,16641.596986114502
SSP2_1000C_CACN_NoCC,2050,World,OTH,2111196.772609375
SSP2_1000C_CACN_NoCC,2050,World,CROP,1411904.6972621428
SSP2_1000C_CACN_NoCC,2050,World,CROP_FLW,282306.2212629594
SSP2_1000C_CACN_NoCC,2050,World,PRM_FRS,3732843.0641627
SSP2_1000C_CACN_NoCC,2050,World,MNG_FRS,280844.0718291306
SSP2_1000C_CACN_NoCC,2050,World,BIOCROP,224593.0117953121
SSP2_1000C_CACN_NoCC,2050,World,GRAZING,3369827.910083757
SSP2_1000C_CACN_NoCC,2050,World,GRASS,1828266.699467111
SSP2_1000C_CACN_NoCC,2050,World,URB,61494.25336591386
SSP2_1000C_CACN_NoCC,2050,Non-OECD,OTH,1776092.664609375
SSP2_1000C_CACN_NoCC,2050,Non-OECD,CROP,1096204.0214953492
SSP2_1000C_CACN_NoCC,2050,Non-OECD,CROP_FLW,130803.4353429431
SSP2_1000C_CACN_NoCC,2050,Non-OECD,PRM_FRS,2935273.4509346397
SSP2_1000C_CACN_NoCC,2050,Non-OECD,MNG_FRS,119041.41614086123
SSP2_1000C_CACN_NoCC,2050,Non-OECD,BIOCROP,122836.29421199365
SSP2_1000C_CACN_NoCC,2050,Non-OECD,GRAZING,2653779.617638444
SSP2_1000C_CACN_NoCC,2050,Non-OECD,GRASS,1207129.092212655
SSP2_1000C_CACN_NoCC,2050,Non-OECD,URB,35401.19061899567
SSP2_1000C_CACN_NoCC,2050,Industrial,OTH,321872.108
SSP2_1000C_CACN_NoCC,2050,Industrial,CROP,253479.3988737129
SSP2_1000C_CACN_NoCC,2050,Industrial,CROP_FLW,143216.78113612597
SSP2_1000C_CACN_NoCC,2050,Industrial,PRM_FRS,764219.7099099517
SSP2_1000C_CACN_NoCC,2050,Industrial,MNG_FRS,155427.47604034835
SSP2_1000C_CACN_NoCC,2050,Industrial,BIOCROP,92452.96791326899
SSP2_1000C_CACN_NoCC,2050,Industrial,GRAZING,686449.8808458005
SSP2_1000C_CACN_NoCC,2050,Industrial,GRASS,595815.2299970469
SSP2_1000C_CACN_NoCC,2050,Industrial,URB,24181.440413742544
SSP2_1000C_CACN_NoCC,2050,Transition,OTH,520635.75745312497
SSP2_1000C_CACN_NoCC,2050,Transition,CROP,482780.6413485695
SSP2_1000C_CACN_NoCC,2050,Transition,CROP_FLW,99315.62035708097
SSP2_1000C_CACN_NoCC,2050,Transition,PRM_FRS,1659625.9215729306
SSP2_1000C_CACN_NoCC,2050,Transition,MNG_FRS,76219.63235295759
SSP2_1000C_CACN_NoCC,2050,Transition,BIOCROP,88288.45160672526
SSP2_1000C_CACN_NoCC,2050,Transition,GRAZING,964774.5259384473
SSP2_1000C_CACN_NoCC,2050,Transition,GRASS,391894.44885093544
SSP2_1000C_CACN_NoCC,2050,Transition,URB,22567.039569885255
SSP2_1000C_CACN_NoCC,2050,Developing,OTH,1268688.90715625
SSP2_1000C_CACN_NoCC,2050,Developing,CROP,675644.6570398604
SSP2_1000C_CACN_NoCC,2050,Developing,CROP_FLW,39773.81976975252
SSP2_1000C_CACN_NoCC,2050,Developing,PRM_FRS,1308997.432679817
SSP2_1000C_CACN_NoCC,2050,Developing,MNG_FRS,49196.963435824626
SSP2_1000C_CACN_NoCC,2050,Developing,BIOCROP,43851.59227531784
SSP2_1000C_CACN_NoCC,2050,Developing,GRAZING,1718603.5032995087
SSP2_1000C_CACN_NoCC,2050,Developing,GRASS,840557.0206191284
SSP2_1000C_CACN_NoCC,2050,Developing,URB,14745.773382286072
SSP2_1000C_CACN_NoCC,2050,R5ASIA,OTH,312611.42105468747
SSP2_1000C_CACN_NoCC,2050,R5ASIA,CROP,393047.93193688506
SSP2_1000C_CACN_NoCC,2050,R5ASIA,CROP_FLW,8170.601354223569
SSP2_1000C_CACN_NoCC,2050,R5ASIA,PRM_FRS,497093.61869500985
SSP2_1000C_CACN_NoCC,2050,R5ASIA,MNG_FRS,40271.907020180115
SSP2_1000C_CACN_NoCC,2050,R5ASIA,BIOCROP,67546.6723191374
SSP2_1000C_CACN_NoCC,2050,R5ASIA,GRAZING,554932.8361805207
SSP2_1000C_CACN_NoCC,2050,R5ASIA,GRASS,194894.52809986804
SSP2_1000C_CACN_NoCC,2050,R5ASIA,URB,14931.307018096923
SSP2_1000C_CACN_NoCC,2050,R5OECD90+EU,OTH,335104.108
SSP2_1000C_CACN_NoCC,2050,R5OECD90+EU,CROP,315700.67576679355
SSP2_1000C_CACN_NoCC,2050,R5OECD90+EU,CROP_FLW,151502.78592001635
SSP2_1000C_CACN_NoCC,2050,R5OECD90+EU,PRM_FRS,797569.6132280601
SSP2_1000C_CACN_NoCC,2050,R5OECD90+EU,MNG_FRS,161802.65568826935
SSP2_1000C_CACN_NoCC,2050,R5OECD90+EU,BIOCROP,101756.71758331844
SSP2_1000C_CACN_NoCC,2050,R5OECD90+EU,GRAZING,716048.2924453127
SSP2_1000C_CACN_NoCC,2050,R5OECD90+EU,GRASS,621137.6072544553
SSP2_1000C_CACN_NoCC,2050,R5OECD90+EU,URB,26093.062746918204
SSP2_1000C_CACN_NoCC,2050,R5REF,OTH,253974.9918984375
SSP2_1000C_CACN_NoCC,2050,R5REF,CROP,85977.09708595631
SSP2_1000C_CACN_NoCC,2050,R5REF,CROP_FLW,90274.3100010987
SSP2_1000C_CACN_NoCC,2050,R5REF,PRM_FRS,814202.8036331413
SSP2_1000C_CACN_NoCC,2050,R5REF,MNG_FRS,37200.916033624526
SSP2_1000C_CACN_NoCC,2050,R5REF,BIOCROP,26205.68946657284
SSP2_1000C_CACN_NoCC,2050,R5REF,GRAZING,361117.444938532
SSP2_1000C_CACN_NoCC,2050,R5REF,GRASS,190319.6210748366
SSP2_1000C_CACN_NoCC,2050,R5REF,URB,5880.5270887603765
SSP2_1000C_CACN_NoCC,2050,R5MAF,OTH,1137323.0343437498
SSP2_1000C_CACN_NoCC,2050,R5MAF,CROP,457187.08077586716
SSP2_1000C_CACN_NoCC,2050,R5MAF,CROP_FLW,16364.890701713293
SSP2_1000C_CACN_NoCC,2050,R5MAF,PRM_FRS,610047.0179420069
SSP2_1000C_CACN_NoCC,2050,R5MAF,MNG_FRS,22506.36984108773
SSP2_1000C_CACN_NoCC,2050,R5MAF,BIOCROP,19391.671158720703
SSP2_1000C_CACN_NoCC,2050,R5MAF,GRAZING,1192086.9836935746
SSP2_1000C_CACN_NoCC,2050,R5MAF,GRASS,531931.0228514562
SSP2_1000C_CACN_NoCC,2050,R5MAF,URB,5952.48283633995
SSP2_1000C_CACN_NoCC,2050,R5LAM,OTH,72183.21731250001
SSP2_1000C_CACN_NoCC,2050,R5LAM,CROP,159991.91169664072
SSP2_1000C_CACN_NoCC,2050,R5LAM,CROP_FLW,15993.633285907546
SSP2_1000C_CACN_NoCC,2050,R5LAM,PRM_FRS,1013930.0106644812
SSP2_1000C_CACN_NoCC,2050,R5LAM,MNG_FRS,19062.223245968846
SSP2_1000C_CACN_NoCC,2050,R5LAM,BIOCROP,9692.261267562697
SSP2_1000C_CACN_NoCC,2050,R5LAM,GRAZING,545642.3528258167
SSP2_1000C_CACN_NoCC,2050,R5LAM,GRASS,289983.92018649454
SSP2_1000C_CACN_NoCC,2050,R5LAM,URB,8636.873675798419
SSP2_1000C_CACN_NoCC,2055,USA,OTH,33613.452
SSP2_1000C_CACN_NoCC,2055,USA,CROP,118316.5740763562
SSP2_1000C_CACN_NoCC,2055,USA,CROP_FLW,65741.00953054844
SSP2_1000C_CACN_NoCC,2055,USA,PRM_FRS,228500.809367701
SSP2_1000C_CACN_NoCC,2055,USA,MNG_FRS,50959.882392273415
SSP2_1000C_CACN_NoCC,2055,USA,BIOCROP,52011.80261315526
SSP2_1000C_CACN_NoCC,2055,USA,GRAZING,230357.1018489469
SSP2_1000C_CACN_NoCC,2055,USA,GRASS,88264.72905483468
SSP2_1000C_CACN_NoCC,2055,USA,URB,11695.345311309815
SSP2_1000C_CACN_NoCC,2055,XE25,OTH,3206.0
SSP2_1000C_CACN_NoCC,2055,XE25,CROP,65527.731587164206
SSP2_1000C_CACN_NoCC,2055,XE25,CROP_FLW,18575.88271046336
SSP2_1000C_CACN_NoCC,2055,XE25,PRM_FRS,82983.63544898281
SSP2_1000C_CACN_NoCC,2055,XE25,MNG_FRS,50507.19295103243
SSP2_1000C_CACN_NoCC,2055,XE25,BIOCROP,42278.04337738311
SSP2_1000C_CACN_NoCC,2055,XE25,GRAZING,58220.39627277192
SSP2_1000C_CACN_NoCC,2055,XE25,GRASS,25611.385707948262
SSP2_1000C_CACN_NoCC,2055,XE25,URB,9106.496241195679
SSP2_1000C_CACN_NoCC,2055,XER,OTH,13232.0
SSP2_1000C_CACN_NoCC,2055,XER,CROP,37411.00445746326
SSP2_1000C_CACN_NoCC,2055,XER,CROP_FLW,3309.9566254326824
SSP2_1000C_CACN_NoCC,2055,XER,PRM_FRS,26744.015496713935
SSP2_1000C_CACN_NoCC,2055,XER,MNG_FRS,4895.883364891521
SSP2_1000C_CACN_NoCC,2055,XER,BIOCROP,7200.256376121276
SSP2_1000C_CACN_NoCC,2055,XER,GRAZING,15348.47950413807
SSP2_1000C_CACN_NoCC,2055,XER,GRASS,4208.515936628763
SSP2_1000C_CACN_NoCC,2055,XER,URB,1090.242361709595
SSP2_1000C_CACN_NoCC,2055,TUR,CROP,23573.71684112653
SSP2_1000C_CACN_NoCC,2055,TUR,CROP_FLW,4148.813753426011
SSP2_1000C_CACN_NoCC,2055,TUR,PRM_FRS,9055.603088899477
SSP2_1000C_CACN_NoCC,2055,TUR,MNG_FRS,1052.0187354100167
SSP2_1000C_CACN_NoCC,2055,TUR,BIOCROP,3651.9051216292246
SSP2_1000C_CACN_NoCC,2055,TUR,GRAZING,14066.479091570409
SSP2_1000C_CACN_NoCC,2055,TUR,GRASS,19790.254776519567
SSP2_1000C_CACN_NoCC,2055,TUR,URB,821.3799714660644
SSP2_1000C_CACN_NoCC,2055,XOC,OTH,1467.0
SSP2_1000C_CACN_NoCC,2055,XOC,CROP,33432.78818308831
SSP2_1000C_CACN_NoCC,2055,XOC,CROP_FLW,33200.240481574416
SSP2_1000C_CACN_NoCC,2055,XOC,PRM_FRS,185231.55619608736
SSP2_1000C_CACN_NoCC,2055,XOC,MNG_FRS,4180.734771475382
SSP2_1000C_CACN_NoCC,2055,XOC,BIOCROP,4778.780728614664
SSP2_1000C_CACN_NoCC,2055,XOC,GRAZING,375910.2931902778
SSP2_1000C_CACN_NoCC,2055,XOC,GRASS,461759.79193281673
SSP2_1000C_CACN_NoCC,2055,XOC,URB,883.3264156804086
SSP2_1000C_CACN_NoCC,2055,CHN,OTH,239998.39534375
SSP2_1000C_CACN_NoCC,2055,CHN,CROP,83119.44667674018
SSP2_1000C_CACN_NoCC,2055,CHN,PRM_FRS,247197.3690432881
SSP2_1000C_CACN_NoCC,2055,CHN,MNG_FRS,13448.497726102782
SSP2_1000C_CACN_NoCC,2055,CHN,BIOCROP,36648.33621414064
SSP2_1000C_CACN_NoCC,2055,CHN,GRAZING,369426.5892179055
SSP2_1000C_CACN_NoCC,2055,CHN,GRASS,72771.5406600712
SSP2_1000C_CACN_NoCC,2055,CHN,URB,8006.078889526368
SSP2_1000C_CACN_NoCC,2055,IND,OTH,13430.3702109375
SSP2_1000C_CACN_NoCC,2055,IND,CROP,172836.94942564872
SSP2_1000C_CACN_NoCC,2055,IND,PRM_FRS,36607.23084652591
SSP2_1000C_CACN_NoCC,2055,IND,MNG_FRS,12621.992957166698
SSP2_1000C_CACN_NoCC,2055,IND,BIOCROP,16329.444678841397
SSP2_1000C_CACN_NoCC,2055,IND,GRAZING,7339.453820462318
SSP2_1000C_CACN_NoCC,2055,IND,GRASS,14283.036903303648
SSP2_1000C_CACN_NoCC,2055,IND,URB,3026.2728974914553
SSP2_1000C_CACN_NoCC,2055,JPN,CROP,1868.420207885148
SSP2_1000C_CACN_NoCC,2055,JPN,CROP_FLW,824.8466982933444
SSP2_1000C_CACN_NoCC,2055,JPN,PRM_FRS,23966.044169186807
SSP2_1000C_CACN_NoCC,2055,JPN,MNG_FRS,1614.2600755241926
SSP2_1000C_CACN_NoCC,2055,JPN,BIOCROP,384.44656809560314
SSP2_1000C_CACN_NoCC,2055,JPN,GRAZING,49.858894285522894
SSP2_1000C_CACN_NoCC,2055,JPN,GRASS,653.4491363548649
SSP2_1000C_CACN_NoCC,2055,JPN,URB,1710.2899680175783
SSP2_1000C_CACN_NoCC,2055,XSE,OTH,14506.901
SSP2_1000C_CACN_NoCC,2055,XSE,CROP,74188.57353305332
SSP2_1000C_CACN_NoCC,2055,XSE,CROP_FLW,3215.7152273466045
SSP2_1000C_CACN_NoCC,2055,XSE,PRM_FRS,225145.25467107457
SSP2_1000C_CACN_NoCC,2055,XSE,MNG_FRS,7336.79858071026
SSP2_1000C_CACN_NoCC,2055,XSE,BIOCROP,31564.35629768157
SSP2_1000C_CACN_NoCC,2055,XSE,GRAZING,128250.5662602292
SSP2_1000C_CACN_NoCC,2055,XSE,GRASS,64564.02143775385
SSP2_1000C_CACN_NoCC,2055,XSE,URB,3032.1656320037837
SSP2_1000C_CACN_NoCC,2055,XSA,OTH,44675.7545
SSP2_1000C_CACN_NoCC,2055,XSA,CROP,48215.13494466847
SSP2_1000C_CACN_NoCC,2055,XSA,CROP_FLW,2709.6529753076375
SSP2_1000C_CACN_NoCC,2055,XSA,PRM_FRS,9286.300955442277
SSP2_1000C_CACN_NoCC,2055,XSA,MNG_FRS,3937.548707071551
SSP2_1000C_CACN_NoCC,2055,XSA,BIOCROP,3111.277558681893
SSP2_1000C_CACN_NoCC,2055,XSA,GRAZING,39434.37684715526
SSP2_1000C_CACN_NoCC,2055,XSA,GRASS,32368.629439449138
SSP2_1000C_CACN_NoCC,2055,XSA,URB,866.7895990753174
SSP2_1000C_CACN_NoCC,2055,CAN,OTH,283585.656
SSP2_1000C_CACN_NoCC,2055,CAN,CROP,35150.95472914622
SSP2_1000C_CACN_NoCC,2055,CAN,CROP_FLW,15896.82659073473
SSP2_1000C_CACN_NoCC,2055,CAN,PRM_FRS,259295.82404103584
SSP2_1000C_CACN_NoCC,2055,CAN,MNG_FRS,42391.20125705492
SSP2_1000C_CACN_NoCC,2055,CAN,BIOCROP,13694.224521706039
SSP2_1000C_CACN_NoCC,2055,CAN,GRAZING,14353.800288166885
SSP2_1000C_CACN_NoCC,2055,CAN,GRASS,4566.9251152879615
SSP2_1000C_CACN_NoCC,2055,CAN,URB,785.9824775390625
SSP2_1000C_CACN_NoCC,2055,BRA,CROP,67015.18953592879
SSP2_1000C_CACN_NoCC,2055,BRA,CROP_FLW,431.7952487716128
SSP2_1000C_CACN_NoCC,2055,BRA,PRM_FRS,570636.5597609483
SSP2_1000C_CACN_NoCC,2055,BRA,MNG_FRS,3978.5038203399367
SSP2_1000C_CACN_NoCC,2055,BRA,BIOCROP,11498.238660147035
SSP2_1000C_CACN_NoCC,2055,BRA,GRAZING,180265.78727164053
SSP2_1000C_CACN_NoCC,2055,BRA,GRASS,66688.49415593848
SSP2_1000C_CACN_NoCC,2055,BRA,URB,3742.538360931397
SSP2_1000C_CACN_NoCC,2055,XLM,OTH,72183.21731250001
SSP2_1000C_CACN_NoCC,2055,XLM,CROP,88771.89972519327
SSP2_1000C_CACN_NoCC,2055,XLM,CROP_FLW,14193.438769339986
SSP2_1000C_CACN_NoCC,2055,XLM,PRM_FRS,476153.44861398515
SSP2_1000C_CACN_NoCC,2055,XLM,MNG_FRS,13776.894160773145
SSP2_1000C_CACN_NoCC,2055,XLM,BIOCROP,9496.18189016953
SSP2_1000C_CACN_NoCC,2055,XLM,GRAZING,352468.3563025967
SSP2_1000C_CACN_NoCC,2055,XLM,GRASS,198921.5252570998
SSP2_1000C_CACN_NoCC,2055,XLM,URB,4894.335314867021
SSP2_1000C_CACN_NoCC,2055,CIS,OTH,253974.9918984375
SSP2_1000C_CACN_NoCC,2055,CIS,CROP,82951.47672461685
SSP2_1000C_CACN_NoCC,2055,CIS,CROP_FLW,87901.95445883182
SSP2_1000C_CACN_NoCC,2055,CIS,PRM_FRS,818269.7153233422
SSP2_1000C_CACN_NoCC,2055,CIS,MNG_FRS,35079.75315325981
SSP2_1000C_CACN_NoCC,2055,CIS,BIOCROP,38406.642449389656
SSP2_1000C_CACN_NoCC,2055,CIS,GRAZING,357581.717558325
SSP2_1000C_CACN_NoCC,2055,CIS,GRASS,185106.6225659974
SSP2_1000C_CACN_NoCC,2055,CIS,URB,5880.5270887603765
SSP2_1000C_CACN_NoCC,2055,XME,OTH,281021.7655625
SSP2_1000C_CACN_NoCC,2055,XME,CROP,33083.85557138166
SSP2_1000C_CACN_NoCC,2055,XME,CROP_FLW,1857.1217570927377
SSP2_1000C_CACN_NoCC,2055,XME,PRM_FRS,9102.026625257353
SSP2_1000C_CACN_NoCC,2055,XME,MNG_FRS,602.2839150680253
SSP2_1000C_CACN_NoCC,2055,XME,BIOCROP,17483.303762247793
SSP2_1000C_CACN_NoCC,2055,XME,GRAZING,256369.7131845215
SSP2_1000C_CACN_NoCC,2055,XME,GRASS,78495.9665405132
SSP2_1000C_CACN_NoCC,2055,XME,URB,2128.071955810547
SSP2_1000C_CACN_NoCC,2055,XNF,OTH,456890.6350624999
SSP2_1000C_CACN_NoCC,2055,XNF,CROP,29783.28240400301
SSP2_1000C_CACN_NoCC,2055,XNF,CROP_FLW,1712.5921443284578
SSP2_1000C_CACN_NoCC,2055,XNF,PRM_FRS,2996.6098243253155
SSP2_1000C_CACN_NoCC,2055,XNF,MNG_FRS,64.29099058201761
SSP2_1000C_CACN_NoCC,2055,XNF,BIOCROP,4203.096825560853
SSP2_1000C_CACN_NoCC,2055,XNF,GRAZING,72998.5095917649
SSP2_1000C_CACN_NoCC,2055,XNF,GRASS,3489.585660502005
SSP2_1000C_CACN_NoCC,2055,XNF,URB,927.4797019042969
SSP2_1000C_CACN_NoCC,2055,XAF,OTH,399410.63371875
SSP2_1000C_CACN_NoCC,2055,XAF,CROP,421009.0363077171
SSP2_1000C_CACN_NoCC,2055,XAF,CROP_FLW,10575.497530535982
SSP2_1000C_CACN_NoCC,2055,XAF,PRM_FRS,597948.3814924243
SSP2_1000C_CACN_NoCC,2055,XAF,MNG_FRS,21520.258876412565
SSP2_1000C_CACN_NoCC,2055,XAF,BIOCROP,10394.985411430613
SSP2_1000C_CACN_NoCC,2055,XAF,GRAZING,848311.6180895579
SSP2_1000C_CACN_NoCC,2055,XAF,GRASS,427513.02045919956
SSP2_1000C_CACN_NoCC,2055,XAF,URB,2896.931178625107
SSP2_1000C_CACN_NoCC,2055,ASIA2,OTH,312611.42105468747
SSP2_1000C_CACN_NoCC,2055,ASIA2,CROP,380228.52478799585
SSP2_1000C_CACN_NoCC,2055,ASIA2,CROP_FLW,6750.214900947586
SSP2_1000C_CACN_NoCC,2055,ASIA2,PRM_FRS,542202.1996855177
SSP2_1000C_CACN_NoCC,2055,ASIA2,MNG_FRS,38959.098046575484
SSP2_1000C_CACN_NoCC,2055,ASIA2,BIOCROP,88037.8613174411
SSP2_1000C_CACN_NoCC,2055,ASIA2,GRAZING,544500.8450400378
SSP2_1000C_CACN_NoCC,2055,ASIA2,GRASS,184640.6775769327
SSP2_1000C_CACN_NoCC,2055,ASIA2,URB,16641.596986114502
SSP2_1000C_CACN_NoCC,2055,World,OTH,2111196.772609375
SSP2_1000C_CACN_NoCC,2055,World,CROP,1416256.034931181
SSP2_1000C_CACN_NoCC,2055,World,CROP_FLW,264295.34450202785
SSP2_1000C_CACN_NoCC,2055,World,PRM_FRS,3809120.384965221
SSP2_1000C_CACN_NoCC,2055,World,MNG_FRS,267967.9964351487
SSP2_1000C_CACN_NoCC,2055,World,BIOCROP,303135.32305499614
SSP2_1000C_CACN_NoCC,2055,World,GRAZING,3320753.097234316
SSP2_1000C_CACN_NoCC,2055,World,GRASS,1749057.494740219
SSP2_1000C_CACN_NoCC,2055,World,URB,61494.25336591386
SSP2_1000C_CACN_NoCC,2055,Non-OECD,OTH,1776092.664609375
SSP2_1000C_CACN_NoCC,2055,Non-OECD,CROP,1100974.8448489513
SSP2_1000C_CACN_NoCC,2055,Non-OECD,CROP_FLW,122597.76811155485
SSP2_1000C_CACN_NoCC,2055,Non-OECD,PRM_FRS,2993342.897156614
SSP2_1000C_CACN_NoCC,2055,Non-OECD,MNG_FRS,112366.82288748678
SSP2_1000C_CACN_NoCC,2055,Non-OECD,BIOCROP,179135.86374829095
SSP2_1000C_CACN_NoCC,2055,Non-OECD,GRAZING,2612446.6881441586
SSP2_1000C_CACN_NoCC,2055,Non-OECD,GRASS,1144202.4430798283
SSP2_1000C_CACN_NoCC,2055,Non-OECD,URB,35401.19061899567
SSP2_1000C_CACN_NoCC,2055,Industrial,OTH,321872.108
SSP2_1000C_CACN_NoCC,2055,Industrial,CROP,254296.46878364007
SSP2_1000C_CACN_NoCC,2055,Industrial,CROP_FLW,134238.8060116143
SSP2_1000C_CACN_NoCC,2055,Industrial,PRM_FRS,779977.8692229937
SSP2_1000C_CACN_NoCC,2055,Industrial,MNG_FRS,149653.27144736034
SSP2_1000C_CACN_NoCC,2055,Industrial,BIOCROP,113147.29780895468
SSP2_1000C_CACN_NoCC,2055,Industrial,GRAZING,678891.450494449
SSP2_1000C_CACN_NoCC,2055,Industrial,GRASS,580856.2809472425
SSP2_1000C_CACN_NoCC,2055,Industrial,URB,24181.440413742544
SSP2_1000C_CACN_NoCC,2055,Transition,OTH,520635.75745312497
SSP2_1000C_CACN_NoCC,2055,Transition,CROP,466907.7836615243
SSP2_1000C_CACN_NoCC,2055,Transition,CROP_FLW,95792.52008646213
SSP2_1000C_CACN_NoCC,2055,Transition,PRM_FRS,1708510.493559718
SSP2_1000C_CACN_NoCC,2055,Transition,MNG_FRS,71076.64975717076
SSP2_1000C_CACN_NoCC,2055,Transition,BIOCROP,113734.82350026924
SSP2_1000C_CACN_NoCC,2055,Transition,GRAZING,944028.5064640418
SSP2_1000C_CACN_NoCC,2055,Transition,GRASS,362848.46499845904
SSP2_1000C_CACN_NoCC,2055,Transition,URB,22567.039569885255
SSP2_1000C_CACN_NoCC,2055,Developing,OTH,1268688.90715625
SSP2_1000C_CACN_NoCC,2055,Developing,CROP,695051.7824860169
SSP2_1000C_CACN_NoCC,2055,Developing,CROP_FLW,34264.018403951406
SSP2_1000C_CACN_NoCC,2055,Developing,PRM_FRS,1320632.0221825088
SSP2_1000C_CACN_NoCC,2055,Developing,MNG_FRS,47238.07523061756
SSP2_1000C_CACN_NoCC,2055,Developing,BIOCROP,76253.20174577225
SSP2_1000C_CACN_NoCC,2055,Developing,GRAZING,1697833.1402758253
SSP2_1000C_CACN_NoCC,2055,Developing,GRASS,805352.7487945176
SSP2_1000C_CACN_NoCC,2055,Developing,URB,14745.773382286072
SSP2_1000C_CACN_NoCC,2055,R5ASIA,OTH,312611.42105468747
SSP2_1000C_CACN_NoCC,2055,R5ASIA,CROP,378360.1045801107
SSP2_1000C_CACN_NoCC,2055,R5ASIA,CROP_FLW,5925.368202654242
SSP2_1000C_CACN_NoCC,2055,R5ASIA,PRM_FRS,518236.1555163309
SSP2_1000C_CACN_NoCC,2055,R5ASIA,MNG_FRS,37344.83797105129
SSP2_1000C_CACN_NoCC,2055,R5ASIA,BIOCROP,87653.4147493455
SSP2_1000C_CACN_NoCC,2055,R5ASIA,GRAZING,544450.9861457522
SSP2_1000C_CACN_NoCC,2055,R5ASIA,GRASS,183987.22844057783
SSP2_1000C_CACN_NoCC,2055,R5ASIA,URB,14931.307018096923
SSP2_1000C_CACN_NoCC,2055,R5OECD90+EU,OTH,335104.108
SSP2_1000C_CACN_NoCC,2055,R5OECD90+EU,CROP,315281.1900822299
SSP2_1000C_CACN_NoCC,2055,R5OECD90+EU,CROP_FLW,141697.576390473
SSP2_1000C_CACN_NoCC,2055,R5OECD90+EU,PRM_FRS,815777.4878086073
SSP2_1000C_CACN_NoCC,2055,R5OECD90+EU,MNG_FRS,155601.1735476619
SSP2_1000C_CACN_NoCC,2055,R5OECD90+EU,BIOCROP,123999.45930670519
SSP2_1000C_CACN_NoCC,2055,R5OECD90+EU,GRAZING,708306.4090901575
SSP2_1000C_CACN_NoCC,2055,R5OECD90+EU,GRASS,604855.0516603909
SSP2_1000C_CACN_NoCC,2055,R5OECD90+EU,URB,26093.062746918204
SSP2_1000C_CACN_NoCC,2055,R5REF,OTH,253974.9918984375
SSP2_1000C_CACN_NoCC,2055,R5REF,CROP,82951.47672461685
SSP2_1000C_CACN_NoCC,2055,R5REF,CROP_FLW,87901.95445883182
SSP2_1000C_CACN_NoCC,2055,R5REF,PRM_FRS,818269.7153233422
SSP2_1000C_CACN_NoCC,2055,R5REF,MNG_FRS,35079.75315325981
SSP2_1000C_CACN_NoCC,2055,R5REF,BIOCROP,38406.642449389656
SSP2_1000C_CACN_NoCC,2055,R5REF,GRAZING,357581.717558325
SSP2_1000C_CACN_NoCC,2055,R5REF,GRASS,185106.6225659974
SSP2_1000C_CACN_NoCC,2055,R5REF,URB,5880.5270887603765
SSP2_1000C_CACN_NoCC,2055,R5MAF,OTH,1137323.0343437498
SSP2_1000C_CACN_NoCC,2055,R5MAF,CROP,483876.17428310175
SSP2_1000C_CACN_NoCC,2055,R5MAF,CROP_FLW,14145.211431957177
SSP2_1000C_CACN_NoCC,2055,R5MAF,PRM_FRS,610047.0179420069
SSP2_1000C_CACN_NoCC,2055,R5MAF,MNG_FRS,22186.833782062607
SSP2_1000C_CACN_NoCC,2055,R5MAF,BIOCROP,32081.38599923926
SSP2_1000C_CACN_NoCC,2055,R5MAF,GRAZING,1177679.8408658444
SSP2_1000C_CACN_NoCC,2055,R5MAF,GRASS,509498.57266021473
SSP2_1000C_CACN_NoCC,2055,R5MAF,URB,5952.48283633995
SSP2_1000C_CACN_NoCC,2055,R5LAM,OTH,72183.21731250001
SSP2_1000C_CACN_NoCC,2055,R5LAM,CROP,155787.08926112205
SSP2_1000C_CACN_NoCC,2055,R5LAM,CROP_FLW,14625.234018111598
SSP2_1000C_CACN_NoCC,2055,R5LAM,PRM_FRS,1046790.0083749334
SSP2_1000C_CACN_NoCC,2055,R5LAM,MNG_FRS,17755.39798111308
SSP2_1000C_CACN_NoCC,2055,R5LAM,BIOCROP,20994.420550316565
SSP2_1000C_CACN_NoCC,2055,R5LAM,GRAZING,532734.1435742372
SSP2_1000C_CACN_NoCC,2055,R5LAM,GRASS,265610.0194130383
SSP2_1000C_CACN_NoCC,2055,R5LAM,URB,8636.873675798419
SSP2_1000C_CACN_NoCC,2060,USA,OTH,33613.452
SSP2_1000C_CACN_NoCC,2060,USA,CROP,116316.12770530365
SSP2_1000C_CACN_NoCC,2060,USA,CROP_FLW,60093.36070262399
SSP2_1000C_CACN_NoCC,2060,USA,PRM_FRS,237986.86920317242
SSP2_1000C_CACN_NoCC,2060,USA,MNG_FRS,48969.49868121918
SSP2_1000C_CACN_NoCC,2060,USA,BIOCROP,58819.00650099593
SSP2_1000C_CACN_NoCC,2060,USA,GRAZING,228914.77438876906
SSP2_1000C_CACN_NoCC,2060,USA,GRASS,83052.2717017318
SSP2_1000C_CACN_NoCC,2060,USA,URB,11695.345311309815
SSP2_1000C_CACN_NoCC,2060,XE25,OTH,3206.0
SSP2_1000C_CACN_NoCC,2060,XE25,CROP,63599.61382261829
SSP2_1000C_CACN_NoCC,2060,XE25,CROP_FLW,16137.928206360306
SSP2_1000C_CACN_NoCC,2060,XE25,PRM_FRS,83350.10121686457
SSP2_1000C_CACN_NoCC,2060,XE25,MNG_FRS,48526.766053219486
SSP2_1000C_CACN_NoCC,2060,XE25,BIOCROP,50633.79890999995
SSP2_1000C_CACN_NoCC,2060,XE25,GRAZING,57904.46175929297
SSP2_1000C_CACN_NoCC,2060,XE25,GRASS,23551.59808739049
SSP2_1000C_CACN_NoCC,2060,XE25,URB,9106.496241195679
SSP2_1000C_CACN_NoCC,2060,XER,OTH,13232.0
SSP2_1000C_CACN_NoCC,2060,XER,CROP,35990.7018212796
SSP2_1000C_CACN_NoCC,2060,XER,CROP_FLW,2975.907652831383
SSP2_1000C_CACN_NoCC,2060,XER,PRM_FRS,29036.73955553098
SSP2_1000C_CACN_NoCC,2060,XER,MNG_FRS,4486.247871648984
SSP2_1000C_CACN_NoCC,2060,XER,BIOCROP,7494.211091519625
SSP2_1000C_CACN_NoCC,2060,XER,GRAZING,15291.311264825395
SSP2_1000C_CACN_NoCC,2060,XER,GRASS,3842.9925037535363
SSP2_1000C_CACN_NoCC,2060,XER,URB,1090.242361709595
SSP2_1000C_CACN_NoCC,2060,TUR,CROP,23306.871893790143
SSP2_1000C_CACN_NoCC,2060,TUR,CROP_FLW,3717.092839731434
SSP2_1000C_CACN_NoCC,2060,TUR,PRM_FRS,9440.837065869246
SSP2_1000C_CACN_NoCC,2060,TUR,MNG_FRS,992.6536257038376
SSP2_1000C_CACN_NoCC,2060,TUR,BIOCROP,5029.60988218235
SSP2_1000C_CACN_NoCC,2060,TUR,GRAZING,13996.49893942502
SSP2_1000C_CACN_NoCC,2060,TUR,GRASS,18855.227161879215
SSP2_1000C_CACN_NoCC,2060,TUR,URB,821.3799714660644
SSP2_1000C_CACN_NoCC,2060,XOC,OTH,1467.0
SSP2_1000C_CACN_NoCC,2060,XOC,CROP,34020.296910791796
SSP2_1000C_CACN_NoCC,2060,XOC,CROP_FLW,33653.69555425889
SSP2_1000C_CACN_NoCC,2060,XOC,PRM_FRS,188295.45739717878
SSP2_1000C_CACN_NoCC,2060,XOC,MNG_FRS,4001.2919540263583
SSP2_1000C_CACN_NoCC,2060,XOC,BIOCROP,12168.761706648778
SSP2_1000C_CACN_NoCC,2060,XOC,GRAZING,374011.3206885592
SSP2_1000C_CACN_NoCC,2060,XOC,GRASS,452343.36127247126
SSP2_1000C_CACN_NoCC,2060,XOC,URB,883.3264156804086
SSP2_1000C_CACN_NoCC,2060,CHN,OTH,239998.39534375
SSP2_1000C_CACN_NoCC,2060,CHN,CROP,76475.56004856995
SSP2_1000C_CACN_NoCC,2060,CHN,PRM_FRS,255047.89806027256
SSP2_1000C_CACN_NoCC,2060,CHN,MNG_FRS,12183.138634655646
SSP2_1000C_CACN_NoCC,2060,CHN,BIOCROP,42565.09130013947
SSP2_1000C_CACN_NoCC,2060,CHN,GRAZING,366216.9747279711
SSP2_1000C_CACN_NoCC,2060,CHN,GRASS,70123.11676663932
SSP2_1000C_CACN_NoCC,2060,CHN,URB,8006.078889526368
SSP2_1000C_CACN_NoCC,2060,IND,OTH,13430.3702109375
SSP2_1000C_CACN_NoCC,2060,IND,CROP,172687.88850013967
SSP2_1000C_CACN_NoCC,2060,IND,PRM_FRS,36607.23084652591
SSP2_1000C_CACN_NoCC,2060,IND,MNG_FRS,12181.30508655116
SSP2_1000C_CACN_NoCC,2060,IND,BIOCROP,17300.764228830667
SSP2_1000C_CACN_NoCC,2060,IND,GRAZING,7298.557334908899
SSP2_1000C_CACN_NoCC,2060,IND,GRASS,13942.362634992485
SSP2_1000C_CACN_NoCC,2060,IND,URB,3026.2728974914553
SSP2_1000C_CACN_NoCC,2060,JPN,CROP,1789.8908454686414
SSP2_1000C_CACN_NoCC,2060,JPN,CROP_FLW,768.4769004132468
SSP2_1000C_CACN_NoCC,2060,JPN,PRM_FRS,24168.720161295154
SSP2_1000C_CACN_NoCC,2060,JPN,MNG_FRS,1497.8161438274187
SSP2_1000C_CACN_NoCC,2060,JPN,BIOCROP,463.5520235117225
SSP2_1000C_CACN_NoCC,2060,JPN,GRAZING,49.73851402054527
SSP2_1000C_CACN_NoCC,2060,JPN,GRASS,623.1311610886938
SSP2_1000C_CACN_NoCC,2060,JPN,URB,1710.2899680175783
SSP2_1000C_CACN_NoCC,2060,XSE,OTH,14506.901
SSP2_1000C_CACN_NoCC,2060,XSE,CROP,69399.19209013494
SSP2_1000C_CACN_NoCC,2060,XSE,CROP_FLW,2544.60586741209
SSP2_1000C_CACN_NoCC,2060,XSE,PRM_FRS,226398.11716103263
SSP2_1000C_CACN_NoCC,2060,XSE,MNG_FRS,6860.751661426849
SSP2_1000C_CACN_NoCC,2060,XSE,BIOCROP,39067.770429306
SSP2_1000C_CACN_NoCC,2060,XSE,GRAZING,127681.73878508124
SSP2_1000C_CACN_NoCC,2060,XSE,GRASS,62313.11001345597
SSP2_1000C_CACN_NoCC,2060,XSE,URB,3032.1656320037837
SSP2_1000C_CACN_NoCC,2060,XSA,OTH,44675.7545
SSP2_1000C_CACN_NoCC,2060,XSA,CROP,48218.8089116146
SSP2_1000C_CACN_NoCC,2060,XSA,CROP_FLW,2261.8655701610896
SSP2_1000C_CACN_NoCC,2060,XSA,PRM_FRS,9782.898043749476
SSP2_1000C_CACN_NoCC,2060,XSA,MNG_FRS,3752.692691412105
SSP2_1000C_CACN_NoCC,2060,XSA,BIOCROP,4984.40985246466
SSP2_1000C_CACN_NoCC,2060,XSA,GRAZING,39509.74155472412
SSP2_1000C_CACN_NoCC,2060,XSA,GRASS,30552.504803649987
SSP2_1000C_CACN_NoCC,2060,XSA,URB,866.7895990753174
SSP2_1000C_CACN_NoCC,2060,CAN,OTH,283585.656
SSP2_1000C_CACN_NoCC,2060,CAN,CROP,34720.774022404374
SSP2_1000C_CACN_NoCC,2060,CAN,CROP_FLW,12289.705979489387
SSP2_1000C_CACN_NoCC,2060,CAN,PRM_FRS,264563.2351339331
SSP2_1000C_CACN_NoCC,2060,CAN,MNG_FRS,40155.599433414514
SSP2_1000C_CACN_NoCC,2060,CAN,BIOCROP,15860.24677417427
SSP2_1000C_CACN_NoCC,2060,CAN,GRAZING,14087.244993628394
SSP2_1000C_CACN_NoCC,2060,CAN,GRASS,3672.9502060885848
SSP2_1000C_CACN_NoCC,2060,CAN,URB,785.9824775390625
SSP2_1000C_CACN_NoCC,2060,BRA,CROP,63899.3445108254
SSP2_1000C_CACN_NoCC,2060,BRA,CROP_FLW,302.09245000638197
SSP2_1000C_CACN_NoCC,2060,BRA,PRM_FRS,571706.1906788072
SSP2_1000C_CACN_NoCC,2060,BRA,MNG_FRS,3673.9560733750563
SSP2_1000C_CACN_NoCC,2060,BRA,BIOCROP,21593.987177473344
SSP2_1000C_CACN_NoCC,2060,BRA,GRAZING,178504.34524036417
SSP2_1000C_CACN_NoCC,2060,BRA,GRASS,60834.65232288996
SSP2_1000C_CACN_NoCC,2060,BRA,URB,3742.538360931397
SSP2_1000C_CACN_NoCC,2060,XLM,OTH,72183.21731250001
SSP2_1000C_CACN_NoCC,2060,XLM,CROP,86823.77471970109
SSP2_1000C_CACN_NoCC,2060,XLM,CROP_FLW,12401.11003391398
SSP2_1000C_CACN_NoCC,2060,XLM,PRM_FRS,490060.06769628276
SSP2_1000C_CACN_NoCC,2060,XLM,MNG_FRS,12877.691835476815
SSP2_1000C_CACN_NoCC,2060,XLM,BIOCROP,15500.30956980842
SSP2_1000C_CACN_NoCC,2060,XLM,GRAZING,351876.84357288305
SSP2_1000C_CACN_NoCC,2060,XLM,GRASS,184241.94729109146
SSP2_1000C_CACN_NoCC,2060,XLM,URB,4894.335314867021
SSP2_1000C_CACN_NoCC,2060,CIS,OTH,253974.9918984375
SSP2_1000C_CACN_NoCC,2060,CIS,CROP,80373.16682715234
SSP2_1000C_CACN_NoCC,2060,CIS,CROP_FLW,82968.6343543643
SSP2_1000C_CACN_NoCC,2060,CIS,PRM_FRS,824603.1069830991
SSP2_1000C_CACN_NoCC,2060,CIS,MNG_FRS,32788.75452315275
SSP2_1000C_CACN_NoCC,2060,CIS,BIOCROP,52821.73649308135
SSP2_1000C_CACN_NoCC,2060,CIS,GRAZING,356518.10558105406
SSP2_1000C_CACN_NoCC,2060,CIS,GRASS,175224.3774718581
SSP2_1000C_CACN_NoCC,2060,CIS,URB,5880.5270887603765
SSP2_1000C_CACN_NoCC,2060,XME,OTH,281021.7655625
SSP2_1000C_CACN_NoCC,2060,XME,CROP,32694.159340065835
SSP2_1000C_CACN_NoCC,2060,XME,CROP_FLW,1444.3572603288824
SSP2_1000C_CACN_NoCC,2060,XME,PRM_FRS,9102.026625257353
SSP2_1000C_CACN_NoCC,2060,XME,MNG_FRS,569.2915782253483
SSP2_1000C_CACN_NoCC,2060,XME,BIOCROP,24181.228575859794
SSP2_1000C_CACN_NoCC,2060,XME,GRAZING,256583.42852871766
SSP2_1000C_CACN_NoCC,2060,XME,GRASS,72419.77944762754
SSP2_1000C_CACN_NoCC,2060,XME,URB,2128.071955810547
SSP2_1000C_CACN_NoCC,2060,XNF,OTH,456890.6350624999
SSP2_1000C_CACN_NoCC,2060,XNF,CROP,30114.576289336605
SSP2_1000C_CACN_NoCC,2060,XNF,CROP_FLW,1386.2336192681717
SSP2_1000C_CACN_NoCC,2060,XNF,PRM_FRS,2996.6098243253155
SSP2_1000C_CACN_NoCC,2060,XNF,MNG_FRS,61.34192163075712
SSP2_1000C_CACN_NoCC,2060,XNF,BIOCROP,4977.151639251821
SSP2_1000C_CACN_NoCC,2060,XNF,GRAZING,72819.53898514214
SSP2_1000C_CACN_NoCC,2060,XNF,GRASS,2892.5151621118184
SSP2_1000C_CACN_NoCC,2060,XNF,URB,927.4797019042969
SSP2_1000C_CACN_NoCC,2060,XAF,OTH,399410.63371875
SSP2_1000C_CACN_NoCC,2060,XAF,CROP,441429.5194616215
SSP2_1000C_CACN_NoCC,2060,XAF,CROP_FLW,8569.390248354011
SSP2_1000C_CACN_NoCC,2060,XAF,PRM_FRS,597948.3814924246
SSP2_1000C_CACN_NoCC,2060,XAF,MNG_FRS,21013.80181362363
SSP2_1000C_CACN_NoCC,2060,XAF,BIOCROP,21061.80531625354
SSP2_1000C_CACN_NoCC,2060,XAF,GRAZING,853538.0517734502
SSP2_1000C_CACN_NoCC,2060,XAF,GRASS,393711.8480615504
SSP2_1000C_CACN_NoCC,2060,XAF,URB,2896.931178625107
SSP2_1000C_CACN_NoCC,2060,ASIA2,OTH,312611.42105468747
SSP2_1000C_CACN_NoCC,2060,ASIA2,CROP,368571.3403959278
SSP2_1000C_CACN_NoCC,2060,ASIA2,CROP_FLW,5574.948337986427
SSP2_1000C_CACN_NoCC,2060,ASIA2,PRM_FRS,552004.8642728758
SSP2_1000C_CACN_NoCC,2060,ASIA2,MNG_FRS,36475.70421787318
SSP2_1000C_CACN_NoCC,2060,ASIA2,BIOCROP,104381.58783425251
SSP2_1000C_CACN_NoCC,2060,ASIA2,GRAZING,540756.7509167059
SSP2_1000C_CACN_NoCC,2060,ASIA2,GRASS,177554.22537982647
SSP2_1000C_CACN_NoCC,2060,ASIA2,URB,16641.596986114502
SSP2_1000C_CACN_NoCC,2060,World,OTH,2111196.772609375
SSP2_1000C_CACN_NoCC,2060,World,CROP,1411860.2677208183
SSP2_1000C_CACN_NoCC,2060,World,CROP_FLW,241514.4572395175
SSP2_1000C_CACN_NoCC,2060,World,PRM_FRS,3861094.4871456213
SSP2_1000C_CACN_NoCC,2060,World,MNG_FRS,254592.59958258993
SSP2_1000C_CACN_NoCC,2060,World,BIOCROP,394523.44147150166
SSP2_1000C_CACN_NoCC,2060,World,GRAZING,3314802.6766328174
SSP2_1000C_CACN_NoCC,2060,World,GRASS,1652197.7460702704
SSP2_1000C_CACN_NoCC,2060,World,URB,61494.25336591386
SSP2_1000C_CACN_NoCC,2060,Non-OECD,OTH,1776092.664609375
SSP2_1000C_CACN_NoCC,2060,Non-OECD,CROP,1102115.990699162
SSP2_1000C_CACN_NoCC,2060,Non-OECD,CROP_FLW,111878.2894038089
SSP2_1000C_CACN_NoCC,2060,Non-OECD,PRM_FRS,3024252.527411777
SSP2_1000C_CACN_NoCC,2060,Non-OECD,MNG_FRS,105962.72581953011
SSP2_1000C_CACN_NoCC,2060,Non-OECD,BIOCROP,244054.25458246906
SSP2_1000C_CACN_NoCC,2060,Non-OECD,GRAZING,2610547.3260842967
SSP2_1000C_CACN_NoCC,2060,Non-OECD,GRASS,1066256.2139758673
SSP2_1000C_CACN_NoCC,2060,Non-OECD,URB,35401.19061899567
SSP2_1000C_CACN_NoCC,2060,Industrial,OTH,321872.108
SSP2_1000C_CACN_NoCC,2060,Industrial,CROP,250446.70330658674
SSP2_1000C_CACN_NoCC,2060,Industrial,CROP_FLW,122943.16734314583
SSP2_1000C_CACN_NoCC,2060,Industrial,PRM_FRS,798364.3831124441
SSP2_1000C_CACN_NoCC,2060,Industrial,MNG_FRS,143150.97226570695
SSP2_1000C_CACN_NoCC,2060,Industrial,BIOCROP,137945.36591533065
SSP2_1000C_CACN_NoCC,2060,Industrial,GRAZING,674967.5403442702
SSP2_1000C_CACN_NoCC,2060,Industrial,GRASS,563243.3124287708
SSP2_1000C_CACN_NoCC,2060,Industrial,URB,24181.440413742544
SSP2_1000C_CACN_NoCC,2060,Transition,OTH,520635.75745312497
SSP2_1000C_CACN_NoCC,2060,Transition,CROP,452733.53360175714
SSP2_1000C_CACN_NoCC,2060,Transition,CROP_FLW,89963.7272969335
SSP2_1000C_CACN_NoCC,2060,Transition,PRM_FRS,1726442.003190105
SSP2_1000C_CACN_NoCC,2060,Transition,MNG_FRS,66306.05581508743
SSP2_1000C_CACN_NoCC,2060,Transition,BIOCROP,146805.4001732268
SSP2_1000C_CACN_NoCC,2060,Transition,GRAZING,937825.7930885486
SSP2_1000C_CACN_NoCC,2060,Transition,GRASS,342822.7288620126
SSP2_1000C_CACN_NoCC,2060,Transition,URB,22567.039569885255
SSP2_1000C_CACN_NoCC,2060,Developing,OTH,1268688.90715625
SSP2_1000C_CACN_NoCC,2060,Developing,CROP,708680.0308124745
SSP2_1000C_CACN_NoCC,2060,Developing,CROP_FLW,28607.562599438224
SSP2_1000C_CACN_NoCC,2060,Developing,PRM_FRS,1336288.1008430722
SSP2_1000C_CACN_NoCC,2060,Developing,MNG_FRS,45135.5715017955
SSP2_1000C_CACN_NoCC,2060,Developing,BIOCROP,109772.67538294423
SSP2_1000C_CACN_NoCC,2060,Developing,GRAZING,1702009.3431999984
SSP2_1000C_CACN_NoCC,2060,Developing,GRASS,746131.7047794872
SSP2_1000C_CACN_NoCC,2060,Developing,URB,14745.773382286072
SSP2_1000C_CACN_NoCC,2060,R5ASIA,OTH,312611.42105468747
SSP2_1000C_CACN_NoCC,2060,R5ASIA,CROP,366781.44955045916
SSP2_1000C_CACN_NoCC,2060,R5ASIA,CROP_FLW,4806.47143757318
SSP2_1000C_CACN_NoCC,2060,R5ASIA,PRM_FRS,527836.1441115806
SSP2_1000C_CACN_NoCC,2060,R5ASIA,MNG_FRS,34977.88807404576
SSP2_1000C_CACN_NoCC,2060,R5ASIA,BIOCROP,103918.0358107408
SSP2_1000C_CACN_NoCC,2060,R5ASIA,GRAZING,540707.0124026854
SSP2_1000C_CACN_NoCC,2060,R5ASIA,GRASS,176931.09421873777
SSP2_1000C_CACN_NoCC,2060,R5ASIA,URB,14931.307018096923
SSP2_1000C_CACN_NoCC,2060,R5OECD90+EU,OTH,335104.108
SSP2_1000C_CACN_NoCC,2060,R5OECD90+EU,CROP,309744.27702165645
SSP2_1000C_CACN_NoCC,2060,R5OECD90+EU,CROP_FLW,129636.16783570863
SSP2_1000C_CACN_NoCC,2060,R5OECD90+EU,PRM_FRS,836841.9597338443
SSP2_1000C_CACN_NoCC,2060,R5OECD90+EU,MNG_FRS,148629.8737630598
SSP2_1000C_CACN_NoCC,2060,R5OECD90+EU,BIOCROP,150469.18688903263
SSP2_1000C_CACN_NoCC,2060,R5OECD90+EU,GRAZING,704255.3505485206
SSP2_1000C_CACN_NoCC,2060,R5OECD90+EU,GRASS,585941.5320944036
SSP2_1000C_CACN_NoCC,2060,R5OECD90+EU,URB,26093.062746918204
SSP2_1000C_CACN_NoCC,2060,R5REF,OTH,253974.9918984375
SSP2_1000C_CACN_NoCC,2060,R5REF,CROP,80373.16682715234
SSP2_1000C_CACN_NoCC,2060,R5REF,CROP_FLW,82968.6343543643
SSP2_1000C_CACN_NoCC,2060,R5REF,PRM_FRS,824603.1069830991
SSP2_1000C_CACN_NoCC,2060,R5REF,MNG_FRS,32788.75452315275
SSP2_1000C_CACN_NoCC,2060,R5REF,BIOCROP,52821.73649308135
SSP2_1000C_CACN_NoCC,2060,R5REF,GRAZING,356518.10558105406
SSP2_1000C_CACN_NoCC,2060,R5REF,GRASS,175224.3774718581
SSP2_1000C_CACN_NoCC,2060,R5REF,URB,5880.5270887603765
SSP2_1000C_CACN_NoCC,2060,R5MAF,OTH,1137323.0343437498
SSP2_1000C_CACN_NoCC,2060,R5MAF,CROP,504238.2550910239
SSP2_1000C_CACN_NoCC,2060,R5MAF,CROP_FLW,11399.981127951065
SSP2_1000C_CACN_NoCC,2060,R5MAF,PRM_FRS,610047.0179420073
SSP2_1000C_CACN_NoCC,2060,R5MAF,MNG_FRS,21644.43531347974
SSP2_1000C_CACN_NoCC,2060,R5MAF,BIOCROP,50220.185531365154
SSP2_1000C_CACN_NoCC,2060,R5MAF,GRAZING,1182941.01928731
SSP2_1000C_CACN_NoCC,2060,R5MAF,GRASS,469024.14267128974
SSP2_1000C_CACN_NoCC,2060,R5MAF,URB,5952.48283633995
SSP2_1000C_CACN_NoCC,2060,R5LAM,OTH,72183.21731250001
SSP2_1000C_CACN_NoCC,2060,R5LAM,CROP,150723.1192305265
SSP2_1000C_CACN_NoCC,2060,R5LAM,CROP_FLW,12703.20248392036
SSP2_1000C_CACN_NoCC,2060,R5LAM,PRM_FRS,1061766.25837509
SSP2_1000C_CACN_NoCC,2060,R5LAM,MNG_FRS,16551.64790885187
SSP2_1000C_CACN_NoCC,2060,R5LAM,BIOCROP,37094.29674728176
SSP2_1000C_CACN_NoCC,2060,R5LAM,GRAZING,530381.1888132473
SSP2_1000C_CACN_NoCC,2060,R5LAM,GRASS,245076.59961398144
SSP2_1000C_CACN_NoCC,2060,R5LAM,URB,8636.873675798419
SSP2_1000C_CACN_NoCC,2065,USA,OTH,33613.452
SSP2_1000C_CACN_NoCC,2065,USA,CROP,115622.65709847293
SSP2_1000C_CACN_NoCC,2065,USA,CROP_FLW,54673.70218952884
SSP2_1000C_CACN_NoCC,2065,USA,PRM_FRS,254316.70296427447
SSP2_1000C_CACN_NoCC,2065,USA,MNG_FRS,46865.245485715546
SSP2_1000C_CACN_NoCC,2065,USA,BIOCROP,56286.57003521604
SSP2_1000C_CACN_NoCC,2065,USA,GRAZING,227759.2794593878
SSP2_1000C_CACN_NoCC,2065,USA,GRASS,78627.75165122031
SSP2_1000C_CACN_NoCC,2065,USA,URB,11695.345311309815
SSP2_1000C_CACN_NoCC,2065,XE25,OTH,3206.0
SSP2_1000C_CACN_NoCC,2065,XE25,CROP,62499.65756938913
SSP2_1000C_CACN_NoCC,2065,XE25,CROP_FLW,15100.092299915517
SSP2_1000C_CACN_NoCC,2065,XE25,PRM_FRS,89743.86986099364
SSP2_1000C_CACN_NoCC,2065,XE25,MNG_FRS,46284.4955801636
SSP2_1000C_CACN_NoCC,2065,XE25,BIOCROP,49730.719142270565
SSP2_1000C_CACN_NoCC,2065,XE25,GRAZING,57804.25653499982
SSP2_1000C_CACN_NoCC,2065,XE25,GRASS,22541.177068013756
SSP2_1000C_CACN_NoCC,2065,XE25,URB,9106.496241195679
SSP2_1000C_CACN_NoCC,2065,XER,OTH,13232.0
SSP2_1000C_CACN_NoCC,2065,XER,CROP,34500.364257640824
SSP2_1000C_CACN_NoCC,2065,XER,CROP_FLW,2685.440091095838
SSP2_1000C_CACN_NoCC,2065,XER,PRM_FRS,31793.628609094732
SSP2_1000C_CACN_NoCC,2065,XER,MNG_FRS,4077.301769377363
SSP2_1000C_CACN_NoCC,2065,XER,BIOCROP,7350.626030905983
SSP2_1000C_CACN_NoCC,2065,XER,GRAZING,15241.538042417607
SSP2_1000C_CACN_NoCC,2065,XER,GRASS,3469.2129608571463
SSP2_1000C_CACN_NoCC,2065,XER,URB,1090.242361709595
SSP2_1000C_CACN_NoCC,2065,TUR,CROP,22976.11284202336
SSP2_1000C_CACN_NoCC,2065,TUR,CROP_FLW,3395.7094431730666
SSP2_1000C_CACN_NoCC,2065,TUR,PRM_FRS,10179.244324851508
SSP2_1000C_CACN_NoCC,2065,TUR,MNG_FRS,934.2625989499387
SSP2_1000C_CACN_NoCC,2065,TUR,BIOCROP,5816.7105036667535
SSP2_1000C_CACN_NoCC,2065,TUR,GRAZING,13943.174198184459
SSP2_1000C_CACN_NoCC,2065,TUR,GRASS,18093.577497732127
SSP2_1000C_CACN_NoCC,2065,TUR,URB,821.3799714660644
SSP2_1000C_CACN_NoCC,2065,XOC,OTH,1467.0
SSP2_1000C_CACN_NoCC,2065,XOC,CROP,34603.259524388064
SSP2_1000C_CACN_NoCC,2065,XOC,CROP_FLW,32845.799849394134
SSP2_1000C_CACN_NoCC,2065,XOC,PRM_FRS,195028.08858516297
SSP2_1000C_CACN_NoCC,2065,XOC,MNG_FRS,3750.529040334955
SSP2_1000C_CACN_NoCC,2065,XOC,BIOCROP,17150.53591155676
SSP2_1000C_CACN_NoCC,2065,XOC,GRAZING,373183.0068618774
SSP2_1000C_CACN_NoCC,2065,XOC,GRASS,441932.9657112209
SSP2_1000C_CACN_NoCC,2065,XOC,URB,883.3264156804086
SSP2_1000C_CACN_NoCC,2065,CHN,OTH,239998.39534375
SSP2_1000C_CACN_NoCC,2065,CHN,CROP,70300.77755509036
SSP2_1000C_CACN_NoCC,2065,CHN,PRM_FRS,271066.6614587064
SSP2_1000C_CACN_NoCC,2065,CHN,MNG_FRS,10953.692330822281
SSP2_1000C_CACN_NoCC,2065,CHN,BIOCROP,42203.2491509072
SSP2_1000C_CACN_NoCC,2065,CHN,GRAZING,362683.00726162206
SSP2_1000C_CACN_NoCC,2065,CHN,GRASS,65404.39178110013
SSP2_1000C_CACN_NoCC,2065,CHN,URB,8006.078889526368
SSP2_1000C_CACN_NoCC,2065,IND,OTH,13430.3702109375
SSP2_1000C_CACN_NoCC,2065,IND,CROP,173065.1240145308
SSP2_1000C_CACN_NoCC,2065,IND,PRM_FRS,36667.25088829616
SSP2_1000C_CACN_NoCC,2065,IND,MNG_FRS,11739.845254008203
SSP2_1000C_CACN_NoCC,2065,IND,BIOCROP,17435.084506570885
SSP2_1000C_CACN_NoCC,2065,IND,GRAZING,7320.5920566660125
SSP2_1000C_CACN_NoCC,2065,IND,GRASS,13790.211911876633
SSP2_1000C_CACN_NoCC,2065,IND,URB,3026.2728974914553
SSP2_1000C_CACN_NoCC,2065,JPN,CROP,1701.289707460576
SSP2_1000C_CACN_NoCC,2065,JPN,CROP_FLW,682.9048130715081
SSP2_1000C_CACN_NoCC,2065,JPN,PRM_FRS,24532.39390914102
SSP2_1000C_CACN_NoCC,2065,JPN,MNG_FRS,1371.6239323820653
SSP2_1000C_CACN_NoCC,2065,JPN,BIOCROP,448.3274287776947
SSP2_1000C_CACN_NoCC,2065,JPN,GRAZING,49.48480938404329
SSP2_1000C_CACN_NoCC,2065,JPN,GRASS,575.3011494085611
SSP2_1000C_CACN_NoCC,2065,JPN,URB,1710.2899680175783
SSP2_1000C_CACN_NoCC,2065,XSE,OTH,14506.901
SSP2_1000C_CACN_NoCC,2065,XSE,CROP,67050.82110595907
SSP2_1000C_CACN_NoCC,2065,XSE,CROP_FLW,2347.719973460876
SSP2_1000C_CACN_NoCC,2065,XSE,PRM_FRS,232402.17692160473
SSP2_1000C_CACN_NoCC,2065,XSE,MNG_FRS,6435.555870270127
SSP2_1000C_CACN_NoCC,2065,XSE,BIOCROP,38439.22048277318
SSP2_1000C_CACN_NoCC,2065,XSE,GRAZING,127491.81201920746
SSP2_1000C_CACN_NoCC,2065,XSE,GRASS,60097.97963457436
SSP2_1000C_CACN_NoCC,2065,XSE,URB,3032.1656320037837
SSP2_1000C_CACN_NoCC,2065,XSA,OTH,44675.7545
SSP2_1000C_CACN_NoCC,2065,XSA,CROP,48317.64845904069
SSP2_1000C_CACN_NoCC,2065,XSA,CROP_FLW,1986.5476397995099
SSP2_1000C_CACN_NoCC,2065,XSA,PRM_FRS,10662.03736548418
SSP2_1000C_CACN_NoCC,2065,XSA,MNG_FRS,3561.6869223811404
SSP2_1000C_CACN_NoCC,2065,XSA,BIOCROP,5465.408153795835
SSP2_1000C_CACN_NoCC,2065,XSA,GRAZING,39759.747451231735
SSP2_1000C_CACN_NoCC,2065,XSA,GRASS,29309.845436042975
SSP2_1000C_CACN_NoCC,2065,XSA,URB,866.7895990753174
SSP2_1000C_CACN_NoCC,2065,CAN,OTH,283585.656
SSP2_1000C_CACN_NoCC,2065,CAN,CROP,34247.18727133785
SSP2_1000C_CACN_NoCC,2065,CAN,CROP_FLW,9800.399414213342
SSP2_1000C_CACN_NoCC,2065,CAN,PRM_FRS,271517.626769511
SSP2_1000C_CACN_NoCC,2065,CAN,MNG_FRS,38113.95562330818
SSP2_1000C_CACN_NoCC,2065,CAN,BIOCROP,14860.385925617236
SSP2_1000C_CACN_NoCC,2065,CAN,GRAZING,13837.652148436842
SSP2_1000C_CACN_NoCC,2065,CAN,GRASS,2972.5493907080318
SSP2_1000C_CACN_NoCC,2065,CAN,URB,785.9824775390625
SSP2_1000C_CACN_NoCC,2065,BRA,CROP,62178.722128479385
SSP2_1000C_CACN_NoCC,2065,BRA,CROP_FLW,201.85398441439196
SSP2_1000C_CACN_NoCC,2065,BRA,PRM_FRS,581071.8555227459
SSP2_1000C_CACN_NoCC,2065,BRA,MNG_FRS,3333.7471994392304
SSP2_1000C_CACN_NoCC,2065,BRA,BIOCROP,24624.131741166995
SSP2_1000C_CACN_NoCC,2065,BRA,GRAZING,177286.8005145056
SSP2_1000C_CACN_NoCC,2065,BRA,GRASS,51817.457362963316
SSP2_1000C_CACN_NoCC,2065,BRA,URB,3742.538360931397
SSP2_1000C_CACN_NoCC,2065,XLM,OTH,72183.21731250001
SSP2_1000C_CACN_NoCC,2065,XLM,CROP,85021.14511294673
SSP2_1000C_CACN_NoCC,2065,XLM,CROP_FLW,10199.534392011166
SSP2_1000C_CACN_NoCC,2065,XLM,PRM_FRS,513488.1325209735
SSP2_1000C_CACN_NoCC,2065,XLM,MNG_FRS,11997.418376266029
SSP2_1000C_CACN_NoCC,2065,XLM,BIOCROP,16349.05847386077
SSP2_1000C_CACN_NoCC,2065,XLM,GRAZING,351186.0729497989
SSP2_1000C_CACN_NoCC,2065,XLM,GRASS,165540.38289329995
SSP2_1000C_CACN_NoCC,2065,XLM,URB,4894.335314867021
SSP2_1000C_CACN_NoCC,2065,CIS,OTH,253974.9918984375
SSP2_1000C_CACN_NoCC,2065,CIS,CROP,77755.58375707154
SSP2_1000C_CACN_NoCC,2065,CIS,CROP_FLW,67245.20029815527
SSP2_1000C_CACN_NoCC,2065,CIS,PRM_FRS,910428.4606791157
SSP2_1000C_CACN_NoCC,2065,CIS,MNG_FRS,28685.282141002397
SSP2_1000C_CACN_NoCC,2065,CIS,BIOCROP,47290.85181741158
SSP2_1000C_CACN_NoCC,2065,CIS,GRAZING,345220.4365625482
SSP2_1000C_CACN_NoCC,2065,CIS,GRASS,128672.06697845782
SSP2_1000C_CACN_NoCC,2065,CIS,URB,5880.5270887603765
SSP2_1000C_CACN_NoCC,2065,XME,OTH,281021.7655625
SSP2_1000C_CACN_NoCC,2065,XME,CROP,32862.13357154775
SSP2_1000C_CACN_NoCC,2065,XME,CROP_FLW,1430.6778991028214
SSP2_1000C_CACN_NoCC,2065,XME,PRM_FRS,9102.026625257353
SSP2_1000C_CACN_NoCC,2065,XME,MNG_FRS,555.878466611241
SSP2_1000C_CACN_NoCC,2065,XME,BIOCROP,22946.775493141296
SSP2_1000C_CACN_NoCC,2065,XME,GRAZING,258831.18234231207
SSP2_1000C_CACN_NoCC,2065,XME,GRASS,71265.59695810982
SSP2_1000C_CACN_NoCC,2065,XME,URB,2128.071955810547
SSP2_1000C_CACN_NoCC,2065,XNF,OTH,456890.6350624999
SSP2_1000C_CACN_NoCC,2065,XNF,CROP,30285.02213298133
SSP2_1000C_CACN_NoCC,2065,XNF,CROP_FLW,1192.4679303217617
SSP2_1000C_CACN_NoCC,2065,XNF,PRM_FRS,2996.6098243253155
SSP2_1000C_CACN_NoCC,2065,XNF,MNG_FRS,58.66401393069055
SSP2_1000C_CACN_NoCC,2065,XNF,BIOCROP,5170.90479072564
SSP2_1000C_CACN_NoCC,2065,XNF,GRAZING,73046.153573293
SSP2_1000C_CACN_NoCC,2065,XNF,GRASS,2498.145175488772
SSP2_1000C_CACN_NoCC,2065,XNF,URB,927.4797019042969
SSP2_1000C_CACN_NoCC,2065,XAF,OTH,399410.63371875
SSP2_1000C_CACN_NoCC,2065,XAF,CROP,459854.3335636683
SSP2_1000C_CACN_NoCC,2065,XAF,CROP_FLW,6969.221053128439
SSP2_1000C_CACN_NoCC,2065,XAF,PRM_FRS,597948.3814924252
SSP2_1000C_CACN_NoCC,2065,XAF,MNG_FRS,20490.874176359255
SSP2_1000C_CACN_NoCC,2065,XAF,BIOCROP,28692.9054476048
SSP2_1000C_CACN_NoCC,2065,XAF,GRAZING,861505.7289408144
SSP2_1000C_CACN_NoCC,2065,XAF,GRASS,361811.35349327704
SSP2_1000C_CACN_NoCC,2065,XAF,URB,2896.931178625107
SSP2_1000C_CACN_NoCC,2065,ASIA2,OTH,312611.42105468747
SSP2_1000C_CACN_NoCC,2065,ASIA2,CROP,360435.66084208153
SSP2_1000C_CACN_NoCC,2065,ASIA2,CROP_FLW,5017.172426331894
SSP2_1000C_CACN_NoCC,2065,ASIA2,PRM_FRS,575330.5205432324
SSP2_1000C_CACN_NoCC,2065,ASIA2,MNG_FRS,34062.404309863814
SSP2_1000C_CACN_NoCC,2065,ASIA2,BIOCROP,103991.28972282479
SSP2_1000C_CACN_NoCC,2065,ASIA2,GRAZING,537304.6435981113
SSP2_1000C_CACN_NoCC,2065,ASIA2,GRASS,169177.72991300264
SSP2_1000C_CACN_NoCC,2065,ASIA2,URB,16641.596986114502
SSP2_1000C_CACN_NoCC,2065,World,OTH,2111196.772609375
SSP2_1000C_CACN_NoCC,2065,World,CROP,1412841.8396720286
SSP2_1000C_CACN_NoCC,2065,World,CROP_FLW,210757.27127078647
SSP2_1000C_CACN_NoCC,2065,World,PRM_FRS,4042945.1483219643
SSP2_1000C_CACN_NoCC,2065,World,MNG_FRS,239210.0587813222
SSP2_1000C_CACN_NoCC,2065,World,BIOCROP,400261.4650359693
SSP2_1000C_CACN_NoCC,2065,World,GRAZING,3306149.925726687
SSP2_1000C_CACN_NoCC,2065,World,GRASS,1518419.9670543517
SSP2_1000C_CACN_NoCC,2065,World,URB,61494.25336591386
SSP2_1000C_CACN_NoCC,2065,Non-OECD,OTH,1776092.664609375
SSP2_1000C_CACN_NoCC,2065,Non-OECD,CROP,1106691.311401316
SSP2_1000C_CACN_NoCC,2065,Non-OECD,CROP_FLW,91573.22317039422
SSP2_1000C_CACN_NoCC,2065,Non-OECD,PRM_FRS,3165833.593298935
SSP2_1000C_CACN_NoCC,2065,Non-OECD,MNG_FRS,97812.64475109059
SSP2_1000C_CACN_NoCC,2065,Non-OECD,BIOCROP,248617.59005795818
SSP2_1000C_CACN_NoCC,2065,Non-OECD,GRAZING,2604331.5336719994
SSP2_1000C_CACN_NoCC,2065,Non-OECD,GRASS,950207.4316251909
SSP2_1000C_CACN_NoCC,2065,Non-OECD,URB,35401.19061899567
SSP2_1000C_CACN_NoCC,2065,Industrial,OTH,321872.108
SSP2_1000C_CACN_NoCC,2065,Industrial,CROP,248674.05117104854
SSP2_1000C_CACN_NoCC,2065,Industrial,CROP_FLW,113102.89856612336
SSP2_1000C_CACN_NoCC,2065,Industrial,PRM_FRS,835138.6820890831
SSP2_1000C_CACN_NoCC,2065,Industrial,MNG_FRS,136385.84966190433
SSP2_1000C_CACN_NoCC,2065,Industrial,BIOCROP,138476.5384434383
SSP2_1000C_CACN_NoCC,2065,Industrial,GRAZING,672633.679814086
SSP2_1000C_CACN_NoCC,2065,Industrial,GRASS,546649.7449705716
SSP2_1000C_CACN_NoCC,2065,Industrial,URB,24181.440413742544
SSP2_1000C_CACN_NoCC,2065,Transition,OTH,520635.75745312497
SSP2_1000C_CACN_NoCC,2065,Transition,CROP,440776.68455483625
SSP2_1000C_CACN_NoCC,2065,Transition,CROP_FLW,73528.20381683856
SSP2_1000C_CACN_NoCC,2065,Transition,PRM_FRS,1841207.1014828105
SSP2_1000C_CACN_NoCC,2065,Transition,MNG_FRS,59724.131293599414
SSP2_1000C_CACN_NoCC,2065,Transition,BIOCROP,144720.6537506294
SSP2_1000C_CACN_NoCC,2065,Transition,GRAZING,921695.548635944
SSP2_1000C_CACN_NoCC,2065,Transition,GRASS,281246.91849298717
SSP2_1000C_CACN_NoCC,2065,Transition,URB,22567.039569885255
SSP2_1000C_CACN_NoCC,2065,Developing,OTH,1268688.90715625
SSP2_1000C_CACN_NoCC,2065,Developing,CROP,723391.1039461439
SSP2_1000C_CACN_NoCC,2065,Developing,CROP_FLW,24126.168887824573
SSP2_1000C_CACN_NoCC,2065,Developing,PRM_FRS,1366599.3647500703
SSP2_1000C_CACN_NoCC,2065,Developing,MNG_FRS,43100.07782581849
SSP2_1000C_CACN_NoCC,2065,Developing,BIOCROP,117064.27284190153
SSP2_1000C_CACN_NoCC,2065,Developing,GRAZING,1711820.6972766574
SSP2_1000C_CACN_NoCC,2065,Developing,GRASS,690523.3035907929
SSP2_1000C_CACN_NoCC,2065,Developing,URB,14745.773382286072
SSP2_1000C_CACN_NoCC,2065,R5ASIA,OTH,312611.42105468747
SSP2_1000C_CACN_NoCC,2065,R5ASIA,CROP,358734.3711346209
SSP2_1000C_CACN_NoCC,2065,R5ASIA,CROP_FLW,4334.2676132603865
SSP2_1000C_CACN_NoCC,2065,R5ASIA,PRM_FRS,550798.1266340915
SSP2_1000C_CACN_NoCC,2065,R5ASIA,MNG_FRS,32690.78037748175
SSP2_1000C_CACN_NoCC,2065,R5ASIA,BIOCROP,103542.9622940471
SSP2_1000C_CACN_NoCC,2065,R5ASIA,GRAZING,537255.1587887272
SSP2_1000C_CACN_NoCC,2065,R5ASIA,GRASS,168602.42876359407
SSP2_1000C_CACN_NoCC,2065,R5ASIA,URB,14931.307018096923
SSP2_1000C_CACN_NoCC,2065,R5OECD90+EU,OTH,335104.108
SSP2_1000C_CACN_NoCC,2065,R5OECD90+EU,CROP,306150.5282707127
SSP2_1000C_CACN_NoCC,2065,R5OECD90+EU,CROP_FLW,119184.04810039225
SSP2_1000C_CACN_NoCC,2065,R5OECD90+EU,PRM_FRS,877111.5550230294
SSP2_1000C_CACN_NoCC,2065,R5OECD90+EU,MNG_FRS,141397.41403023165
SSP2_1000C_CACN_NoCC,2065,R5OECD90+EU,BIOCROP,151643.87497801107
SSP2_1000C_CACN_NoCC,2065,R5OECD90+EU,GRAZING,701818.392054688
SSP2_1000C_CACN_NoCC,2065,R5OECD90+EU,GRASS,568212.5354291608
SSP2_1000C_CACN_NoCC,2065,R5OECD90+EU,URB,26093.062746918204
SSP2_1000C_CACN_NoCC,2065,R5REF,OTH,253974.9918984375
SSP2_1000C_CACN_NoCC,2065,R5REF,CROP,77755.58375707154
SSP2_1000C_CACN_NoCC,2065,R5REF,CROP_FLW,67245.20029815527
SSP2_1000C_CACN_NoCC,2065,R5REF,PRM_FRS,910428.4606791157
SSP2_1000C_CACN_NoCC,2065,R5REF,MNG_FRS,28685.282141002397
SSP2_1000C_CACN_NoCC,2065,R5REF,BIOCROP,47290.85181741158
SSP2_1000C_CACN_NoCC,2065,R5REF,GRAZING,345220.4365625482
SSP2_1000C_CACN_NoCC,2065,R5REF,GRASS,128672.06697845782
SSP2_1000C_CACN_NoCC,2065,R5REF,URB,5880.5270887603765
SSP2_1000C_CACN_NoCC,2065,R5MAF,OTH,1137323.0343437498
SSP2_1000C_CACN_NoCC,2065,R5MAF,CROP,523001.4892681974
SSP2_1000C_CACN_NoCC,2065,R5MAF,CROP_FLW,9592.366882553022
SSP2_1000C_CACN_NoCC,2065,R5MAF,PRM_FRS,610047.0179420079
SSP2_1000C_CACN_NoCC,2065,R5MAF,MNG_FRS,21105.416656901187
SSP2_1000C_CACN_NoCC,2065,R5MAF,BIOCROP,56810.585731471736
SSP2_1000C_CACN_NoCC,2065,R5MAF,GRAZING,1193383.0648564193
SSP2_1000C_CACN_NoCC,2065,R5MAF,GRASS,435575.09562687564
SSP2_1000C_CACN_NoCC,2065,R5MAF,URB,5952.48283633995
SSP2_1000C_CACN_NoCC,2065,R5LAM,OTH,72183.21731250001
SSP2_1000C_CACN_NoCC,2065,R5LAM,CROP,147199.8672414261
SSP2_1000C_CACN_NoCC,2065,R5LAM,CROP_FLW,10401.388376425559
SSP2_1000C_CACN_NoCC,2065,R5LAM,PRM_FRS,1094559.9880437194
SSP2_1000C_CACN_NoCC,2065,R5LAM,MNG_FRS,15331.16557570526
SSP2_1000C_CACN_NoCC,2065,R5LAM,BIOCROP,40973.19021502777
SSP2_1000C_CACN_NoCC,2065,R5LAM,GRAZING,528472.8734643045
SSP2_1000C_CACN_NoCC,2065,R5LAM,GRASS,217357.84025626327
SSP2_1000C_CACN_NoCC,2065,R5LAM,URB,8636.873675798419
SSP2_1000C_CACN_NoCC,2070,USA,OTH,33613.452
SSP2_1000C_CACN_NoCC,2070,USA,CROP,116459.26475251309
SSP2_1000C_CACN_NoCC,2070,USA,CROP_FLW,45996.63543156859
SSP2_1000C_CACN_NoCC,2070,USA,PRM_FRS,279133.9682648514
SSP2_1000C_CACN_NoCC,2070,USA,MNG_FRS,43326.02254946652
SSP2_1000C_CACN_NoCC,2070,USA,BIOCROP,54591.06922806525
SSP2_1000C_CACN_NoCC,2070,USA,GRAZING,225215.10386767762
SSP2_1000C_CACN_NoCC,2070,USA,GRASS,69429.84478967443
SSP2_1000C_CACN_NoCC,2070,USA,URB,11695.345311309815
SSP2_1000C_CACN_NoCC,2070,XE25,OTH,3206.0
SSP2_1000C_CACN_NoCC,2070,XE25,CROP,61782.5534081552
SSP2_1000C_CACN_NoCC,2070,XE25,CROP_FLW,13047.045152698927
SSP2_1000C_CACN_NoCC,2070,XE25,PRM_FRS,98281.43385277738
SSP2_1000C_CACN_NoCC,2070,XE25,MNG_FRS,43981.04330070963
SSP2_1000C_CACN_NoCC,2070,XE25,BIOCROP,48712.34505840082
SSP2_1000C_CACN_NoCC,2070,XE25,GRAZING,57413.95793490018
SSP2_1000C_CACN_NoCC,2070,XE25,GRASS,20485.88934810399
SSP2_1000C_CACN_NoCC,2070,XE25,URB,9106.496241195679
SSP2_1000C_CACN_NoCC,2070,XER,OTH,13232.0
SSP2_1000C_CACN_NoCC,2070,XER,CROP,33127.459533401554
SSP2_1000C_CACN_NoCC,2070,XER,CROP_FLW,2340.537476086147
SSP2_1000C_CACN_NoCC,2070,XER,PRM_FRS,34813.50788133942
SSP2_1000C_CACN_NoCC,2070,XER,MNG_FRS,3714.4455873789107
SSP2_1000C_CACN_NoCC,2070,XER,BIOCROP,6916.269864061459
SSP2_1000C_CACN_NoCC,2070,XER,GRAZING,15157.468720701769
SSP2_1000C_CACN_NoCC,2070,XER,GRASS,3048.4226984202605
SSP2_1000C_CACN_NoCC,2070,XER,URB,1090.242361709595
SSP2_1000C_CACN_NoCC,2070,TUR,CROP,22593.289722594163
SSP2_1000C_CACN_NoCC,2070,TUR,CROP_FLW,3043.6788316400493
SSP2_1000C_CACN_NoCC,2070,TUR,PRM_FRS,11238.708250151094
SSP2_1000C_CACN_NoCC,2070,TUR,MNG_FRS,875.3723863191224
SSP2_1000C_CACN_NoCC,2070,TUR,BIOCROP,6504.69418423829
SSP2_1000C_CACN_NoCC,2070,TUR,GRAZING,13879.37276781023
SSP2_1000C_CACN_NoCC,2070,TUR,GRASS,17203.675265828308
SSP2_1000C_CACN_NoCC,2070,TUR,URB,821.3799714660644
SSP2_1000C_CACN_NoCC,2070,XOC,OTH,1467.0
SSP2_1000C_CACN_NoCC,2070,XOC,CROP,35338.53297755604
SSP2_1000C_CACN_NoCC,2070,XOC,CROP_FLW,31329.794826221427
SSP2_1000C_CACN_NoCC,2070,XOC,PRM_FRS,204671.9718973326
SSP2_1000C_CACN_NoCC,2070,XOC,MNG_FRS,3431.770998325635
SSP2_1000C_CACN_NoCC,2070,XOC,BIOCROP,22977.601699619463
SSP2_1000C_CACN_NoCC,2070,XOC,GRAZING,372202.3035830526
SSP2_1000C_CACN_NoCC,2070,XOC,GRASS,428542.20950182737
SSP2_1000C_CACN_NoCC,2070,XOC,URB,883.3264156804086
SSP2_1000C_CACN_NoCC,2070,CHN,OTH,239998.39534375
SSP2_1000C_CACN_NoCC,2070,CHN,CROP,65041.68445837397
SSP2_1000C_CACN_NoCC,2070,CHN,PRM_FRS,290558.21615234757
SSP2_1000C_CACN_NoCC,2070,CHN,MNG_FRS,9782.21347347243
SSP2_1000C_CACN_NoCC,2070,CHN,BIOCROP,40938.682983215236
SSP2_1000C_CACN_NoCC,2070,CHN,GRAZING,357535.750329934
SSP2_1000C_CACN_NoCC,2070,CHN,GRASS,58755.23214090507
SSP2_1000C_CACN_NoCC,2070,CHN,URB,8006.078889526368
SSP2_1000C_CACN_NoCC,2070,IND,OTH,13430.3702109375
SSP2_1000C_CACN_NoCC,2070,IND,CROP,172713.22394144774
SSP2_1000C_CACN_NoCC,2070,IND,PRM_FRS,36921.55015637469
SSP2_1000C_CACN_NoCC,2070,IND,MNG_FRS,11264.125567700776
SSP2_1000C_CACN_NoCC,2070,IND,BIOCROP,18214.592176398997
SSP2_1000C_CACN_NoCC,2070,IND,GRAZING,7332.701575187657
SSP2_1000C_CACN_NoCC,2070,IND,GRASS,13571.915214838771
SSP2_1000C_CACN_NoCC,2070,IND,URB,3026.2728974914553
SSP2_1000C_CACN_NoCC,2070,JPN,CROP,1606.8198185707206
SSP2_1000C_CACN_NoCC,2070,JPN,CROP_FLW,544.0969715938946
SSP2_1000C_CACN_NoCC,2070,JPN,PRM_FRS,25021.027755717812
SSP2_1000C_CACN_NoCC,2070,JPN,MNG_FRS,1239.260557526303
SSP2_1000C_CACN_NoCC,2070,JPN,BIOCROP,403.0536231782782
SSP2_1000C_CACN_NoCC,2070,JPN,GRAZING,48.9503175760679
SSP2_1000C_CACN_NoCC,2070,JPN,GRASS,498.1167054624027
SSP2_1000C_CACN_NoCC,2070,JPN,URB,1710.2899680175783
SSP2_1000C_CACN_NoCC,2070,XSE,OTH,14506.901
SSP2_1000C_CACN_NoCC,2070,XSE,CROP,62804.55691299893
SSP2_1000C_CACN_NoCC,2070,XSE,CROP_FLW,1598.0401454279279
SSP2_1000C_CACN_NoCC,2070,XSE,PRM_FRS,246096.41495199522
SSP2_1000C_CACN_NoCC,2070,XSE,MNG_FRS,5788.1637946327455
SSP2_1000C_CACN_NoCC,2070,XSE,BIOCROP,35468.87094448929
SSP2_1000C_CACN_NoCC,2070,XSE,GRAZING,126707.70988191265
SSP2_1000C_CACN_NoCC,2070,XSE,GRASS,55801.529376392726
SSP2_1000C_CACN_NoCC,2070,XSE,URB,3032.1656320037837
SSP2_1000C_CACN_NoCC,2070,XSA,OTH,44675.7545
SSP2_1000C_CACN_NoCC,2070,XSA,CROP,48020.479547746574
SSP2_1000C_CACN_NoCC,2070,XSA,CROP_FLW,1672.0260301997407
SSP2_1000C_CACN_NoCC,2070,XSA,PRM_FRS,11741.955557017975
SSP2_1000C_CACN_NoCC,2070,XSA,MNG_FRS,3349.944659923977
SSP2_1000C_CACN_NoCC,2070,XSA,BIOCROP,6682.441853097808
SSP2_1000C_CACN_NoCC,2070,XSA,GRAZING,39885.15339797846
SSP2_1000C_CACN_NoCC,2070,XSA,GRASS,27710.920381811495
SSP2_1000C_CACN_NoCC,2070,XSA,URB,866.7895990753174
SSP2_1000C_CACN_NoCC,2070,CAN,OTH,283585.656
SSP2_1000C_CACN_NoCC,2070,CAN,CROP,32238.49970448041
SSP2_1000C_CACN_NoCC,2070,CAN,CROP_FLW,4409.266883117097
SSP2_1000C_CACN_NoCC,2070,CAN,PRM_FRS,289334.0433002362
SSP2_1000C_CACN_NoCC,2070,CAN,MNG_FRS,33527.951993100054
SSP2_1000C_CACN_NoCC,2070,CAN,BIOCROP,11642.887279883043
SSP2_1000C_CACN_NoCC,2070,CAN,GRAZING,12865.128881687911
SSP2_1000C_CACN_NoCC,2070,CAN,GRASS,1331.9785006278028
SSP2_1000C_CACN_NoCC,2070,CAN,URB,785.9824775390625
SSP2_1000C_CACN_NoCC,2070,BRA,CROP,59428.712392337184
SSP2_1000C_CACN_NoCC,2070,BRA,CROP_FLW,112.41687628539607
SSP2_1000C_CACN_NoCC,2070,BRA,PRM_FRS,595775.4640183949
SSP2_1000C_CACN_NoCC,2070,BRA,MNG_FRS,2951.573302507669
SSP2_1000C_CACN_NoCC,2070,BRA,BIOCROP,28062.93930487587
SSP2_1000C_CACN_NoCC,2070,BRA,GRAZING,173367.93004360757
SSP2_1000C_CACN_NoCC,2070,BRA,GRASS,40815.53251570557
SSP2_1000C_CACN_NoCC,2070,BRA,URB,3742.538360931397
SSP2_1000C_CACN_NoCC,2070,XLM,OTH,72183.21731250001
SSP2_1000C_CACN_NoCC,2070,XLM,CROP,82392.94312796413
SSP2_1000C_CACN_NoCC,2070,XLM,CROP_FLW,7524.526201428941
SSP2_1000C_CACN_NoCC,2070,XLM,PRM_FRS,543686.8463658061
SSP2_1000C_CACN_NoCC,2070,XLM,MNG_FRS,11034.79293586378
SSP2_1000C_CACN_NoCC,2070,XLM,BIOCROP,19161.382699401856
SSP2_1000C_CACN_NoCC,2070,XLM,GRAZING,347956.1088890844
SSP2_1000C_CACN_NoCC,2070,XLM,GRASS,142025.14449960858
SSP2_1000C_CACN_NoCC,2070,XLM,URB,4894.335314867021
SSP2_1000C_CACN_NoCC,2070,CIS,OTH,253974.9918984375
SSP2_1000C_CACN_NoCC,2070,CIS,CROP,74799.81603713657
SSP2_1000C_CACN_NoCC,2070,CIS,CROP_FLW,49744.35485420628
SSP2_1000C_CACN_NoCC,2070,CIS,PRM_FRS,1005186.5861227381
SSP2_1000C_CACN_NoCC,2070,CIS,MNG_FRS,24087.086539415508
SSP2_1000C_CACN_NoCC,2070,CIS,BIOCROP,42041.79704548718
SSP2_1000C_CACN_NoCC,2070,CIS,GRAZING,327939.90276745363
SSP2_1000C_CACN_NoCC,2070,CIS,GRASS,81498.33886732499
SSP2_1000C_CACN_NoCC,2070,CIS,URB,5880.5270887603765
SSP2_1000C_CACN_NoCC,2070,XME,OTH,281021.7655625
SSP2_1000C_CACN_NoCC,2070,XME,CROP,32723.809920761283
SSP2_1000C_CACN_NoCC,2070,XME,CROP_FLW,1343.1461284035427
SSP2_1000C_CACN_NoCC,2070,XME,PRM_FRS,9102.026625257353
SSP2_1000C_CACN_NoCC,2070,XME,MNG_FRS,537.701719364973
SSP2_1000C_CACN_NoCC,2070,XME,BIOCROP,23487.44810843094
SSP2_1000C_CACN_NoCC,2070,XME,GRAZING,260801.630307464
SSP2_1000C_CACN_NoCC,2070,XME,GRASS,68998.50854640045
SSP2_1000C_CACN_NoCC,2070,XME,URB,2128.071955810547
SSP2_1000C_CACN_NoCC,2070,XNF,OTH,456890.6350624999
SSP2_1000C_CACN_NoCC,2070,XNF,CROP,30636.77458591802
SSP2_1000C_CACN_NoCC,2070,XNF,CROP_FLW,1054.50468937737
SSP2_1000C_CACN_NoCC,2070,XNF,PRM_FRS,2996.6098243253155
SSP2_1000C_CACN_NoCC,2070,XNF,MNG_FRS,56.206806422008235
SSP2_1000C_CACN_NoCC,2070,XNF,BIOCROP,4929.77209133904
SSP2_1000C_CACN_NoCC,2070,XNF,GRAZING,73371.95534955856
SSP2_1000C_CACN_NoCC,2070,XNF,GRASS,2202.144094126298
SSP2_1000C_CACN_NoCC,2070,XNF,URB,927.4797019042969
SSP2_1000C_CACN_NoCC,2070,XAF,OTH,399410.63371875
SSP2_1000C_CACN_NoCC,2070,XAF,CROP,471634.7785109219
SSP2_1000C_CACN_NoCC,2070,XAF,CROP_FLW,5095.6698730323715
SSP2_1000C_CACN_NoCC,2070,XAF,PRM_FRS,625705.0703121613
SSP2_1000C_CACN_NoCC,2070,XAF,MNG_FRS,19382.342537067245
SSP2_1000C_CACN_NoCC,2070,XAF,BIOCROP,40858.330030143494
SSP2_1000C_CACN_NoCC,2070,XAF,GRAZING,862058.9895256615
SSP2_1000C_CACN_NoCC,2070,XAF,GRASS,312537.6173782897
SSP2_1000C_CACN_NoCC,2070,XAF,URB,2896.931178625107
SSP2_1000C_CACN_NoCC,2070,ASIA2,OTH,312611.42105468747
SSP2_1000C_CACN_NoCC,2070,ASIA2,CROP,350186.76467913797
SSP2_1000C_CACN_NoCC,2070,ASIA2,CROP_FLW,3814.163147221563
SSP2_1000C_CACN_NoCC,2070,ASIA2,PRM_FRS,610339.1645734533
SSP2_1000C_CACN_NoCC,2070,ASIA2,MNG_FRS,31423.708053256232
SSP2_1000C_CACN_NoCC,2070,ASIA2,BIOCROP,101707.64158037961
SSP2_1000C_CACN_NoCC,2070,ASIA2,GRAZING,531510.2655025888
SSP2_1000C_CACN_NoCC,2070,ASIA2,GRASS,156337.71381941048
SSP2_1000C_CACN_NoCC,2070,ASIA2,URB,16641.596986114502
SSP2_1000C_CACN_NoCC,2070,World,OTH,2111196.772609375
SSP2_1000C_CACN_NoCC,2070,World,CROP,1403343.1993528777
SSP2_1000C_CACN_NoCC,2070,World,CROP_FLW,168855.74037128774
SSP2_1000C_CACN_NoCC,2070,World,PRM_FRS,4310265.401288825
SSP2_1000C_CACN_NoCC,2070,World,MNG_FRS,218330.01870919726
SSP2_1000C_CACN_NoCC,2070,World,BIOCROP,411594.1781743264
SSP2_1000C_CACN_NoCC,2070,World,GRAZING,3273740.118141249
SSP2_1000C_CACN_NoCC,2070,World,GRASS,1344457.0198253482
SSP2_1000C_CACN_NoCC,2070,World,URB,61494.25336591386
SSP2_1000C_CACN_NoCC,2070,Non-OECD,OTH,1776092.664609375
SSP2_1000C_CACN_NoCC,2070,Non-OECD,CROP,1100196.7794356064
SSP2_1000C_CACN_NoCC,2070,Non-OECD,CROP_FLW,68144.68479836157
SSP2_1000C_CACN_NoCC,2070,Non-OECD,PRM_FRS,3367770.740086419
SSP2_1000C_CACN_NoCC,2070,Non-OECD,MNG_FRS,88234.1513363711
SSP2_1000C_CACN_NoCC,2070,Non-OECD,BIOCROP,259846.25723687973
SSP2_1000C_CACN_NoCC,2070,Non-OECD,GRAZING,2576957.832067842
SSP2_1000C_CACN_NoCC,2070,Non-OECD,GRASS,803916.8830154036
SSP2_1000C_CACN_NoCC,2070,Non-OECD,URB,35401.19061899567
SSP2_1000C_CACN_NoCC,2070,Industrial,OTH,321872.108
SSP2_1000C_CACN_NoCC,2070,Industrial,CROP,247425.67066127548
SSP2_1000C_CACN_NoCC,2070,Industrial,CROP_FLW,95326.83926519995
SSP2_1000C_CACN_NoCC,2070,Industrial,PRM_FRS,896442.4450709155
SSP2_1000C_CACN_NoCC,2070,Industrial,MNG_FRS,125506.04939912814
SSP2_1000C_CACN_NoCC,2070,Industrial,BIOCROP,138326.95688914685
SSP2_1000C_CACN_NoCC,2070,Industrial,GRAZING,667745.4445848943
SSP2_1000C_CACN_NoCC,2070,Industrial,GRASS,520288.03884569596
SSP2_1000C_CACN_NoCC,2070,Industrial,URB,24181.440413742544
SSP2_1000C_CACN_NoCC,2070,Transition,OTH,520635.75745312497
SSP2_1000C_CACN_NoCC,2070,Transition,CROP,427704.1860852912
SSP2_1000C_CACN_NoCC,2070,Transition,CROP_FLW,55240.98803821787
SSP2_1000C_CACN_NoCC,2070,Transition,PRM_FRS,1974494.0325813456
SSP2_1000C_CACN_NoCC,2070,Transition,MNG_FRS,52674.816856794416
SSP2_1000C_CACN_NoCC,2070,Transition,BIOCROP,142678.97555827704
SSP2_1000C_CACN_NoCC,2070,Transition,GRAZING,895213.1262046949
SSP2_1000C_CACN_NoCC,2070,Transition,GRASS,214893.11670302297
SSP2_1000C_CACN_NoCC,2070,Transition,URB,22567.039569885255
SSP2_1000C_CACN_NoCC,2070,Developing,OTH,1268688.90715625
SSP2_1000C_CACN_NoCC,2070,Developing,CROP,728213.3426063108
SSP2_1000C_CACN_NoCC,2070,Developing,CROP_FLW,18287.913067869893
SSP2_1000C_CACN_NoCC,2070,Developing,PRM_FRS,1439328.9236365631
SSP2_1000C_CACN_NoCC,2070,Developing,MNG_FRS,40149.15245327473
SSP2_1000C_CACN_NoCC,2070,Developing,BIOCROP,130588.24572690242
SSP2_1000C_CACN_NoCC,2070,Developing,GRAZING,1710781.5473516593
SSP2_1000C_CACN_NoCC,2070,Developing,GRASS,609275.8642766292
SSP2_1000C_CACN_NoCC,2070,Developing,URB,14745.773382286072
SSP2_1000C_CACN_NoCC,2070,R5ASIA,OTH,312611.42105468747
SSP2_1000C_CACN_NoCC,2070,R5ASIA,CROP,348579.9448605672
SSP2_1000C_CACN_NoCC,2070,R5ASIA,CROP_FLW,3270.0661756276686
SSP2_1000C_CACN_NoCC,2070,R5ASIA,PRM_FRS,585318.1368177354
SSP2_1000C_CACN_NoCC,2070,R5ASIA,MNG_FRS,30184.447495729928
SSP2_1000C_CACN_NoCC,2070,R5ASIA,BIOCROP,101304.58795720134
SSP2_1000C_CACN_NoCC,2070,R5ASIA,GRAZING,531461.3151850128
SSP2_1000C_CACN_NoCC,2070,R5ASIA,GRASS,155839.59711394808
SSP2_1000C_CACN_NoCC,2070,R5ASIA,URB,14931.307018096923
SSP2_1000C_CACN_NoCC,2070,R5OECD90+EU,OTH,335104.108
SSP2_1000C_CACN_NoCC,2070,R5OECD90+EU,CROP,303146.41991727124
SSP2_1000C_CACN_NoCC,2070,R5OECD90+EU,CROP_FLW,100711.05557292614
SSP2_1000C_CACN_NoCC,2070,R5OECD90+EU,PRM_FRS,942494.661202406
SSP2_1000C_CACN_NoCC,2070,R5OECD90+EU,MNG_FRS,130095.86737282618
SSP2_1000C_CACN_NoCC,2070,R5OECD90+EU,BIOCROP,151747.92093744662
SSP2_1000C_CACN_NoCC,2070,R5OECD90+EU,GRAZING,696782.2860734063
SSP2_1000C_CACN_NoCC,2070,R5OECD90+EU,GRASS,540540.1368099446
SSP2_1000C_CACN_NoCC,2070,R5OECD90+EU,URB,26093.062746918204
SSP2_1000C_CACN_NoCC,2070,R5REF,OTH,253974.9918984375
SSP2_1000C_CACN_NoCC,2070,R5REF,CROP,74799.81603713657
SSP2_1000C_CACN_NoCC,2070,R5REF,CROP_FLW,49744.35485420628
SSP2_1000C_CACN_NoCC,2070,R5REF,PRM_FRS,1005186.5861227381
SSP2_1000C_CACN_NoCC,2070,R5REF,MNG_FRS,24087.086539415508
SSP2_1000C_CACN_NoCC,2070,R5REF,BIOCROP,42041.79704548718
SSP2_1000C_CACN_NoCC,2070,R5REF,GRAZING,327939.90276745363
SSP2_1000C_CACN_NoCC,2070,R5REF,GRASS,81498.33886732499
SSP2_1000C_CACN_NoCC,2070,R5REF,URB,5880.5270887603765
SSP2_1000C_CACN_NoCC,2070,R5MAF,OTH,1137323.0343437498
SSP2_1000C_CACN_NoCC,2070,R5MAF,CROP,534995.3630176012
SSP2_1000C_CACN_NoCC,2070,R5MAF,CROP_FLW,7493.320690813284
SSP2_1000C_CACN_NoCC,2070,R5MAF,PRM_FRS,637803.706761744
SSP2_1000C_CACN_NoCC,2070,R5MAF,MNG_FRS,19976.251062854226
SSP2_1000C_CACN_NoCC,2070,R5MAF,BIOCROP,69275.55022991347
SSP2_1000C_CACN_NoCC,2070,R5MAF,GRAZING,1196232.575182684
SSP2_1000C_CACN_NoCC,2070,R5MAF,GRASS,383738.27001881646
SSP2_1000C_CACN_NoCC,2070,R5MAF,URB,5952.48283633995
SSP2_1000C_CACN_NoCC,2070,R5LAM,OTH,72183.21731250001
SSP2_1000C_CACN_NoCC,2070,R5LAM,CROP,141821.6555203013
SSP2_1000C_CACN_NoCC,2070,R5LAM,CROP_FLW,7636.943077714337
SSP2_1000C_CACN_NoCC,2070,R5LAM,PRM_FRS,1139462.310384201
SSP2_1000C_CACN_NoCC,2070,R5LAM,MNG_FRS,13986.366238371447
SSP2_1000C_CACN_NoCC,2070,R5LAM,BIOCROP,47224.322004277725
SSP2_1000C_CACN_NoCC,2070,R5LAM,GRAZING,521324.038932692
SSP2_1000C_CACN_NoCC,2070,R5LAM,GRASS,182840.67701531414
SSP2_1000C_CACN_NoCC,2070,R5LAM,URB,8636.873675798419
SSP2_1000C_CACN_NoCC,2075,USA,OTH,33613.452
SSP2_1000C_CACN_NoCC,2075,USA,CROP,116241.66288708939
SSP2_1000C_CACN_NoCC,2075,USA,CROP_FLW,37745.13688136632
SSP2_1000C_CACN_NoCC,2075,USA,PRM_FRS,307256.6074505205
SSP2_1000C_CACN_NoCC,2075,USA,MNG_FRS,39357.4163813249
SSP2_1000C_CACN_NoCC,2075,USA,BIOCROP,50934.833688944826
SSP2_1000C_CACN_NoCC,2075,USA,GRAZING,222366.49616894964
SSP2_1000C_CACN_NoCC,2075,USA,GRASS,60249.755425620955
SSP2_1000C_CACN_NoCC,2075,USA,URB,11695.345311309815
SSP2_1000C_CACN_NoCC,2075,XE25,OTH,3206.0
SSP2_1000C_CACN_NoCC,2075,XE25,CROP,61037.563755313204
SSP2_1000C_CACN_NoCC,2075,XE25,CROP_FLW,11130.811467706559
SSP2_1000C_CACN_NoCC,2075,XE25,PRM_FRS,108510.64442782215
SSP2_1000C_CACN_NoCC,2075,XE25,MNG_FRS,41599.423960510554
SSP2_1000C_CACN_NoCC,2075,XE25,BIOCROP,46159.47190960461
SSP2_1000C_CACN_NoCC,2075,XE25,GRAZING,56966.74883103674
SSP2_1000C_CACN_NoCC,2075,XE25,GRASS,18299.60370375229
SSP2_1000C_CACN_NoCC,2075,XE25,URB,9106.496241195679
SSP2_1000C_CACN_NoCC,2075,XER,OTH,13232.0
SSP2_1000C_CACN_NoCC,2075,XER,CROP,31813.19940182023
SSP2_1000C_CACN_NoCC,2075,XER,CROP_FLW,2111.4533053210107
SSP2_1000C_CACN_NoCC,2075,XER,PRM_FRS,37533.193345362626
SSP2_1000C_CACN_NoCC,2075,XER,MNG_FRS,3445.8210639289496
SSP2_1000C_CACN_NoCC,2075,XER,BIOCROP,6342.168698047328
SSP2_1000C_CACN_NoCC,2075,XER,GRAZING,15083.687710088092
SSP2_1000C_CACN_NoCC,2075,XER,GRASS,2788.5882368213065
SSP2_1000C_CACN_NoCC,2075,XER,URB,1090.242361709595
SSP2_1000C_CACN_NoCC,2075,TUR,CROP,22153.397972815725
SSP2_1000C_CACN_NoCC,2075,TUR,CROP_FLW,2809.424153897368
SSP2_1000C_CACN_NoCC,2075,TUR,PRM_FRS,12408.44203175729
SSP2_1000C_CACN_NoCC,2075,TUR,MNG_FRS,819.8579197175889
SSP2_1000C_CACN_NoCC,2075,TUR,BIOCROP,6766.544674131309
SSP2_1000C_CACN_NoCC,2075,TUR,GRAZING,13839.856597559683
SSP2_1000C_CACN_NoCC,2075,TUR,GRASS,16541.268058702248
SSP2_1000C_CACN_NoCC,2075,TUR,URB,821.3799714660644
SSP2_1000C_CACN_NoCC,2075,XOC,OTH,1467.0
SSP2_1000C_CACN_NoCC,2075,XOC,CROP,35983.443404304686
SSP2_1000C_CACN_NoCC,2075,XOC,CROP_FLW,30248.40270849
SSP2_1000C_CACN_NoCC,2075,XOC,PRM_FRS,209905.07025439473
SSP2_1000C_CACN_NoCC,2075,XOC,MNG_FRS,3203.2758428939956
SSP2_1000C_CACN_NoCC,2075,XOC,BIOCROP,28751.875505764507
SSP2_1000C_CACN_NoCC,2075,XOC,GRAZING,371531.69856053364
SSP2_1000C_CACN_NoCC,2075,XOC,GRASS,418870.4192075534
SSP2_1000C_CACN_NoCC,2075,XOC,URB,883.3264156804086
SSP2_1000C_CACN_NoCC,2075,CHN,OTH,239998.39534375
SSP2_1000C_CACN_NoCC,2075,CHN,CROP,60263.27633037593
SSP2_1000C_CACN_NoCC,2075,CHN,PRM_FRS,305689.2388707244
SSP2_1000C_CACN_NoCC,2075,CHN,MNG_FRS,8802.471646434933
SSP2_1000C_CACN_NoCC,2075,CHN,BIOCROP,40064.99486916954
SSP2_1000C_CACN_NoCC,2075,CHN,GRAZING,353526.5408536431
SSP2_1000C_CACN_NoCC,2075,CHN,GRASS,54265.25696789949
SSP2_1000C_CACN_NoCC,2075,CHN,URB,8006.078889526368
SSP2_1000C_CACN_NoCC,2075,IND,OTH,13430.3702109375
SSP2_1000C_CACN_NoCC,2075,IND,CROP,171069.05188572226
SSP2_1000C_CACN_NoCC,2075,IND,PRM_FRS,39203.03641439211
SSP2_1000C_CACN_NoCC,2075,IND,MNG_FRS,10660.970510407398
SSP2_1000C_CACN_NoCC,2075,IND,BIOCROP,18424.093909730927
SSP2_1000C_CACN_NoCC,2075,IND,GRAZING,7335.6577510628895
SSP2_1000C_CACN_NoCC,2075,IND,GRASS,13325.29816063244
SSP2_1000C_CACN_NoCC,2075,IND,URB,3026.2728974914553
SSP2_1000C_CACN_NoCC,2075,JPN,CROP,1521.301677757773
SSP2_1000C_CACN_NoCC,2075,JPN,CROP_FLW,462.0551157443398
SSP2_1000C_CACN_NoCC,2075,JPN,PRM_FRS,25377.50778221369
SSP2_1000C_CACN_NoCC,2075,JPN,MNG_FRS,1131.960060808205
SSP2_1000C_CACN_NoCC,2075,JPN,BIOCROP,368.2609331441238
SSP2_1000C_CACN_NoCC,2075,JPN,GRAZING,48.65874625143124
SSP2_1000C_CACN_NoCC,2075,JPN,GRASS,451.5814337059071
SSP2_1000C_CACN_NoCC,2075,JPN,URB,1710.2899680175783
SSP2_1000C_CACN_NoCC,2075,XSE,OTH,14506.901
SSP2_1000C_CACN_NoCC,2075,XSE,CROP,59035.91271620827
SSP2_1000C_CACN_NoCC,2075,XSE,CROP_FLW,1228.7364576907485
SSP2_1000C_CACN_NoCC,2075,XSE,PRM_FRS,255966.96513660613
SSP2_1000C_CACN_NoCC,2075,XSE,MNG_FRS,5289.337510666027
SSP2_1000C_CACN_NoCC,2075,XSE,BIOCROP,33931.676548794
SSP2_1000C_CACN_NoCC,2075,XSE,GRAZING,126191.1494776638
SSP2_1000C_CACN_NoCC,2075,XSE,GRASS,52621.50816022079
SSP2_1000C_CACN_NoCC,2075,XSE,URB,3032.1656320037837
SSP2_1000C_CACN_NoCC,2075,XSA,OTH,44675.7545
SSP2_1000C_CACN_NoCC,2075,XSA,CROP,47577.4333876702
SSP2_1000C_CACN_NoCC,2075,XSA,CROP_FLW,1428.2719887964558
SSP2_1000C_CACN_NoCC,2075,XSA,PRM_FRS,12934.272501316897
SSP2_1000C_CACN_NoCC,2075,XSA,MNG_FRS,3140.6476810632284
SSP2_1000C_CACN_NoCC,2075,XSA,BIOCROP,7655.301408471251
SSP2_1000C_CACN_NoCC,2075,XSA,GRAZING,40013.01762635115
SSP2_1000C_CACN_NoCC,2075,XSA,GRASS,26313.97683410672
SSP2_1000C_CACN_NoCC,2075,XSA,URB,866.7895990753174
SSP2_1000C_CACN_NoCC,2075,CAN,OTH,283585.656
SSP2_1000C_CACN_NoCC,2075,CAN,CROP,30354.348237746013
SSP2_1000C_CACN_NoCC,2075,CAN,CROP_FLW,2337.8040948632583
SSP2_1000C_CACN_NoCC,2075,CAN,PRM_FRS,300276.0509236318
SSP2_1000C_CACN_NoCC,2075,CAN,MNG_FRS,30597.021370724644
SSP2_1000C_CACN_NoCC,2075,CAN,BIOCROP,9025.794913067924
SSP2_1000C_CACN_NoCC,2075,CAN,GRAZING,12080.076673967831
SSP2_1000C_CACN_NoCC,2075,CAN,GRASS,678.6603291311877
SSP2_1000C_CACN_NoCC,2075,CAN,URB,785.9824775390625
SSP2_1000C_CACN_NoCC,2075,BRA,CROP,56930.14964897874
SSP2_1000C_CACN_NoCC,2075,BRA,CROP_FLW,75.64760981652117
SSP2_1000C_CACN_NoCC,2075,BRA,PRM_FRS,604689.15637185
SSP2_1000C_CACN_NoCC,2075,BRA,MNG_FRS,2669.651825475533
SSP2_1000C_CACN_NoCC,2075,BRA,BIOCROP,30506.04715871825
SSP2_1000C_CACN_NoCC,2075,BRA,GRAZING,170925.2117020356
SSP2_1000C_CACN_NoCC,2075,BRA,GRASS,34718.70413683937
SSP2_1000C_CACN_NoCC,2075,BRA,URB,3742.538360931397
SSP2_1000C_CACN_NoCC,2075,XLM,OTH,72183.21731250001
SSP2_1000C_CACN_NoCC,2075,XLM,CROP,79485.993347143
SSP2_1000C_CACN_NoCC,2075,XLM,CROP_FLW,5787.990789314812
SSP2_1000C_CACN_NoCC,2075,XLM,PRM_FRS,569134.9481079143
SSP2_1000C_CACN_NoCC,2075,XLM,MNG_FRS,10158.759566360415
SSP2_1000C_CACN_NoCC,2075,XLM,BIOCROP,20940.618875825516
SSP2_1000C_CACN_NoCC,2075,XLM,GRAZING,345287.78866150876
SSP2_1000C_CACN_NoCC,2075,XLM,GRASS,122985.64537109027
SSP2_1000C_CACN_NoCC,2075,XLM,URB,4894.335314867021
SSP2_1000C_CACN_NoCC,2075,CIS,OTH,253974.9918984375
SSP2_1000C_CACN_NoCC,2075,CIS,CROP,71583.77052476339
SSP2_1000C_CACN_NoCC,2075,CIS,CROP_FLW,38841.13773547225
SSP2_1000C_CACN_NoCC,2075,CIS,PRM_FRS,1063972.8697258194
SSP2_1000C_CACN_NoCC,2075,CIS,MNG_FRS,20703.880654895274
SSP2_1000C_CACN_NoCC,2075,CIS,BIOCROP,37719.97816388223
SSP2_1000C_CACN_NoCC,2075,CIS,GRAZING,314848.4749947158
SSP2_1000C_CACN_NoCC,2075,CIS,GRASS,57627.770434214406
SSP2_1000C_CACN_NoCC,2075,CIS,URB,5880.5270887603765
SSP2_1000C_CACN_NoCC,2075,XME,OTH,281021.7655625
SSP2_1000C_CACN_NoCC,2075,XME,CROP,32578.734839651082
SSP2_1000C_CACN_NoCC,2075,XME,CROP_FLW,1275.0934387247287
SSP2_1000C_CACN_NoCC,2075,XME,PRM_FRS,9102.026625257353
SSP2_1000C_CACN_NoCC,2075,XME,MNG_FRS,518.6507917951199
SSP2_1000C_CACN_NoCC,2075,XME,BIOCROP,23780.222061771845
SSP2_1000C_CACN_NoCC,2075,XME,GRAZING,262695.76679077715
SSP2_1000C_CACN_NoCC,2075,XME,GRASS,67043.77680810512
SSP2_1000C_CACN_NoCC,2075,XME,URB,2128.071955810547
SSP2_1000C_CACN_NoCC,2075,XNF,OTH,456890.6350624999
SSP2_1000C_CACN_NoCC,2075,XNF,CROP,30956.239857292672
SSP2_1000C_CACN_NoCC,2075,XNF,CROP_FLW,959.8876735180479
SSP2_1000C_CACN_NoCC,2075,XNF,PRM_FRS,3007.9711631183363
SSP2_1000C_CACN_NoCC,2075,XNF,MNG_FRS,53.7782781031938
SSP2_1000C_CACN_NoCC,2075,XNF,BIOCROP,4510.52418848186
SSP2_1000C_CACN_NoCC,2075,XNF,GRAZING,73773.49379737687
SSP2_1000C_CACN_NoCC,2075,XNF,GRASS,1986.072483175731
SSP2_1000C_CACN_NoCC,2075,XNF,URB,927.4797019042969
SSP2_1000C_CACN_NoCC,2075,XAF,OTH,399410.63371875
SSP2_1000C_CACN_NoCC,2075,XAF,CROP,481491.2231594506
SSP2_1000C_CACN_NoCC,2075,XAF,CROP_FLW,3881.5771887223273
SSP2_1000C_CACN_NoCC,2075,XAF,PRM_FRS,641690.2504408191
SSP2_1000C_CACN_NoCC,2075,XAF,MNG_FRS,18473.475773248545
SSP2_1000C_CACN_NoCC,2075,XAF,BIOCROP,54112.55091692641
SSP2_1000C_CACN_NoCC,2075,XAF,GRAZING,862315.2494814789
SSP2_1000C_CACN_NoCC,2075,XAF,GRASS,275308.4712066304
SSP2_1000C_CACN_NoCC,2075,XAF,URB,2896.931178625107
SSP2_1000C_CACN_NoCC,2075,ASIA2,OTH,312611.42105468747
SSP2_1000C_CACN_NoCC,2075,ASIA2,CROP,339466.97599773447
SSP2_1000C_CACN_NoCC,2075,ASIA2,CROP_FLW,3119.063562231544
SSP2_1000C_CACN_NoCC,2075,ASIA2,PRM_FRS,639171.0207052531
SSP2_1000C_CACN_NoCC,2075,ASIA2,MNG_FRS,29025.387409379793
SSP2_1000C_CACN_NoCC,2075,ASIA2,BIOCROP,100444.32766930983
SSP2_1000C_CACN_NoCC,2075,ASIA2,GRAZING,527115.0244549724
SSP2_1000C_CACN_NoCC,2075,ASIA2,GRASS,146977.62155656537
SSP2_1000C_CACN_NoCC,2075,ASIA2,URB,16641.596986114502
SSP2_1000C_CACN_NoCC,2075,World,OTH,2111196.772609375
SSP2_1000C_CACN_NoCC,2075,World,CROP,1390076.7030341031
SSP2_1000C_CACN_NoCC,2075,World,CROP_FLW,140323.4306094447
SSP2_1000C_CACN_NoCC,2075,World,PRM_FRS,4506658.251573521
SSP2_1000C_CACN_NoCC,2075,World,MNG_FRS,200626.4008383585
SSP2_1000C_CACN_NoCC,2075,World,BIOCROP,419994.9584244764
SSP2_1000C_CACN_NoCC,2075,World,GRAZING,3248829.5744250007
SSP2_1000C_CACN_NoCC,2075,World,GRASS,1224076.356958202
SSP2_1000C_CACN_NoCC,2075,World,URB,61494.25336591386
SSP2_1000C_CACN_NoCC,2075,Non-OECD,OTH,1776092.664609375
SSP2_1000C_CACN_NoCC,2075,Non-OECD,CROP,1090971.785697256
SSP2_1000C_CACN_NoCC,2075,Non-OECD,CROP_FLW,53478.34288205589
SSP2_1000C_CACN_NoCC,2075,Non-OECD,PRM_FRS,3505390.735357818
SSP2_1000C_CACN_NoCC,2075,Non-OECD,MNG_FRS,80471.62423844966
SSP2_1000C_CACN_NoCC,2075,Non-OECD,BIOCROP,271646.0081017718
SSP2_1000C_CACN_NoCC,2075,Non-OECD,GRAZING,2556912.3511366136
SSP2_1000C_CACN_NoCC,2075,Non-OECD,GRASS,706196.4805629146
SSP2_1000C_CACN_NoCC,2075,Non-OECD,URB,35401.19061899567
SSP2_1000C_CACN_NoCC,2075,Industrial,OTH,321872.108
SSP2_1000C_CACN_NoCC,2075,Industrial,CROP,245138.31996221107
SSP2_1000C_CACN_NoCC,2075,Industrial,CROP_FLW,81924.21026817049
SSP2_1000C_CACN_NoCC,2075,Industrial,PRM_FRS,951325.880838583
SSP2_1000C_CACN_NoCC,2075,Industrial,MNG_FRS,115889.09761626231
SSP2_1000C_CACN_NoCC,2075,Industrial,BIOCROP,135240.23695052598
SSP2_1000C_CACN_NoCC,2075,Industrial,GRAZING,662993.6789807393
SSP2_1000C_CACN_NoCC,2075,Industrial,GRASS,498550.0200997637
SSP2_1000C_CACN_NoCC,2075,Industrial,URB,24181.440413742544
SSP2_1000C_CACN_NoCC,2075,Transition,OTH,520635.75745312497
SSP2_1000C_CACN_NoCC,2075,Transition,CROP,413812.8457644762
SSP2_1000C_CACN_NoCC,2075,Transition,CROP_FLW,43837.66280450715
SSP2_1000C_CACN_NoCC,2075,Transition,PRM_FRS,2063495.936759906
SSP2_1000C_CACN_NoCC,2075,Transition,MNG_FRS,47102.65362085968
SSP2_1000C_CACN_NoCC,2075,Transition,BIOCROP,139823.8274736796
SSP2_1000C_CACN_NoCC,2075,Transition,GRAZING,875559.4296091052
SSP2_1000C_CACN_NoCC,2075,Transition,GRASS,179266.88599510927
SSP2_1000C_CACN_NoCC,2075,Transition,URB,22567.039569885255
SSP2_1000C_CACN_NoCC,2075,Developing,OTH,1268688.90715625
SSP2_1000C_CACN_NoCC,2075,Developing,CROP,731125.5373074159
SSP2_1000C_CACN_NoCC,2075,Developing,CROP_FLW,14561.55753676712
SSP2_1000C_CACN_NoCC,2075,Developing,PRM_FRS,1491836.433975032
SSP2_1000C_CACN_NoCC,2075,Developing,MNG_FRS,37634.649601236524
SSP2_1000C_CACN_NoCC,2075,Developing,BIOCROP,144930.89400027087
SSP2_1000C_CACN_NoCC,2075,Developing,GRAZING,1710276.4658351569
SSP2_1000C_CACN_NoCC,2075,Developing,GRASS,546259.450863329
SSP2_1000C_CACN_NoCC,2075,Developing,URB,14745.773382286072
SSP2_1000C_CACN_NoCC,2075,R5ASIA,OTH,312611.42105468747
SSP2_1000C_CACN_NoCC,2075,R5ASIA,CROP,337945.67431997665
SSP2_1000C_CACN_NoCC,2075,R5ASIA,CROP_FLW,2657.0084464872043
SSP2_1000C_CACN_NoCC,2075,R5ASIA,PRM_FRS,613793.5129230395
SSP2_1000C_CACN_NoCC,2075,R5ASIA,MNG_FRS,27893.42734857159
SSP2_1000C_CACN_NoCC,2075,R5ASIA,BIOCROP,100076.06673616571
SSP2_1000C_CACN_NoCC,2075,R5ASIA,GRAZING,527066.3657087209
SSP2_1000C_CACN_NoCC,2075,R5ASIA,GRASS,146526.04012285944
SSP2_1000C_CACN_NoCC,2075,R5ASIA,URB,14931.307018096923
SSP2_1000C_CACN_NoCC,2075,R5OECD90+EU,OTH,335104.108
SSP2_1000C_CACN_NoCC,2075,R5OECD90+EU,CROP,299104.917336847
SSP2_1000C_CACN_NoCC,2075,R5OECD90+EU,CROP_FLW,86845.08772738886
SSP2_1000C_CACN_NoCC,2075,R5OECD90+EU,PRM_FRS,1001267.5162157028
SSP2_1000C_CACN_NoCC,2075,R5OECD90+EU,MNG_FRS,120154.77659990884
SSP2_1000C_CACN_NoCC,2075,R5OECD90+EU,BIOCROP,148348.95032270462
SSP2_1000C_CACN_NoCC,2075,R5OECD90+EU,GRAZING,691917.2232883872
SSP2_1000C_CACN_NoCC,2075,R5OECD90+EU,GRASS,517879.8763952873
SSP2_1000C_CACN_NoCC,2075,R5OECD90+EU,URB,26093.062746918204
SSP2_1000C_CACN_NoCC,2075,R5REF,OTH,253974.9918984375
SSP2_1000C_CACN_NoCC,2075,R5REF,CROP,71583.77052476339
SSP2_1000C_CACN_NoCC,2075,R5REF,CROP_FLW,38841.13773547225
SSP2_1000C_CACN_NoCC,2075,R5REF,PRM_FRS,1063972.8697258194
SSP2_1000C_CACN_NoCC,2075,R5REF,MNG_FRS,20703.880654895274
SSP2_1000C_CACN_NoCC,2075,R5REF,BIOCROP,37719.97816388223
SSP2_1000C_CACN_NoCC,2075,R5REF,GRAZING,314848.4749947158
SSP2_1000C_CACN_NoCC,2075,R5REF,GRASS,57627.770434214406
SSP2_1000C_CACN_NoCC,2075,R5REF,URB,5880.5270887603765
SSP2_1000C_CACN_NoCC,2075,R5MAF,OTH,1137323.0343437498
SSP2_1000C_CACN_NoCC,2075,R5MAF,CROP,545026.1978563943
SSP2_1000C_CACN_NoCC,2075,R5MAF,CROP_FLW,6116.558300965104
SSP2_1000C_CACN_NoCC,2075,R5MAF,PRM_FRS,653800.2482291948
SSP2_1000C_CACN_NoCC,2075,R5MAF,MNG_FRS,19045.90484314686
SSP2_1000C_CACN_NoCC,2075,R5MAF,BIOCROP,82403.29716718012
SSP2_1000C_CACN_NoCC,2075,R5MAF,GRAZING,1198784.510069633
SSP2_1000C_CACN_NoCC,2075,R5MAF,GRASS,344338.32049791125
SSP2_1000C_CACN_NoCC,2075,R5MAF,URB,5952.48283633995
SSP2_1000C_CACN_NoCC,2075,R5LAM,OTH,72183.21731250001
SSP2_1000C_CACN_NoCC,2075,R5LAM,CROP,136416.14299612172
SSP2_1000C_CACN_NoCC,2075,R5LAM,CROP_FLW,5863.638399131333
SSP2_1000C_CACN_NoCC,2075,R5LAM,PRM_FRS,1173824.1044797644
SSP2_1000C_CACN_NoCC,2075,R5LAM,MNG_FRS,12828.411391835947
SSP2_1000C_CACN_NoCC,2075,R5LAM,BIOCROP,51446.66603454377
SSP2_1000C_CACN_NoCC,2075,R5LAM,GRAZING,516213.0003635443
SSP2_1000C_CACN_NoCC,2075,R5LAM,GRASS,157704.34950792964
SSP2_1000C_CACN_NoCC,2075,R5LAM,URB,8636.873675798419
SSP2_1000C_CACN_NoCC,2080,USA,OTH,33613.452
SSP2_1000C_CACN_NoCC,2080,USA,CROP,116414.21635879463
SSP2_1000C_CACN_NoCC,2080,USA,CROP_FLW,36358.14666724196
SSP2_1000C_CACN_NoCC,2080,USA,PRM_FRS,313867.59543646825
SSP2_1000C_CACN_NoCC,2080,USA,MNG_FRS,37902.559427339496
SSP2_1000C_CACN_NoCC,2080,USA,BIOCROP,48858.9959262732
SSP2_1000C_CACN_NoCC,2080,USA,GRAZING,222175.19646842201
SSP2_1000C_CACN_NoCC,2080,USA,GRASS,58575.19859927664
SSP2_1000C_CACN_NoCC,2080,USA,URB,11695.345311309815
SSP2_1000C_CACN_NoCC,2080,XE25,OTH,3206.0
SSP2_1000C_CACN_NoCC,2080,XE25,CROP,59755.51017429152
SSP2_1000C_CACN_NoCC,2080,XE25,CROP_FLW,10445.370120239091
SSP2_1000C_CACN_NoCC,2080,XE25,PRM_FRS,117108.60491381079
SSP2_1000C_CACN_NoCC,2080,XE25,MNG_FRS,39189.72993092143
SSP2_1000C_CACN_NoCC,2080,XE25,BIOCROP,42909.91842684669
SSP2_1000C_CACN_NoCC,2080,XE25,GRAZING,56854.623361366874
SSP2_1000C_CACN_NoCC,2080,XE25,GRASS,17440.511128269834
SSP2_1000C_CACN_NoCC,2080,XE25,URB,9106.496241195679
SSP2_1000C_CACN_NoCC,2080,XER,OTH,13232.0
SSP2_1000C_CACN_NoCC,2080,XER,CROP,30392.854788098815
SSP2_1000C_CACN_NoCC,2080,XER,CROP_FLW,1986.0180810278785
SSP2_1000C_CACN_NoCC,2080,XER,PRM_FRS,40260.24984005267
SSP2_1000C_CACN_NoCC,2080,XER,MNG_FRS,3190.932645746425
SSP2_1000C_CACN_NoCC,2080,XER,BIOCROP,5615.454914275125
SSP2_1000C_CACN_NoCC,2080,XER,GRAZING,15033.362529668391
SSP2_1000C_CACN_NoCC,2080,XER,GRASS,2639.2389625202077
SSP2_1000C_CACN_NoCC,2080,XER,URB,1090.242361709595
SSP2_1000C_CACN_NoCC,2080,TUR,CROP,21671.575692273116
SSP2_1000C_CACN_NoCC,2080,TUR,CROP_FLW,2859.287400303147
SSP2_1000C_CACN_NoCC,2080,TUR,PRM_FRS,13028.581915009367
SSP2_1000C_CACN_NoCC,2080,TUR,MNG_FRS,774.8155081601727
SSP2_1000C_CACN_NoCC,2080,TUR,BIOCROP,6536.896835034932
SSP2_1000C_CACN_NoCC,2080,TUR,GRAZING,13873.740140148842
SSP2_1000C_CACN_NoCC,2080,TUR,GRASS,16593.89391765167
SSP2_1000C_CACN_NoCC,2080,TUR,URB,821.3799714660644
SSP2_1000C_CACN_NoCC,2080,XOC,OTH,1467.0
SSP2_1000C_CACN_NoCC,2080,XOC,CROP,36113.65724060815
SSP2_1000C_CACN_NoCC,2080,XOC,CROP_FLW,29842.246388754607
SSP2_1000C_CACN_NoCC,2080,XOC,PRM_FRS,210421.92164522706
SSP2_1000C_CACN_NoCC,2080,XOC,MNG_FRS,3080.8409433945917
SSP2_1000C_CACN_NoCC,2080,XOC,BIOCROP,32340.828602980622
SSP2_1000C_CACN_NoCC,2080,XOC,GRAZING,372199.72841832467
SSP2_1000C_CACN_NoCC,2080,XOC,GRASS,414494.962244645
SSP2_1000C_CACN_NoCC,2080,XOC,URB,883.3264156804086
SSP2_1000C_CACN_NoCC,2080,CHN,OTH,239998.39534375
SSP2_1000C_CACN_NoCC,2080,CHN,CROP,55515.62481200599
SSP2_1000C_CACN_NoCC,2080,CHN,PRM_FRS,313299.5992981223
SSP2_1000C_CACN_NoCC,2080,CHN,MNG_FRS,8002.633364816872
SSP2_1000C_CACN_NoCC,2080,CHN,BIOCROP,40911.09229298987
SSP2_1000C_CACN_NoCC,2080,CHN,GRAZING,352659.509901314
SSP2_1000C_CACN_NoCC,2080,CHN,GRASS,52223.31986899921
SSP2_1000C_CACN_NoCC,2080,CHN,URB,8006.078889526368
SSP2_1000C_CACN_NoCC,2080,IND,OTH,13430.3702109375
SSP2_1000C_CACN_NoCC,2080,IND,CROP,170108.48694173698
SSP2_1000C_CACN_NoCC,2080,IND,PRM_FRS,39744.55235798495
SSP2_1000C_CACN_NoCC,2080,IND,MNG_FRS,10190.159811866179
SSP2_1000C_CACN_NoCC,2080,IND,BIOCROP,19092.9668077498
SSP2_1000C_CACN_NoCC,2080,IND,GRAZING,7409.386564898354
SSP2_1000C_CACN_NoCC,2080,IND,GRASS,13472.556147712345
SSP2_1000C_CACN_NoCC,2080,IND,URB,3026.2728974914553
SSP2_1000C_CACN_NoCC,2080,JPN,CROP,1454.6043759107147
SSP2_1000C_CACN_NoCC,2080,JPN,CROP_FLW,519.4386776598047
SSP2_1000C_CACN_NoCC,2080,JPN,PRM_FRS,25420.784576112826
SSP2_1000C_CACN_NoCC,2080,JPN,MNG_FRS,1073.023508900684
SSP2_1000C_CACN_NoCC,2080,JPN,BIOCROP,363.9199032615142
SSP2_1000C_CACN_NoCC,2080,JPN,GRAZING,49.16739639413604
SSP2_1000C_CACN_NoCC,2080,JPN,GRASS,480.38731138578544
SSP2_1000C_CACN_NoCC,2080,JPN,URB,1710.2899680175783
SSP2_1000C_CACN_NoCC,2080,XSE,OTH,14506.901
SSP2_1000C_CACN_NoCC,2080,XSE,CROP,56877.92954827851
SSP2_1000C_CACN_NoCC,2080,XSE,CROP_FLW,1303.9330277322463
SSP2_1000C_CACN_NoCC,2080,XSE,PRM_FRS,258510.7931976573
SSP2_1000C_CACN_NoCC,2080,XSE,MNG_FRS,5034.376117633327
SSP2_1000C_CACN_NoCC,2080,XSE,BIOCROP,34544.72384485263
SSP2_1000C_CACN_NoCC,2080,XSE,GRAZING,126550.66587526268
SSP2_1000C_CACN_NoCC,2080,XSE,GRASS,51442.86439643289
SSP2_1000C_CACN_NoCC,2080,XSE,URB,3032.1656320037837
SSP2_1000C_CACN_NoCC,2080,XSA,OTH,44675.7545
SSP2_1000C_CACN_NoCC,2080,XSA,CROP,47524.92978763396
SSP2_1000C_CACN_NoCC,2080,XSA,CROP_FLW,1385.378552007715
SSP2_1000C_CACN_NoCC,2080,XSA,PRM_FRS,13318.461803301821
SSP2_1000C_CACN_NoCC,2080,XSA,MNG_FRS,3000.6346299456204
SSP2_1000C_CACN_NoCC,2080,XSA,BIOCROP,7333.973184461009
SSP2_1000C_CACN_NoCC,2080,XSA,GRAZING,40445.74274855614
SSP2_1000C_CACN_NoCC,2080,XSA,GRASS,26053.800721869768
SSP2_1000C_CACN_NoCC,2080,XSA,URB,866.7895990753174
SSP2_1000C_CACN_NoCC,2080,CAN,OTH,283585.656
SSP2_1000C_CACN_NoCC,2080,CAN,CROP,30159.335518881646
SSP2_1000C_CACN_NoCC,2080,CAN,CROP_FLW,2341.041490820881
SSP2_1000C_CACN_NoCC,2080,CAN,PRM_FRS,301899.99616928544
SSP2_1000C_CACN_NoCC,2080,CAN,MNG_FRS,29759.320653405335
SSP2_1000C_CACN_NoCC,2080,CAN,BIOCROP,8434.97540686788
SSP2_1000C_CACN_NoCC,2080,CAN,GRAZING,12089.270323130651
SSP2_1000C_CACN_NoCC,2080,CAN,GRASS,665.8169807408423
SSP2_1000C_CACN_NoCC,2080,CAN,URB,785.9824775390625
SSP2_1000C_CACN_NoCC,2080,BRA,CROP,55505.65280844743
SSP2_1000C_CACN_NoCC,2080,BRA,CROP_FLW,68.68782155305819
SSP2_1000C_CACN_NoCC,2080,BRA,PRM_FRS,605067.1703104422
SSP2_1000C_CACN_NoCC,2080,BRA,MNG_FRS,2498.9396637119194
SSP2_1000C_CACN_NoCC,2080,BRA,BIOCROP,31533.86496893176
SSP2_1000C_CACN_NoCC,2080,BRA,GRAZING,172634.06519027334
SSP2_1000C_CACN_NoCC,2080,BRA,GRASS,33206.18769035467
SSP2_1000C_CACN_NoCC,2080,BRA,URB,3742.538360931397
SSP2_1000C_CACN_NoCC,2080,XLM,OTH,72183.21731250001
SSP2_1000C_CACN_NoCC,2080,XLM,CROP,77643.7033243859
SSP2_1000C_CACN_NoCC,2080,XLM,CROP_FLW,5400.522490696895
SSP2_1000C_CACN_NoCC,2080,XLM,PRM_FRS,575003.8823576684
SSP2_1000C_CACN_NoCC,2080,XLM,MNG_FRS,9515.625231217555
SSP2_1000C_CACN_NoCC,2080,XLM,BIOCROP,21130.58485318993
SSP2_1000C_CACN_NoCC,2080,XLM,GRAZING,348484.7712476526
SSP2_1000C_CACN_NoCC,2080,XLM,GRASS,116602.65521434603
SSP2_1000C_CACN_NoCC,2080,XLM,URB,4894.335314867021
SSP2_1000C_CACN_NoCC,2080,CIS,OTH,253974.9918984375
SSP2_1000C_CACN_NoCC,2080,CIS,CROP,68379.54267691902
SSP2_1000C_CACN_NoCC,2080,CIS,CROP_FLW,35745.879501813164
SSP2_1000C_CACN_NoCC,2080,CIS,PRM_FRS,1076968.1970108394
SSP2_1000C_CACN_NoCC,2080,CIS,MNG_FRS,19291.60146131412
SSP2_1000C_CACN_NoCC,2080,CIS,BIOCROP,37471.14373481242
SSP2_1000C_CACN_NoCC,2080,CIS,GRAZING,313836.7420298848
SSP2_1000C_CACN_NoCC,2080,CIS,GRASS,53604.77581817954
SSP2_1000C_CACN_NoCC,2080,CIS,URB,5880.5270887603765
SSP2_1000C_CACN_NoCC,2080,XME,OTH,281021.7655625
SSP2_1000C_CACN_NoCC,2080,XME,CROP,32321.001761076208
SSP2_1000C_CACN_NoCC,2080,XME,CROP_FLW,1261.9544466361033
SSP2_1000C_CACN_NoCC,2080,XME,PRM_FRS,9102.026625257353
SSP2_1000C_CACN_NoCC,2080,XME,MNG_FRS,499.8936885977258
SSP2_1000C_CACN_NoCC,2080,XME,BIOCROP,22945.837525318922
SSP2_1000C_CACN_NoCC,2080,XME,GRAZING,264991.8461342579
SSP2_1000C_CACN_NoCC,2080,XME,GRASS,65871.7111749382
SSP2_1000C_CACN_NoCC,2080,XME,URB,2128.071955810547
SSP2_1000C_CACN_NoCC,2080,XNF,OTH,456890.6350624999
SSP2_1000C_CACN_NoCC,2080,XNF,CROP,30924.769064753615
SSP2_1000C_CACN_NoCC,2080,XNF,CROP_FLW,897.1892800272244
SSP2_1000C_CACN_NoCC,2080,XNF,PRM_FRS,3013.7936093106596
SSP2_1000C_CACN_NoCC,2080,XNF,MNG_FRS,51.23554345686754
SSP2_1000C_CACN_NoCC,2080,XNF,BIOCROP,4218.246480333871
SSP2_1000C_CACN_NoCC,2080,XNF,GRAZING,74317.72689728228
SSP2_1000C_CACN_NoCC,2080,XNF,GRASS,1825.0065659022596
SSP2_1000C_CACN_NoCC,2080,XNF,URB,927.4797019042969
SSP2_1000C_CACN_NoCC,2080,XAF,OTH,399410.63371875
SSP2_1000C_CACN_NoCC,2080,XAF,CROP,491346.119765008
SSP2_1000C_CACN_NoCC,2080,XAF,CROP_FLW,3194.472749730844
SSP2_1000C_CACN_NoCC,2080,XAF,PRM_FRS,641690.2504410511
SSP2_1000C_CACN_NoCC,2080,XAF,MNG_FRS,17857.716701926765
SSP2_1000C_CACN_NoCC,2080,XAF,BIOCROP,62883.290598631174
SSP2_1000C_CACN_NoCC,2080,XAF,GRAZING,868791.1511434207
SSP2_1000C_CACN_NoCC,2080,XAF,GRASS,251509.79676739336
SSP2_1000C_CACN_NoCC,2080,XAF,URB,2896.931178625107
SSP2_1000C_CACN_NoCC,2080,ASIA2,OTH,312611.42105468747
SSP2_1000C_CACN_NoCC,2080,ASIA2,CROP,331481.57546556613
SSP2_1000C_CACN_NoCC,2080,ASIA2,CROP_FLW,3208.750257399766
SSP2_1000C_CACN_NoCC,2080,ASIA2,PRM_FRS,650294.1912331792
SSP2_1000C_CACN_NoCC,2080,ASIA2,MNG_FRS,27300.827433162685
SSP2_1000C_CACN_NoCC,2080,ASIA2,BIOCROP,102246.67603331483
SSP2_1000C_CACN_NoCC,2080,ASIA2,GRAZING,527114.4724864253
SSP2_1000C_CACN_NoCC,2080,ASIA2,GRASS,143672.9284464
SSP2_1000C_CACN_NoCC,2080,ASIA2,URB,16641.596986114502
SSP2_1000C_CACN_NoCC,2080,World,OTH,2111196.772609375
SSP2_1000C_CACN_NoCC,2080,World,CROP,1382109.5146391043
SSP2_1000C_CACN_NoCC,2080,World,CROP_FLW,133609.5666962446
SSP2_1000C_CACN_NoCC,2080,World,PRM_FRS,4557726.461507602
SSP2_1000C_CACN_NoCC,2080,World,MNG_FRS,190914.03883235506
SSP2_1000C_CACN_NoCC,2080,World,BIOCROP,427126.71430681134
SSP2_1000C_CACN_NoCC,2080,World,GRAZING,3262396.696370258
SSP2_1000C_CACN_NoCC,2080,World,GRASS,1176702.6835106185
SSP2_1000C_CACN_NoCC,2080,World,URB,61494.25336591386
SSP2_1000C_CACN_NoCC,2080,Non-OECD,OTH,1776092.664609375
SSP2_1000C_CACN_NoCC,2080,Non-OECD,CROP,1086147.7604902457
SSP2_1000C_CACN_NoCC,2080,Non-OECD,CROP_FLW,49258.01787019725
SSP2_1000C_CACN_NoCC,2080,Non-OECD,PRM_FRS,3535718.7270116354
SSP2_1000C_CACN_NoCC,2080,Non-OECD,MNG_FRS,75942.81621448696
SSP2_1000C_CACN_NoCC,2080,Non-OECD,BIOCROP,282065.7242912714
SSP2_1000C_CACN_NoCC,2080,Non-OECD,GRAZING,2570121.6077328026
SSP2_1000C_CACN_NoCC,2080,Non-OECD,GRASS,665812.6743661283
SSP2_1000C_CACN_NoCC,2080,Non-OECD,URB,35401.19061899567
SSP2_1000C_CACN_NoCC,2080,Industrial,OTH,321872.108
SSP2_1000C_CACN_NoCC,2080,Industrial,CROP,243897.32366848667
SSP2_1000C_CACN_NoCC,2080,Industrial,CROP_FLW,79506.24334471635
SSP2_1000C_CACN_NoCC,2080,Industrial,PRM_FRS,968718.9027409044
SSP2_1000C_CACN_NoCC,2080,Industrial,MNG_FRS,111005.47446396154
SSP2_1000C_CACN_NoCC,2080,Industrial,BIOCROP,132908.63826622991
SSP2_1000C_CACN_NoCC,2080,Industrial,GRAZING,663367.9859676384
SSP2_1000C_CACN_NoCC,2080,Industrial,GRASS,491656.8762643181
SSP2_1000C_CACN_NoCC,2080,Industrial,URB,24181.440413742544
SSP2_1000C_CACN_NoCC,2080,Transition,OTH,520635.75745312497
SSP2_1000C_CACN_NoCC,2080,Transition,CROP,401573.73771948135
SSP2_1000C_CACN_NoCC,2080,Transition,CROP_FLW,40659.87280469725
SSP2_1000C_CACN_NoCC,2080,Transition,PRM_FRS,2088368.3507324508
SSP2_1000C_CACN_NoCC,2080,Transition,MNG_FRS,43949.08245561569
SSP2_1000C_CACN_NoCC,2080,Transition,BIOCROP,141161.4195537939
SSP2_1000C_CACN_NoCC,2080,Transition,GRAZING,875446.8063561877
SSP2_1000C_CACN_NoCC,2080,Transition,GRASS,171739.97240541765
SSP2_1000C_CACN_NoCC,2080,Transition,URB,22567.039569885255
SSP2_1000C_CACN_NoCC,2080,Developing,OTH,1268688.90715625
SSP2_1000C_CACN_NoCC,2080,Developing,CROP,736638.4532511362
SSP2_1000C_CACN_NoCC,2080,Developing,CROP_FLW,13443.45054683103
SSP2_1000C_CACN_NoCC,2080,Developing,PRM_FRS,1500639.2080342467
SSP2_1000C_CACN_NoCC,2080,Developing,MNG_FRS,35959.48191277786
SSP2_1000C_CACN_NoCC,2080,Developing,BIOCROP,153056.65648678754
SSP2_1000C_CACN_NoCC,2080,Developing,GRAZING,1723581.9040464323
SSP2_1000C_CACN_NoCC,2080,Developing,GRASS,513305.8348408825
SSP2_1000C_CACN_NoCC,2080,Developing,URB,14745.773382286072
SSP2_1000C_CACN_NoCC,2080,R5ASIA,OTH,312611.42105468747
SSP2_1000C_CACN_NoCC,2080,R5ASIA,CROP,330026.9710896554
SSP2_1000C_CACN_NoCC,2080,R5ASIA,CROP_FLW,2689.3115797399614
SSP2_1000C_CACN_NoCC,2080,R5ASIA,PRM_FRS,624873.4066570663
SSP2_1000C_CACN_NoCC,2080,R5ASIA,MNG_FRS,26227.803924262
SSP2_1000C_CACN_NoCC,2080,R5ASIA,BIOCROP,101882.75613005331
SSP2_1000C_CACN_NoCC,2080,R5ASIA,GRAZING,527065.3050900312
SSP2_1000C_CACN_NoCC,2080,R5ASIA,GRASS,143192.5411350142
SSP2_1000C_CACN_NoCC,2080,R5ASIA,URB,14931.307018096923
SSP2_1000C_CACN_NoCC,2080,R5OECD90+EU,OTH,335104.108
SSP2_1000C_CACN_NoCC,2080,R5OECD90+EU,CROP,295961.75414885854
SSP2_1000C_CACN_NoCC,2080,R5OECD90+EU,CROP_FLW,84351.54882604738
SSP2_1000C_CACN_NoCC,2080,R5OECD90+EU,PRM_FRS,1022007.7344959665
SSP2_1000C_CACN_NoCC,2080,R5OECD90+EU,MNG_FRS,114971.22261786813
SSP2_1000C_CACN_NoCC,2080,R5OECD90+EU,BIOCROP,145060.99001553995
SSP2_1000C_CACN_NoCC,2080,R5OECD90+EU,GRAZING,692275.0886374556
SSP2_1000C_CACN_NoCC,2080,R5OECD90+EU,GRASS,510890.00914449
SSP2_1000C_CACN_NoCC,2080,R5OECD90+EU,URB,26093.062746918204
SSP2_1000C_CACN_NoCC,2080,R5REF,OTH,253974.9918984375
SSP2_1000C_CACN_NoCC,2080,R5REF,CROP,68379.54267691902
SSP2_1000C_CACN_NoCC,2080,R5REF,CROP_FLW,35745.879501813164
SSP2_1000C_CACN_NoCC,2080,R5REF,PRM_FRS,1076968.1970108394
SSP2_1000C_CACN_NoCC,2080,R5REF,MNG_FRS,19291.60146131412
SSP2_1000C_CACN_NoCC,2080,R5REF,BIOCROP,37471.14373481242
SSP2_1000C_CACN_NoCC,2080,R5REF,GRAZING,313836.7420298848
SSP2_1000C_CACN_NoCC,2080,R5REF,GRASS,53604.77581817954
SSP2_1000C_CACN_NoCC,2080,R5REF,URB,5880.5270887603765
SSP2_1000C_CACN_NoCC,2080,R5MAF,OTH,1137323.0343437498
SSP2_1000C_CACN_NoCC,2080,R5MAF,CROP,554591.8905908378
SSP2_1000C_CACN_NoCC,2080,R5MAF,CROP_FLW,5353.6164763941715
SSP2_1000C_CACN_NoCC,2080,R5MAF,PRM_FRS,653806.0706756191
SSP2_1000C_CACN_NoCC,2080,R5MAF,MNG_FRS,18408.84593398136
SSP2_1000C_CACN_NoCC,2080,R5MAF,BIOCROP,90047.37460428396
SSP2_1000C_CACN_NoCC,2080,R5MAF,GRAZING,1208100.724174961
SSP2_1000C_CACN_NoCC,2080,R5MAF,GRASS,319206.5145082338
SSP2_1000C_CACN_NoCC,2080,R5MAF,URB,5952.48283633995
SSP2_1000C_CACN_NoCC,2080,R5LAM,OTH,72183.21731250001
SSP2_1000C_CACN_NoCC,2080,R5LAM,CROP,133149.35613283335
SSP2_1000C_CACN_NoCC,2080,R5LAM,CROP_FLW,5469.210312249953
SSP2_1000C_CACN_NoCC,2080,R5LAM,PRM_FRS,1180071.0526681105
SSP2_1000C_CACN_NoCC,2080,R5LAM,MNG_FRS,12014.564894929474
SSP2_1000C_CACN_NoCC,2080,R5LAM,BIOCROP,52664.44982212169
SSP2_1000C_CACN_NoCC,2080,R5LAM,GRAZING,521118.83643792593
SSP2_1000C_CACN_NoCC,2080,R5LAM,GRASS,149808.8429047007
SSP2_1000C_CACN_NoCC,2080,R5LAM,URB,8636.873675798419
SSP2_1000C_CACN_NoCC,2085,USA,OTH,33613.452
SSP2_1000C_CACN_NoCC,2085,USA,CROP,117221.76432913818
SSP2_1000C_CACN_NoCC,2085,USA,CROP_FLW,36032.963493944444
SSP2_1000C_CACN_NoCC,2085,USA,PRM_FRS,316088.60073491104
SSP2_1000C_CACN_NoCC,2085,USA,MNG_FRS,36672.16526356128
SSP2_1000C_CACN_NoCC,2085,USA,BIOCROP,48124.44591992028
SSP2_1000C_CACN_NoCC,2085,USA,GRAZING,222253.9866271938
SSP2_1000C_CACN_NoCC,2085,USA,GRASS,57757.982515146876
SSP2_1000C_CACN_NoCC,2085,USA,URB,11695.345311309815
SSP2_1000C_CACN_NoCC,2085,XE25,OTH,3206.0
SSP2_1000C_CACN_NoCC,2085,XE25,CROP,58961.39235448696
SSP2_1000C_CACN_NoCC,2085,XE25,CROP_FLW,10863.100247480867
SSP2_1000C_CACN_NoCC,2085,XE25,PRM_FRS,119246.85182212204
SSP2_1000C_CACN_NoCC,2085,XE25,MNG_FRS,37191.80388678384
SSP2_1000C_CACN_NoCC,2085,XE25,BIOCROP,42362.7492548174
SSP2_1000C_CACN_NoCC,2085,XE25,GRAZING,57208.7021574855
SSP2_1000C_CACN_NoCC,2085,XE25,GRASS,17869.668332569407
SSP2_1000C_CACN_NoCC,2085,XE25,URB,9106.496241195679
SSP2_1000C_CACN_NoCC,2085,XER,OTH,13232.0
SSP2_1000C_CACN_NoCC,2085,XER,CROP,29069.297747386765
SSP2_1000C_CACN_NoCC,2085,XER,CROP_FLW,1707.4762499229237
SSP2_1000C_CACN_NoCC,2085,XER,PRM_FRS,43255.681594746
SSP2_1000C_CACN_NoCC,2085,XER,MNG_FRS,2926.6324203001336
SSP2_1000C_CACN_NoCC,2085,XER,BIOCROP,4928.104476238659
SSP2_1000C_CACN_NoCC,2085,XER,GRAZING,14870.464956226047
SSP2_1000C_CACN_NoCC,2085,XER,GRASS,2360.454316568985
SSP2_1000C_CACN_NoCC,2085,XER,URB,1090.242361709595
SSP2_1000C_CACN_NoCC,2085,TUR,CROP,21227.52063123921
SSP2_1000C_CACN_NoCC,2085,TUR,CROP_FLW,2982.080875293262
SSP2_1000C_CACN_NoCC,2085,TUR,PRM_FRS,13028.581915009367
SSP2_1000C_CACN_NoCC,2085,TUR,MNG_FRS,735.8190839354671
SSP2_1000C_CACN_NoCC,2085,TUR,BIOCROP,6562.174239688049
SSP2_1000C_CACN_NoCC,2085,TUR,GRAZING,13920.682221075604
SSP2_1000C_CACN_NoCC,2085,TUR,GRASS,16881.932442340276
SSP2_1000C_CACN_NoCC,2085,TUR,URB,821.3799714660644
SSP2_1000C_CACN_NoCC,2085,XOC,OTH,1467.0
SSP2_1000C_CACN_NoCC,2085,XOC,CROP,36483.617974087385
SSP2_1000C_CACN_NoCC,2085,XOC,CROP_FLW,29433.9058992586
SSP2_1000C_CACN_NoCC,2085,XOC,PRM_FRS,210534.50357811208
SSP2_1000C_CACN_NoCC,2085,XOC,MNG_FRS,2955.4182751418066
SSP2_1000C_CACN_NoCC,2085,XOC,BIOCROP,35849.00508114205
SSP2_1000C_CACN_NoCC,2085,XOC,GRAZING,372704.10322875896
SSP2_1000C_CACN_NoCC,2085,XOC,GRASS,410533.63144743425
SSP2_1000C_CACN_NoCC,2085,XOC,URB,883.3264156804086
SSP2_1000C_CACN_NoCC,2085,CHN,OTH,239998.39534375
SSP2_1000C_CACN_NoCC,2085,CHN,CROP,51535.78120395996
SSP2_1000C_CACN_NoCC,2085,CHN,PRM_FRS,320760.07877157966
SSP2_1000C_CACN_NoCC,2085,CHN,MNG_FRS,7284.651037800741
SSP2_1000C_CACN_NoCC,2085,CHN,BIOCROP,41224.182751541994
SSP2_1000C_CACN_NoCC,2085,CHN,GRAZING,351518.12949003663
SSP2_1000C_CACN_NoCC,2085,CHN,GRASS,50288.95628332811
SSP2_1000C_CACN_NoCC,2085,CHN,URB,8006.078889526368
SSP2_1000C_CACN_NoCC,2085,IND,OTH,13430.3702109375
SSP2_1000C_CACN_NoCC,2085,IND,CROP,169057.13804201107
SSP2_1000C_CACN_NoCC,2085,IND,PRM_FRS,39744.55235798495
SSP2_1000C_CACN_NoCC,2085,IND,MNG_FRS,9728.350114228973
SSP2_1000C_CACN_NoCC,2085,IND,BIOCROP,20256.547065341292
SSP2_1000C_CACN_NoCC,2085,IND,GRAZING,7492.433092841634
SSP2_1000C_CACN_NoCC,2085,IND,GRASS,13739.087959540453
SSP2_1000C_CACN_NoCC,2085,IND,URB,3026.2728974914553
SSP2_1000C_CACN_NoCC,2085,JPN,CROP,1391.749568791982
SSP2_1000C_CACN_NoCC,2085,JPN,CROP_FLW,590.7228783773276
SSP2_1000C_CACN_NoCC,2085,JPN,PRM_FRS,25424.413056643294
SSP2_1000C_CACN_NoCC,2085,JPN,MNG_FRS,1015.4285492101877
SSP2_1000C_CACN_NoCC,2085,JPN,BIOCROP,370.7191285980404
SSP2_1000C_CACN_NoCC,2085,JPN,GRAZING,49.74809489083288
SSP2_1000C_CACN_NoCC,2085,JPN,GRASS,518.5444731137995
SSP2_1000C_CACN_NoCC,2085,JPN,URB,1710.2899680175783
SSP2_1000C_CACN_NoCC,2085,XSE,OTH,14506.901
SSP2_1000C_CACN_NoCC,2085,XSE,CROP,54957.192080811044
SSP2_1000C_CACN_NoCC,2085,XSE,CROP_FLW,1398.646942089634
SSP2_1000C_CACN_NoCC,2085,XSE,PRM_FRS,260414.58349846752
SSP2_1000C_CACN_NoCC,2085,XSE,MNG_FRS,4789.57846497105
SSP2_1000C_CACN_NoCC,2085,XSE,BIOCROP,35543.51535568094
SSP2_1000C_CACN_NoCC,2085,XSE,GRAZING,126751.81727552708
SSP2_1000C_CACN_NoCC,2085,XSE,GRASS,50409.952390302315
SSP2_1000C_CACN_NoCC,2085,XSE,URB,3032.1656320037837
SSP2_1000C_CACN_NoCC,2085,XSA,OTH,44675.7545
SSP2_1000C_CACN_NoCC,2085,XSA,CROP,47459.50272243679
SSP2_1000C_CACN_NoCC,2085,XSA,CROP_FLW,1335.3987556742486
SSP2_1000C_CACN_NoCC,2085,XSA,PRM_FRS,13318.461803301821
SSP2_1000C_CACN_NoCC,2085,XSA,MNG_FRS,2876.6615134784806
SSP2_1000C_CACN_NoCC,2085,XSA,BIOCROP,7561.311733365478
SSP2_1000C_CACN_NoCC,2085,XSA,GRAZING,40784.72763745708
SSP2_1000C_CACN_NoCC,2085,XSA,GRASS,25726.857262061658
SSP2_1000C_CACN_NoCC,2085,XSA,URB,866.7895990753174
SSP2_1000C_CACN_NoCC,2085,CAN,OTH,283585.656
SSP2_1000C_CACN_NoCC,2085,CAN,CROP,30361.295019765286
SSP2_1000C_CACN_NoCC,2085,CAN,CROP_FLW,2528.4906180994153
SSP2_1000C_CACN_NoCC,2085,CAN,PRM_FRS,301899.9961692855
SSP2_1000C_CACN_NoCC,2085,CAN,MNG_FRS,29029.921353673104
SSP2_1000C_CACN_NoCC,2085,CAN,BIOCROP,8606.51315596538
SSP2_1000C_CACN_NoCC,2085,CAN,GRAZING,12205.528846219486
SSP2_1000C_CACN_NoCC,2085,CAN,GRASS,718.0113801244229
SSP2_1000C_CACN_NoCC,2085,CAN,URB,785.9824775390625
SSP2_1000C_CACN_NoCC,2085,BRA,CROP,54396.86564808301
SSP2_1000C_CACN_NoCC,2085,BRA,CROP_FLW,62.96436378650616
SSP2_1000C_CACN_NoCC,2085,BRA,PRM_FRS,605067.1703104347
SSP2_1000C_CACN_NoCC,2085,BRA,MNG_FRS,2335.6429995195112
SSP2_1000C_CACN_NoCC,2085,BRA,BIOCROP,32477.394939866885
SSP2_1000C_CACN_NoCC,2085,BRA,GRAZING,174273.52183926836
SSP2_1000C_CACN_NoCC,2085,BRA,GRASS,31901.00835277007
SSP2_1000C_CACN_NoCC,2085,BRA,URB,3742.538360931397
SSP2_1000C_CACN_NoCC,2085,XLM,OTH,72183.21731250001
SSP2_1000C_CACN_NoCC,2085,XLM,CROP,76261.26404556289
SSP2_1000C_CACN_NoCC,2085,XLM,CROP_FLW,5167.301574968383
SSP2_1000C_CACN_NoCC,2085,XLM,PRM_FRS,577103.6655641088
SSP2_1000C_CACN_NoCC,2085,XLM,MNG_FRS,8899.841116388665
SSP2_1000C_CACN_NoCC,2085,XLM,BIOCROP,21731.513258407846
SSP2_1000C_CACN_NoCC,2085,XLM,GRAZING,352021.87944226485
SSP2_1000C_CACN_NoCC,2085,XLM,GRASS,112596.27971745495
SSP2_1000C_CACN_NoCC,2085,XLM,URB,4894.335314867021
SSP2_1000C_CACN_NoCC,2085,CIS,OTH,253974.9918984375
SSP2_1000C_CACN_NoCC,2085,CIS,CROP,66279.0520499322
SSP2_1000C_CACN_NoCC,2085,CIS,CROP_FLW,34732.57877774744
SSP2_1000C_CACN_NoCC,2085,CIS,PRM_FRS,1082606.1840255875
SSP2_1000C_CACN_NoCC,2085,CIS,MNG_FRS,18172.205079587216
SSP2_1000C_CACN_NoCC,2085,CIS,BIOCROP,37716.3624665782
SSP2_1000C_CACN_NoCC,2085,CIS,GRAZING,313965.5297900741
SSP2_1000C_CACN_NoCC,2085,CIS,GRASS,51825.97004425605
SSP2_1000C_CACN_NoCC,2085,CIS,URB,5880.5270887603765
SSP2_1000C_CACN_NoCC,2085,XME,OTH,281021.7655625
SSP2_1000C_CACN_NoCC,2085,XME,CROP,31966.434572410282
SSP2_1000C_CACN_NoCC,2085,XME,CROP_FLW,1230.5587202787099
SSP2_1000C_CACN_NoCC,2085,XME,PRM_FRS,9102.026625257353
SSP2_1000C_CACN_NoCC,2085,XME,MNG_FRS,478.8618567532045
SSP2_1000C_CACN_NoCC,2085,XME,BIOCROP,22668.320376257238
SSP2_1000C_CACN_NoCC,2085,XME,GRAZING,267098.5927325221
SSP2_1000C_CACN_NoCC,2085,XME,GRASS,64449.476472603405
SSP2_1000C_CACN_NoCC,2085,XME,URB,2128.071955810547
SSP2_1000C_CACN_NoCC,2085,XNF,OTH,456890.6350624999
SSP2_1000C_CACN_NoCC,2085,XNF,CROP,30748.56789921322
SSP2_1000C_CACN_NoCC,2085,XNF,CROP_FLW,850.0084692395202
SSP2_1000C_CACN_NoCC,2085,XNF,PRM_FRS,3013.7936093106596
SSP2_1000C_CACN_NoCC,2085,XNF,MNG_FRS,48.678078755972074
SSP2_1000C_CACN_NoCC,2085,XNF,BIOCROP,4006.0700720721547
SSP2_1000C_CACN_NoCC,2085,XNF,GRAZING,74884.90553868478
SSP2_1000C_CACN_NoCC,2085,XNF,GRASS,1695.9437737902017
SSP2_1000C_CACN_NoCC,2085,XNF,URB,927.4797019042969
SSP2_1000C_CACN_NoCC,2085,XAF,OTH,399410.63371875
SSP2_1000C_CACN_NoCC,2085,XAF,CROP,502809.63246679585
SSP2_1000C_CACN_NoCC,2085,XAF,CROP_FLW,2637.1344029550796
SSP2_1000C_CACN_NoCC,2085,XAF,PRM_FRS,641690.2504410511
SSP2_1000C_CACN_NoCC,2085,XAF,MNG_FRS,17194.477661246336
SSP2_1000C_CACN_NoCC,2085,XAF,BIOCROP,70549.8894777602
SSP2_1000C_CACN_NoCC,2085,XAF,GRAZING,872580.7360659871
SSP2_1000C_CACN_NoCC,2085,XAF,GRASS,229810.677651482
SSP2_1000C_CACN_NoCC,2085,XAF,URB,2896.931178625107
SSP2_1000C_CACN_NoCC,2085,ASIA2,OTH,312611.42105468747
SSP2_1000C_CACN_NoCC,2085,ASIA2,CROP,324401.36361801083
SSP2_1000C_CACN_NoCC,2085,ASIA2,CROP_FLW,3324.7685761412104
SSP2_1000C_CACN_NoCC,2085,ASIA2,PRM_FRS,659662.0894879772
SSP2_1000C_CACN_NoCC,2085,ASIA2,MNG_FRS,25694.669679689432
SSP2_1000C_CACN_NoCC,2085,ASIA2,BIOCROP,104956.27603452773
SSP2_1000C_CACN_NoCC,2085,ASIA2,GRAZING,526596.8555907533
SSP2_1000C_CACN_NoCC,2085,ASIA2,GRASS,140683.39836834633
SSP2_1000C_CACN_NoCC,2085,ASIA2,URB,16641.596986114502
SSP2_1000C_CACN_NoCC,2085,World,OTH,2111196.772609375
SSP2_1000C_CACN_NoCC,2085,World,CROP,1380188.068356112
SSP2_1000C_CACN_NoCC,2085,World,CROP_FLW,131553.3322691164
SSP2_1000C_CACN_NoCC,2085,World,PRM_FRS,4582299.395877913
SSP2_1000C_CACN_NoCC,2085,World,MNG_FRS,182336.136755336
SSP2_1000C_CACN_NoCC,2085,World,BIOCROP,440538.818753242
SSP2_1000C_CACN_NoCC,2085,World,GRAZING,3274585.4890365135
SSP2_1000C_CACN_NoCC,2085,World,GRASS,1139084.4348148871
SSP2_1000C_CACN_NoCC,2085,World,URB,61494.25336591386
SSP2_1000C_CACN_NoCC,2085,Non-OECD,OTH,1776092.664609375
SSP2_1000C_CACN_NoCC,2085,Non-OECD,CROP,1085471.4307312162
SSP2_1000C_CACN_NoCC,2085,Non-OECD,CROP_FLW,47414.59200673951
SSP2_1000C_CACN_NoCC,2085,Non-OECD,PRM_FRS,3552820.767007084
SSP2_1000C_CACN_NoCC,2085,Non-OECD,MNG_FRS,71808.94792273015
SSP2_1000C_CACN_NoCC,2085,Non-OECD,BIOCROP,293735.10749687225
SSP2_1000C_CACN_NoCC,2085,Non-OECD,GRAZING,2581372.272904664
SSP2_1000C_CACN_NoCC,2085,Non-OECD,GRASS,632444.2099075892
SSP2_1000C_CACN_NoCC,2085,Non-OECD,URB,35401.19061899567
SSP2_1000C_CACN_NoCC,2085,Industrial,OTH,321872.108
SSP2_1000C_CACN_NoCC,2085,Industrial,CROP,244419.8192462698
SSP2_1000C_CACN_NoCC,2085,Industrial,CROP_FLW,79449.18313716065
SSP2_1000C_CACN_NoCC,2085,Industrial,PRM_FRS,973194.365361074
SSP2_1000C_CACN_NoCC,2085,Industrial,MNG_FRS,106864.73732837022
SSP2_1000C_CACN_NoCC,2085,Industrial,BIOCROP,135313.43254044314
SSP2_1000C_CACN_NoCC,2085,Industrial,GRAZING,664422.0689545486
SSP2_1000C_CACN_NoCC,2085,Industrial,GRASS,487397.8381483888
SSP2_1000C_CACN_NoCC,2085,Industrial,URB,24181.440413742544
SSP2_1000C_CACN_NoCC,2085,Transition,OTH,520635.75745312497
SSP2_1000C_CACN_NoCC,2085,Transition,CROP,391565.65532261226
SSP2_1000C_CACN_NoCC,2085,Transition,CROP_FLW,39485.10026675013
SSP2_1000C_CACN_NoCC,2085,Transition,PRM_FRS,2104462.248975342
SSP2_1000C_CACN_NoCC,2085,Transition,MNG_FRS,41183.30073537204
SSP2_1000C_CACN_NoCC,2085,Transition,BIOCROP,143164.76593925507
SSP2_1000C_CACN_NoCC,2085,Transition,GRAZING,876040.7613895223
SSP2_1000C_CACN_NoCC,2085,Transition,GRASS,166997.40939880392
SSP2_1000C_CACN_NoCC,2085,Transition,URB,22567.039569885255
SSP2_1000C_CACN_NoCC,2085,Developing,OTH,1268688.90715625
SSP2_1000C_CACN_NoCC,2085,Developing,CROP,744202.5937872301
SSP2_1000C_CACN_NoCC,2085,Developing,CROP_FLW,12619.048865205574
SSP2_1000C_CACN_NoCC,2085,Developing,PRM_FRS,1504642.781541497
SSP2_1000C_CACN_NoCC,2085,Developing,MNG_FRS,34288.09869159371
SSP2_1000C_CACN_NoCC,2085,Developing,BIOCROP,162060.62027354387
SSP2_1000C_CACN_NoCC,2085,Developing,GRAZING,1734122.658692443
SSP2_1000C_CACN_NoCC,2085,Developing,GRASS,484689.1872676945
SSP2_1000C_CACN_NoCC,2085,Developing,URB,14745.773382286072
SSP2_1000C_CACN_NoCC,2085,R5ASIA,OTH,312611.42105468747
SSP2_1000C_CACN_NoCC,2085,R5ASIA,CROP,323009.6140492188
SSP2_1000C_CACN_NoCC,2085,R5ASIA,CROP_FLW,2734.0456977638823
SSP2_1000C_CACN_NoCC,2085,R5ASIA,PRM_FRS,634237.676431334
SSP2_1000C_CACN_NoCC,2085,R5ASIA,MNG_FRS,24679.241130479244
SSP2_1000C_CACN_NoCC,2085,R5ASIA,BIOCROP,104585.55690592971
SSP2_1000C_CACN_NoCC,2085,R5ASIA,GRAZING,526547.1074958624
SSP2_1000C_CACN_NoCC,2085,R5ASIA,GRASS,140164.85389523252
SSP2_1000C_CACN_NoCC,2085,R5ASIA,URB,14931.307018096923
SSP2_1000C_CACN_NoCC,2085,R5OECD90+EU,OTH,335104.108
SSP2_1000C_CACN_NoCC,2085,R5OECD90+EU,CROP,294716.6376248957
SSP2_1000C_CACN_NoCC,2085,R5OECD90+EU,CROP_FLW,84138.74026237686
SSP2_1000C_CACN_NoCC,2085,R5OECD90+EU,PRM_FRS,1029478.6288708294
SSP2_1000C_CACN_NoCC,2085,R5OECD90+EU,MNG_FRS,110527.18883260581
SSP2_1000C_CACN_NoCC,2085,R5OECD90+EU,BIOCROP,146803.71125636986
SSP2_1000C_CACN_NoCC,2085,R5OECD90+EU,GRAZING,693213.2161318503
SSP2_1000C_CACN_NoCC,2085,R5OECD90+EU,GRASS,506640.224907298
SSP2_1000C_CACN_NoCC,2085,R5OECD90+EU,URB,26093.062746918204
SSP2_1000C_CACN_NoCC,2085,R5REF,OTH,253974.9918984375
SSP2_1000C_CACN_NoCC,2085,R5REF,CROP,66279.0520499322
SSP2_1000C_CACN_NoCC,2085,R5REF,CROP_FLW,34732.57877774744
SSP2_1000C_CACN_NoCC,2085,R5REF,PRM_FRS,1082606.1840255875
SSP2_1000C_CACN_NoCC,2085,R5REF,MNG_FRS,18172.205079587216
SSP2_1000C_CACN_NoCC,2085,R5REF,BIOCROP,37716.3624665782
SSP2_1000C_CACN_NoCC,2085,R5REF,GRAZING,313965.5297900741
SSP2_1000C_CACN_NoCC,2085,R5REF,GRASS,51825.97004425605
SSP2_1000C_CACN_NoCC,2085,R5REF,URB,5880.5270887603765
SSP2_1000C_CACN_NoCC,2085,R5MAF,OTH,1137323.0343437498
SSP2_1000C_CACN_NoCC,2085,R5MAF,CROP,565524.6349384193
SSP2_1000C_CACN_NoCC,2085,R5MAF,CROP_FLW,4717.70159247331
SSP2_1000C_CACN_NoCC,2085,R5MAF,PRM_FRS,653806.0706756191
SSP2_1000C_CACN_NoCC,2085,R5MAF,MNG_FRS,17722.01759675551
SSP2_1000C_CACN_NoCC,2085,R5MAF,BIOCROP,97224.27992608958
SSP2_1000C_CACN_NoCC,2085,R5MAF,GRAZING,1214564.234337194
SSP2_1000C_CACN_NoCC,2085,R5MAF,GRASS,295956.0978978756
SSP2_1000C_CACN_NoCC,2085,R5MAF,URB,5952.48283633995
SSP2_1000C_CACN_NoCC,2085,R5LAM,OTH,72183.21731250001
SSP2_1000C_CACN_NoCC,2085,R5LAM,CROP,130658.1296936459
SSP2_1000C_CACN_NoCC,2085,R5LAM,CROP_FLW,5230.265938754889
SSP2_1000C_CACN_NoCC,2085,R5LAM,PRM_FRS,1182170.8358745435
SSP2_1000C_CACN_NoCC,2085,R5LAM,MNG_FRS,11235.484115908177
SSP2_1000C_CACN_NoCC,2085,R5LAM,BIOCROP,54208.90819827473
SSP2_1000C_CACN_NoCC,2085,R5LAM,GRAZING,526295.4012815332
SSP2_1000C_CACN_NoCC,2085,R5LAM,GRASS,144497.288070225
SSP2_1000C_CACN_NoCC,2085,R5LAM,URB,8636.873675798419
SSP2_1000C_CACN_NoCC,2090,USA,OTH,33613.452
SSP2_1000C_CACN_NoCC,2090,USA,CROP,117917.21994169833
SSP2_1000C_CACN_NoCC,2090,USA,CROP_FLW,35617.865614471986
SSP2_1000C_CACN_NoCC,2090,USA,PRM_FRS,318540.7700487272
SSP2_1000C_CACN_NoCC,2090,USA,MNG_FRS,35390.04921620748
SSP2_1000C_CACN_NoCC,2090,USA,BIOCROP,47659.82703073402
SSP2_1000C_CACN_NoCC,2090,USA,GRAZING,222224.2939904338
SSP2_1000C_CACN_NoCC,2090,USA,GRASS,56801.883041542984
SSP2_1000C_CACN_NoCC,2090,USA,URB,11695.345311309815
SSP2_1000C_CACN_NoCC,2090,XE25,OTH,3206.0
SSP2_1000C_CACN_NoCC,2090,XE25,CROP,58004.5227683871
SSP2_1000C_CACN_NoCC,2090,XE25,CROP_FLW,11190.52961360973
SSP2_1000C_CACN_NoCC,2090,XE25,PRM_FRS,121607.64918609025
SSP2_1000C_CACN_NoCC,2090,XE25,MNG_FRS,35104.852653650814
SSP2_1000C_CACN_NoCC,2090,XE25,BIOCROP,42055.4688841706
SSP2_1000C_CACN_NoCC,2090,XE25,GRAZING,57532.978248372965
SSP2_1000C_CACN_NoCC,2090,XE25,GRASS,18208.26670146459
SSP2_1000C_CACN_NoCC,2090,XE25,URB,9106.496241195679
SSP2_1000C_CACN_NoCC,2090,XER,OTH,13232.0
SSP2_1000C_CACN_NoCC,2090,XER,CROP,27983.34409279422
SSP2_1000C_CACN_NoCC,2090,XER,CROP_FLW,1633.1484144822748
SSP2_1000C_CACN_NoCC,2090,XER,PRM_FRS,45018.01201602342
SSP2_1000C_CACN_NoCC,2090,XER,MNG_FRS,2726.1359527440313
SSP2_1000C_CACN_NoCC,2090,XER,BIOCROP,4672.38807738062
SSP2_1000C_CACN_NoCC,2090,XER,GRAZING,14839.585620000002
SSP2_1000C_CACN_NoCC,2090,XER,GRASS,2245.49758796497
SSP2_1000C_CACN_NoCC,2090,XER,URB,1090.242361709595
SSP2_1000C_CACN_NoCC,2090,TUR,CROP,20741.386509085245
SSP2_1000C_CACN_NoCC,2090,TUR,CROP_FLW,3101.4207446171326
SSP2_1000C_CACN_NoCC,2090,TUR,PRM_FRS,13028.581915009367
SSP2_1000C_CACN_NoCC,2090,TUR,MNG_FRS,697.5487740125387
SSP2_1000C_CACN_NoCC,2090,TUR,BIOCROP,6652.000748226945
SSP2_1000C_CACN_NoCC,2090,TUR,GRAZING,13960.793342829917
SSP2_1000C_CACN_NoCC,2090,TUR,GRASS,17157.0593748001
SSP2_1000C_CACN_NoCC,2090,TUR,URB,821.3799714660644
SSP2_1000C_CACN_NoCC,2090,XOC,OTH,1467.0
SSP2_1000C_CACN_NoCC,2090,XOC,CROP,36729.81392599611
SSP2_1000C_CACN_NoCC,2090,XOC,CROP_FLW,28959.967930864597
SSP2_1000C_CACN_NoCC,2090,XOC,PRM_FRS,210534.5035781121
SSP2_1000C_CACN_NoCC,2090,XOC,MNG_FRS,2824.336809301507
SSP2_1000C_CACN_NoCC,2090,XOC,BIOCROP,39765.29632310941
SSP2_1000C_CACN_NoCC,2090,XOC,GRAZING,373183.27278980176
SSP2_1000C_CACN_NoCC,2090,XOC,GRASS,406496.99412674946
SSP2_1000C_CACN_NoCC,2090,XOC,URB,883.3264156804086
SSP2_1000C_CACN_NoCC,2090,CHN,OTH,239998.39534375
SSP2_1000C_CACN_NoCC,2090,CHN,CROP,48013.19447926409
SSP2_1000C_CACN_NoCC,2090,CHN,PRM_FRS,327367.902732982
SSP2_1000C_CACN_NoCC,2090,CHN,MNG_FRS,6654.113583682116
SSP2_1000C_CACN_NoCC,2090,CHN,BIOCROP,41332.6234299661
SSP2_1000C_CACN_NoCC,2090,CHN,GRAZING,350413.0670529215
SSP2_1000C_CACN_NoCC,2090,CHN,GRASS,48830.87825943459
SSP2_1000C_CACN_NoCC,2090,CHN,URB,8006.078889526368
SSP2_1000C_CACN_NoCC,2090,IND,OTH,13430.3702109375
SSP2_1000C_CACN_NoCC,2090,IND,CROP,167596.7648106665
SSP2_1000C_CACN_NoCC,2090,IND,PRM_FRS,39812.387300117334
SSP2_1000C_CACN_NoCC,2090,IND,MNG_FRS,9274.0367187087
SSP2_1000C_CACN_NoCC,2090,IND,BIOCROP,21660.977201252732
SSP2_1000C_CACN_NoCC,2090,IND,GRAZING,7579.663548912727
SSP2_1000C_CACN_NoCC,2090,IND,GRASS,14094.279052290847
SSP2_1000C_CACN_NoCC,2090,IND,URB,3026.2728974914553
SSP2_1000C_CACN_NoCC,2090,JPN,CROP,1323.345634368639
SSP2_1000C_CACN_NoCC,2090,JPN,CROP_FLW,614.4127084891338
SSP2_1000C_CACN_NoCC,2090,JPN,PRM_FRS,25530.78440352989
SSP2_1000C_CACN_NoCC,2090,JPN,MNG_FRS,943.6964698652181
SSP2_1000C_CACN_NoCC,2090,JPN,BIOCROP,367.1446958648097
SSP2_1000C_CACN_NoCC,2090,JPN,GRAZING,50.070350738548555
SSP2_1000C_CACN_NoCC,2090,JPN,GRASS,531.8714867692192
SSP2_1000C_CACN_NoCC,2090,JPN,URB,1710.2899680175783
SSP2_1000C_CACN_NoCC,2090,XSE,OTH,14506.901
SSP2_1000C_CACN_NoCC,2090,XSE,CROP,53043.66887707739
SSP2_1000C_CACN_NoCC,2090,XSE,CROP_FLW,1489.4539690252825
SSP2_1000C_CACN_NoCC,2090,XSE,PRM_FRS,262474.80142568453
SSP2_1000C_CACN_NoCC,2090,XSE,MNG_FRS,4545.218094120656
SSP2_1000C_CACN_NoCC,2090,XSE,BIOCROP,36566.86385753459
SSP2_1000C_CACN_NoCC,2090,XSE,GRAZING,126774.83364881203
SSP2_1000C_CACN_NoCC,2090,XSE,GRASS,49370.44613559511
SSP2_1000C_CACN_NoCC,2090,XSE,URB,3032.1656320037837
SSP2_1000C_CACN_NoCC,2090,XSA,OTH,44675.7545
SSP2_1000C_CACN_NoCC,2090,XSA,CROP,47185.950753096855
SSP2_1000C_CACN_NoCC,2090,XSA,CROP_FLW,1288.7933598522047
SSP2_1000C_CACN_NoCC,2090,XSA,PRM_FRS,13318.461803301832
SSP2_1000C_CACN_NoCC,2090,XSA,MNG_FRS,2750.68176816429
SSP2_1000C_CACN_NoCC,2090,XSA,BIOCROP,8022.5760959785775
SSP2_1000C_CACN_NoCC,2090,XSA,GRAZING,41081.57250605366
SSP2_1000C_CACN_NoCC,2090,XSA,GRASS,25414.885141328934
SSP2_1000C_CACN_NoCC,2090,XSA,URB,866.7895990753174
SSP2_1000C_CACN_NoCC,2090,CAN,OTH,283585.656
SSP2_1000C_CACN_NoCC,2090,CAN,CROP,30511.100012842406
SSP2_1000C_CACN_NoCC,2090,CAN,CROP_FLW,2747.3492492388764
SSP2_1000C_CACN_NoCC,2090,CAN,PRM_FRS,301899.9961692855
SSP2_1000C_CACN_NoCC,2090,CAN,MNG_FRS,28216.847220873344
SSP2_1000C_CACN_NoCC,2090,CAN,BIOCROP,8866.455527162943
SSP2_1000C_CACN_NoCC,2090,CAN,GRAZING,12328.965541729722
SSP2_1000C_CACN_NoCC,2090,CAN,GRASS,779.0428219997995
SSP2_1000C_CACN_NoCC,2090,CAN,URB,785.9824775390625
SSP2_1000C_CACN_NoCC,2090,BRA,CROP,53236.38840692188
SSP2_1000C_CACN_NoCC,2090,BRA,CROP_FLW,57.585251737108955
SSP2_1000C_CACN_NoCC,2090,BRA,PRM_FRS,605067.1703105345
SSP2_1000C_CACN_NoCC,2090,BRA,MNG_FRS,2179.2121641712997
SSP2_1000C_CACN_NoCC,2090,BRA,BIOCROP,33583.25256953321
SSP2_1000C_CACN_NoCC,2090,BRA,GRAZING,175764.69867646982
SSP2_1000C_CACN_NoCC,2090,BRA,GRASS,30626.261074346694
SSP2_1000C_CACN_NoCC,2090,BRA,URB,3742.538360931397
SSP2_1000C_CACN_NoCC,2090,XLM,OTH,72183.21731250001
SSP2_1000C_CACN_NoCC,2090,XLM,CROP,74731.3900709311
SSP2_1000C_CACN_NoCC,2090,XLM,CROP_FLW,4939.492369242875
SSP2_1000C_CACN_NoCC,2090,XLM,PRM_FRS,579187.0321402122
SSP2_1000C_CACN_NoCC,2090,XLM,MNG_FRS,8319.795272772555
SSP2_1000C_CACN_NoCC,2090,XLM,BIOCROP,22669.117399602335
SSP2_1000C_CACN_NoCC,2090,XLM,GRAZING,355283.75575466536
SSP2_1000C_CACN_NoCC,2090,XLM,GRASS,108651.16171166304
SSP2_1000C_CACN_NoCC,2090,XLM,URB,4894.335314867021
SSP2_1000C_CACN_NoCC,2090,CIS,OTH,253974.9918984375
SSP2_1000C_CACN_NoCC,2090,CIS,CROP,64226.10059943786
SSP2_1000C_CACN_NoCC,2090,CIS,CROP_FLW,33650.39159476846
SSP2_1000C_CACN_NoCC,2090,CIS,PRM_FRS,1088830.9772572618
SSP2_1000C_CACN_NoCC,2090,CIS,MNG_FRS,17117.019248523324
SSP2_1000C_CACN_NoCC,2090,CIS,BIOCROP,37599.684713056464
SSP2_1000C_CACN_NoCC,2090,CIS,GRAZING,313959.67519034253
SSP2_1000C_CACN_NoCC,2090,CIS,GRASS,49914.033630372556
SSP2_1000C_CACN_NoCC,2090,CIS,URB,5880.5270887603765
SSP2_1000C_CACN_NoCC,2090,XME,OTH,281021.7655625
SSP2_1000C_CACN_NoCC,2090,XME,CROP,31452.68675545755
SSP2_1000C_CACN_NoCC,2090,XME,CROP_FLW,1190.098875269756
SSP2_1000C_CACN_NoCC,2090,XME,PRM_FRS,9102.026625257353
SSP2_1000C_CACN_NoCC,2090,XME,MNG_FRS,457.2102102779037
SSP2_1000C_CACN_NoCC,2090,XME,BIOCROP,22730.03862805238
SSP2_1000C_CACN_NoCC,2090,XME,GRAZING,269208.22813075036
SSP2_1000C_CACN_NoCC,2090,XME,GRASS,62853.982131017074
SSP2_1000C_CACN_NoCC,2090,XME,URB,2128.071955810547
SSP2_1000C_CACN_NoCC,2090,XNF,OTH,456890.6350624999
SSP2_1000C_CACN_NoCC,2090,XNF,CROP,30493.44456609715
SSP2_1000C_CACN_NoCC,2090,XNF,CROP_FLW,814.8404423768499
SSP2_1000C_CACN_NoCC,2090,XNF,PRM_FRS,3013.7936093106605
SSP2_1000C_CACN_NoCC,2090,XNF,MNG_FRS,46.20751027522327
SSP2_1000C_CACN_NoCC,2090,XNF,BIOCROP,3818.957374575706
SSP2_1000C_CACN_NoCC,2090,XNF,GRAZING,75469.15214370636
SSP2_1000C_CACN_NoCC,2090,XNF,GRASS,1591.5717947244987
SSP2_1000C_CACN_NoCC,2090,XNF,URB,927.4797019042969
SSP2_1000C_CACN_NoCC,2090,XAF,OTH,399410.63371875
SSP2_1000C_CACN_NoCC,2090,XAF,CROP,512124.65374287346
SSP2_1000C_CACN_NoCC,2090,XAF,CROP_FLW,2220.5437254778294
SSP2_1000C_CACN_NoCC,2090,XAF,PRM_FRS,641690.2504410255
SSP2_1000C_CACN_NoCC,2090,XAF,MNG_FRS,16527.82864736335
SSP2_1000C_CACN_NoCC,2090,XAF,BIOCROP,77962.7405408189
SSP2_1000C_CACN_NoCC,2090,XAF,GRAZING,875278.093793607
SSP2_1000C_CACN_NoCC,2090,XAF,GRASS,211468.6872761113
SSP2_1000C_CACN_NoCC,2090,XAF,URB,2896.931178625107
SSP2_1000C_CACN_NoCC,2090,ASIA2,OTH,312611.42105468747
SSP2_1000C_CACN_NoCC,2090,ASIA2,CROP,317162.92455447343
SSP2_1000C_CACN_NoCC,2090,ASIA2,CROP_FLW,3392.6600373666215
SSP2_1000C_CACN_NoCC,2090,ASIA2,PRM_FRS,668504.3376656156
SSP2_1000C_CACN_NoCC,2090,ASIA2,MNG_FRS,24167.74663454098
SSP2_1000C_CACN_NoCC,2090,ASIA2,BIOCROP,107950.18528059681
SSP2_1000C_CACN_NoCC,2090,ASIA2,GRAZING,525899.2071074385
SSP2_1000C_CACN_NoCC,2090,ASIA2,GRASS,138242.3600754187
SSP2_1000C_CACN_NoCC,2090,ASIA2,URB,16641.596986114502
SSP2_1000C_CACN_NoCC,2090,World,OTH,2111196.772609375
SSP2_1000C_CACN_NoCC,2090,World,CROP,1375314.975946996
SSP2_1000C_CACN_NoCC,2090,World,CROP_FLW,129515.8938635241
SSP2_1000C_CACN_NoCC,2090,World,PRM_FRS,4606025.100962466
SSP2_1000C_CACN_NoCC,2090,World,MNG_FRS,173774.7903147143
SSP2_1000C_CACN_NoCC,2090,World,BIOCROP,455985.41309702036
SSP2_1000C_CACN_NoCC,2090,World,GRAZING,3284932.700330148
SSP2_1000C_CACN_NoCC,2090,World,GRASS,1105036.8013481756
SSP2_1000C_CACN_NoCC,2090,World,URB,61494.25336591386
SSP2_1000C_CACN_NoCC,2090,Non-OECD,OTH,1776092.664609375
SSP2_1000C_CACN_NoCC,2090,Non-OECD,CROP,1082104.2430618238
SSP2_1000C_CACN_NoCC,2090,Non-OECD,CROP_FLW,45651.19958775037
SSP2_1000C_CACN_NoCC,2090,Non-OECD,PRM_FRS,3569864.803645688
SSP2_1000C_CACN_NoCC,2090,Non-OECD,MNG_FRS,67871.3232180594
SSP2_1000C_CACN_NoCC,2090,Non-OECD,BIOCROP,305946.831810371
SSP2_1000C_CACN_NoCC,2090,Non-OECD,GRAZING,2590812.7404462416
SSP2_1000C_CACN_NoCC,2090,Non-OECD,GRASS,602816.1862068847
SSP2_1000C_CACN_NoCC,2090,Non-OECD,URB,35401.19061899567
SSP2_1000C_CACN_NoCC,2090,Industrial,OTH,321872.108
SSP2_1000C_CACN_NoCC,2090,Industrial,CROP,244486.0022832926
SSP2_1000C_CACN_NoCC,2090,Industrial,CROP_FLW,79130.12511667433
SSP2_1000C_CACN_NoCC,2090,Industrial,PRM_FRS,978113.7033857451
SSP2_1000C_CACN_NoCC,2090,Industrial,MNG_FRS,102479.78236989836
SSP2_1000C_CACN_NoCC,2090,Industrial,BIOCROP,138714.1924610418
SSP2_1000C_CACN_NoCC,2090,Industrial,GRAZING,665319.5809210768
SSP2_1000C_CACN_NoCC,2090,Industrial,GRASS,482818.05817852606
SSP2_1000C_CACN_NoCC,2090,Industrial,URB,24181.440413742544
SSP2_1000C_CACN_NoCC,2090,Transition,OTH,520635.75745312497
SSP2_1000C_CACN_NoCC,2090,Transition,CROP,381797.1788981698
SSP2_1000C_CACN_NoCC,2090,Transition,CROP_FLW,38442.54600560498
SSP2_1000C_CACN_NoCC,2090,Transition,PRM_FRS,2119125.0315319286
SSP2_1000C_CACN_NoCC,2090,Transition,MNG_FRS,38648.066441842006
SSP2_1000C_CACN_NoCC,2090,Transition,BIOCROP,145500.92673941606
SSP2_1000C_CACN_NoCC,2090,Transition,GRAZING,876517.4834314766
SSP2_1000C_CACN_NoCC,2090,Transition,GRASS,162868.00897920976
SSP2_1000C_CACN_NoCC,2090,Transition,URB,22567.039569885255
SSP2_1000C_CACN_NoCC,2090,Developing,OTH,1268688.90715625
SSP2_1000C_CACN_NoCC,2090,Developing,CROP,749031.7947655335
SSP2_1000C_CACN_NoCC,2090,Developing,CROP_FLW,11943.222741244797
SSP2_1000C_CACN_NoCC,2090,Developing,PRM_FRS,1508786.3660447919
SSP2_1000C_CACN_NoCC,2090,Developing,MNG_FRS,32646.941502973976
SSP2_1000C_CACN_NoCC,2090,Developing,BIOCROP,171770.29389656248
SSP2_1000C_CACN_NoCC,2090,Developing,GRAZING,1743095.6359775946
SSP2_1000C_CACN_NoCC,2090,Developing,GRASS,459350.7341904399
SSP2_1000C_CACN_NoCC,2090,Developing,URB,14745.773382286072
SSP2_1000C_CACN_NoCC,2090,R5ASIA,OTH,312611.42105468747
SSP2_1000C_CACN_NoCC,2090,R5ASIA,CROP,315839.57892010483
SSP2_1000C_CACN_NoCC,2090,R5ASIA,CROP_FLW,2778.2473288774872
SSP2_1000C_CACN_NoCC,2090,R5ASIA,PRM_FRS,642973.5532620858
SSP2_1000C_CACN_NoCC,2090,R5ASIA,MNG_FRS,23224.050164675762
SSP2_1000C_CACN_NoCC,2090,R5ASIA,BIOCROP,107583.040584732
SSP2_1000C_CACN_NoCC,2090,R5ASIA,GRAZING,525849.1367566999
SSP2_1000C_CACN_NoCC,2090,R5ASIA,GRASS,137710.4885886495
SSP2_1000C_CACN_NoCC,2090,R5ASIA,URB,14931.307018096923
SSP2_1000C_CACN_NoCC,2090,R5OECD90+EU,OTH,335104.108
SSP2_1000C_CACN_NoCC,2090,R5OECD90+EU,CROP,293210.73288517207
SSP2_1000C_CACN_NoCC,2090,R5OECD90+EU,CROP_FLW,83864.69427577374
SSP2_1000C_CACN_NoCC,2090,R5OECD90+EU,PRM_FRS,1036160.2973167779
SSP2_1000C_CACN_NoCC,2090,R5OECD90+EU,MNG_FRS,105903.46709665493
SSP2_1000C_CACN_NoCC,2090,R5OECD90+EU,BIOCROP,150038.58128664934
SSP2_1000C_CACN_NoCC,2090,R5OECD90+EU,GRAZING,694119.9598839068
SSP2_1000C_CACN_NoCC,2090,R5OECD90+EU,GRASS,502220.6151412912
SSP2_1000C_CACN_NoCC,2090,R5OECD90+EU,URB,26093.062746918204
SSP2_1000C_CACN_NoCC,2090,R5REF,OTH,253974.9918984375
SSP2_1000C_CACN_NoCC,2090,R5REF,CROP,64226.10059943786
SSP2_1000C_CACN_NoCC,2090,R5REF,CROP_FLW,33650.39159476846
SSP2_1000C_CACN_NoCC,2090,R5REF,PRM_FRS,1088830.9772572618
SSP2_1000C_CACN_NoCC,2090,R5REF,MNG_FRS,17117.019248523324
SSP2_1000C_CACN_NoCC,2090,R5REF,BIOCROP,37599.684713056464
SSP2_1000C_CACN_NoCC,2090,R5REF,GRAZING,313959.67519034253
SSP2_1000C_CACN_NoCC,2090,R5REF,GRASS,49914.033630372556
SSP2_1000C_CACN_NoCC,2090,R5REF,URB,5880.5270887603765
SSP2_1000C_CACN_NoCC,2090,R5MAF,OTH,1137323.0343437498
SSP2_1000C_CACN_NoCC,2090,R5MAF,CROP,574070.7850644281
SSP2_1000C_CACN_NoCC,2090,R5MAF,CROP_FLW,4225.483043124435
SSP2_1000C_CACN_NoCC,2090,R5MAF,PRM_FRS,653806.0706755935
SSP2_1000C_CACN_NoCC,2090,R5MAF,MNG_FRS,17031.246367916476
SSP2_1000C_CACN_NoCC,2090,R5MAF,BIOCROP,104511.73654344698
SSP2_1000C_CACN_NoCC,2090,R5MAF,GRAZING,1219955.4740680638
SSP2_1000C_CACN_NoCC,2090,R5MAF,GRASS,275914.24120185286
SSP2_1000C_CACN_NoCC,2090,R5MAF,URB,5952.48283633995
SSP2_1000C_CACN_NoCC,2090,R5LAM,OTH,72183.21731250001
SSP2_1000C_CACN_NoCC,2090,R5LAM,CROP,127967.77847785297
SSP2_1000C_CACN_NoCC,2090,R5LAM,CROP_FLW,4997.077620979983
SSP2_1000C_CACN_NoCC,2090,R5LAM,PRM_FRS,1184254.2024507467
SSP2_1000C_CACN_NoCC,2090,R5LAM,MNG_FRS,10499.007436943855
SSP2_1000C_CACN_NoCC,2090,R5LAM,BIOCROP,56252.36996913554
SSP2_1000C_CACN_NoCC,2090,R5LAM,GRAZING,531048.4544311352
SSP2_1000C_CACN_NoCC,2090,R5LAM,GRASS,139277.42278600973
SSP2_1000C_CACN_NoCC,2090,R5LAM,URB,8636.873675798419
SSP2_1000C_CACN_NoCC,2095,USA,OTH,33613.452
SSP2_1000C_CACN_NoCC,2095,USA,CROP,118474.63432276875
SSP2_1000C_CACN_NoCC,2095,USA,CROP_FLW,35426.0352587863
SSP2_1000C_CACN_NoCC,2095,USA,PRM_FRS,320220.8940215445
SSP2_1000C_CACN_NoCC,2095,USA,MNG_FRS,34118.65632014937
SSP2_1000C_CACN_NoCC,2095,USA,BIOCROP,47342.94957242623
SSP2_1000C_CACN_NoCC,2095,USA,GRAZING,222325.1329500773
SSP2_1000C_CACN_NoCC,2095,USA,GRASS,56243.60643806348
SSP2_1000C_CACN_NoCC,2095,USA,URB,11695.345311309815
SSP2_1000C_CACN_NoCC,2095,XE25,OTH,3206.0
SSP2_1000C_CACN_NoCC,2095,XE25,CROP,56826.24155544421
SSP2_1000C_CACN_NoCC,2095,XE25,CROP_FLW,11274.008804737863
SSP2_1000C_CACN_NoCC,2095,XE25,PRM_FRS,125163.33136674957
SSP2_1000C_CACN_NoCC,2095,XE25,MNG_FRS,32875.45655313305
SSP2_1000C_CACN_NoCC,2095,XE25,BIOCROP,41515.888394328125
SSP2_1000C_CACN_NoCC,2095,XE25,GRAZING,57768.669556276735
SSP2_1000C_CACN_NoCC,2095,XE25,GRASS,18280.671825076446
SSP2_1000C_CACN_NoCC,2095,XE25,URB,9106.496241195679
SSP2_1000C_CACN_NoCC,2095,XER,OTH,13232.0
SSP2_1000C_CACN_NoCC,2095,XER,CROP,26958.13844682699
SSP2_1000C_CACN_NoCC,2095,XER,CROP_FLW,1613.3216891490742
SSP2_1000C_CACN_NoCC,2095,XER,PRM_FRS,46384.683960283954
SSP2_1000C_CACN_NoCC,2095,XER,MNG_FRS,2551.0387460430698
SSP2_1000C_CACN_NoCC,2095,XER,BIOCROP,4590.467237294142
SSP2_1000C_CACN_NoCC,2095,XER,GRAZING,14849.557533017272
SSP2_1000C_CACN_NoCC,2095,XER,GRASS,2170.904148775001
SSP2_1000C_CACN_NoCC,2095,XER,URB,1090.242361709595
SSP2_1000C_CACN_NoCC,2095,TUR,CROP,20213.411135027687
SSP2_1000C_CACN_NoCC,2095,TUR,CROP_FLW,3203.8907748516203
SSP2_1000C_CACN_NoCC,2095,TUR,PRM_FRS,13163.020582759298
SSP2_1000C_CACN_NoCC,2095,TUR,MNG_FRS,659.2382317760582
SSP2_1000C_CACN_NoCC,2095,TUR,BIOCROP,6728.30475598001
SSP2_1000C_CACN_NoCC,2095,TUR,GRAZING,13993.815719232143
SSP2_1000C_CACN_NoCC,2095,TUR,GRASS,17377.110208954407
SSP2_1000C_CACN_NoCC,2095,TUR,URB,821.3799714660644
SSP2_1000C_CACN_NoCC,2095,XOC,OTH,1467.0
SSP2_1000C_CACN_NoCC,2095,XOC,CROP,36826.704667274265
SSP2_1000C_CACN_NoCC,2095,XOC,CROP_FLW,28421.836846703103
SSP2_1000C_CACN_NoCC,2095,XOC,PRM_FRS,210554.49622955688
SSP2_1000C_CACN_NoCC,2095,XOC,MNG_FRS,2687.967604449176
SSP2_1000C_CACN_NoCC,2095,XOC,BIOCROP,43818.861422927504
SSP2_1000C_CACN_NoCC,2095,XOC,GRAZING,373844.99661807413
SSP2_1000C_CACN_NoCC,2095,XOC,GRASS,402339.3220949499
SSP2_1000C_CACN_NoCC,2095,XOC,URB,883.3264156804086
SSP2_1000C_CACN_NoCC,2095,CHN,OTH,239998.39534375
SSP2_1000C_CACN_NoCC,2095,CHN,CROP,44891.27646644889
SSP2_1000C_CACN_NoCC,2095,CHN,PRM_FRS,332381.3048407905
SSP2_1000C_CACN_NoCC,2095,CHN,MNG_FRS,6102.197366838416
SSP2_1000C_CACN_NoCC,2095,CHN,BIOCROP,41580.02749010907
SSP2_1000C_CACN_NoCC,2095,CHN,GRAZING,349696.8403662757
SSP2_1000C_CACN_NoCC,2095,CHN,GRASS,47960.13300778549
SSP2_1000C_CACN_NoCC,2095,CHN,URB,8006.078889526368
SSP2_1000C_CACN_NoCC,2095,IND,OTH,13430.3702109375
SSP2_1000C_CACN_NoCC,2095,IND,CROP,165761.53147071297
SSP2_1000C_CACN_NoCC,2095,IND,PRM_FRS,40064.025504194804
SSP2_1000C_CACN_NoCC,2095,IND,MNG_FRS,8823.679242740225
SSP2_1000C_CACN_NoCC,2095,IND,BIOCROP,23183.419754396684
SSP2_1000C_CACN_NoCC,2095,IND,GRAZING,7671.641938891594
SSP2_1000C_CACN_NoCC,2095,IND,GRASS,14513.810721012549
SSP2_1000C_CACN_NoCC,2095,IND,URB,3026.2728974914553
SSP2_1000C_CACN_NoCC,2095,JPN,CROP,1253.6421252767952
SSP2_1000C_CACN_NoCC,2095,JPN,CROP_FLW,609.7761839740796
SSP2_1000C_CACN_NoCC,2095,JPN,PRM_FRS,25693.05647594161
SSP2_1000C_CACN_NoCC,2095,JPN,MNG_FRS,868.655957272526
SSP2_1000C_CACN_NoCC,2095,JPN,BIOCROP,356.6976698796425
SSP2_1000C_CACN_NoCC,2095,JPN,GRAZING,50.25941296240123
SSP2_1000C_CACN_NoCC,2095,JPN,GRASS,529.2379243184139
SSP2_1000C_CACN_NoCC,2095,JPN,URB,1710.2899680175783
SSP2_1000C_CACN_NoCC,2095,XSE,OTH,14506.901
SSP2_1000C_CACN_NoCC,2095,XSE,CROP,51135.86043383537
SSP2_1000C_CACN_NoCC,2095,XSE,CROP_FLW,1585.149882569765
SSP2_1000C_CACN_NoCC,2095,XSE,PRM_FRS,264768.44422575244
SSP2_1000C_CACN_NoCC,2095,XSE,MNG_FRS,4307.04779314269
SSP2_1000C_CACN_NoCC,2095,XSE,BIOCROP,37527.21952761924
SSP2_1000C_CACN_NoCC,2095,XSE,GRAZING,126677.04449433662
SSP2_1000C_CACN_NoCC,2095,XSE,GRASS,48264.519650593465
SSP2_1000C_CACN_NoCC,2095,XSE,URB,3032.1656320037837
SSP2_1000C_CACN_NoCC,2095,XSA,OTH,44675.7545
SSP2_1000C_CACN_NoCC,2095,XSA,CROP,46818.748876211146
SSP2_1000C_CACN_NoCC,2095,XSA,CROP_FLW,1253.1067454133072
SSP2_1000C_CACN_NoCC,2095,XSA,PRM_FRS,13318.461803301832
SSP2_1000C_CACN_NoCC,2095,XSA,MNG_FRS,2626.911178535432
SSP2_1000C_CACN_NoCC,2095,XSA,BIOCROP,8504.499456788857
SSP2_1000C_CACN_NoCC,2095,XSA,GRAZING,41372.329466023715
SSP2_1000C_CACN_NoCC,2095,XSA,GRASS,25168.86390150168
SSP2_1000C_CACN_NoCC,2095,XSA,URB,866.7895990753174
SSP2_1000C_CACN_NoCC,2095,CAN,OTH,283585.656
SSP2_1000C_CACN_NoCC,2095,CAN,CROP,30605.039911733234
SSP2_1000C_CACN_NoCC,2095,CAN,CROP_FLW,3022.447254065046
SSP2_1000C_CACN_NoCC,2095,CAN,PRM_FRS,301899.9961692855
SSP2_1000C_CACN_NoCC,2095,CAN,MNG_FRS,27319.840370792543
SSP2_1000C_CACN_NoCC,2095,CAN,BIOCROP,9176.104956405154
SSP2_1000C_CACN_NoCC,2095,CAN,GRAZING,12471.32536186388
SSP2_1000C_CACN_NoCC,2095,CAN,GRASS,855.0025189873335
SSP2_1000C_CACN_NoCC,2095,CAN,URB,785.9824775390625
SSP2_1000C_CACN_NoCC,2095,BRA,CROP,52071.2414608881
SSP2_1000C_CACN_NoCC,2095,BRA,CROP_FLW,52.9583359815444
SSP2_1000C_CACN_NoCC,2095,BRA,PRM_FRS,605067.1703105362
SSP2_1000C_CACN_NoCC,2095,BRA,MNG_FRS,2032.353932880261
SSP2_1000C_CACN_NoCC,2095,BRA,BIOCROP,34604.472851919236
SSP2_1000C_CACN_NoCC,2095,BRA,GRAZING,177254.2431064116
SSP2_1000C_CACN_NoCC,2095,BRA,GRASS,29432.128455097547
SSP2_1000C_CACN_NoCC,2095,BRA,URB,3742.538360931397
SSP2_1000C_CACN_NoCC,2095,XLM,OTH,72183.21731250001
SSP2_1000C_CACN_NoCC,2095,XLM,CROP,73134.81406504482
SSP2_1000C_CACN_NoCC,2095,XLM,CROP_FLW,4735.663033221348
SSP2_1000C_CACN_NoCC,2095,XLM,PRM_FRS,580969.470603538
SSP2_1000C_CACN_NoCC,2095,XLM,MNG_FRS,7821.341710658609
SSP2_1000C_CACN_NoCC,2095,XLM,BIOCROP,23645.71521352576
SSP2_1000C_CACN_NoCC,2095,XLM,GRAZING,358543.0402143792
SSP2_1000C_CACN_NoCC,2095,XLM,GRASS,104931.69987891019
SSP2_1000C_CACN_NoCC,2095,XLM,URB,4894.335314867021
SSP2_1000C_CACN_NoCC,2095,CIS,OTH,253974.9918984375
SSP2_1000C_CACN_NoCC,2095,CIS,CROP,62146.73528088854
SSP2_1000C_CACN_NoCC,2095,CIS,CROP_FLW,32420.197867880204
SSP2_1000C_CACN_NoCC,2095,CIS,PRM_FRS,1095703.6519682428
SSP2_1000C_CACN_NoCC,2095,CIS,MNG_FRS,16110.090082220358
SSP2_1000C_CACN_NoCC,2095,CIS,BIOCROP,37410.7174714863
SSP2_1000C_CACN_NoCC,2095,CIS,GRAZING,313769.5951207604
SSP2_1000C_CACN_NoCC,2095,CIS,GRASS,47736.89444228385
SSP2_1000C_CACN_NoCC,2095,CIS,URB,5880.5270887603765
SSP2_1000C_CACN_NoCC,2095,XME,OTH,281021.7655625
SSP2_1000C_CACN_NoCC,2095,XME,CROP,30854.64309296399
SSP2_1000C_CACN_NoCC,2095,XME,CROP_FLW,1150.2429818603337
SSP2_1000C_CACN_NoCC,2095,XME,PRM_FRS,9102.026625257353
SSP2_1000C_CACN_NoCC,2095,XME,MNG_FRS,435.83164152677324
SSP2_1000C_CACN_NoCC,2095,XME,BIOCROP,22867.921289298436
SSP2_1000C_CACN_NoCC,2095,XME,GRAZING,271334.008085438
SSP2_1000C_CACN_NoCC,2095,XME,GRASS,61249.59763973744
SSP2_1000C_CACN_NoCC,2095,XME,URB,2128.071955810547
SSP2_1000C_CACN_NoCC,2095,XNF,OTH,456890.6350624999
SSP2_1000C_CACN_NoCC,2095,XNF,CROP,30168.43894229242
SSP2_1000C_CACN_NoCC,2095,XNF,CROP_FLW,788.3627423863643
SSP2_1000C_CACN_NoCC,2095,XNF,PRM_FRS,3013.7936093106605
SSP2_1000C_CACN_NoCC,2095,XNF,MNG_FRS,43.820728852151156
SSP2_1000C_CACN_NoCC,2095,XNF,BIOCROP,3648.3631477665135
SSP2_1000C_CACN_NoCC,2095,XNF,GRAZING,76080.92850125226
SSP2_1000C_CACN_NoCC,2095,XNF,GRASS,1504.2597692062936
SSP2_1000C_CACN_NoCC,2095,XNF,URB,927.4797019042969
SSP2_1000C_CACN_NoCC,2095,XAF,OTH,399410.63371875
SSP2_1000C_CACN_NoCC,2095,XAF,CROP,519755.08624394296
SSP2_1000C_CACN_NoCC,2095,XAF,CROP_FLW,1914.0475063285617
SSP2_1000C_CACN_NoCC,2095,XAF,PRM_FRS,641690.2504410452
SSP2_1000C_CACN_NoCC,2095,XAF,MNG_FRS,15873.691457860414
SSP2_1000C_CACN_NoCC,2095,XAF,BIOCROP,83980.6733024208
SSP2_1000C_CACN_NoCC,2095,XAF,GRAZING,877712.8959755003
SSP2_1000C_CACN_NoCC,2095,XAF,GRASS,196346.15324017953
SSP2_1000C_CACN_NoCC,2095,XAF,URB,2896.931178625107
SSP2_1000C_CACN_NoCC,2095,ASIA2,OTH,312611.42105468747
SSP2_1000C_CACN_NoCC,2095,ASIA2,CROP,309861.05937248515
SSP2_1000C_CACN_NoCC,2095,ASIA2,CROP_FLW,3448.032811957152
SSP2_1000C_CACN_NoCC,2095,ASIA2,PRM_FRS,676225.2928499811
SSP2_1000C_CACN_NoCC,2095,ASIA2,MNG_FRS,22728.49153852929
SSP2_1000C_CACN_NoCC,2095,ASIA2,BIOCROP,111151.8638987935
SSP2_1000C_CACN_NoCC,2095,ASIA2,GRAZING,525468.11567849
SSP2_1000C_CACN_NoCC,2095,ASIA2,GRASS,136436.56520521158
SSP2_1000C_CACN_NoCC,2095,ASIA2,URB,16641.596986114502
SSP2_1000C_CACN_NoCC,2095,World,OTH,2111196.772609375
SSP2_1000C_CACN_NoCC,2095,World,CROP,1367896.188497581
SSP2_1000C_CACN_NoCC,2095,World,CROP_FLW,127471.04590790851
SSP2_1000C_CACN_NoCC,2095,World,PRM_FRS,4629158.078738091
SSP2_1000C_CACN_NoCC,2095,World,MNG_FRS,165257.8189188711
SSP2_1000C_CACN_NoCC,2095,World,BIOCROP,470482.30351457174
SSP2_1000C_CACN_NoCC,2095,World,GRAZING,3295416.324420773
SSP2_1000C_CACN_NoCC,2095,World,GRASS,1074903.915865433
SSP2_1000C_CACN_NoCC,2095,World,URB,61494.25336591386
SSP2_1000C_CACN_NoCC,2095,Non-OECD,OTH,1776092.664609375
SSP2_1000C_CACN_NoCC,2095,Non-OECD,CROP,1076738.3763332292
SSP2_1000C_CACN_NoCC,2095,Non-OECD,CROP_FLW,43899.72909564143
SSP2_1000C_CACN_NoCC,2095,Non-OECD,PRM_FRS,3586078.59993197
SSP2_1000C_CACN_NoCC,2095,Non-OECD,MNG_FRS,64176.965135255334
SSP2_1000C_CACN_NoCC,2095,Non-OECD,BIOCROP,316953.02950533084
SSP2_1000C_CACN_NoCC,2095,Non-OECD,GRAZING,2600112.5672692694
SSP2_1000C_CACN_NoCC,2095,Non-OECD,GRASS,577108.060706308
SSP2_1000C_CACN_NoCC,2095,Non-OECD,URB,35401.19061899567
SSP2_1000C_CACN_NoCC,2095,Industrial,OTH,321872.108
SSP2_1000C_CACN_NoCC,2095,Industrial,CROP,243986.26258249726
SSP2_1000C_CACN_NoCC,2095,Industrial,CROP_FLW,78754.10434826641
SSP2_1000C_CACN_NoCC,2095,Industrial,PRM_FRS,983531.774263078
SSP2_1000C_CACN_NoCC,2095,Industrial,MNG_FRS,97870.57680579668
SSP2_1000C_CACN_NoCC,2095,Industrial,BIOCROP,142210.50201596666
SSP2_1000C_CACN_NoCC,2095,Industrial,GRAZING,666460.3838992544
SSP2_1000C_CACN_NoCC,2095,Industrial,GRASS,478247.84080139553
SSP2_1000C_CACN_NoCC,2095,Industrial,URB,24181.440413742544
SSP2_1000C_CACN_NoCC,2095,Transition,OTH,520635.75745312497
SSP2_1000C_CACN_NoCC,2095,Transition,CROP,372042.3342607932
SSP2_1000C_CACN_NoCC,2095,Transition,CROP_FLW,37290.36866786244
SSP2_1000C_CACN_NoCC,2095,Transition,PRM_FRS,2132763.8571668076
SSP2_1000C_CACN_NoCC,2095,Transition,MNG_FRS,36278.59760249839
SSP2_1000C_CACN_NoCC,2095,Transition,BIOCROP,148097.40956118546
SSP2_1000C_CACN_NoCC,2095,Transition,GRAZING,877235.6937845887
SSP2_1000C_CACN_NoCC,2095,Transition,GRASS,159190.9809839088
SSP2_1000C_CACN_NoCC,2095,Transition,URB,22567.039569885255
SSP2_1000C_CACN_NoCC,2095,Developing,OTH,1268688.90715625
SSP2_1000C_CACN_NoCC,2095,Developing,CROP,751867.5916542907
SSP2_1000C_CACN_NoCC,2095,Developing,CROP_FLW,11426.572891779679
SSP2_1000C_CACN_NoCC,2095,Developing,PRM_FRS,1512862.4473082053
SSP2_1000C_CACN_NoCC,2095,Developing,MNG_FRS,31108.644510576072
SSP2_1000C_CACN_NoCC,2095,Developing,BIOCROP,180174.3919374196
SSP2_1000C_CACN_NoCC,2095,Developing,GRAZING,1751720.2467369302
SSP2_1000C_CACN_NoCC,2095,Developing,GRASS,437465.0940801286
SSP2_1000C_CACN_NoCC,2095,Developing,URB,14745.773382286072
SSP2_1000C_CACN_NoCC,2095,R5ASIA,OTH,312611.42105468747
SSP2_1000C_CACN_NoCC,2095,R5ASIA,CROP,308607.4172472084
SSP2_1000C_CACN_NoCC,2095,R5ASIA,CROP_FLW,2838.256627983072
SSP2_1000C_CACN_NoCC,2095,R5ASIA,PRM_FRS,650532.2363740396
SSP2_1000C_CACN_NoCC,2095,R5ASIA,MNG_FRS,21859.835581256764
SSP2_1000C_CACN_NoCC,2095,R5ASIA,BIOCROP,110795.16622891385
SSP2_1000C_CACN_NoCC,2095,R5ASIA,GRAZING,525417.8562655277
SSP2_1000C_CACN_NoCC,2095,R5ASIA,GRASS,135907.32728089317
SSP2_1000C_CACN_NoCC,2095,R5ASIA,URB,14931.307018096923
SSP2_1000C_CACN_NoCC,2095,R5OECD90+EU,OTH,335104.108
SSP2_1000C_CACN_NoCC,2095,R5OECD90+EU,CROP,291157.8121643519
SSP2_1000C_CACN_NoCC,2095,R5OECD90+EU,CROP_FLW,83571.31681226709
SSP2_1000C_CACN_NoCC,2095,R5OECD90+EU,PRM_FRS,1043079.4788061213
SSP2_1000C_CACN_NoCC,2095,R5OECD90+EU,MNG_FRS,101080.8537836158
SSP2_1000C_CACN_NoCC,2095,R5OECD90+EU,BIOCROP,153529.27400924082
SSP2_1000C_CACN_NoCC,2095,R5OECD90+EU,GRAZING,695303.7571515038
SSP2_1000C_CACN_NoCC,2095,R5OECD90+EU,GRASS,497795.855159125
SSP2_1000C_CACN_NoCC,2095,R5OECD90+EU,URB,26093.062746918204
SSP2_1000C_CACN_NoCC,2095,R5REF,OTH,253974.9918984375
SSP2_1000C_CACN_NoCC,2095,R5REF,CROP,62146.73528088854
SSP2_1000C_CACN_NoCC,2095,R5REF,CROP_FLW,32420.197867880204
SSP2_1000C_CACN_NoCC,2095,R5REF,PRM_FRS,1095703.6519682428
SSP2_1000C_CACN_NoCC,2095,R5REF,MNG_FRS,16110.090082220358
SSP2_1000C_CACN_NoCC,2095,R5REF,BIOCROP,37410.7174714863
SSP2_1000C_CACN_NoCC,2095,R5REF,GRAZING,313769.5951207604
SSP2_1000C_CACN_NoCC,2095,R5REF,GRASS,47736.89444228385
SSP2_1000C_CACN_NoCC,2095,R5REF,URB,5880.5270887603765
SSP2_1000C_CACN_NoCC,2095,R5MAF,OTH,1137323.0343437498
SSP2_1000C_CACN_NoCC,2095,R5MAF,CROP,580778.1682791994
SSP2_1000C_CACN_NoCC,2095,R5MAF,CROP_FLW,3852.65323057526
SSP2_1000C_CACN_NoCC,2095,R5MAF,PRM_FRS,653806.0706756131
SSP2_1000C_CACN_NoCC,2095,R5MAF,MNG_FRS,16353.343828239338
SSP2_1000C_CACN_NoCC,2095,R5MAF,BIOCROP,110496.95773948575
SSP2_1000C_CACN_NoCC,2095,R5MAF,GRAZING,1225127.8325621905
SSP2_1000C_CACN_NoCC,2095,R5MAF,GRASS,259100.01064912326
SSP2_1000C_CACN_NoCC,2095,R5MAF,URB,5952.48283633995
SSP2_1000C_CACN_NoCC,2095,R5LAM,OTH,72183.21731250001
SSP2_1000C_CACN_NoCC,2095,R5LAM,CROP,125206.05552593293
SSP2_1000C_CACN_NoCC,2095,R5LAM,CROP_FLW,4788.621369202892
SSP2_1000C_CACN_NoCC,2095,R5LAM,PRM_FRS,1186036.6409140741
SSP2_1000C_CACN_NoCC,2095,R5LAM,MNG_FRS,9853.695643538871
SSP2_1000C_CACN_NoCC,2095,R5LAM,BIOCROP,58250.18806544499
SSP2_1000C_CACN_NoCC,2095,R5LAM,GRAZING,535797.2833207909
SSP2_1000C_CACN_NoCC,2095,R5LAM,GRASS,134363.82833400773
SSP2_1000C_CACN_NoCC,2095,R5LAM,URB,8636.873675798419
SSP2_1000C_CACN_NoCC,2100,USA,OTH,33613.452
SSP2_1000C_CACN_NoCC,2100,USA,CROP,118826.3252950255
SSP2_1000C_CACN_NoCC,2100,USA,CROP_FLW,35404.7367340087
SSP2_1000C_CACN_NoCC,2100,USA,PRM_FRS,321549.8168307318
SSP2_1000C_CACN_NoCC,2100,USA,MNG_FRS,32850.37589286983
SSP2_1000C_CACN_NoCC,2100,USA,BIOCROP,47049.918627038714
SSP2_1000C_CACN_NoCC,2100,USA,GRAZING,222525.8669373766
SSP2_1000C_CACN_NoCC,2100,USA,GRASS,55944.86856676502
SSP2_1000C_CACN_NoCC,2100,USA,URB,11695.345311309815
SSP2_1000C_CACN_NoCC,2100,XE25,OTH,3206.0
SSP2_1000C_CACN_NoCC,2100,XE25,CROP,55396.6438266027
SSP2_1000C_CACN_NoCC,2100,XE25,CROP_FLW,11139.057446617158
SSP2_1000C_CACN_NoCC,2100,XE25,PRM_FRS,129778.17259537267
SSP2_1000C_CACN_NoCC,2100,XE25,MNG_FRS,30575.43389489956
SSP2_1000C_CACN_NoCC,2100,XE25,BIOCROP,40788.0050406431
SSP2_1000C_CACN_NoCC,2100,XE25,GRAZING,57920.17742506165
SSP2_1000C_CACN_NoCC,2100,XE25,GRASS,18106.77782654963
SSP2_1000C_CACN_NoCC,2100,XE25,URB,9106.496241195679
SSP2_1000C_CACN_NoCC,2100,XER,OTH,13232.0
SSP2_1000C_CACN_NoCC,2100,XER,CROP,25922.87655124526
SSP2_1000C_CACN_NoCC,2100,XER,CROP_FLW,1595.8744580059551
SSP2_1000C_CACN_NoCC,2100,XER,PRM_FRS,47751.915228033795
SSP2_1000C_CACN_NoCC,2100,XER,MNG_FRS,2386.1835549048433
SSP2_1000C_CACN_NoCC,2100,XER,BIOCROP,4508.616117966713
SSP2_1000C_CACN_NoCC,2100,XER,GRAZING,14858.92195846984
SSP2_1000C_CACN_NoCC,2100,XER,GRASS,2093.7238927631215
SSP2_1000C_CACN_NoCC,2100,XER,URB,1090.242361709595
SSP2_1000C_CACN_NoCC,2100,TUR,CROP,19639.651049618333
SSP2_1000C_CACN_NoCC,2100,TUR,CROP_FLW,3270.0691567789418
SSP2_1000C_CACN_NoCC,2100,TUR,PRM_FRS,13580.571020500767
SSP2_1000C_CACN_NoCC,2100,TUR,MNG_FRS,620.0731454807698
SSP2_1000C_CACN_NoCC,2100,TUR,BIOCROP,6728.723511533694
SSP2_1000C_CACN_NoCC,2100,TUR,GRAZING,14016.866481187091
SSP2_1000C_CACN_NoCC,2100,TUR,GRASS,17482.837043481668
SSP2_1000C_CACN_NoCC,2100,TUR,URB,821.3799714660644
SSP2_1000C_CACN_NoCC,2100,XOC,OTH,1467.0
SSP2_1000C_CACN_NoCC,2100,XOC,CROP,36789.993591418606
SSP2_1000C_CACN_NoCC,2100,XOC,CROP_FLW,27863.811332537203
SSP2_1000C_CACN_NoCC,2100,XOC,PRM_FRS,210586.0327371629
SSP2_1000C_CACN_NoCC,2100,XOC,MNG_FRS,2551.0896677988653
SSP2_1000C_CACN_NoCC,2100,XOC,BIOCROP,47668.39781618029
SSP2_1000C_CACN_NoCC,2100,XOC,GRAZING,374705.7927136672
SSP2_1000C_CACN_NoCC,2100,XOC,GRASS,398329.06762516976
SSP2_1000C_CACN_NoCC,2100,XOC,URB,883.3264156804086
SSP2_1000C_CACN_NoCC,2100,CHN,OTH,239998.39534375
SSP2_1000C_CACN_NoCC,2100,CHN,CROP,42016.51584843118
SSP2_1000C_CACN_NoCC,2100,CHN,PRM_FRS,338187.05081412743
SSP2_1000C_CACN_NoCC,2100,CHN,MNG_FRS,5590.850467444234
SSP2_1000C_CACN_NoCC,2100,CHN,BIOCROP,41411.80728023512
SSP2_1000C_CACN_NoCC,2100,CHN,GRAZING,348664.7777810317
SSP2_1000C_CACN_NoCC,2100,CHN,GRASS,46740.77734697786
SSP2_1000C_CACN_NoCC,2100,CHN,URB,8006.078889526368
SSP2_1000C_CACN_NoCC,2100,IND,OTH,13430.3702109375
SSP2_1000C_CACN_NoCC,2100,IND,CROP,163096.5288140397
SSP2_1000C_CACN_NoCC,2100,IND,PRM_FRS,41377.83509304243
SSP2_1000C_CACN_NoCC,2100,IND,MNG_FRS,8332.585552087387
SSP2_1000C_CACN_NoCC,2100,IND,BIOCROP,24582.228664205642
SSP2_1000C_CACN_NoCC,2100,IND,GRAZING,7754.421303405277
SSP2_1000C_CACN_NoCC,2100,IND,GRASS,14874.50920516952
SSP2_1000C_CACN_NoCC,2100,IND,URB,3026.2728974914553
SSP2_1000C_CACN_NoCC,2100,JPN,CROP,1187.1305114895083
SSP2_1000C_CACN_NoCC,2100,JPN,CROP_FLW,605.6993493163972
SSP2_1000C_CACN_NoCC,2100,JPN,PRM_FRS,25844.487117569093
SSP2_1000C_CACN_NoCC,2100,JPN,MNG_FRS,799.5638461422477
SSP2_1000C_CACN_NoCC,2100,JPN,BIOCROP,346.8418402211451
SSP2_1000C_CACN_NoCC,2100,JPN,GRAZING,50.4630622378736
SSP2_1000C_CACN_NoCC,2100,JPN,GRASS,527.1400226492113
SSP2_1000C_CACN_NoCC,2100,JPN,URB,1710.2899680175783
SSP2_1000C_CACN_NoCC,2100,XSE,OTH,14506.901
SSP2_1000C_CACN_NoCC,2100,XSE,CROP,49212.66714168956
SSP2_1000C_CACN_NoCC,2100,XSE,CROP_FLW,1675.712725059038
SSP2_1000C_CACN_NoCC,2100,XSE,PRM_FRS,266675.39396031795
SSP2_1000C_CACN_NoCC,2100,XSE,MNG_FRS,4070.1219765473766
SSP2_1000C_CACN_NoCC,2100,XSE,BIOCROP,38380.71108076016
SSP2_1000C_CACN_NoCC,2100,XSE,GRAZING,126796.95525782679
SSP2_1000C_CACN_NoCC,2100,XSE,GRASS,47453.72386564856
SSP2_1000C_CACN_NoCC,2100,XSE,URB,3032.1656320037837
SSP2_1000C_CACN_NoCC,2100,XSA,OTH,44675.7545
SSP2_1000C_CACN_NoCC,2100,XSA,CROP,46396.96371197309
SSP2_1000C_CACN_NoCC,2100,XSA,CROP_FLW,1229.64092781279
SSP2_1000C_CACN_NoCC,2100,XSA,PRM_FRS,13318.461803301832
SSP2_1000C_CACN_NoCC,2100,XSA,MNG_FRS,2506.4416537995044
SSP2_1000C_CACN_NoCC,2100,XSA,BIOCROP,8945.334590578019
SSP2_1000C_CACN_NoCC,2100,XSA,GRAZING,41664.58556388686
SSP2_1000C_CACN_NoCC,2100,XSA,GRASS,25001.49317642405
SSP2_1000C_CACN_NoCC,2100,XSA,URB,866.7895990753174
SSP2_1000C_CACN_NoCC,2100,CAN,OTH,283585.656
SSP2_1000C_CACN_NoCC,2100,CAN,CROP,30497.261662678193
SSP2_1000C_CACN_NoCC,2100,CAN,CROP_FLW,3187.912613523157
SSP2_1000C_CACN_NoCC,2100,CAN,PRM_FRS,302689.34012460784
SSP2_1000C_CACN_NoCC,2100,CAN,MNG_FRS,26160.990683473177
SSP2_1000C_CACN_NoCC,2100,CAN,BIOCROP,9334.33646541503
SSP2_1000C_CACN_NoCC,2100,CAN,GRAZING,12578.509225810709
SSP2_1000C_CACN_NoCC,2100,CAN,GRASS,901.4057676244695
SSP2_1000C_CACN_NoCC,2100,CAN,URB,785.9824775390625
SSP2_1000C_CACN_NoCC,2100,BRA,CROP,50983.34023086978
SSP2_1000C_CACN_NoCC,2100,BRA,CROP_FLW,49.208144522119035
SSP2_1000C_CACN_NoCC,2100,BRA,PRM_FRS,605067.1703104066
SSP2_1000C_CACN_NoCC,2100,BRA,MNG_FRS,1895.8794120872187
SSP2_1000C_CACN_NoCC,2100,BRA,BIOCROP,35360.0087946673
SSP2_1000C_CACN_NoCC,2100,BRA,GRAZING,178808.9143430232
SSP2_1000C_CACN_NoCC,2100,BRA,GRASS,28350.04721801135
SSP2_1000C_CACN_NoCC,2100,BRA,URB,3742.538360931397
SSP2_1000C_CACN_NoCC,2100,XLM,OTH,72183.21731250001
SSP2_1000C_CACN_NoCC,2100,XLM,CROP,71513.44201859679
SSP2_1000C_CACN_NoCC,2100,XLM,CROP_FLW,4545.313350887252
SSP2_1000C_CACN_NoCC,2100,XLM,PRM_FRS,582919.9902073678
SSP2_1000C_CACN_NoCC,2100,XLM,MNG_FRS,7344.433747466766
SSP2_1000C_CACN_NoCC,2100,XLM,BIOCROP,24495.335152319956
SSP2_1000C_CACN_NoCC,2100,XLM,GRAZING,361759.5092003384
SSP2_1000C_CACN_NoCC,2100,XLM,GRASS,101203.72104218088
SSP2_1000C_CACN_NoCC,2100,XLM,URB,4894.335314867021
SSP2_1000C_CACN_NoCC,2100,CIS,OTH,253974.9918984375
SSP2_1000C_CACN_NoCC,2100,CIS,CROP,59962.69753884617
SSP2_1000C_CACN_NoCC,2100,CIS,CROP_FLW,30984.45878750038
SSP2_1000C_CACN_NoCC,2100,CIS,PRM_FRS,1103522.1746629383
SSP2_1000C_CACN_NoCC,2100,CIS,MNG_FRS,15143.331394633771
SSP2_1000C_CACN_NoCC,2100,CIS,BIOCROP,37123.799966404185
SSP2_1000C_CACN_NoCC,2100,CIS,GRAZING,313309.40441574604
SSP2_1000C_CACN_NoCC,2100,CIS,GRASS,45252.015467693476
SSP2_1000C_CACN_NoCC,2100,CIS,URB,5880.5270887603765
SSP2_1000C_CACN_NoCC,2100,XME,OTH,281021.7655625
SSP2_1000C_CACN_NoCC,2100,XME,CROP,30211.834493666636
SSP2_1000C_CACN_NoCC,2100,XME,CROP_FLW,1114.680974853362
SSP2_1000C_CACN_NoCC,2100,XME,PRM_FRS,9102.026625257353
SSP2_1000C_CACN_NoCC,2100,XME,MNG_FRS,414.905661473222
SSP2_1000C_CACN_NoCC,2100,XME,BIOCROP,22956.49105282379
SSP2_1000C_CACN_NoCC,2100,XME,GRAZING,273496.3055792843
SSP2_1000C_CACN_NoCC,2100,XME,GRASS,59698.02696872374
SSP2_1000C_CACN_NoCC,2100,XME,URB,2128.071955810547
SSP2_1000C_CACN_NoCC,2100,XNF,OTH,456890.6350624999
SSP2_1000C_CACN_NoCC,2100,XNF,CROP,29857.437308859426
SSP2_1000C_CACN_NoCC,2100,XNF,CROP_FLW,762.259427110456
SSP2_1000C_CACN_NoCC,2100,XNF,PRM_FRS,3013.793609310661
SSP2_1000C_CACN_NoCC,2100,XNF,MNG_FRS,41.54286814673709
SSP2_1000C_CACN_NoCC,2100,XNF,BIOCROP,3488.3405833702946
SSP2_1000C_CACN_NoCC,2100,XNF,GRAZING,76662.87195699604
SSP2_1000C_CACN_NoCC,2100,XNF,GRASS,1421.721687273086
SSP2_1000C_CACN_NoCC,2100,XNF,URB,927.4797019042969
SSP2_1000C_CACN_NoCC,2100,XAF,OTH,399410.63371875
SSP2_1000C_CACN_NoCC,2100,XAF,CROP,525978.1468501259
SSP2_1000C_CACN_NoCC,2100,XAF,CROP_FLW,1690.6319744190646
SSP2_1000C_CACN_NoCC,2100,XAF,PRM_FRS,641690.2504410456
SSP2_1000C_CACN_NoCC,2100,XAF,MNG_FRS,15237.87290003398
SSP2_1000C_CACN_NoCC,2100,XAF,BIOCROP,88173.59393565336
SSP2_1000C_CACN_NoCC,2100,XAF,GRAZING,880375.3090191229
SSP2_1000C_CACN_NoCC,2100,XAF,GRASS,184126.9930468801
SSP2_1000C_CACN_NoCC,2100,XAF,URB,2896.931178625107
SSP2_1000C_CACN_NoCC,2100,ASIA2,OTH,312611.42105468747
SSP2_1000C_CACN_NoCC,2100,ASIA2,CROP,301909.80602762307
SSP2_1000C_CACN_NoCC,2100,ASIA2,CROP_FLW,3511.053002188225
SSP2_1000C_CACN_NoCC,2100,ASIA2,PRM_FRS,685403.2287883587
SSP2_1000C_CACN_NoCC,2100,ASIA2,MNG_FRS,21299.56349602075
SSP2_1000C_CACN_NoCC,2100,ASIA2,BIOCROP,113666.92345600008
SSP2_1000C_CACN_NoCC,2100,ASIA2,GRAZING,524931.2029683884
SSP2_1000C_CACN_NoCC,2100,ASIA2,GRASS,134597.6436168692
SSP2_1000C_CACN_NoCC,2100,ASIA2,URB,16641.596986114502
SSP2_1000C_CACN_NoCC,2100,World,OTH,2111196.772609375
SSP2_1000C_CACN_NoCC,2100,World,CROP,1357489.4564451764
SSP2_1000C_CACN_NoCC,2100,World,CROP_FLW,125119.06740295197
SSP2_1000C_CACN_NoCC,2100,World,PRM_FRS,4656654.483181096
SSP2_1000C_CACN_NoCC,2100,World,MNG_FRS,156521.6763192895
SSP2_1000C_CACN_NoCC,2100,World,BIOCROP,481342.49052001664
SSP2_1000C_CACN_NoCC,2100,World,GRAZING,3305949.6522244727
SSP2_1000C_CACN_NoCC,2100,World,GRASS,1047508.8497699857
SSP2_1000C_CACN_NoCC,2100,World,URB,61494.25336591386
SSP2_1000C_CACN_NoCC,2100,Non-OECD,OTH,1776092.664609375
SSP2_1000C_CACN_NoCC,2100,Non-OECD,CROP,1069229.5739570982
SSP2_1000C_CACN_NoCC,2100,Non-OECD,CROP_FLW,42051.90631216446
SSP2_1000C_CACN_NoCC,2100,Non-OECD,PRM_FRS,3604874.147527116
SSP2_1000C_CACN_NoCC,2100,Non-OECD,MNG_FRS,60577.9656337202
SSP2_1000C_CACN_NoCC,2100,Non-OECD,BIOCROP,324917.65110101784
SSP2_1000C_CACN_NoCC,2100,Non-OECD,GRAZING,2609293.0544206616
SSP2_1000C_CACN_NoCC,2100,Non-OECD,GRASS,554123.0290249826
SSP2_1000C_CACN_NoCC,2100,Non-OECD,URB,35401.19061899567
SSP2_1000C_CACN_NoCC,2100,Industrial,OTH,321872.108
SSP2_1000C_CACN_NoCC,2100,Industrial,CROP,242697.35488721452
SSP2_1000C_CACN_NoCC,2100,Industrial,CROP_FLW,78201.21747600261
SSP2_1000C_CACN_NoCC,2100,Industrial,PRM_FRS,990447.8494054442
SSP2_1000C_CACN_NoCC,2100,Industrial,MNG_FRS,92937.45398518369
SSP2_1000C_CACN_NoCC,2100,Industrial,BIOCROP,145187.49978949825
SSP2_1000C_CACN_NoCC,2100,Industrial,GRAZING,667780.809364154
SSP2_1000C_CACN_NoCC,2100,Industrial,GRASS,473809.25980875804
SSP2_1000C_CACN_NoCC,2100,Industrial,URB,24181.440413742544
SSP2_1000C_CACN_NoCC,2100,Transition,OTH,520635.75745312497
SSP2_1000C_CACN_NoCC,2100,Transition,CROP,361621.6100330504
SSP2_1000C_CACN_NoCC,2100,Transition,CROP_FLW,35899.610546807395
SSP2_1000C_CACN_NoCC,2100,Transition,PRM_FRS,2149486.7171290494
SSP2_1000C_CACN_NoCC,2100,Transition,MNG_FRS,33968.90352663823
SSP2_1000C_CACN_NoCC,2100,Transition,BIOCROP,149715.18433501266
SSP2_1000C_CACN_NoCC,2100,Transition,GRAZING,877413.306282863
SSP2_1000C_CACN_NoCC,2100,Transition,GRASS,154793.910174097
SSP2_1000C_CACN_NoCC,2100,Transition,URB,22567.039569885255
SSP2_1000C_CACN_NoCC,2100,Developing,OTH,1268688.90715625
SSP2_1000C_CACN_NoCC,2100,Developing,CROP,753170.4915249114
SSP2_1000C_CACN_NoCC,2100,Developing,CROP_FLW,11018.239380141962
SSP2_1000C_CACN_NoCC,2100,Developing,PRM_FRS,1516719.9166466012
SSP2_1000C_CACN_NoCC,2100,Developing,MNG_FRS,29615.318807467585
SSP2_1000C_CACN_NoCC,2100,Developing,BIOCROP,186439.80639550558
SSP2_1000C_CACN_NoCC,2100,Developing,GRAZING,1760755.5365774552
SSP2_1000C_CACN_NoCC,2100,Developing,GRASS,418905.67978713044
SSP2_1000C_CACN_NoCC,2100,Developing,URB,14745.773382286072
SSP2_1000C_CACN_NoCC,2100,R5ASIA,OTH,312611.42105468747
SSP2_1000C_CACN_NoCC,2100,R5ASIA,CROP,300722.67551613355
SSP2_1000C_CACN_NoCC,2100,R5ASIA,CROP_FLW,2905.3536528718278
SSP2_1000C_CACN_NoCC,2100,R5ASIA,PRM_FRS,659558.7416707895
SSP2_1000C_CACN_NoCC,2100,R5ASIA,MNG_FRS,20499.999649878504
SSP2_1000C_CACN_NoCC,2100,R5ASIA,BIOCROP,113320.08161577894
SSP2_1000C_CACN_NoCC,2100,R5ASIA,GRAZING,524880.7399061506
SSP2_1000C_CACN_NoCC,2100,R5ASIA,GRASS,134070.50359422
SSP2_1000C_CACN_NoCC,2100,R5ASIA,URB,14931.307018096923
SSP2_1000C_CACN_NoCC,2100,R5OECD90+EU,OTH,335104.108
SSP2_1000C_CACN_NoCC,2100,R5OECD90+EU,CROP,288259.88248807815
SSP2_1000C_CACN_NoCC,2100,R5OECD90+EU,CROP_FLW,83067.16109078751
SSP2_1000C_CACN_NoCC,2100,R5OECD90+EU,PRM_FRS,1051780.3356539789
SSP2_1000C_CACN_NoCC,2100,R5OECD90+EU,MNG_FRS,95943.7106855693
SSP2_1000C_CACN_NoCC,2100,R5OECD90+EU,BIOCROP,156424.83941899866
SSP2_1000C_CACN_NoCC,2100,R5OECD90+EU,GRAZING,696656.5978038111
SSP2_1000C_CACN_NoCC,2100,R5OECD90+EU,GRASS,493385.8207450028
SSP2_1000C_CACN_NoCC,2100,R5OECD90+EU,URB,26093.062746918204
SSP2_1000C_CACN_NoCC,2100,R5REF,OTH,253974.9918984375
SSP2_1000C_CACN_NoCC,2100,R5REF,CROP,59962.69753884617
SSP2_1000C_CACN_NoCC,2100,R5REF,CROP_FLW,30984.45878750038
SSP2_1000C_CACN_NoCC,2100,R5REF,PRM_FRS,1103522.1746629383
SSP2_1000C_CACN_NoCC,2100,R5REF,MNG_FRS,15143.331394633771
SSP2_1000C_CACN_NoCC,2100,R5REF,BIOCROP,37123.799966404185
SSP2_1000C_CACN_NoCC,2100,R5REF,GRAZING,313309.40441574604
SSP2_1000C_CACN_NoCC,2100,R5REF,GRASS,45252.015467693476
SSP2_1000C_CACN_NoCC,2100,R5REF,URB,5880.5270887603765
SSP2_1000C_CACN_NoCC,2100,R5MAF,OTH,1137323.0343437498
SSP2_1000C_CACN_NoCC,2100,R5MAF,CROP,586047.418652652
SSP2_1000C_CACN_NoCC,2100,R5MAF,CROP_FLW,3567.572376382883
SSP2_1000C_CACN_NoCC,2100,R5MAF,PRM_FRS,653806.0706756136
SSP2_1000C_CACN_NoCC,2100,R5MAF,MNG_FRS,15694.321429653939
SSP2_1000C_CACN_NoCC,2100,R5MAF,BIOCROP,114618.42557184745
SSP2_1000C_CACN_NoCC,2100,R5MAF,GRAZING,1230534.486555403
SSP2_1000C_CACN_NoCC,2100,R5MAF,GRASS,245246.74170287693
SSP2_1000C_CACN_NoCC,2100,R5MAF,URB,5952.48283633995
SSP2_1000C_CACN_NoCC,2100,R5LAM,OTH,72183.21731250001
SSP2_1000C_CACN_NoCC,2100,R5LAM,CROP,122496.78224946657
SSP2_1000C_CACN_NoCC,2100,R5LAM,CROP_FLW,4594.521495409372
SSP2_1000C_CACN_NoCC,2100,R5LAM,PRM_FRS,1187987.1605177745
SSP2_1000C_CACN_NoCC,2100,R5LAM,MNG_FRS,9240.313159553985
SSP2_1000C_CACN_NoCC,2100,R5LAM,BIOCROP,59855.343946987254
SSP2_1000C_CACN_NoCC,2100,R5LAM,GRAZING,540568.4235433616
SSP2_1000C_CACN_NoCC,2100,R5LAM,GRASS,129553.76826019224
SSP2_1000C_CACN_NoCC,2100,R5LAM,URB,8636.873675798419
SSP2_BaU_NoCC,base,USA,OTH,33613.452
SSP2_BaU_NoCC,base,USA,URB,11695.345311309815
SSP2_BaU_NoCC,base,XE25,OTH,3206.0
SSP2_BaU_NoCC,base,XE25,URB,9106.496241195679
SSP2_BaU_NoCC,base,XER,OTH,13232.0
SSP2_BaU_NoCC,base,XER,URB,1090.242361709595
SSP2_BaU_NoCC,base,TUR,URB,821.3799714660644
SSP2_BaU_NoCC,base,XOC,OTH,1467.0
SSP2_BaU_NoCC,base,XOC,URB,883.3264156804086
SSP2_BaU_NoCC,base,CHN,OTH,239998.39534375
SSP2_BaU_NoCC,base,CHN,URB,8006.078889526368
SSP2_BaU_NoCC,base,IND,OTH,13430.3702109375
SSP2_BaU_NoCC,base,IND,URB,3026.2728974914553
SSP2_BaU_NoCC,base,JPN,URB,1710.2899680175783
SSP2_BaU_NoCC,base,XSE,OTH,14506.901
SSP2_BaU_NoCC,base,XSE,URB,3032.1656320037837
SSP2_BaU_NoCC,base,XSA,OTH,44675.7545
SSP2_BaU_NoCC,base,XSA,URB,866.7895990753174
SSP2_BaU_NoCC,base,CAN,OTH,283585.656
SSP2_BaU_NoCC,base,CAN,URB,785.9824775390625
SSP2_BaU_NoCC,base,BRA,URB,3742.538360931397
SSP2_BaU_NoCC,base,XLM,OTH,72183.21731250001
SSP2_BaU_NoCC,base,XLM,URB,4894.335314867021
SSP2_BaU_NoCC,base,CIS,OTH,253974.9918984375
SSP2_BaU_NoCC,base,CIS,URB,5880.5270887603765
SSP2_BaU_NoCC,base,XME,OTH,281021.7655625
SSP2_BaU_NoCC,base,XME,URB,2128.071955810547
SSP2_BaU_NoCC,base,XNF,OTH,456890.6350624999
SSP2_BaU_NoCC,base,XNF,URB,927.4797019042969
SSP2_BaU_NoCC,base,XAF,OTH,399410.63371875
SSP2_BaU_NoCC,base,XAF,URB,2896.931178625107
SSP2_BaU_NoCC,base,ASIA2,OTH,312611.42105468747
SSP2_BaU_NoCC,base,ASIA2,URB,16641.596986114502
SSP2_BaU_NoCC,base,World,OTH,2111196.772609375
SSP2_BaU_NoCC,base,World,URB,61494.25336591386
SSP2_BaU_NoCC,base,Non-OECD,OTH,1776092.664609375
SSP2_BaU_NoCC,base,Non-OECD,URB,35401.19061899567
SSP2_BaU_NoCC,base,Industrial,OTH,321872.108
SSP2_BaU_NoCC,base,Industrial,URB,24181.440413742544
SSP2_BaU_NoCC,base,Transition,OTH,520635.75745312497
SSP2_BaU_NoCC,base,Transition,URB,22567.039569885255
SSP2_BaU_NoCC,base,Developing,OTH,1268688.90715625
SSP2_BaU_NoCC,base,Developing,URB,14745.773382286072
SSP2_BaU_NoCC,base,R5ASIA,OTH,312611.42105468747
SSP2_BaU_NoCC,base,R5ASIA,URB,14931.307018096923
SSP2_BaU_NoCC,base,R5OECD90+EU,OTH,335104.108
SSP2_BaU_NoCC,base,R5OECD90+EU,URB,26093.062746918204
SSP2_BaU_NoCC,base,R5REF,OTH,253974.9918984375
SSP2_BaU_NoCC,base,R5REF,URB,5880.5270887603765
SSP2_BaU_NoCC,base,R5MAF,OTH,1137323.0343437498
SSP2_BaU_NoCC,base,R5MAF,URB,5952.48283633995
SSP2_BaU_NoCC,base,R5LAM,OTH,72183.21731250001
SSP2_BaU_NoCC,base,R5LAM,URB,8636.873675798419
SSP2_BaU_NoCC,1970,USA,OTH,33613.452
SSP2_BaU_NoCC,1970,USA,URB,11695.345311309815
SSP2_BaU_NoCC,1970,XE25,OTH,3206.0
SSP2_BaU_NoCC,1970,XE25,URB,9106.496241195679
SSP2_BaU_NoCC,1970,XER,OTH,13232.0
SSP2_BaU_NoCC,1970,XER,URB,1090.242361709595
SSP2_BaU_NoCC,1970,TUR,URB,821.3799714660644
SSP2_BaU_NoCC,1970,XOC,OTH,1467.0
SSP2_BaU_NoCC,1970,XOC,URB,883.3264156804086
SSP2_BaU_NoCC,1970,CHN,OTH,239998.39534375
SSP2_BaU_NoCC,1970,CHN,URB,8006.078889526368
SSP2_BaU_NoCC,1970,IND,OTH,13430.3702109375
SSP2_BaU_NoCC,1970,IND,URB,3026.2728974914553
SSP2_BaU_NoCC,1970,JPN,URB,1710.2899680175783
SSP2_BaU_NoCC,1970,XSE,OTH,14506.901
SSP2_BaU_NoCC,1970,XSE,URB,3032.1656320037837
SSP2_BaU_NoCC,1970,XSA,OTH,44675.7545
SSP2_BaU_NoCC,1970,XSA,URB,866.7895990753174
SSP2_BaU_NoCC,1970,CAN,OTH,283585.656
SSP2_BaU_NoCC,1970,CAN,URB,785.9824775390625
SSP2_BaU_NoCC,1970,BRA,URB,3742.538360931397
SSP2_BaU_NoCC,1970,XLM,OTH,72183.21731250001
SSP2_BaU_NoCC,1970,XLM,URB,4894.335314867021
SSP2_BaU_NoCC,1970,CIS,OTH,253974.9918984375
SSP2_BaU_NoCC,1970,CIS,URB,5880.5270887603765
SSP2_BaU_NoCC,1970,XME,OTH,281021.7655625
SSP2_BaU_NoCC,1970,XME,URB,2128.071955810547
SSP2_BaU_NoCC,1970,XNF,OTH,456890.6350624999
SSP2_BaU_NoCC,1970,XNF,URB,927.4797019042969
SSP2_BaU_NoCC,1970,XAF,OTH,399410.63371875
SSP2_BaU_NoCC,1970,XAF,URB,2896.931178625107
SSP2_BaU_NoCC,1970,ASIA2,OTH,312611.42105468747
SSP2_BaU_NoCC,1970,ASIA2,URB,16641.596986114502
SSP2_BaU_NoCC,1970,World,OTH,2111196.772609375
SSP2_BaU_NoCC,1970,World,URB,61494.25336591386
SSP2_BaU_NoCC,1970,Non-OECD,OTH,1776092.664609375
SSP2_BaU_NoCC,1970,Non-OECD,URB,35401.19061899567
SSP2_BaU_NoCC,1970,Industrial,OTH,321872.108
SSP2_BaU_NoCC,1970,Industrial,URB,24181.440413742544
SSP2_BaU_NoCC,1970,Transition,OTH,520635.75745312497
SSP2_BaU_NoCC,1970,Transition,URB,22567.039569885255
SSP2_BaU_NoCC,1970,Developing,OTH,1268688.90715625
SSP2_BaU_NoCC,1970,Developing,URB,14745.773382286072
SSP2_BaU_NoCC,1970,R5ASIA,OTH,312611.42105468747
SSP2_BaU_NoCC,1970,R5ASIA,URB,14931.307018096923
SSP2_BaU_NoCC,1970,R5OECD90+EU,OTH,335104.108
SSP2_BaU_NoCC,1970,R5OECD90+EU,URB,26093.062746918204
SSP2_BaU_NoCC,1970,R5REF,OTH,253974.9918984375
SSP2_BaU_NoCC,1970,R5REF,URB,5880.5270887603765
SSP2_BaU_NoCC,1970,R5MAF,OTH,1137323.0343437498
SSP2_BaU_NoCC,1970,R5MAF,URB,5952.48283633995
SSP2_BaU_NoCC,1970,R5LAM,OTH,72183.21731250001
SSP2_BaU_NoCC,1970,R5LAM,URB,8636.873675798419
SSP2_BaU_NoCC,1971,USA,OTH,33613.452
SSP2_BaU_NoCC,1971,USA,URB,11695.345311309815
SSP2_BaU_NoCC,1971,XE25,OTH,3206.0
SSP2_BaU_NoCC,1971,XE25,URB,9106.496241195679
SSP2_BaU_NoCC,1971,XER,OTH,13232.0
SSP2_BaU_NoCC,1971,XER,URB,1090.242361709595
SSP2_BaU_NoCC,1971,TUR,URB,821.3799714660644
SSP2_BaU_NoCC,1971,XOC,OTH,1467.0
SSP2_BaU_NoCC,1971,XOC,URB,883.3264156804086
SSP2_BaU_NoCC,1971,CHN,OTH,239998.39534375
SSP2_BaU_NoCC,1971,CHN,URB,8006.078889526368
SSP2_BaU_NoCC,1971,IND,OTH,13430.3702109375
SSP2_BaU_NoCC,1971,IND,URB,3026.2728974914553
SSP2_BaU_NoCC,1971,JPN,URB,1710.2899680175783
SSP2_BaU_NoCC,1971,XSE,OTH,14506.901
SSP2_BaU_NoCC,1971,XSE,URB,3032.1656320037837
SSP2_BaU_NoCC,1971,XSA,OTH,44675.7545
SSP2_BaU_NoCC,1971,XSA,URB,866.7895990753174
SSP2_BaU_NoCC,1971,CAN,OTH,283585.656
SSP2_BaU_NoCC,1971,CAN,URB,785.9824775390625
SSP2_BaU_NoCC,1971,BRA,URB,3742.538360931397
SSP2_BaU_NoCC,1971,XLM,OTH,72183.21731250001
SSP2_BaU_NoCC,1971,XLM,URB,4894.335314867021
SSP2_BaU_NoCC,1971,CIS,OTH,253974.9918984375
SSP2_BaU_NoCC,1971,CIS,URB,5880.5270887603765
SSP2_BaU_NoCC,1971,XME,OTH,281021.7655625
SSP2_BaU_NoCC,1971,XME,URB,2128.071955810547
SSP2_BaU_NoCC,1971,XNF,OTH,456890.6350624999
SSP2_BaU_NoCC,1971,XNF,URB,927.4797019042969
SSP2_BaU_NoCC,1971,XAF,OTH,399410.63371875
SSP2_BaU_NoCC,1971,XAF,URB,2896.931178625107
SSP2_BaU_NoCC,1971,ASIA2,OTH,312611.42105468747
SSP2_BaU_NoCC,1971,ASIA2,URB,16641.596986114502
SSP2_BaU_NoCC,1971,World,OTH,2111196.772609375
SSP2_BaU_NoCC,1971,World,URB,61494.25336591386
SSP2_BaU_NoCC,1971,Non-OECD,OTH,1776092.664609375
SSP2_BaU_NoCC,1971,Non-OECD,URB,35401.19061899567
SSP2_BaU_NoCC,1971,Industrial,OTH,321872.108
SSP2_BaU_NoCC,1971,Industrial,URB,24181.440413742544
SSP2_BaU_NoCC,1971,Transition,OTH,520635.75745312497
SSP2_BaU_NoCC,1971,Transition,URB,22567.039569885255
SSP2_BaU_NoCC,1971,Developing,OTH,1268688.90715625
SSP2_BaU_NoCC,1971,Developing,URB,14745.773382286072
SSP2_BaU_NoCC,1971,R5ASIA,OTH,312611.42105468747
SSP2_BaU_NoCC,1971,R5ASIA,URB,14931.307018096923
SSP2_BaU_NoCC,1971,R5OECD90+EU,OTH,335104.108
SSP2_BaU_NoCC,1971,R5OECD90+EU,URB,26093.062746918204
SSP2_BaU_NoCC,1971,R5REF,OTH,253974.9918984375
SSP2_BaU_NoCC,1971,R5REF,URB,5880.5270887603765
SSP2_BaU_NoCC,1971,R5MAF,OTH,1137323.0343437498
SSP2_BaU_NoCC,1971,R5MAF,URB,5952.48283633995
SSP2_BaU_NoCC,1971,R5LAM,OTH,72183.21731250001
SSP2_BaU_NoCC,1971,R5LAM,URB,8636.873675798419
SSP2_BaU_NoCC,1975,USA,OTH,33613.452
SSP2_BaU_NoCC,1975,USA,URB,11695.345311309815
SSP2_BaU_NoCC,1975,XE25,OTH,3206.0
SSP2_BaU_NoCC,1975,XE25,URB,9106.496241195679
SSP2_BaU_NoCC,1975,XER,OTH,13232.0
SSP2_BaU_NoCC,1975,XER,URB,1090.242361709595
SSP2_BaU_NoCC,1975,TUR,URB,821.3799714660644
SSP2_BaU_NoCC,1975,XOC,OTH,1467.0
SSP2_BaU_NoCC,1975,XOC,URB,883.3264156804086
SSP2_BaU_NoCC,1975,CHN,OTH,239998.39534375
SSP2_BaU_NoCC,1975,CHN,URB,8006.078889526368
SSP2_BaU_NoCC,1975,IND,OTH,13430.3702109375
SSP2_BaU_NoCC,1975,IND,URB,3026.2728974914553
SSP2_BaU_NoCC,1975,JPN,URB,1710.2899680175783
SSP2_BaU_NoCC,1975,XSE,OTH,14506.901
SSP2_BaU_NoCC,1975,XSE,URB,3032.1656320037837
SSP2_BaU_NoCC,1975,XSA,OTH,44675.7545
SSP2_BaU_NoCC,1975,XSA,URB,866.7895990753174
SSP2_BaU_NoCC,1975,CAN,OTH,283585.656
SSP2_BaU_NoCC,1975,CAN,URB,785.9824775390625
SSP2_BaU_NoCC,1975,BRA,URB,3742.538360931397
SSP2_BaU_NoCC,1975,XLM,OTH,72183.21731250001
SSP2_BaU_NoCC,1975,XLM,URB,4894.335314867021
SSP2_BaU_NoCC,1975,CIS,OTH,253974.9918984375
SSP2_BaU_NoCC,1975,CIS,URB,5880.5270887603765
SSP2_BaU_NoCC,1975,XME,OTH,281021.7655625
SSP2_BaU_NoCC,1975,XME,URB,2128.071955810547
SSP2_BaU_NoCC,1975,XNF,OTH,456890.6350624999
SSP2_BaU_NoCC,1975,XNF,URB,927.4797019042969
SSP2_BaU_NoCC,1975,XAF,OTH,399410.63371875
SSP2_BaU_NoCC,1975,XAF,URB,2896.931178625107
SSP2_BaU_NoCC,1975,ASIA2,OTH,312611.42105468747
SSP2_BaU_NoCC,1975,ASIA2,URB,16641.596986114502
SSP2_BaU_NoCC,1975,World,OTH,2111196.772609375
SSP2_BaU_NoCC,1975,World,URB,61494.25336591386
SSP2_BaU_NoCC,1975,Non-OECD,OTH,1776092.664609375
SSP2_BaU_NoCC,1975,Non-OECD,URB,35401.19061899567
SSP2_BaU_NoCC,1975,Industrial,OTH,321872.108
SSP2_BaU_NoCC,1975,Industrial,URB,24181.440413742544
SSP2_BaU_NoCC,1975,Transition,OTH,520635.75745312497
SSP2_BaU_NoCC,1975,Transition,URB,22567.039569885255
SSP2_BaU_NoCC,1975,Developing,OTH,1268688.90715625
SSP2_BaU_NoCC,1975,Developing,URB,14745.773382286072
SSP2_BaU_NoCC,1975,R5ASIA,OTH,312611.42105468747
SSP2_BaU_NoCC,1975,R5ASIA,URB,14931.307018096923
SSP2_BaU_NoCC,1975,R5OECD90+EU,OTH,335104.108
SSP2_BaU_NoCC,1975,R5OECD90+EU,URB,26093.062746918204
SSP2_BaU_NoCC,1975,R5REF,OTH,253974.9918984375
SSP2_BaU_NoCC,1975,R5REF,URB,5880.5270887603765
SSP2_BaU_NoCC,1975,R5MAF,OTH,1137323.0343437498
SSP2_BaU_NoCC,1975,R5MAF,URB,5952.48283633995
SSP2_BaU_NoCC,1975,R5LAM,OTH,72183.21731250001
SSP2_BaU_NoCC,1975,R5LAM,URB,8636.873675798419
SSP2_BaU_NoCC,1980,USA,OTH,33613.452
SSP2_BaU_NoCC,1980,USA,URB,11695.345311309815
SSP2_BaU_NoCC,1980,XE25,OTH,3206.0
SSP2_BaU_NoCC,1980,XE25,URB,9106.496241195679
SSP2_BaU_NoCC,1980,XER,OTH,13232.0
SSP2_BaU_NoCC,1980,XER,URB,1090.242361709595
SSP2_BaU_NoCC,1980,TUR,URB,821.3799714660644
SSP2_BaU_NoCC,1980,XOC,OTH,1467.0
SSP2_BaU_NoCC,1980,XOC,URB,883.3264156804086
SSP2_BaU_NoCC,1980,CHN,OTH,239998.39534375
SSP2_BaU_NoCC,1980,CHN,URB,8006.078889526368
SSP2_BaU_NoCC,1980,IND,OTH,13430.3702109375
SSP2_BaU_NoCC,1980,IND,URB,3026.2728974914553
SSP2_BaU_NoCC,1980,JPN,URB,1710.2899680175783
SSP2_BaU_NoCC,1980,XSE,OTH,14506.901
SSP2_BaU_NoCC,1980,XSE,URB,3032.1656320037837
SSP2_BaU_NoCC,1980,XSA,OTH,44675.7545
SSP2_BaU_NoCC,1980,XSA,URB,866.7895990753174
SSP2_BaU_NoCC,1980,CAN,OTH,283585.656
SSP2_BaU_NoCC,1980,CAN,URB,785.9824775390625
SSP2_BaU_NoCC,1980,BRA,URB,3742.538360931397
SSP2_BaU_NoCC,1980,XLM,OTH,72183.21731250001
SSP2_BaU_NoCC,1980,XLM,URB,4894.335314867021
SSP2_BaU_NoCC,1980,CIS,OTH,253974.9918984375
SSP2_BaU_NoCC,1980,CIS,URB,5880.5270887603765
SSP2_BaU_NoCC,1980,XME,OTH,281021.7655625
SSP2_BaU_NoCC,1980,XME,URB,2128.071955810547
SSP2_BaU_NoCC,1980,XNF,OTH,456890.6350624999
SSP2_BaU_NoCC,1980,XNF,URB,927.4797019042969
SSP2_BaU_NoCC,1980,XAF,OTH,399410.63371875
SSP2_BaU_NoCC,1980,XAF,URB,2896.931178625107
SSP2_BaU_NoCC,1980,ASIA2,OTH,312611.42105468747
SSP2_BaU_NoCC,1980,ASIA2,URB,16641.596986114502
SSP2_BaU_NoCC,1980,World,OTH,2111196.772609375
SSP2_BaU_NoCC,1980,World,URB,61494.25336591386
SSP2_BaU_NoCC,1980,Non-OECD,OTH,1776092.664609375
SSP2_BaU_NoCC,1980,Non-OECD,URB,35401.19061899567
SSP2_BaU_NoCC,1980,Industrial,OTH,321872.108
SSP2_BaU_NoCC,1980,Industrial,URB,24181.440413742544
SSP2_BaU_NoCC,1980,Transition,OTH,520635.75745312497
SSP2_BaU_NoCC,1980,Transition,URB,22567.039569885255
SSP2_BaU_NoCC,1980,Developing,OTH,1268688.90715625
SSP2_BaU_NoCC,1980,Developing,URB,14745.773382286072
SSP2_BaU_NoCC,1980,R5ASIA,OTH,312611.42105468747
SSP2_BaU_NoCC,1980,R5ASIA,URB,14931.307018096923
SSP2_BaU_NoCC,1980,R5OECD90+EU,OTH,335104.108
SSP2_BaU_NoCC,1980,R5OECD90+EU,URB,26093.062746918204
SSP2_BaU_NoCC,1980,R5REF,OTH,253974.9918984375
SSP2_BaU_NoCC,1980,R5REF,URB,5880.5270887603765
SSP2_BaU_NoCC,1980,R5MAF,OTH,1137323.0343437498
SSP2_BaU_NoCC,1980,R5MAF,URB,5952.48283633995
SSP2_BaU_NoCC,1980,R5LAM,OTH,72183.21731250001
SSP2_BaU_NoCC,1980,R5LAM,URB,8636.873675798419
SSP2_BaU_NoCC,1985,USA,OTH,33613.452
SSP2_BaU_NoCC,1985,USA,URB,11695.345311309815
SSP2_BaU_NoCC,1985,XE25,OTH,3206.0
SSP2_BaU_NoCC,1985,XE25,URB,9106.496241195679
SSP2_BaU_NoCC,1985,XER,OTH,13232.0
SSP2_BaU_NoCC,1985,XER,URB,1090.242361709595
SSP2_BaU_NoCC,1985,TUR,URB,821.3799714660644
SSP2_BaU_NoCC,1985,XOC,OTH,1467.0
SSP2_BaU_NoCC,1985,XOC,URB,883.3264156804086
SSP2_BaU_NoCC,1985,CHN,OTH,239998.39534375
SSP2_BaU_NoCC,1985,CHN,URB,8006.078889526368
SSP2_BaU_NoCC,1985,IND,OTH,13430.3702109375
SSP2_BaU_NoCC,1985,IND,URB,3026.2728974914553
SSP2_BaU_NoCC,1985,JPN,URB,1710.2899680175783
SSP2_BaU_NoCC,1985,XSE,OTH,14506.901
SSP2_BaU_NoCC,1985,XSE,URB,3032.1656320037837
SSP2_BaU_NoCC,1985,XSA,OTH,44675.7545
SSP2_BaU_NoCC,1985,XSA,URB,866.7895990753174
SSP2_BaU_NoCC,1985,CAN,OTH,283585.656
SSP2_BaU_NoCC,1985,CAN,URB,785.9824775390625
SSP2_BaU_NoCC,1985,BRA,URB,3742.538360931397
SSP2_BaU_NoCC,1985,XLM,OTH,72183.21731250001
SSP2_BaU_NoCC,1985,XLM,URB,4894.335314867021
SSP2_BaU_NoCC,1985,CIS,OTH,253974.9918984375
SSP2_BaU_NoCC,1985,CIS,URB,5880.5270887603765
SSP2_BaU_NoCC,1985,XME,OTH,281021.7655625
SSP2_BaU_NoCC,1985,XME,URB,2128.071955810547
SSP2_BaU_NoCC,1985,XNF,OTH,456890.6350624999
SSP2_BaU_NoCC,1985,XNF,URB,927.4797019042969
SSP2_BaU_NoCC,1985,XAF,OTH,399410.63371875
SSP2_BaU_NoCC,1985,XAF,URB,2896.931178625107
SSP2_BaU_NoCC,1985,ASIA2,OTH,312611.42105468747
SSP2_BaU_NoCC,1985,ASIA2,URB,16641.596986114502
SSP2_BaU_NoCC,1985,World,OTH,2111196.772609375
SSP2_BaU_NoCC,1985,World,URB,61494.25336591386
SSP2_BaU_NoCC,1985,Non-OECD,OTH,1776092.664609375
SSP2_BaU_NoCC,1985,Non-OECD,URB,35401.19061899567
SSP2_BaU_NoCC,1985,Industrial,OTH,321872.108
SSP2_BaU_NoCC,1985,Industrial,URB,24181.440413742544
SSP2_BaU_NoCC,1985,Transition,OTH,520635.75745312497
SSP2_BaU_NoCC,1985,Transition,URB,22567.039569885255
SSP2_BaU_NoCC,1985,Developing,OTH,1268688.90715625
SSP2_BaU_NoCC,1985,Developing,URB,14745.773382286072
SSP2_BaU_NoCC,1985,R5ASIA,OTH,312611.42105468747
SSP2_BaU_NoCC,1985,R5ASIA,URB,14931.307018096923
SSP2_BaU_NoCC,1985,R5OECD90+EU,OTH,335104.108
SSP2_BaU_NoCC,1985,R5OECD90+EU,URB,26093.062746918204
SSP2_BaU_NoCC,1985,R5REF,OTH,253974.9918984375
SSP2_BaU_NoCC,1985,R5REF,URB,5880.5270887603765
SSP2_BaU_NoCC,1985,R5MAF,OTH,1137323.0343437498
SSP2_BaU_NoCC,1985,R5MAF,URB,5952.48283633995
SSP2_BaU_NoCC,1985,R5LAM,OTH,72183.21731250001
SSP2_BaU_NoCC,1985,R5LAM,URB,8636.873675798419
SSP2_BaU_NoCC,1990,USA,OTH,33613.452
SSP2_BaU_NoCC,1990,USA,URB,11695.345311309815
SSP2_BaU_NoCC,1990,XE25,OTH,3206.0
SSP2_BaU_NoCC,1990,XE25,URB,9106.496241195679
SSP2_BaU_NoCC,1990,XER,OTH,13232.0
SSP2_BaU_NoCC,1990,XER,URB,1090.242361709595
SSP2_BaU_NoCC,1990,TUR,URB,821.3799714660644
SSP2_BaU_NoCC,1990,XOC,OTH,1467.0
SSP2_BaU_NoCC,1990,XOC,URB,883.3264156804086
SSP2_BaU_NoCC,1990,CHN,OTH,239998.39534375
SSP2_BaU_NoCC,1990,CHN,URB,8006.078889526368
SSP2_BaU_NoCC,1990,IND,OTH,13430.3702109375
SSP2_BaU_NoCC,1990,IND,URB,3026.2728974914553
SSP2_BaU_NoCC,1990,JPN,URB,1710.2899680175783
SSP2_BaU_NoCC,1990,XSE,OTH,14506.901
SSP2_BaU_NoCC,1990,XSE,URB,3032.1656320037837
SSP2_BaU_NoCC,1990,XSA,OTH,44675.7545
SSP2_BaU_NoCC,1990,XSA,URB,866.7895990753174
SSP2_BaU_NoCC,1990,CAN,OTH,283585.656
SSP2_BaU_NoCC,1990,CAN,URB,785.9824775390625
SSP2_BaU_NoCC,1990,BRA,URB,3742.538360931397
SSP2_BaU_NoCC,1990,XLM,OTH,72183.21731250001
SSP2_BaU_NoCC,1990,XLM,URB,4894.335314867021
SSP2_BaU_NoCC,1990,CIS,OTH,253974.9918984375
SSP2_BaU_NoCC,1990,CIS,URB,5880.5270887603765
SSP2_BaU_NoCC,1990,XME,OTH,281021.7655625
SSP2_BaU_NoCC,1990,XME,URB,2128.071955810547
SSP2_BaU_NoCC,1990,XNF,OTH,456890.6350624999
SSP2_BaU_NoCC,1990,XNF,URB,927.4797019042969
SSP2_BaU_NoCC,1990,XAF,OTH,399410.63371875
SSP2_BaU_NoCC,1990,XAF,URB,2896.931178625107
SSP2_BaU_NoCC,1990,ASIA2,OTH,312611.42105468747
SSP2_BaU_NoCC,1990,ASIA2,URB,16641.596986114502
SSP2_BaU_NoCC,1990,World,OTH,2111196.772609375
SSP2_BaU_NoCC,1990,World,URB,61494.25336591386
SSP2_BaU_NoCC,1990,Non-OECD,OTH,1776092.664609375
SSP2_BaU_NoCC,1990,Non-OECD,URB,35401.19061899567
SSP2_BaU_NoCC,1990,Industrial,OTH,321872.108
SSP2_BaU_NoCC,1990,Industrial,URB,24181.440413742544
SSP2_BaU_NoCC,1990,Transition,OTH,520635.75745312497
SSP2_BaU_NoCC,1990,Transition,URB,22567.039569885255
SSP2_BaU_NoCC,1990,Developing,OTH,1268688.90715625
SSP2_BaU_NoCC,1990,Developing,URB,14745.773382286072
SSP2_BaU_NoCC,1990,R5ASIA,OTH,312611.42105468747
SSP2_BaU_NoCC,1990,R5ASIA,URB,14931.307018096923
SSP2_BaU_NoCC,1990,R5OECD90+EU,OTH,335104.108
SSP2_BaU_NoCC,1990,R5OECD90+EU,URB,26093.062746918204
SSP2_BaU_NoCC,1990,R5REF,OTH,253974.9918984375
SSP2_BaU_NoCC,1990,R5REF,URB,5880.5270887603765
SSP2_BaU_NoCC,1990,R5MAF,OTH,1137323.0343437498
SSP2_BaU_NoCC,1990,R5MAF,URB,5952.48283633995
SSP2_BaU_NoCC,1990,R5LAM,OTH,72183.21731250001
SSP2_BaU_NoCC,1990,R5LAM,URB,8636.873675798419
SSP2_BaU_NoCC,1995,USA,OTH,33613.452
SSP2_BaU_NoCC,1995,USA,URB,11695.345311309815
SSP2_BaU_NoCC,1995,XE25,OTH,3206.0
SSP2_BaU_NoCC,1995,XE25,URB,9106.496241195679
SSP2_BaU_NoCC,1995,XER,OTH,13232.0
SSP2_BaU_NoCC,1995,XER,URB,1090.242361709595
SSP2_BaU_NoCC,1995,TUR,URB,821.3799714660644
SSP2_BaU_NoCC,1995,XOC,OTH,1467.0
SSP2_BaU_NoCC,1995,XOC,URB,883.3264156804086
SSP2_BaU_NoCC,1995,CHN,OTH,239998.39534375
SSP2_BaU_NoCC,1995,CHN,URB,8006.078889526368
SSP2_BaU_NoCC,1995,IND,OTH,13430.3702109375
SSP2_BaU_NoCC,1995,IND,URB,3026.2728974914553
SSP2_BaU_NoCC,1995,JPN,URB,1710.2899680175783
SSP2_BaU_NoCC,1995,XSE,OTH,14506.901
SSP2_BaU_NoCC,1995,XSE,URB,3032.1656320037837
SSP2_BaU_NoCC,1995,XSA,OTH,44675.7545
SSP2_BaU_NoCC,1995,XSA,URB,866.7895990753174
SSP2_BaU_NoCC,1995,CAN,OTH,283585.656
SSP2_BaU_NoCC,1995,CAN,URB,785.9824775390625
SSP2_BaU_NoCC,1995,BRA,URB,3742.538360931397
SSP2_BaU_NoCC,1995,XLM,OTH,72183.21731250001
SSP2_BaU_NoCC,1995,XLM,URB,4894.335314867021
SSP2_BaU_NoCC,1995,CIS,OTH,253974.9918984375
SSP2_BaU_NoCC,1995,CIS,URB,5880.5270887603765
SSP2_BaU_NoCC,1995,XME,OTH,281021.7655625
SSP2_BaU_NoCC,1995,XME,URB,2128.071955810547
SSP2_BaU_NoCC,1995,XNF,OTH,456890.6350624999
SSP2_BaU_NoCC,1995,XNF,URB,927.4797019042969
SSP2_BaU_NoCC,1995,XAF,OTH,399410.63371875
SSP2_BaU_NoCC,1995,XAF,URB,2896.931178625107
SSP2_BaU_NoCC,1995,ASIA2,OTH,312611.42105468747
SSP2_BaU_NoCC,1995,ASIA2,URB,16641.596986114502
SSP2_BaU_NoCC,1995,World,OTH,2111196.772609375
SSP2_BaU_NoCC,1995,World,URB,61494.25336591386
SSP2_BaU_NoCC,1995,Non-OECD,OTH,1776092.664609375
SSP2_BaU_NoCC,1995,Non-OECD,URB,35401.19061899567
SSP2_BaU_NoCC,1995,Industrial,OTH,321872.108
SSP2_BaU_NoCC,1995,Industrial,URB,24181.440413742544
SSP2_BaU_NoCC,1995,Transition,OTH,520635.75745312497
SSP2_BaU_NoCC,1995,Transition,URB,22567.039569885255
SSP2_BaU_NoCC,1995,Developing,OTH,1268688.90715625
SSP2_BaU_NoCC,1995,Developing,URB,14745.773382286072
SSP2_BaU_NoCC,1995,R5ASIA,OTH,312611.42105468747
SSP2_BaU_NoCC,1995,R5ASIA,URB,14931.307018096923
SSP2_BaU_NoCC,1995,R5OECD90+EU,OTH,335104.108
SSP2_BaU_NoCC,1995,R5OECD90+EU,URB,26093.062746918204
SSP2_BaU_NoCC,1995,R5REF,OTH,253974.9918984375
SSP2_BaU_NoCC,1995,R5REF,URB,5880.5270887603765
SSP2_BaU_NoCC,1995,R5MAF,OTH,1137323.0343437498
SSP2_BaU_NoCC,1995,R5MAF,URB,5952.48283633995
SSP2_BaU_NoCC,1995,R5LAM,OTH,72183.21731250001
SSP2_BaU_NoCC,1995,R5LAM,URB,8636.873675798419
SSP2_BaU_NoCC,2000,USA,OTH,33613.452
SSP2_BaU_NoCC,2000,USA,URB,11695.345311309815
SSP2_BaU_NoCC,2000,XE25,OTH,3206.0
SSP2_BaU_NoCC,2000,XE25,URB,9106.496241195679
SSP2_BaU_NoCC,2000,XER,OTH,13232.0
SSP2_BaU_NoCC,2000,XER,URB,1090.242361709595
SSP2_BaU_NoCC,2000,TUR,URB,821.3799714660644
SSP2_BaU_NoCC,2000,XOC,OTH,1467.0
SSP2_BaU_NoCC,2000,XOC,URB,883.3264156804086
SSP2_BaU_NoCC,2000,CHN,OTH,239998.39534375
SSP2_BaU_NoCC,2000,CHN,URB,8006.078889526368
SSP2_BaU_NoCC,2000,IND,OTH,13430.3702109375
SSP2_BaU_NoCC,2000,IND,URB,3026.2728974914553
SSP2_BaU_NoCC,2000,JPN,URB,1710.2899680175783
SSP2_BaU_NoCC,2000,XSE,OTH,14506.901
SSP2_BaU_NoCC,2000,XSE,URB,3032.1656320037837
SSP2_BaU_NoCC,2000,XSA,OTH,44675.7545
SSP2_BaU_NoCC,2000,XSA,URB,866.7895990753174
SSP2_BaU_NoCC,2000,CAN,OTH,283585.656
SSP2_BaU_NoCC,2000,CAN,URB,785.9824775390625
SSP2_BaU_NoCC,2000,BRA,URB,3742.538360931397
SSP2_BaU_NoCC,2000,XLM,OTH,72183.21731250001
SSP2_BaU_NoCC,2000,XLM,URB,4894.335314867021
SSP2_BaU_NoCC,2000,CIS,OTH,253974.9918984375
SSP2_BaU_NoCC,2000,CIS,URB,5880.5270887603765
SSP2_BaU_NoCC,2000,XME,OTH,281021.7655625
SSP2_BaU_NoCC,2000,XME,URB,2128.071955810547
SSP2_BaU_NoCC,2000,XNF,OTH,456890.6350624999
SSP2_BaU_NoCC,2000,XNF,URB,927.4797019042969
SSP2_BaU_NoCC,2000,XAF,OTH,399410.63371875
SSP2_BaU_NoCC,2000,XAF,URB,2896.931178625107
SSP2_BaU_NoCC,2000,ASIA2,OTH,312611.42105468747
SSP2_BaU_NoCC,2000,ASIA2,URB,16641.596986114502
SSP2_BaU_NoCC,2000,World,OTH,2111196.772609375
SSP2_BaU_NoCC,2000,World,URB,61494.25336591386
SSP2_BaU_NoCC,2000,Non-OECD,OTH,1776092.664609375
SSP2_BaU_NoCC,2000,Non-OECD,URB,35401.19061899567
SSP2_BaU_NoCC,2000,Industrial,OTH,321872.108
SSP2_BaU_NoCC,2000,Industrial,URB,24181.440413742544
SSP2_BaU_NoCC,2000,Transition,OTH,520635.75745312497
SSP2_BaU_NoCC,2000,Transition,URB,22567.039569885255
SSP2_BaU_NoCC,2000,Developing,OTH,1268688.90715625
SSP2_BaU_NoCC,2000,Developing,URB,14745.773382286072
SSP2_BaU_NoCC,2000,R5ASIA,OTH,312611.42105468747
SSP2_BaU_NoCC,2000,R5ASIA,URB,14931.307018096923
SSP2_BaU_NoCC,2000,R5OECD90+EU,OTH,335104.108
SSP2_BaU_NoCC,2000,R5OECD90+EU,URB,26093.062746918204
SSP2_BaU_NoCC,2000,R5REF,OTH,253974.9918984375
SSP2_BaU_NoCC,2000,R5REF,URB,5880.5270887603765
SSP2_BaU_NoCC,2000,R5MAF,OTH,1137323.0343437498
SSP2_BaU_NoCC,2000,R5MAF,URB,5952.48283633995
SSP2_BaU_NoCC,2000,R5LAM,OTH,72183.21731250001
SSP2_BaU_NoCC,2000,R5LAM,URB,8636.873675798419
SSP2_BaU_NoCC,2005,USA,OTH,33613.452
SSP2_BaU_NoCC,2005,USA,CROP,94642.70312880125
SSP2_BaU_NoCC,2005,USA,CROP_FLW,81622.63811459148
SSP2_BaU_NoCC,2005,USA,PRM_FRS,242507.45654530247
SSP2_BaU_NoCC,2005,USA,MNG_FRS,60581.5434546975
SSP2_BaU_NoCC,2005,USA,GRAZING,237318.18665873658
SSP2_BaU_NoCC,2005,USA,GRASS,117479.38098168658
SSP2_BaU_NoCC,2005,USA,URB,11695.345311309815
SSP2_BaU_NoCC,2005,XE25,OTH,3206.0
SSP2_BaU_NoCC,2005,XE25,CROP,79553.85853715289
SSP2_BaU_NoCC,2005,XE25,CROP_FLW,27002.3069212668
SSP2_BaU_NoCC,2005,XE25,PRM_FRS,77971.50505280773
SSP2_BaU_NoCC,2005,XE25,MNG_FRS,67553.15885961798
SSP2_BaU_NoCC,2005,XE25,GRAZING,58837.337054252486
SSP2_BaU_NoCC,2005,XE25,GRASS,32786.10163064816
SSP2_BaU_NoCC,2005,XE25,URB,9106.496241195679
SSP2_BaU_NoCC,2005,XER,OTH,13232.0
SSP2_BaU_NoCC,2005,XER,CROP,51725.91610019929
SSP2_BaU_NoCC,2005,XER,CROP_FLW,2030.223888096895
SSP2_BaU_NoCC,2005,XER,PRM_FRS,19843.511989405495
SSP2_BaU_NoCC,2005,XER,MNG_FRS,7786.678810744741
SSP2_BaU_NoCC,2005,XER,GRAZING,14340.737367386038
SSP2_BaU_NoCC,2005,XER,GRASS,3391.043605557056
SSP2_BaU_NoCC,2005,XER,URB,1090.242361709595
SSP2_BaU_NoCC,2005,TUR,CROP,20147.652949944695
SSP2_BaU_NoCC,2005,TUR,CROP_FLW,6270.283135140101
SSP2_BaU_NoCC,2005,TUR,PRM_FRS,8905.738701065311
SSP2_BaU_NoCC,2005,TUR,MNG_FRS,1269.2612989346887
SSP2_BaU_NoCC,2005,TUR,GRAZING,14496.02421725271
SSP2_BaU_NoCC,2005,TUR,GRASS,24249.831106243728
SSP2_BaU_NoCC,2005,TUR,URB,821.3799714660644
SSP2_BaU_NoCC,2005,XOC,OTH,1467.0
SSP2_BaU_NoCC,2005,XOC,CROP,21661.587131297358
SSP2_BaU_NoCC,2005,XOC,CROP_FLW,29213.293323836377
SSP2_BaU_NoCC,2005,XOC,PRM_FRS,167275.7669873254
SSP2_BaU_NoCC,2005,XOC,MNG_FRS,4686.540878717308
SSP2_BaU_NoCC,2005,XOC,GRAZING,407001.0000000001
SSP2_BaU_NoCC,2005,XOC,GRASS,468655.9971627584
SSP2_BaU_NoCC,2005,XOC,URB,883.3264156804086
SSP2_BaU_NoCC,2005,CHN,OTH,239998.39534375
SSP2_BaU_NoCC,2005,CHN,CROP,131932.9096482798
SSP2_BaU_NoCC,2005,CHN,PRM_FRS,169284.80709920282
SSP2_BaU_NoCC,2005,CHN,MNG_FRS,28005.192900797214
SSP2_BaU_NoCC,2005,CHN,GRAZING,399640.0415174307
SSP2_BaU_NoCC,2005,CHN,GRASS,93748.82837253771
SSP2_BaU_NoCC,2005,CHN,URB,8006.078889526368
SSP2_BaU_NoCC,2005,IND,OTH,13430.3702109375
SSP2_BaU_NoCC,2005,IND,CROP,149855.42748986982
SSP2_BaU_NoCC,2005,IND,PRM_FRS,53179.1409616348
SSP2_BaU_NoCC,2005,IND,MNG_FRS,14521.8590383652
SSP2_BaU_NoCC,2005,IND,GRAZING,10415.0
SSP2_BaU_NoCC,2005,IND,GRASS,32046.68114207883
SSP2_BaU_NoCC,2005,IND,URB,3026.2728974914553
SSP2_BaU_NoCC,2005,JPN,CROP,2896.9210940380995
SSP2_BaU_NoCC,2005,JPN,CROP_FLW,862.5823508315736
SSP2_BaU_NoCC,2005,JPN,PRM_FRS,21960.133070402633
SSP2_BaU_NoCC,2005,JPN,MNG_FRS,2907.8669295973646
SSP2_BaU_NoCC,2005,JPN,GRAZING,49.87032459670535
SSP2_BaU_NoCC,2005,JPN,GRASS,683.9519801590851
SSP2_BaU_NoCC,2005,JPN,URB,1710.2899680175783
SSP2_BaU_NoCC,2005,XSE,OTH,14506.901
SSP2_BaU_NoCC,2005,XSE,CROP,86492.82976272554
SSP2_BaU_NoCC,2005,XSE,CROP_FLW,12414.097435956868
SSP2_BaU_NoCC,2005,XSE,PRM_FRS,215975.71110041416
SSP2_BaU_NoCC,2005,XSE,MNG_FRS,10356.335718992324
SSP2_BaU_NoCC,2005,XSE,GRAZING,130067.88071821834
SSP2_BaU_NoCC,2005,XSE,GRASS,78958.4312715423
SSP2_BaU_NoCC,2005,XSE,URB,3032.1656320037837
SSP2_BaU_NoCC,2005,XSA,OTH,44675.7545
SSP2_BaU_NoCC,2005,XSA,CROP,32370.31167093366
SSP2_BaU_NoCC,2005,XSA,CROP_FLW,7675.9021077603375
SSP2_BaU_NoCC,2005,XSA,PRM_FRS,8720.611815295257
SSP2_BaU_NoCC,2005,XSA,MNG_FRS,4159.844877656197
SSP2_BaU_NoCC,2005,XSA,GRAZING,38875.62142961343
SSP2_BaU_NoCC,2005,XSA,GRASS,47260.62952651719
SSP2_BaU_NoCC,2005,XSA,URB,866.7895990753174
SSP2_BaU_NoCC,2005,CAN,OTH,283585.656
SSP2_BaU_NoCC,2005,CAN,CROP,25884.178000088254
SSP2_BaU_NoCC,2005,CAN,CROP_FLW,25523.512844024306
SSP2_BaU_NoCC,2005,CAN,PRM_FRS,261618.50989653936
SSP2_BaU_NoCC,2005,CAN,MNG_FRS,48515.49010346063
SSP2_BaU_NoCC,2005,CAN,GRAZING,15322.669478146787
SSP2_BaU_NoCC,2005,CAN,GRASS,8485.396220873323
SSP2_BaU_NoCC,2005,CAN,URB,785.9824775390625
SSP2_BaU_NoCC,2005,BRA,CROP,61826.71992204339
SSP2_BaU_NoCC,2005,BRA,CROP_FLW,4031.8027951200825
SSP2_BaU_NoCC,2005,BRA,PRM_FRS,470624.1668813751
SSP2_BaU_NoCC,2005,BRA,MNG_FRS,7073.833118624849
SSP2_BaU_NoCC,2005,BRA,GRAZING,197000.00000000006
SSP2_BaU_NoCC,2005,BRA,GRASS,159958.04573655108
SSP2_BaU_NoCC,2005,BRA,URB,3742.538360931397
SSP2_BaU_NoCC,2005,XLM,OTH,72183.21731250001
SSP2_BaU_NoCC,2005,XLM,CROP,69468.39136595798
SSP2_BaU_NoCC,2005,XLM,CROP_FLW,24919.718678159035
SSP2_BaU_NoCC,2005,XLM,PRM_FRS,427540.6754520419
SSP2_BaU_NoCC,2005,XLM,MNG_FRS,17515.785545758645
SSP2_BaU_NoCC,2005,XLM,GRAZING,352433.8290836653
SSP2_BaU_NoCC,2005,XLM,GRASS,261903.34459357464
SSP2_BaU_NoCC,2005,XLM,URB,4894.335314867021
SSP2_BaU_NoCC,2005,CIS,OTH,253974.9918984375
SSP2_BaU_NoCC,2005,CIS,CROP,115980.68632163315
SSP2_BaU_NoCC,2005,CIS,CROP_FLW,92359.12717792591
SSP2_BaU_NoCC,2005,CIS,PRM_FRS,786765.8375097129
SSP2_BaU_NoCC,2005,CIS,MNG_FRS,52723.53808379956
SSP2_BaU_NoCC,2005,CIS,GRAZING,361322.1605712376
SSP2_BaU_NoCC,2005,CIS,GRASS,196146.53256945367
SSP2_BaU_NoCC,2005,CIS,URB,5880.5270887603765
SSP2_BaU_NoCC,2005,XME,OTH,281021.7655625
SSP2_BaU_NoCC,2005,XME,CROP,28065.01485206794
SSP2_BaU_NoCC,2005,XME,CROP_FLW,4924.484161397701
SSP2_BaU_NoCC,2005,XME,PRM_FRS,11826.449340625002
SSP2_BaU_NoCC,2005,XME,MNG_FRS,623.7515744230127
SSP2_BaU_NoCC,2005,XME,GRAZING,237368.13575828768
SSP2_BaU_NoCC,2005,XME,GRASS,114186.4356692811
SSP2_BaU_NoCC,2005,XME,URB,2128.071955810547
SSP2_BaU_NoCC,2005,XNF,OTH,456890.6350624999
SSP2_BaU_NoCC,2005,XNF,CROP,20777.587248088657
SSP2_BaU_NoCC,2005,XNF,CROP_FLW,7234.4544597706035
SSP2_BaU_NoCC,2005,XNF,PRM_FRS,4292.090662500001
SSP2_BaU_NoCC,2005,XNF,MNG_FRS,71.9093375
SSP2_BaU_NoCC,2005,XNF,GRAZING,67864.57327495172
SSP2_BaU_NoCC,2005,XNF,GRASS,15007.352458255664
SSP2_BaU_NoCC,2005,XNF,URB,927.4797019042969
SSP2_BaU_NoCC,2005,XAF,OTH,399410.63371875
SSP2_BaU_NoCC,2005,XAF,CROP,173242.65868010602
SSP2_BaU_NoCC,2005,XAF,CROP_FLW,34571.445443469915
SSP2_BaU_NoCC,2005,XAF,PRM_FRS,608408.8926684535
SSP2_BaU_NoCC,2005,XAF,MNG_FRS,18651.999046563822
SSP2_BaU_NoCC,2005,XAF,GRAZING,833777.0000000002
SSP2_BaU_NoCC,2005,XAF,GRASS,668620.802328684
SSP2_BaU_NoCC,2005,XAF,URB,2896.931178625107
SSP2_BaU_NoCC,2005,ASIA2,OTH,312611.42105468747
SSP2_BaU_NoCC,2005,ASIA2,CROP,403548.399665847
SSP2_BaU_NoCC,2005,ASIA2,CROP_FLW,20952.581894548777
SSP2_BaU_NoCC,2005,ASIA2,PRM_FRS,469120.40404694964
SSP2_BaU_NoCC,2005,ASIA2,MNG_FRS,59951.099465408304
SSP2_BaU_NoCC,2005,ASIA2,GRAZING,579048.4139898592
SSP2_BaU_NoCC,2005,ASIA2,GRASS,252698.5222928351
SSP2_BaU_NoCC,2005,ASIA2,URB,16641.596986114502
SSP2_BaU_NoCC,2005,World,OTH,2111196.772609375
SSP2_BaU_NoCC,2005,World,CROP,1166525.3539032277
SSP2_BaU_NoCC,2005,World,CROP_FLW,360655.87283734797
SSP2_BaU_NoCC,2005,World,PRM_FRS,3556701.0057341037
SSP2_BaU_NoCC,2005,World,MNG_FRS,347004.589578251
SSP2_BaU_NoCC,2005,World,GRAZING,3376130.0674537765
SSP2_BaU_NoCC,2005,World,GRASS,2323568.7863564026
SSP2_BaU_NoCC,2005,World,URB,61494.25336591386
SSP2_BaU_NoCC,2005,Non-OECD,OTH,1776092.664609375
SSP2_BaU_NoCC,2005,Non-OECD,CROP,870012.536961706
SSP2_BaU_NoCC,2005,Non-OECD,CROP_FLW,188131.03225956048
SSP2_BaU_NoCC,2005,Non-OECD,PRM_FRS,2756618.3834912553
SSP2_BaU_NoCC,2005,Non-OECD,MNG_FRS,153704.0492424808
SSP2_BaU_NoCC,2005,Non-OECD,GRAZING,2628764.242353405
SSP2_BaU_NoCC,2005,Non-OECD,GRASS,1667837.0836684762
SSP2_BaU_NoCC,2005,Non-OECD,URB,35401.19061899567
SSP2_BaU_NoCC,2005,Industrial,OTH,321872.108
SSP2_BaU_NoCC,2005,Industrial,CROP,224639.24789137783
SSP2_BaU_NoCC,2005,Industrial,CROP_FLW,164224.33355455054
SSP2_BaU_NoCC,2005,Industrial,PRM_FRS,771333.3715523776
SSP2_BaU_NoCC,2005,Industrial,MNG_FRS,184244.6002260908
SSP2_BaU_NoCC,2005,Industrial,GRAZING,718529.0635157328
SSP2_BaU_NoCC,2005,Industrial,GRASS,628090.8279761255
SSP2_BaU_NoCC,2005,Industrial,URB,24181.440413742544
SSP2_BaU_NoCC,2005,Transition,OTH,520635.75745312497
SSP2_BaU_NoCC,2005,Transition,CROP,531469.3124319701
SSP2_BaU_NoCC,2005,Transition,CROP_FLW,104691.436996283
SSP2_BaU_NoCC,2005,Transition,PRM_FRS,1508603.2031423964
SSP2_BaU_NoCC,2005,Transition,MNG_FRS,111380.36325126624
SSP2_BaU_NoCC,2005,Transition,GRAZING,997213.9636733071
SSP2_BaU_NoCC,2005,Transition,GRASS,509540.96253242216
SSP2_BaU_NoCC,2005,Transition,URB,22567.039569885255
SSP2_BaU_NoCC,2005,Developing,OTH,1268688.90715625
SSP2_BaU_NoCC,2005,Developing,CROP,410416.7935798798
SSP2_BaU_NoCC,2005,Developing,CROP_FLW,91740.10228651446
SSP2_BaU_NoCC,2005,Developing,PRM_FRS,1276764.4310393299
SSP2_BaU_NoCC,2005,Developing,MNG_FRS,51379.626100894006
SSP2_BaU_NoCC,2005,Developing,GRAZING,1660387.0402647366
SSP2_BaU_NoCC,2005,Developing,GRASS,1185936.9958478548
SSP2_BaU_NoCC,2005,Developing,URB,14745.773382286072
SSP2_BaU_NoCC,2005,R5ASIA,OTH,312611.42105468747
SSP2_BaU_NoCC,2005,R5ASIA,CROP,400651.47857180884
SSP2_BaU_NoCC,2005,R5ASIA,CROP_FLW,20089.999543717204
SSP2_BaU_NoCC,2005,R5ASIA,PRM_FRS,447160.27097654704
SSP2_BaU_NoCC,2005,R5ASIA,MNG_FRS,57043.23253581094
SSP2_BaU_NoCC,2005,R5ASIA,GRAZING,578998.5436652625
SSP2_BaU_NoCC,2005,R5ASIA,GRASS,252014.57031267602
SSP2_BaU_NoCC,2005,R5ASIA,URB,14931.307018096923
SSP2_BaU_NoCC,2005,R5OECD90+EU,OTH,335104.108
SSP2_BaU_NoCC,2005,R5OECD90+EU,CROP,296512.8169415218
SSP2_BaU_NoCC,2005,R5OECD90+EU,CROP_FLW,172524.84057778755
SSP2_BaU_NoCC,2005,R5OECD90+EU,PRM_FRS,800082.6222428484
SSP2_BaU_NoCC,2005,R5OECD90+EU,MNG_FRS,193300.54033577023
SSP2_BaU_NoCC,2005,R5OECD90+EU,GRAZING,747365.8251003716
SSP2_BaU_NoCC,2005,R5OECD90+EU,GRASS,655731.7026879262
SSP2_BaU_NoCC,2005,R5OECD90+EU,URB,26093.062746918204
SSP2_BaU_NoCC,2005,R5REF,OTH,253974.9918984375
SSP2_BaU_NoCC,2005,R5REF,CROP,115980.68632163315
SSP2_BaU_NoCC,2005,R5REF,CROP_FLW,92359.12717792591
SSP2_BaU_NoCC,2005,R5REF,PRM_FRS,786765.8375097129
SSP2_BaU_NoCC,2005,R5REF,MNG_FRS,52723.53808379956
SSP2_BaU_NoCC,2005,R5REF,GRAZING,361322.1605712376
SSP2_BaU_NoCC,2005,R5REF,GRASS,196146.53256945367
SSP2_BaU_NoCC,2005,R5REF,URB,5880.5270887603765
SSP2_BaU_NoCC,2005,R5MAF,OTH,1137323.0343437498
SSP2_BaU_NoCC,2005,R5MAF,CROP,222085.26078026262
SSP2_BaU_NoCC,2005,R5MAF,CROP_FLW,46730.384064638216
SSP2_BaU_NoCC,2005,R5MAF,PRM_FRS,624527.4326715785
SSP2_BaU_NoCC,2005,R5MAF,MNG_FRS,19347.659958486835
SSP2_BaU_NoCC,2005,R5MAF,GRAZING,1139009.7090332396
SSP2_BaU_NoCC,2005,R5MAF,GRASS,797814.5904562208
SSP2_BaU_NoCC,2005,R5MAF,URB,5952.48283633995
SSP2_BaU_NoCC,2005,R5LAM,OTH,72183.21731250001
SSP2_BaU_NoCC,2005,R5LAM,CROP,131295.11128800138
SSP2_BaU_NoCC,2005,R5LAM,CROP_FLW,28951.521473279117
SSP2_BaU_NoCC,2005,R5LAM,PRM_FRS,898164.8423334169
SSP2_BaU_NoCC,2005,R5LAM,MNG_FRS,24589.618664383495
SSP2_BaU_NoCC,2005,R5LAM,GRAZING,549433.8290836653
SSP2_BaU_NoCC,2005,R5LAM,GRASS,421861.3903301257
SSP2_BaU_NoCC,2005,R5LAM,URB,8636.873675798419
SSP2_BaU_NoCC,2010,USA,OTH,33613.452
SSP2_BaU_NoCC,2010,USA,CROP,108790.61472423765
SSP2_BaU_NoCC,2010,USA,CROP_FLW,81275.35061451013
SSP2_BaU_NoCC,2010,USA,PRM_FRS,234840.6329449655
SSP2_BaU_NoCC,2010,USA,MNG_FRS,60159.56404613945
SSP2_BaU_NoCC,2010,USA,GRAZING,236216.80038963974
SSP2_BaU_NoCC,2010,USA,GRASS,112868.94616432348
SSP2_BaU_NoCC,2010,USA,URB,11695.345311309815
SSP2_BaU_NoCC,2010,XE25,OTH,3206.0
SSP2_BaU_NoCC,2010,XE25,CROP,79303.43039382296
SSP2_BaU_NoCC,2010,XE25,CROP_FLW,27230.652746456024
SSP2_BaU_NoCC,2010,XE25,PRM_FRS,79226.25926340208
SSP2_BaU_NoCC,2010,XE25,MNG_FRS,66086.82679640634
SSP2_BaU_NoCC,2010,XE25,GRAZING,58860.45098633074
SSP2_BaU_NoCC,2010,XE25,GRASS,32996.6478693278
SSP2_BaU_NoCC,2010,XE25,URB,9106.496241195679
SSP2_BaU_NoCC,2010,XER,OTH,13232.0
SSP2_BaU_NoCC,2010,XER,CROP,49690.873304839304
SSP2_BaU_NoCC,2010,XER,CROP_FLW,2548.604925204596
SSP2_BaU_NoCC,2010,XER,PRM_FRS,21028.803212285056
SSP2_BaU_NoCC,2010,XER,MNG_FRS,7457.868365056622
SSP2_BaU_NoCC,2010,XER,GRAZING,14606.305905426932
SSP2_BaU_NoCC,2010,XER,GRASS,3785.6560485769974
SSP2_BaU_NoCC,2010,XER,URB,1090.242361709595
SSP2_BaU_NoCC,2010,TUR,CROP,20719.54668514494
SSP2_BaU_NoCC,2010,TUR,CROP_FLW,6172.488810258261
SSP2_BaU_NoCC,2010,TUR,PRM_FRS,8739.925500867252
SSP2_BaU_NoCC,2010,TUR,MNG_FRS,1275.9793608230902
SSP2_BaU_NoCC,2010,TUR,GRAZING,14418.45893524935
SSP2_BaU_NoCC,2010,TUR,GRASS,24012.39211623834
SSP2_BaU_NoCC,2010,TUR,URB,821.3799714660644
SSP2_BaU_NoCC,2010,XOC,OTH,1467.0
SSP2_BaU_NoCC,2010,XOC,CROP,23483.716741504435
SSP2_BaU_NoCC,2010,XOC,CROP_FLW,30192.595107923553
SSP2_BaU_NoCC,2010,XOC,PRM_FRS,165880.7436005728
SSP2_BaU_NoCC,2010,XOC,MNG_FRS,4725.15847647955
SSP2_BaU_NoCC,2010,XOC,GRAZING,403505.481910313
SSP2_BaU_NoCC,2010,XOC,GRASS,470706.48964714166
SSP2_BaU_NoCC,2010,XOC,URB,883.3264156804086
SSP2_BaU_NoCC,2010,CHN,OTH,239998.39534375
SSP2_BaU_NoCC,2010,CHN,CROP,132315.26141655896
SSP2_BaU_NoCC,2010,CHN,PRM_FRS,169331.5602733586
SSP2_BaU_NoCC,2010,CHN,MNG_FRS,27012.96253183191
SSP2_BaU_NoCC,2010,CHN,GRAZING,401057.0177801497
SSP2_BaU_NoCC,2010,CHN,GRASS,92894.97753634912
SSP2_BaU_NoCC,2010,CHN,URB,8006.078889526368
SSP2_BaU_NoCC,2010,IND,OTH,13430.3702109375
SSP2_BaU_NoCC,2010,IND,CROP,159310.5087193148
SSP2_BaU_NoCC,2010,IND,PRM_FRS,47264.85999363357
SSP2_BaU_NoCC,2010,IND,MNG_FRS,14812.207929268834
SSP2_BaU_NoCC,2010,IND,GRAZING,9962.349683978984
SSP2_BaU_NoCC,2010,IND,GRASS,28668.182305752453
SSP2_BaU_NoCC,2010,IND,URB,3026.2728974914553
SSP2_BaU_NoCC,2010,JPN,CROP,2794.1797052753545
SSP2_BaU_NoCC,2010,JPN,CROP_FLW,885.7849508617667
SSP2_BaU_NoCC,2010,JPN,PRM_FRS,22149.79006864999
SSP2_BaU_NoCC,2010,JPN,MNG_FRS,2788.3510090474088
SSP2_BaU_NoCC,2010,JPN,GRAZING,49.85886834726253
SSP2_BaU_NoCC,2010,JPN,GRASS,693.3611474436555
SSP2_BaU_NoCC,2010,JPN,URB,1710.2899680175783
SSP2_BaU_NoCC,2010,XSE,OTH,14506.901
SSP2_BaU_NoCC,2010,XSE,CROP,89764.56240311224
SSP2_BaU_NoCC,2010,XSE,CROP_FLW,11872.256532721196
SSP2_BaU_NoCC,2010,XSE,PRM_FRS,213315.07812760357
SSP2_BaU_NoCC,2010,XSE,MNG_FRS,10410.57352045646
SSP2_BaU_NoCC,2010,XSE,GRAZING,130543.66045678548
SSP2_BaU_NoCC,2010,XSE,GRASS,78359.15496717075
SSP2_BaU_NoCC,2010,XSE,URB,3032.1656320037837
SSP2_BaU_NoCC,2010,XSA,OTH,44675.7545
SSP2_BaU_NoCC,2010,XSA,CROP,34301.21646671617
SSP2_BaU_NoCC,2010,XSA,CROP_FLW,7122.662015289168
SSP2_BaU_NoCC,2010,XSA,PRM_FRS,8252.35273516076
SSP2_BaU_NoCC,2010,XSA,MNG_FRS,4277.1208001681625
SSP2_BaU_NoCC,2010,XSA,GRAZING,39390.873329005706
SSP2_BaU_NoCC,2010,XSA,GRASS,45718.69608143609
SSP2_BaU_NoCC,2010,XSA,URB,866.7895990753174
SSP2_BaU_NoCC,2010,CAN,OTH,283585.656
SSP2_BaU_NoCC,2010,CAN,CROP,28091.735466162045
SSP2_BaU_NoCC,2010,CAN,CROP_FLW,25514.541553149917
SSP2_BaU_NoCC,2010,CAN,PRM_FRS,259600.27116444486
SSP2_BaU_NoCC,2010,CAN,MNG_FRS,48586.394418903124
SSP2_BaU_NoCC,2010,CAN,GRAZING,15293.846474740514
SSP2_BaU_NoCC,2010,CAN,GRASS,8262.967465732125
SSP2_BaU_NoCC,2010,CAN,URB,785.9824775390625
SSP2_BaU_NoCC,2010,BRA,CROP,64577.8381940188
SSP2_BaU_NoCC,2010,BRA,CROP_FLW,3817.56356889345
SSP2_BaU_NoCC,2010,BRA,PRM_FRS,464114.17758297274
SSP2_BaU_NoCC,2010,BRA,MNG_FRS,6998.48592078352
SSP2_BaU_NoCC,2010,BRA,GRAZING,201906.52699253024
SSP2_BaU_NoCC,2010,BRA,GRASS,159099.97619451524
SSP2_BaU_NoCC,2010,BRA,URB,3742.538360931397
SSP2_BaU_NoCC,2010,XLM,OTH,72183.21731250001
SSP2_BaU_NoCC,2010,XLM,CROP,71678.43568799827
SSP2_BaU_NoCC,2010,XLM,CROP_FLW,24738.7262131762
SSP2_BaU_NoCC,2010,XLM,PRM_FRS,423600.0215020514
SSP2_BaU_NoCC,2010,XLM,MNG_FRS,17666.585904145053
SSP2_BaU_NoCC,2010,XLM,GRAZING,355409.7960560667
SSP2_BaU_NoCC,2010,XLM,GRASS,260688.17935572015
SSP2_BaU_NoCC,2010,XLM,URB,4894.335314867021
SSP2_BaU_NoCC,2010,CIS,OTH,253974.9918984375
SSP2_BaU_NoCC,2010,CIS,CROP,112195.2375771094
SSP2_BaU_NoCC,2010,CIS,CROP_FLW,91257.20169906487
SSP2_BaU_NoCC,2010,CIS,PRM_FRS,792484.0914342108
SSP2_BaU_NoCC,2010,CIS,MNG_FRS,51434.33413718483
SSP2_BaU_NoCC,2010,CIS,GRAZING,364134.33450774965
SSP2_BaU_NoCC,2010,CIS,GRASS,193792.68287844342
SSP2_BaU_NoCC,2010,CIS,URB,5880.5270887603765
SSP2_BaU_NoCC,2010,XME,OTH,281021.7655625
SSP2_BaU_NoCC,2010,XME,CROP,30347.664037103154
SSP2_BaU_NoCC,2010,XME,CROP_FLW,4269.755817534668
SSP2_BaU_NoCC,2010,XME,PRM_FRS,10915.169978867281
SSP2_BaU_NoCC,2010,XME,MNG_FRS,642.5878698538239
SSP2_BaU_NoCC,2010,XME,GRAZING,244775.92252176497
SSP2_BaU_NoCC,2010,XME,GRASS,106043.17113095845
SSP2_BaU_NoCC,2010,XME,URB,2128.071955810547
SSP2_BaU_NoCC,2010,XNF,OTH,456890.6350624999
SSP2_BaU_NoCC,2010,XNF,CROP,22643.779005289416
SSP2_BaU_NoCC,2010,XNF,CROP_FLW,6448.594842019334
SSP2_BaU_NoCC,2010,XNF,PRM_FRS,3955.831124230699
SSP2_BaU_NoCC,2010,XNF,MNG_FRS,73.21367587574824
SSP2_BaU_NoCC,2010,XNF,GRAZING,69074.0360503049
SSP2_BaU_NoCC,2010,XNF,GRASS,13052.512743346568
SSP2_BaU_NoCC,2010,XNF,URB,927.4797019042969
SSP2_BaU_NoCC,2010,XAF,OTH,399410.63371875
SSP2_BaU_NoCC,2010,XAF,CROP,197871.49323182358
SSP2_BaU_NoCC,2010,XAF,CROP_FLW,31561.671424534485
SSP2_BaU_NoCC,2010,XAF,PRM_FRS,577707.0212269712
SSP2_BaU_NoCC,2010,XAF,MNG_FRS,19801.041912664474
SSP2_BaU_NoCC,2010,XAF,GRAZING,865284.4544369895
SSP2_BaU_NoCC,2010,XAF,GRASS,645047.1159342945
SSP2_BaU_NoCC,2010,XAF,URB,2896.931178625107
SSP2_BaU_NoCC,2010,ASIA2,OTH,312611.42105468747
SSP2_BaU_NoCC,2010,ASIA2,CROP,418485.7287109775
SSP2_BaU_NoCC,2010,ASIA2,CROP_FLW,19880.70349887213
SSP2_BaU_NoCC,2010,ASIA2,PRM_FRS,460313.64119840646
SSP2_BaU_NoCC,2010,ASIA2,MNG_FRS,59301.21579077278
SSP2_BaU_NoCC,2010,ASIA2,GRAZING,581003.7601182671
SSP2_BaU_NoCC,2010,ASIA2,GRASS,246334.37203815207
SSP2_BaU_NoCC,2010,ASIA2,URB,16641.596986114502
SSP2_BaU_NoCC,2010,World,OTH,2111196.772609375
SSP2_BaU_NoCC,2010,World,CROP,1227880.0937600315
SSP2_BaU_NoCC,2010,World,CROP_FLW,354908.45082159754
SSP2_BaU_NoCC,2010,World,PRM_FRS,3502406.589734248
SSP2_BaU_NoCC,2010,World,MNG_FRS,344209.2566750884
SSP2_BaU_NoCC,2010,World,GRAZING,3424490.1752853733
SSP2_BaU_NoCC,2010,World,GRASS,2276691.1095867706
SSP2_BaU_NoCC,2010,World,URB,61494.25336591386
SSP2_BaU_NoCC,2010,Non-OECD,OTH,1776092.664609375
SSP2_BaU_NoCC,2010,Non-OECD,CROP,915005.9967390448
SSP2_BaU_NoCC,2010,Non-OECD,CROP_FLW,181088.4321132334
SSP2_BaU_NoCC,2010,Non-OECD,PRM_FRS,2710940.16397906
SSP2_BaU_NoCC,2010,Non-OECD,MNG_FRS,153129.11420223283
SSP2_BaU_NoCC,2010,Non-OECD,GRAZING,2681538.971815326
SSP2_BaU_NoCC,2010,Non-OECD,GRASS,1623364.6491279867
SSP2_BaU_NoCC,2010,Non-OECD,URB,35401.19061899567
SSP2_BaU_NoCC,2010,Industrial,OTH,321872.108
SSP2_BaU_NoCC,2010,Industrial,CROP,242463.67703100244
SSP2_BaU_NoCC,2010,Industrial,CROP_FLW,165098.9249729014
SSP2_BaU_NoCC,2010,Industrial,PRM_FRS,761697.6970420352
SSP2_BaU_NoCC,2010,Industrial,MNG_FRS,182346.29474697588
SSP2_BaU_NoCC,2010,Industrial,GRAZING,713926.4386293712
SSP2_BaU_NoCC,2010,Industrial,GRASS,625528.4122939687
SSP2_BaU_NoCC,2010,Industrial,URB,24181.440413742544
SSP2_BaU_NoCC,2010,Transition,OTH,520635.75745312497
SSP2_BaU_NoCC,2010,Transition,CROP,538809.2658969862
SSP2_BaU_NoCC,2010,Transition,CROP_FLW,103795.85900342118
SSP2_BaU_NoCC,2010,Transition,PRM_FRS,1502963.417997328
SSP2_BaU_NoCC,2010,Transition,MNG_FRS,108991.8382449488
SSP2_BaU_NoCC,2010,Transition,GRAZING,1006084.9938050848
SSP2_BaU_NoCC,2010,Transition,GRASS,502253.86707987555
SSP2_BaU_NoCC,2010,Transition,URB,22567.039569885255
SSP2_BaU_NoCC,2010,Developing,OTH,1268688.90715625
SSP2_BaU_NoCC,2010,Developing,CROP,446607.15083204285
SSP2_BaU_NoCC,2010,Developing,CROP_FLW,86013.66684527503
SSP2_BaU_NoCC,2010,Developing,PRM_FRS,1237745.4746948848
SSP2_BaU_NoCC,2010,Developing,MNG_FRS,52871.12368316372
SSP2_BaU_NoCC,2010,Developing,GRAZING,1704478.7428509174
SSP2_BaU_NoCC,2010,Developing,GRASS,1148908.8302129265
SSP2_BaU_NoCC,2010,Developing,URB,14745.773382286072
SSP2_BaU_NoCC,2010,R5ASIA,OTH,312611.42105468747
SSP2_BaU_NoCC,2010,R5ASIA,CROP,415691.54900570214
SSP2_BaU_NoCC,2010,R5ASIA,CROP_FLW,18994.918548010362
SSP2_BaU_NoCC,2010,R5ASIA,PRM_FRS,438163.8511297565
SSP2_BaU_NoCC,2010,R5ASIA,MNG_FRS,56512.864781725366
SSP2_BaU_NoCC,2010,R5ASIA,GRAZING,580953.9012499199
SSP2_BaU_NoCC,2010,R5ASIA,GRASS,245641.0108907084
SSP2_BaU_NoCC,2010,R5ASIA,URB,14931.307018096923
SSP2_BaU_NoCC,2010,R5OECD90+EU,OTH,335104.108
SSP2_BaU_NoCC,2010,R5OECD90+EU,CROP,312874.09702098666
SSP2_BaU_NoCC,2010,R5OECD90+EU,CROP_FLW,173820.01870836422
SSP2_BaU_NoCC,2010,R5OECD90+EU,PRM_FRS,791466.4257551875
SSP2_BaU_NoCC,2010,R5OECD90+EU,MNG_FRS,191080.1424728556
SSP2_BaU_NoCC,2010,R5OECD90+EU,GRAZING,742951.2034700476
SSP2_BaU_NoCC,2010,R5OECD90+EU,GRASS,653326.460458784
SSP2_BaU_NoCC,2010,R5OECD90+EU,URB,26093.062746918204
SSP2_BaU_NoCC,2010,R5REF,OTH,253974.9918984375
SSP2_BaU_NoCC,2010,R5REF,CROP,112195.2375771094
SSP2_BaU_NoCC,2010,R5REF,CROP_FLW,91257.20169906487
SSP2_BaU_NoCC,2010,R5REF,PRM_FRS,792484.0914342108
SSP2_BaU_NoCC,2010,R5REF,MNG_FRS,51434.33413718483
SSP2_BaU_NoCC,2010,R5REF,GRAZING,364134.33450774965
SSP2_BaU_NoCC,2010,R5REF,GRASS,193792.68287844342
SSP2_BaU_NoCC,2010,R5REF,URB,5880.5270887603765
SSP2_BaU_NoCC,2010,R5MAF,OTH,1137323.0343437498
SSP2_BaU_NoCC,2010,R5MAF,CROP,250862.93627421616
SSP2_BaU_NoCC,2010,R5MAF,CROP_FLW,42280.02208408849
SSP2_BaU_NoCC,2010,R5MAF,PRM_FRS,592578.0223300692
SSP2_BaU_NoCC,2010,R5MAF,MNG_FRS,20516.843458394047
SSP2_BaU_NoCC,2010,R5MAF,GRAZING,1179134.4130090594
SSP2_BaU_NoCC,2010,R5MAF,GRASS,764142.7998085995
SSP2_BaU_NoCC,2010,R5MAF,URB,5952.48283633995
SSP2_BaU_NoCC,2010,R5LAM,OTH,72183.21731250001
SSP2_BaU_NoCC,2010,R5LAM,CROP,136256.27388201706
SSP2_BaU_NoCC,2010,R5LAM,CROP_FLW,28556.28978206965
SSP2_BaU_NoCC,2010,R5LAM,PRM_FRS,887714.1990850242
SSP2_BaU_NoCC,2010,R5LAM,MNG_FRS,24665.07182492857
SSP2_BaU_NoCC,2010,R5LAM,GRAZING,557316.323048597
SSP2_BaU_NoCC,2010,R5LAM,GRASS,419788.1555502354
SSP2_BaU_NoCC,2010,R5LAM,URB,8636.873675798419
SSP2_BaU_NoCC,2015,USA,OTH,33613.452
SSP2_BaU_NoCC,2015,USA,CROP,109715.91322997806
SSP2_BaU_NoCC,2015,USA,CROP_FLW,80998.24488520267
SSP2_BaU_NoCC,2015,USA,PRM_FRS,233364.06663613016
SSP2_BaU_NoCC,2015,USA,MNG_FRS,59547.46485287972
SSP2_BaU_NoCC,2015,USA,BIOCROP,2649.2892268925616
SSP2_BaU_NoCC,2015,USA,GRAZING,236296.9686064486
SSP2_BaU_NoCC,2015,USA,GRASS,111579.96144628417
SSP2_BaU_NoCC,2015,USA,URB,11695.345311309815
SSP2_BaU_NoCC,2015,XE25,OTH,3206.0
SSP2_BaU_NoCC,2015,XE25,CROP,77650.00122320747
SSP2_BaU_NoCC,2015,XE25,CROP_FLW,27568.724238591538
SSP2_BaU_NoCC,2015,XE25,PRM_FRS,80921.98948170176
SSP2_BaU_NoCC,2015,XE25,MNG_FRS,64323.68049026427
SSP2_BaU_NoCC,2015,XE25,BIOCROP,1045.8524392371908
SSP2_BaU_NoCC,2015,XE25,GRAZING,58895.1624196177
SSP2_BaU_NoCC,2015,XE25,GRASS,33298.85776312607
SSP2_BaU_NoCC,2015,XE25,URB,9106.496241195679
SSP2_BaU_NoCC,2015,XER,OTH,13232.0
SSP2_BaU_NoCC,2015,XER,CROP,47463.325442994406
SSP2_BaU_NoCC,2015,XER,CROP_FLW,3105.761856824098
SSP2_BaU_NoCC,2015,XER,PRM_FRS,22221.147148899705
SSP2_BaU_NoCC,2015,XER,MNG_FRS,7148.0123403147745
SSP2_BaU_NoCC,2015,XER,BIOCROP,194.51465937391538
SSP2_BaU_NoCC,2015,XER,GRAZING,14820.734443645793
SSP2_BaU_NoCC,2015,XER,GRASS,4164.615869336828
SSP2_BaU_NoCC,2015,XER,URB,1090.242361709595
SSP2_BaU_NoCC,2015,TUR,CROP,22435.630134351868
SSP2_BaU_NoCC,2015,TUR,CROP_FLW,5718.596185330425
SSP2_BaU_NoCC,2015,TUR,PRM_FRS,8189.389203236862
SSP2_BaU_NoCC,2015,TUR,MNG_FRS,1304.311831613318
SSP2_BaU_NoCC,2015,TUR,BIOCROP,118.76782229827678
SSP2_BaU_NoCC,2015,TUR,GRAZING,14447.18900338717
SSP2_BaU_NoCC,2015,TUR,GRASS,23124.907228363285
SSP2_BaU_NoCC,2015,TUR,URB,821.3799714660644
SSP2_BaU_NoCC,2015,XOC,OTH,1467.0
SSP2_BaU_NoCC,2015,XOC,CROP,24343.935260626586
SSP2_BaU_NoCC,2015,XOC,CROP_FLW,30818.582328023946
SSP2_BaU_NoCC,2015,XOC,PRM_FRS,165035.99513473886
SSP2_BaU_NoCC,2015,XOC,MNG_FRS,4776.525132716117
SSP2_BaU_NoCC,2015,XOC,BIOCROP,18.466618023647385
SSP2_BaU_NoCC,2015,XOC,GRAZING,400118.697148939
SSP2_BaU_NoCC,2015,XOC,GRASS,473381.98386086704
SSP2_BaU_NoCC,2015,XOC,URB,883.3264156804086
SSP2_BaU_NoCC,2015,CHN,OTH,239998.39534375
SSP2_BaU_NoCC,2015,CHN,CROP,132281.71778445106
SSP2_BaU_NoCC,2015,CHN,PRM_FRS,170124.963577398
SSP2_BaU_NoCC,2015,CHN,MNG_FRS,25996.034973289916
SSP2_BaU_NoCC,2015,CHN,BIOCROP,283.5603968197957
SSP2_BaU_NoCC,2015,CHN,GRAZING,400450.85603417986
SSP2_BaU_NoCC,2015,CHN,GRASS,93474.64677210958
SSP2_BaU_NoCC,2015,CHN,URB,8006.078889526368
SSP2_BaU_NoCC,2015,IND,OTH,13430.3702109375
SSP2_BaU_NoCC,2015,IND,CROP,167035.49372011283
SSP2_BaU_NoCC,2015,IND,PRM_FRS,42555.518773043215
SSP2_BaU_NoCC,2015,IND,MNG_FRS,14914.91002411522
SSP2_BaU_NoCC,2015,IND,BIOCROP,45.763137144194864
SSP2_BaU_NoCC,2015,IND,GRAZING,9560.650715238655
SSP2_BaU_NoCC,2015,IND,GRASS,25905.772262295926
SSP2_BaU_NoCC,2015,IND,URB,3026.2728974914553
SSP2_BaU_NoCC,2015,JPN,CROP,2731.4459378150486
SSP2_BaU_NoCC,2015,JPN,CROP_FLW,895.6840676874409
SSP2_BaU_NoCC,2015,JPN,PRM_FRS,22300.441803503112
SSP2_BaU_NoCC,2015,JPN,MNG_FRS,2657.7823294260797
SSP2_BaU_NoCC,2015,JPN,BIOCROP,28.74883894269568
SSP2_BaU_NoCC,2015,JPN,GRAZING,49.83511154968989
SSP2_BaU_NoCC,2015,JPN,GRASS,697.3876607013945
SSP2_BaU_NoCC,2015,JPN,URB,1710.2899680175783
SSP2_BaU_NoCC,2015,XSE,OTH,14506.901
SSP2_BaU_NoCC,2015,XSE,CROP,94074.02738861178
SSP2_BaU_NoCC,2015,XSE,CROP_FLW,11263.370006505487
SSP2_BaU_NoCC,2015,XSE,PRM_FRS,209848.4846372931
SSP2_BaU_NoCC,2015,XSE,MNG_FRS,10444.15362869518
SSP2_BaU_NoCC,2015,XSE,BIOCROP,56.78751168725491
SSP2_BaU_NoCC,2015,XSE,GRAZING,130387.6952600412
SSP2_BaU_NoCC,2015,XSE,GRASS,78190.76757501556
SSP2_BaU_NoCC,2015,XSE,URB,3032.1656320037837
SSP2_BaU_NoCC,2015,XSA,OTH,44675.7545
SSP2_BaU_NoCC,2015,XSA,CROP,36539.58842141904
SSP2_BaU_NoCC,2015,XSA,CROP_FLW,6545.050579000369
SSP2_BaU_NoCC,2015,XSA,PRM_FRS,7784.229332293545
SSP2_BaU_NoCC,2015,XSA,MNG_FRS,4373.516108821177
SSP2_BaU_NoCC,2015,XSA,BIOCROP,10.749484280026739
SSP2_BaU_NoCC,2015,XSA,GRAZING,39707.6989688813
SSP2_BaU_NoCC,2015,XSA,GRASS,44102.08853308049
SSP2_BaU_NoCC,2015,XSA,URB,866.7895990753174
SSP2_BaU_NoCC,2015,CAN,OTH,283585.656
SSP2_BaU_NoCC,2015,CAN,CROP,29178.23834682441
SSP2_BaU_NoCC,2015,CAN,CROP_FLW,25459.935459736953
SSP2_BaU_NoCC,2015,CAN,PRM_FRS,258320.1660203917
SSP2_BaU_NoCC,2015,CAN,MNG_FRS,48543.10232980321
SSP2_BaU_NoCC,2015,CAN,BIOCROP,438.69864698026834
SSP2_BaU_NoCC,2015,CAN,GRAZING,15294.207926503776
SSP2_BaU_NoCC,2015,CAN,GRASS,8115.407812892274
SSP2_BaU_NoCC,2015,CAN,URB,785.9824775390625
SSP2_BaU_NoCC,2015,BRA,CROP,64863.62837613463
SSP2_BaU_NoCC,2015,BRA,CROP_FLW,3763.448297179937
SSP2_BaU_NoCC,2015,BRA,PRM_FRS,462620.57946472586
SSP2_BaU_NoCC,2015,BRA,MNG_FRS,6928.359061764452
SSP2_BaU_NoCC,2015,BRA,BIOCROP,229.79913102667712
SSP2_BaU_NoCC,2015,BRA,GRAZING,203384.7525746242
SSP2_BaU_NoCC,2015,BRA,GRASS,158724.0015482586
SSP2_BaU_NoCC,2015,BRA,URB,3742.538360931397
SSP2_BaU_NoCC,2015,XLM,OTH,72183.21731250001
SSP2_BaU_NoCC,2015,XLM,CROP,73207.48758545985
SSP2_BaU_NoCC,2015,XLM,CROP_FLW,24944.37064714241
SSP2_BaU_NoCC,2015,XLM,PRM_FRS,421547.9052729378
SSP2_BaU_NoCC,2015,XLM,MNG_FRS,17743.667883266666
SSP2_BaU_NoCC,2015,XLM,BIOCROP,45.48735650951225
SSP2_BaU_NoCC,2015,XLM,GRAZING,354244.8869857953
SSP2_BaU_NoCC,2015,XLM,GRASS,262047.93898804602
SSP2_BaU_NoCC,2015,XLM,URB,4894.335314867021
SSP2_BaU_NoCC,2015,CIS,OTH,253974.9918984375
SSP2_BaU_NoCC,2015,CIS,CROP,109788.38361204628
SSP2_BaU_NoCC,2015,CIS,CROP_FLW,91413.24535464241
SSP2_BaU_NoCC,2015,CIS,PRM_FRS,796590.980224204
SSP2_BaU_NoCC,2015,CIS,MNG_FRS,50278.395726706665
SSP2_BaU_NoCC,2015,CIS,BIOCROP,56.23823549483474
SSP2_BaU_NoCC,2015,CIS,GRAZING,362763.51399578695
SSP2_BaU_NoCC,2015,CIS,GRASS,194407.12508488176
SSP2_BaU_NoCC,2015,CIS,URB,5880.5270887603765
SSP2_BaU_NoCC,2015,XME,OTH,281021.7655625
SSP2_BaU_NoCC,2015,XME,CROP,32323.76641395612
SSP2_BaU_NoCC,2015,XME,CROP_FLW,3962.438497843828
SSP2_BaU_NoCC,2015,XME,PRM_FRS,10282.17142611019
SSP2_BaU_NoCC,2015,XME,MNG_FRS,655.5245325597003
SSP2_BaU_NoCC,2015,XME,BIOCROP,226.7227525563456
SSP2_BaU_NoCC,2015,XME,GRAZING,246467.43070514023
SSP2_BaU_NoCC,2015,XME,GRASS,103076.21702791605
SSP2_BaU_NoCC,2015,XME,URB,2128.071955810547
SSP2_BaU_NoCC,2015,XNF,OTH,456890.6350624999
SSP2_BaU_NoCC,2015,XNF,CROP,24906.49847740414
SSP2_BaU_NoCC,2015,XNF,CROP_FLW,5660.976837045448
SSP2_BaU_NoCC,2015,XNF,PRM_FRS,3560.3469432554944
SSP2_BaU_NoCC,2015,XNF,MNG_FRS,74.8927879440805
SSP2_BaU_NoCC,2015,XNF,BIOCROP,601.8942517425203
SSP2_BaU_NoCC,2015,XNF,GRAZING,69020.00379198448
SSP2_BaU_NoCC,2015,XNF,GRASS,11423.35435169052
SSP2_BaU_NoCC,2015,XNF,URB,927.4797019042969
SSP2_BaU_NoCC,2015,XAF,OTH,399410.63371875
SSP2_BaU_NoCC,2015,XAF,CROP,221207.7901358437
SSP2_BaU_NoCC,2015,XAF,CROP_FLW,29889.35832587735
SSP2_BaU_NoCC,2015,XAF,PRM_FRS,553189.7924773952
SSP2_BaU_NoCC,2015,XAF,MNG_FRS,21004.714726866918
SSP2_BaU_NoCC,2015,XAF,BIOCROP,8.435117535692726
SSP2_BaU_NoCC,2015,XAF,GRAZING,876494.2884506751
SSP2_BaU_NoCC,2015,XAF,GRASS,635478.4189330845
SSP2_BaU_NoCC,2015,XAF,URB,2896.931178625107
SSP2_BaU_NoCC,2015,ASIA2,OTH,312611.42105468747
SSP2_BaU_NoCC,2015,ASIA2,CROP,432662.27325240977
SSP2_BaU_NoCC,2015,ASIA2,CROP_FLW,18704.1046531933
SSP2_BaU_NoCC,2015,ASIA2,PRM_FRS,452613.63812353095
SSP2_BaU_NoCC,2015,ASIA2,MNG_FRS,58386.39706434758
SSP2_BaU_NoCC,2015,ASIA2,BIOCROP,425.60936887396787
SSP2_BaU_NoCC,2015,ASIA2,GRAZING,580156.7360898907
SSP2_BaU_NoCC,2015,ASIA2,GRASS,242370.66280320293
SSP2_BaU_NoCC,2015,ASIA2,URB,16641.596986114502
SSP2_BaU_NoCC,2015,World,OTH,2111196.772609375
SSP2_BaU_NoCC,2015,World,CROP,1269746.8714912373
SSP2_BaU_NoCC,2015,World,CROP_FLW,352007.78756663424
SSP2_BaU_NoCC,2015,World,PRM_FRS,3468458.167557258
SSP2_BaU_NoCC,2015,World,MNG_FRS,340715.04876104736
SSP2_BaU_NoCC,2015,World,BIOCROP,6059.775626545411
SSP2_BaU_NoCC,2015,World,GRAZING,3432404.5721424394
SSP2_BaU_NoCC,2015,World,GRASS,2261193.45271795
SSP2_BaU_NoCC,2015,World,URB,61494.25336591386
SSP2_BaU_NoCC,2015,Non-OECD,OTH,1776092.664609375
SSP2_BaU_NoCC,2015,Non-OECD,CROP,956228.3819154394
SSP2_BaU_NoCC,2015,Non-OECD,CROP_FLW,177442.25854523724
SSP2_BaU_NoCC,2015,Non-OECD,PRM_FRS,2678104.9721286567
SSP2_BaU_NoCC,2015,Non-OECD,MNG_FRS,152414.16945403
SSP2_BaU_NoCC,2015,Non-OECD,BIOCROP,1565.437374796855
SSP2_BaU_NoCC,2015,Non-OECD,GRAZING,2692481.7774823476
SSP2_BaU_NoCC,2015,Non-OECD,GRASS,1606830.331076379
SSP2_BaU_NoCC,2015,Non-OECD,URB,35401.19061899567
SSP2_BaU_NoCC,2015,Industrial,OTH,321872.108
SSP2_BaU_NoCC,2015,Industrial,CROP,243619.53399845154
SSP2_BaU_NoCC,2015,Industrial,CROP_FLW,165741.17097924254
SSP2_BaU_NoCC,2015,Industrial,PRM_FRS,759942.6590764656
SSP2_BaU_NoCC,2015,Industrial,MNG_FRS,179848.55513508938
SSP2_BaU_NoCC,2015,Industrial,BIOCROP,4181.055770076364
SSP2_BaU_NoCC,2015,Industrial,GRAZING,710654.8712130587
SSP2_BaU_NoCC,2015,Industrial,GRASS,627073.5985438708
SSP2_BaU_NoCC,2015,Industrial,URB,24181.440413742544
SSP2_BaU_NoCC,2015,Transition,OTH,520635.75745312497
SSP2_BaU_NoCC,2015,Transition,CROP,543868.1790700911
SSP2_BaU_NoCC,2015,Transition,CROP_FLW,104001.05169397687
SSP2_BaU_NoCC,2015,Transition,PRM_FRS,1502302.5783915077
SSP2_BaU_NoCC,2015,Transition,MNG_FRS,106570.02395780434
SSP2_BaU_NoCC,2015,Transition,BIOCROP,928.6433821576945
SSP2_BaU_NoCC,2015,Transition,GRAZING,1005427.6967668626
SSP2_BaU_NoCC,2015,Transition,GRASS,499801.06876524596
SSP2_BaU_NoCC,2015,Transition,URB,22567.039569885255
SSP2_BaU_NoCC,2015,Developing,OTH,1268688.90715625
SSP2_BaU_NoCC,2015,Developing,CROP,482259.15842269466
SSP2_BaU_NoCC,2015,Developing,CROP_FLW,82265.56489341488
SSP2_BaU_NoCC,2015,Developing,PRM_FRS,1206212.9300892854
SSP2_BaU_NoCC,2015,Developing,MNG_FRS,54296.46966815372
SSP2_BaU_NoCC,2015,Developing,BIOCROP,950.0764743113525
SSP2_BaU_NoCC,2015,Developing,GRAZING,1716322.0041625176
SSP2_BaU_NoCC,2015,Developing,GRASS,1134318.785408833
SSP2_BaU_NoCC,2015,Developing,URB,14745.773382286072
SSP2_BaU_NoCC,2015,R5ASIA,OTH,312611.42105468747
SSP2_BaU_NoCC,2015,R5ASIA,CROP,429930.82731459476
SSP2_BaU_NoCC,2015,R5ASIA,CROP_FLW,17808.420585505857
SSP2_BaU_NoCC,2015,R5ASIA,PRM_FRS,430313.19632002787
SSP2_BaU_NoCC,2015,R5ASIA,MNG_FRS,55728.614734921495
SSP2_BaU_NoCC,2015,R5ASIA,BIOCROP,396.8605299312722
SSP2_BaU_NoCC,2015,R5ASIA,GRAZING,580106.900978341
SSP2_BaU_NoCC,2015,R5ASIA,GRASS,241673.27514250157
SSP2_BaU_NoCC,2015,R5ASIA,URB,14931.307018096923
SSP2_BaU_NoCC,2015,R5OECD90+EU,OTH,335104.108
SSP2_BaU_NoCC,2015,R5OECD90+EU,CROP,313518.48957579787
SSP2_BaU_NoCC,2015,R5OECD90+EU,CROP_FLW,174565.52902139706
SSP2_BaU_NoCC,2015,R5OECD90+EU,PRM_FRS,790353.1954286022
SSP2_BaU_NoCC,2015,R5OECD90+EU,MNG_FRS,188300.8793070175
SSP2_BaU_NoCC,2015,R5OECD90+EU,BIOCROP,4494.338251748556
SSP2_BaU_NoCC,2015,R5OECD90+EU,GRAZING,739922.7946600916
SSP2_BaU_NoCC,2015,R5OECD90+EU,GRASS,654363.121641571
SSP2_BaU_NoCC,2015,R5OECD90+EU,URB,26093.062746918204
SSP2_BaU_NoCC,2015,R5REF,OTH,253974.9918984375
SSP2_BaU_NoCC,2015,R5REF,CROP,109788.38361204628
SSP2_BaU_NoCC,2015,R5REF,CROP_FLW,91413.24535464241
SSP2_BaU_NoCC,2015,R5REF,PRM_FRS,796590.980224204
SSP2_BaU_NoCC,2015,R5REF,MNG_FRS,50278.395726706665
SSP2_BaU_NoCC,2015,R5REF,BIOCROP,56.23823549483474
SSP2_BaU_NoCC,2015,R5REF,GRAZING,362763.51399578695
SSP2_BaU_NoCC,2015,R5REF,GRASS,194407.12508488176
SSP2_BaU_NoCC,2015,R5REF,URB,5880.5270887603765
SSP2_BaU_NoCC,2015,R5MAF,OTH,1137323.0343437498
SSP2_BaU_NoCC,2015,R5MAF,CROP,278438.055027204
SSP2_BaU_NoCC,2015,R5MAF,CROP_FLW,39512.77366076663
SSP2_BaU_NoCC,2015,R5MAF,PRM_FRS,567032.3108467609
SSP2_BaU_NoCC,2015,R5MAF,MNG_FRS,21735.1320473707
SSP2_BaU_NoCC,2015,R5MAF,BIOCROP,837.0521218345585
SSP2_BaU_NoCC,2015,R5MAF,GRAZING,1191981.7229477998
SSP2_BaU_NoCC,2015,R5MAF,GRASS,749977.9903126911
SSP2_BaU_NoCC,2015,R5MAF,URB,5952.48283633995
SSP2_BaU_NoCC,2015,R5LAM,OTH,72183.21731250001
SSP2_BaU_NoCC,2015,R5LAM,CROP,138071.11596159448
SSP2_BaU_NoCC,2015,R5LAM,CROP_FLW,28707.818944322345
SSP2_BaU_NoCC,2015,R5LAM,PRM_FRS,884168.4847376636
SSP2_BaU_NoCC,2015,R5LAM,MNG_FRS,24672.026945031117
SSP2_BaU_NoCC,2015,R5LAM,BIOCROP,275.2864875361894
SSP2_BaU_NoCC,2015,R5LAM,GRAZING,557629.6395604195
SSP2_BaU_NoCC,2015,R5LAM,GRASS,420771.9405363046
SSP2_BaU_NoCC,2015,R5LAM,URB,8636.873675798419
SSP2_BaU_NoCC,2020,USA,OTH,33613.452
SSP2_BaU_NoCC,2020,USA,CROP,109285.893726925
SSP2_BaU_NoCC,2020,USA,CROP_FLW,80740.44294691674
SSP2_BaU_NoCC,2020,USA,PRM_FRS,232329.28840738937
SSP2_BaU_NoCC,2020,USA,MNG_FRS,59161.93075303975
SSP2_BaU_NoCC,2020,USA,BIOCROP,5473.820035510239
SSP2_BaU_NoCC,2020,USA,GRAZING,236499.53174646848
SSP2_BaU_NoCC,2020,USA,GRASS,110661.00126756635
SSP2_BaU_NoCC,2020,USA,URB,11695.345311309815
SSP2_BaU_NoCC,2020,XE25,OTH,3206.0
SSP2_BaU_NoCC,2020,XE25,CROP,77140.62562168334
SSP2_BaU_NoCC,2020,XE25,CROP_FLW,27433.33499707652
SSP2_BaU_NoCC,2020,XE25,PRM_FRS,81545.79592199845
SSP2_BaU_NoCC,2020,XE25,MNG_FRS,62703.03064857909
SSP2_BaU_NoCC,2020,XE25,BIOCROP,2847.0508800170396
SSP2_BaU_NoCC,2020,XE25,GRAZING,58859.11487343522
SSP2_BaU_NoCC,2020,XE25,GRASS,33175.31511295641
SSP2_BaU_NoCC,2020,XE25,URB,9106.496241195679
SSP2_BaU_NoCC,2020,XER,OTH,13232.0
SSP2_BaU_NoCC,2020,XER,CROP,46860.25259530454
SSP2_BaU_NoCC,2020,XER,CROP_FLW,3113.9953433491874
SSP2_BaU_NoCC,2020,XER,PRM_FRS,22459.3079280256
SSP2_BaU_NoCC,2020,XER,MNG_FRS,6851.514284898134
SSP2_BaU_NoCC,2020,XER,BIOCROP,803.8661324386276
SSP2_BaU_NoCC,2020,XER,GRAZING,14855.00499498316
SSP2_BaU_NoCC,2020,XER,GRASS,4174.170482390298
SSP2_BaU_NoCC,2020,XER,URB,1090.242361709595
SSP2_BaU_NoCC,2020,TUR,CROP,23227.11136653538
SSP2_BaU_NoCC,2020,TUR,CROP_FLW,5539.157953693177
SSP2_BaU_NoCC,2020,TUR,PRM_FRS,7963.052542333228
SSP2_BaU_NoCC,2020,TUR,MNG_FRS,1298.0776145329653
SSP2_BaU_NoCC,2020,TUR,BIOCROP,209.72542310159153
SSP2_BaU_NoCC,2020,TUR,GRAZING,14356.57233111227
SSP2_BaU_NoCC,2020,TUR,GRASS,22745.09417727262
SSP2_BaU_NoCC,2020,TUR,URB,821.3799714660644
SSP2_BaU_NoCC,2020,XOC,OTH,1467.0
SSP2_BaU_NoCC,2020,XOC,CROP,25386.775169202378
SSP2_BaU_NoCC,2020,XOC,CROP_FLW,31458.57227742609
SSP2_BaU_NoCC,2020,XOC,PRM_FRS,164053.28410186397
SSP2_BaU_NoCC,2020,XOC,MNG_FRS,4821.596972625406
SSP2_BaU_NoCC,2020,XOC,BIOCROP,27.284219757786172
SSP2_BaU_NoCC,2020,XOC,GRAZING,397324.09866339236
SSP2_BaU_NoCC,2020,XOC,GRASS,475422.5740796668
SSP2_BaU_NoCC,2020,XOC,URB,883.3264156804086
SSP2_BaU_NoCC,2020,CHN,OTH,239998.39534375
SSP2_BaU_NoCC,2020,CHN,CROP,131262.88477246577
SSP2_BaU_NoCC,2020,CHN,PRM_FRS,171624.01323577095
SSP2_BaU_NoCC,2020,CHN,MNG_FRS,24784.57767627674
SSP2_BaU_NoCC,2020,CHN,BIOCROP,1043.7149619424774
SSP2_BaU_NoCC,2020,CHN,GRAZING,399494.0486833797
SSP2_BaU_NoCC,2020,CHN,GRASS,94402.54020841255
SSP2_BaU_NoCC,2020,CHN,URB,8006.078889526368
SSP2_BaU_NoCC,2020,IND,OTH,13430.3702109375
SSP2_BaU_NoCC,2020,IND,CROP,173973.87442352014
SSP2_BaU_NoCC,2020,IND,PRM_FRS,38295.408216263175
SSP2_BaU_NoCC,2020,IND,MNG_FRS,15001.995706761445
SSP2_BaU_NoCC,2020,IND,BIOCROP,222.22667713327965
SSP2_BaU_NoCC,2020,IND,GRAZING,9155.674478293236
SSP2_BaU_NoCC,2020,IND,GRASS,23368.929129977267
SSP2_BaU_NoCC,2020,IND,URB,3026.2728974914553
SSP2_BaU_NoCC,2020,JPN,CROP,2688.2121877216528
SSP2_BaU_NoCC,2020,JPN,CROP_FLW,904.74157239952
SSP2_BaU_NoCC,2020,JPN,PRM_FRS,22447.277700167113
SSP2_BaU_NoCC,2020,JPN,MNG_FRS,2530.1499783960576
SSP2_BaU_NoCC,2020,JPN,BIOCROP,40.287356937884574
SSP2_BaU_NoCC,2020,JPN,GRAZING,49.755413196275825
SSP2_BaU_NoCC,2020,JPN,GRASS,700.9015408069615
SSP2_BaU_NoCC,2020,JPN,URB,1710.2899680175783
SSP2_BaU_NoCC,2020,XSE,OTH,14506.901
SSP2_BaU_NoCC,2020,XSE,CROP,97436.65913494346
SSP2_BaU_NoCC,2020,XSE,CROP_FLW,10810.592348453716
SSP2_BaU_NoCC,2020,XSE,PRM_FRS,207180.2706238858
SSP2_BaU_NoCC,2020,XSE,MNG_FRS,10369.164240194492
SSP2_BaU_NoCC,2020,XSE,BIOCROP,183.08339795651102
SSP2_BaU_NoCC,2020,XSE,GRAZING,130078.84523219352
SSP2_BaU_NoCC,2020,XSE,GRASS,78206.67103022203
SSP2_BaU_NoCC,2020,XSE,URB,3032.1656320037837
SSP2_BaU_NoCC,2020,XSA,OTH,44675.7545
SSP2_BaU_NoCC,2020,XSA,CROP,39066.71685757552
SSP2_BaU_NoCC,2020,XSA,CROP_FLW,5953.652294757005
SSP2_BaU_NoCC,2020,XSA,PRM_FRS,7331.02751963144
SSP2_BaU_NoCC,2020,XSA,MNG_FRS,4455.30500917563
SSP2_BaU_NoCC,2020,XSA,BIOCROP,26.269598503780216
SSP2_BaU_NoCC,2020,XSA,GRAZING,39790.94763210746
SSP2_BaU_NoCC,2020,XSA,GRASS,42439.00251602523
SSP2_BaU_NoCC,2020,XSA,URB,866.7895990753174
SSP2_BaU_NoCC,2020,CAN,OTH,283585.656
SSP2_BaU_NoCC,2020,CAN,CROP,30312.677122246685
SSP2_BaU_NoCC,2020,CAN,CROP_FLW,25364.49971541127
SSP2_BaU_NoCC,2020,CAN,PRM_FRS,256834.06833870572
SSP2_BaU_NoCC,2020,CAN,MNG_FRS,48641.65818428887
SSP2_BaU_NoCC,2020,CAN,BIOCROP,966.8651300596771
SSP2_BaU_NoCC,2020,CAN,GRAZING,15273.555057089188
SSP2_BaU_NoCC,2020,CAN,GRASS,7956.432995331236
SSP2_BaU_NoCC,2020,CAN,URB,785.9824775390625
SSP2_BaU_NoCC,2020,BRA,CROP,66068.49539001241
SSP2_BaU_NoCC,2020,BRA,CROP_FLW,3592.044452345346
SSP2_BaU_NoCC,2020,BRA,PRM_FRS,459004.7932713347
SSP2_BaU_NoCC,2020,BRA,MNG_FRS,6802.290726749687
SSP2_BaU_NoCC,2020,BRA,BIOCROP,313.0294405339203
SSP2_BaU_NoCC,2020,BRA,GRAZING,207584.19503557452
SSP2_BaU_NoCC,2020,BRA,GRASS,157149.72013716388
SSP2_BaU_NoCC,2020,BRA,URB,3742.538360931397
SSP2_BaU_NoCC,2020,XLM,OTH,72183.21731250001
SSP2_BaU_NoCC,2020,XLM,CROP,75652.28066514627
SSP2_BaU_NoCC,2020,XLM,CROP_FLW,24695.57973845195
SSP2_BaU_NoCC,2020,XLM,PRM_FRS,417418.6834650158
SSP2_BaU_NoCC,2020,XLM,MNG_FRS,17712.301367968623
SSP2_BaU_NoCC,2020,XLM,BIOCROP,114.90583298925952
SSP2_BaU_NoCC,2020,XLM,GRAZING,357682.7925691651
SSP2_BaU_NoCC,2020,XLM,GRASS,260505.20108042046
SSP2_BaU_NoCC,2020,XLM,URB,4894.335314867021
SSP2_BaU_NoCC,2020,CIS,OTH,253974.9918984375
SSP2_BaU_NoCC,2020,CIS,CROP,107393.90500593022
SSP2_BaU_NoCC,2020,CIS,CROP_FLW,91251.87867082184
SSP2_BaU_NoCC,2020,CIS,PRM_FRS,800988.474727271
SSP2_BaU_NoCC,2020,CIS,MNG_FRS,48285.28034676254
SSP2_BaU_NoCC,2020,CIS,BIOCROP,213.92218098287938
SSP2_BaU_NoCC,2020,CIS,GRAZING,362866.19388399896
SSP2_BaU_NoCC,2020,CIS,GRASS,194298.22741799513
SSP2_BaU_NoCC,2020,CIS,URB,5880.5270887603765
SSP2_BaU_NoCC,2020,XME,OTH,281021.7655625
SSP2_BaU_NoCC,2020,XME,CROP,34736.920265443754
SSP2_BaU_NoCC,2020,XME,CROP_FLW,3591.8894634522403
SSP2_BaU_NoCC,2020,XME,PRM_FRS,9575.568651851294
SSP2_BaU_NoCC,2020,XME,MNG_FRS,663.6843651448276
SSP2_BaU_NoCC,2020,XME,BIOCROP,449.36843789802214
SSP2_BaU_NoCC,2020,XME,GRAZING,248654.68798549304
SSP2_BaU_NoCC,2020,XME,GRASS,99322.15218679913
SSP2_BaU_NoCC,2020,XME,URB,2128.071955810547
SSP2_BaU_NoCC,2020,XNF,OTH,456890.6350624999
SSP2_BaU_NoCC,2020,XNF,CROP,27076.630677579324
SSP2_BaU_NoCC,2020,XNF,CROP_FLW,4794.763834235857
SSP2_BaU_NoCC,2020,XNF,PRM_FRS,3231.3893617830017
SSP2_BaU_NoCC,2020,XNF,MNG_FRS,74.87162146253378
SSP2_BaU_NoCC,2020,XNF,BIOCROP,754.0979798882998
SSP2_BaU_NoCC,2020,XNF,GRAZING,69664.26821497663
SSP2_BaU_NoCC,2020,XNF,GRASS,9651.9457511411
SSP2_BaU_NoCC,2020,XNF,URB,927.4797019042969
SSP2_BaU_NoCC,2020,XAF,OTH,399410.63371875
SSP2_BaU_NoCC,2020,XAF,CROP,246497.15996211712
SSP2_BaU_NoCC,2020,XAF,CROP_FLW,28201.735069497965
SSP2_BaU_NoCC,2020,XAF,PRM_FRS,529104.7048418206
SSP2_BaU_NoCC,2020,XAF,MNG_FRS,21983.166495837122
SSP2_BaU_NoCC,2020,XAF,BIOCROP,19.267439965395763
SSP2_BaU_NoCC,2020,XAF,GRAZING,885136.0979744835
SSP2_BaU_NoCC,2020,XAF,GRASS,626330.6663835556
SSP2_BaU_NoCC,2020,XAF,URB,2896.931178625107
SSP2_BaU_NoCC,2020,ASIA2,OTH,312611.42105468747
SSP2_BaU_NoCC,2020,ASIA2,CROP,444428.3473762265
SSP2_BaU_NoCC,2020,ASIA2,CROP_FLW,17668.98621561024
SSP2_BaU_NoCC,2020,ASIA2,PRM_FRS,446877.99729571847
SSP2_BaU_NoCC,2020,ASIA2,MNG_FRS,57141.19261080436
SSP2_BaU_NoCC,2020,ASIA2,BIOCROP,1515.5819924739328
SSP2_BaU_NoCC,2020,ASIA2,GRAZING,578569.2714391701
SSP2_BaU_NoCC,2020,ASIA2,GRASS,239118.04442544407
SSP2_BaU_NoCC,2020,ASIA2,URB,16641.596986114502
SSP2_BaU_NoCC,2020,World,OTH,2111196.772609375
SSP2_BaU_NoCC,2020,World,CROP,1314067.0749443532
SSP2_BaU_NoCC,2020,World,CROP_FLW,347446.88067828835
SSP2_BaU_NoCC,2020,World,PRM_FRS,3431386.408855111
SSP2_BaU_NoCC,2020,World,MNG_FRS,336140.59599269385
SSP2_BaU_NoCC,2020,World,BIOCROP,13708.785125616674
SSP2_BaU_NoCC,2020,World,GRAZING,3447325.384769342
SSP2_BaU_NoCC,2020,World,GRASS,2240510.545497703
SSP2_BaU_NoCC,2020,World,URB,61494.25336591386
SSP2_BaU_NoCC,2020,Non-OECD,OTH,1776092.664609375
SSP2_BaU_NoCC,2020,Non-OECD,CROP,999165.5271547339
SSP2_BaU_NoCC,2020,Non-OECD,CROP_FLW,172892.1358720159
SSP2_BaU_NoCC,2020,Non-OECD,PRM_FRS,2643754.333914628
SSP2_BaU_NoCC,2020,Non-OECD,MNG_FRS,150132.63755633365
SSP2_BaU_NoCC,2020,Non-OECD,BIOCROP,3339.8859477938254
SSP2_BaU_NoCC,2020,Non-OECD,GRAZING,2710107.751689666
SSP2_BaU_NoCC,2020,Non-OECD,GRASS,1585675.0558417123
SSP2_BaU_NoCC,2020,Non-OECD,URB,35401.19061899567
SSP2_BaU_NoCC,2020,Industrial,OTH,321872.108
SSP2_BaU_NoCC,2020,Industrial,CROP,244814.18382777905
SSP2_BaU_NoCC,2020,Industrial,CROP_FLW,165901.59150923011
SSP2_BaU_NoCC,2020,Industrial,PRM_FRS,757209.7144701246
SSP2_BaU_NoCC,2020,Industrial,MNG_FRS,177858.36653692918
SSP2_BaU_NoCC,2020,Industrial,BIOCROP,9355.307622282628
SSP2_BaU_NoCC,2020,Industrial,GRAZING,708006.0557535816
SSP2_BaU_NoCC,2020,Industrial,GRASS,627916.2249963278
SSP2_BaU_NoCC,2020,Industrial,URB,24181.440413742544
SSP2_BaU_NoCC,2020,Transition,OTH,520635.75745312497
SSP2_BaU_NoCC,2020,Transition,CROP,548786.5235537684
SSP2_BaU_NoCC,2020,Transition,CROP_FLW,103497.07642020955
SSP2_BaU_NoCC,2020,Transition,PRM_FRS,1500335.0499209985
SSP2_BaU_NoCC,2020,Transition,MNG_FRS,103023.73635598151
SSP2_BaU_NoCC,2020,Transition,BIOCROP,2806.4848161327764
SSP2_BaU_NoCC,2020,Transition,GRAZING,1008311.6894073419
SSP2_BaU_NoCC,2020,Transition,GRASS,496138.68155321176
SSP2_BaU_NoCC,2020,Transition,URB,22567.039569885255
SSP2_BaU_NoCC,2020,Developing,OTH,1268688.90715625
SSP2_BaU_NoCC,2020,Developing,CROP,520466.3675628054
SSP2_BaU_NoCC,2020,Developing,CROP_FLW,78048.21274884873
SSP2_BaU_NoCC,2020,Developing,PRM_FRS,1173841.644463988
SSP2_BaU_NoCC,2020,Developing,MNG_FRS,55258.49309978323
SSP2_BaU_NoCC,2020,Developing,BIOCROP,1546.9926872012686
SSP2_BaU_NoCC,2020,Developing,GRAZING,1731007.6396084195
SSP2_BaU_NoCC,2020,Developing,GRASS,1116455.6389481635
SSP2_BaU_NoCC,2020,Developing,URB,14745.773382286072
SSP2_BaU_NoCC,2020,R5ASIA,OTH,312611.42105468747
SSP2_BaU_NoCC,2020,R5ASIA,CROP,441740.1351885049
SSP2_BaU_NoCC,2020,R5ASIA,CROP_FLW,16764.24464321072
SSP2_BaU_NoCC,2020,R5ASIA,PRM_FRS,424430.7195955514
SSP2_BaU_NoCC,2020,R5ASIA,MNG_FRS,54611.0426324083
SSP2_BaU_NoCC,2020,R5ASIA,BIOCROP,1475.2946355360484
SSP2_BaU_NoCC,2020,R5ASIA,GRAZING,578519.5160259738
SSP2_BaU_NoCC,2020,R5ASIA,GRASS,238417.14288463708
SSP2_BaU_NoCC,2020,R5ASIA,URB,14931.307018096923
SSP2_BaU_NoCC,2020,R5OECD90+EU,OTH,335104.108
SSP2_BaU_NoCC,2020,R5OECD90+EU,CROP,314901.54778961895
SSP2_BaU_NoCC,2020,R5OECD90+EU,CROP_FLW,174554.7448062725
SSP2_BaU_NoCC,2020,R5OECD90+EU,PRM_FRS,787632.0749404834
SSP2_BaU_NoCC,2020,R5OECD90+EU,MNG_FRS,186007.95843636023
SSP2_BaU_NoCC,2020,R5OECD90+EU,BIOCROP,10368.899177822848
SSP2_BaU_NoCC,2020,R5OECD90+EU,GRAZING,737217.633079677
SSP2_BaU_NoCC,2020,R5OECD90+EU,GRASS,654835.4896559906
SSP2_BaU_NoCC,2020,R5OECD90+EU,URB,26093.062746918204
SSP2_BaU_NoCC,2020,R5REF,OTH,253974.9918984375
SSP2_BaU_NoCC,2020,R5REF,CROP,107393.90500593022
SSP2_BaU_NoCC,2020,R5REF,CROP_FLW,91251.87867082184
SSP2_BaU_NoCC,2020,R5REF,PRM_FRS,800988.474727271
SSP2_BaU_NoCC,2020,R5REF,MNG_FRS,48285.28034676254
SSP2_BaU_NoCC,2020,R5REF,BIOCROP,213.92218098287938
SSP2_BaU_NoCC,2020,R5REF,GRAZING,362866.19388399896
SSP2_BaU_NoCC,2020,R5REF,GRASS,194298.22741799513
SSP2_BaU_NoCC,2020,R5REF,URB,5880.5270887603765
SSP2_BaU_NoCC,2020,R5MAF,OTH,1137323.0343437498
SSP2_BaU_NoCC,2020,R5MAF,CROP,308310.7109051402
SSP2_BaU_NoCC,2020,R5MAF,CROP_FLW,36588.38836718606
SSP2_BaU_NoCC,2020,R5MAF,PRM_FRS,541911.662855455
SSP2_BaU_NoCC,2020,R5MAF,MNG_FRS,22721.722482444482
SSP2_BaU_NoCC,2020,R5MAF,BIOCROP,1222.7338577517178
SSP2_BaU_NoCC,2020,R5MAF,GRAZING,1203455.0541749531
SSP2_BaU_NoCC,2020,R5MAF,GRASS,735304.7643214959
SSP2_BaU_NoCC,2020,R5MAF,URB,5952.48283633995
SSP2_BaU_NoCC,2020,R5LAM,OTH,72183.21731250001
SSP2_BaU_NoCC,2020,R5LAM,CROP,141720.7760551587
SSP2_BaU_NoCC,2020,R5LAM,CROP_FLW,28287.624190797294
SSP2_BaU_NoCC,2020,R5LAM,PRM_FRS,876423.4767363505
SSP2_BaU_NoCC,2020,R5LAM,MNG_FRS,24514.59209471831
SSP2_BaU_NoCC,2020,R5LAM,BIOCROP,427.93527352317983
SSP2_BaU_NoCC,2020,R5LAM,GRAZING,565266.9876047396
SSP2_BaU_NoCC,2020,R5LAM,GRASS,417654.92121758434
SSP2_BaU_NoCC,2020,R5LAM,URB,8636.873675798419
SSP2_BaU_NoCC,2025,USA,OTH,33613.452
SSP2_BaU_NoCC,2025,USA,CROP,109974.9714611907
SSP2_BaU_NoCC,2025,USA,CROP_FLW,80159.0993867198
SSP2_BaU_NoCC,2025,USA,PRM_FRS,229898.62674456177
SSP2_BaU_NoCC,2025,USA,MNG_FRS,58643.05908630368
SSP2_BaU_NoCC,2025,USA,BIOCROP,10006.32529699694
SSP2_BaU_NoCC,2025,USA,GRAZING,236687.17102391203
SSP2_BaU_NoCC,2025,USA,GRASS,108782.6558841308
SSP2_BaU_NoCC,2025,USA,URB,11695.345311309815
SSP2_BaU_NoCC,2025,XE25,OTH,3206.0
SSP2_BaU_NoCC,2025,XE25,CROP,75532.29040314563
SSP2_BaU_NoCC,2025,XE25,CROP_FLW,27035.721827363555
SSP2_BaU_NoCC,2025,XE25,PRM_FRS,81702.72369662684
SSP2_BaU_NoCC,2025,XE25,MNG_FRS,61063.13966619274
SSP2_BaU_NoCC,2025,XE25,BIOCROP,6684.823417535553
SSP2_BaU_NoCC,2025,XE25,GRAZING,58860.65169121879
SSP2_BaU_NoCC,2025,XE25,GRASS,32824.91735366281
SSP2_BaU_NoCC,2025,XE25,URB,9106.496241195679
SSP2_BaU_NoCC,2025,XER,OTH,13232.0
SSP2_BaU_NoCC,2025,XER,CROP,45497.328902283785
SSP2_BaU_NoCC,2025,XER,CROP_FLW,3373.4429828483535
SSP2_BaU_NoCC,2025,XER,PRM_FRS,23081.906397024955
SSP2_BaU_NoCC,2025,XER,MNG_FRS,6575.858319402724
SSP2_BaU_NoCC,2025,XER,BIOCROP,1240.1226412233646
SSP2_BaU_NoCC,2025,XER,GRAZING,15007.587431603759
SSP2_BaU_NoCC,2025,XER,GRASS,4341.865087002525
SSP2_BaU_NoCC,2025,XER,URB,1090.242361709595
SSP2_BaU_NoCC,2025,TUR,CROP,24026.849474174243
SSP2_BaU_NoCC,2025,TUR,CROP_FLW,5289.747686868806
SSP2_BaU_NoCC,2025,TUR,PRM_FRS,7708.389206762054
SSP2_BaU_NoCC,2025,TUR,MNG_FRS,1282.6823758733856
SSP2_BaU_NoCC,2025,TUR,BIOCROP,387.27420588496693
SSP2_BaU_NoCC,2025,TUR,GRAZING,14366.068080283098
SSP2_BaU_NoCC,2025,TUR,GRASS,22277.780378734664
SSP2_BaU_NoCC,2025,TUR,URB,821.3799714660644
SSP2_BaU_NoCC,2025,XOC,OTH,1467.0
SSP2_BaU_NoCC,2025,XOC,CROP,26938.323202336265
SSP2_BaU_NoCC,2025,XOC,CROP_FLW,32201.862725186333
SSP2_BaU_NoCC,2025,XOC,PRM_FRS,162699.61206538678
SSP2_BaU_NoCC,2025,XOC,MNG_FRS,4856.313594296463
SSP2_BaU_NoCC,2025,XOC,BIOCROP,86.47696398049763
SSP2_BaU_NoCC,2025,XOC,GRAZING,395362.2796606731
SSP2_BaU_NoCC,2025,XOC,GRASS,476349.31727207557
SSP2_BaU_NoCC,2025,XOC,URB,883.3264156804086
SSP2_BaU_NoCC,2025,CHN,OTH,239998.39534375
SSP2_BaU_NoCC,2025,CHN,CROP,128014.96715100609
SSP2_BaU_NoCC,2025,CHN,PRM_FRS,173481.47692914863
SSP2_BaU_NoCC,2025,CHN,MNG_FRS,23449.843250306323
SSP2_BaU_NoCC,2025,CHN,BIOCROP,3200.2318337278853
SSP2_BaU_NoCC,2025,CHN,GRAZING,400082.5299374674
SSP2_BaU_NoCC,2025,CHN,GRASS,94382.73043659181
SSP2_BaU_NoCC,2025,CHN,URB,8006.078889526368
SSP2_BaU_NoCC,2025,IND,OTH,13430.3702109375
SSP2_BaU_NoCC,2025,IND,CROP,179173.04422611586
SSP2_BaU_NoCC,2025,IND,PRM_FRS,34753.11743899185
SSP2_BaU_NoCC,2025,IND,MNG_FRS,14982.493806055058
SSP2_BaU_NoCC,2025,IND,BIOCROP,820.2290733541586
SSP2_BaU_NoCC,2025,IND,GRAZING,8979.900893983968
SSP2_BaU_NoCC,2025,IND,GRASS,21309.323193448094
SSP2_BaU_NoCC,2025,IND,URB,3026.2728974914553
SSP2_BaU_NoCC,2025,JPN,CROP,2642.075670100391
SSP2_BaU_NoCC,2025,JPN,CROP_FLW,910.2521198474483
SSP2_BaU_NoCC,2025,JPN,PRM_FRS,22586.955909260578
SSP2_BaU_NoCC,2025,JPN,MNG_FRS,2397.977064596926
SSP2_BaU_NoCC,2025,JPN,BIOCROP,70.7077013286107
SSP2_BaU_NoCC,2025,JPN,GRAZING,49.81899984961522
SSP2_BaU_NoCC,2025,JPN,GRASS,703.5382846418937
SSP2_BaU_NoCC,2025,JPN,URB,1710.2899680175783
SSP2_BaU_NoCC,2025,XSE,OTH,14506.901
SSP2_BaU_NoCC,2025,XSE,CROP,99255.1751012367
SSP2_BaU_NoCC,2025,XSE,CROP_FLW,10390.410319637986
SSP2_BaU_NoCC,2025,XSE,PRM_FRS,205181.54818710437
SSP2_BaU_NoCC,2025,XSE,MNG_FRS,10245.57784572705
SSP2_BaU_NoCC,2025,XSE,BIOCROP,584.0824166526149
SSP2_BaU_NoCC,2025,XSE,GRAZING,131232.48652380312
SSP2_BaU_NoCC,2025,XSE,GRASS,77376.0056136876
SSP2_BaU_NoCC,2025,XSE,URB,3032.1656320037837
SSP2_BaU_NoCC,2025,XSA,OTH,44675.7545
SSP2_BaU_NoCC,2025,XSA,CROP,41473.07098796272
SSP2_BaU_NoCC,2025,XSA,CROP_FLW,5258.226265683092
SSP2_BaU_NoCC,2025,XSA,PRM_FRS,6889.257666282335
SSP2_BaU_NoCC,2025,XSA,MNG_FRS,4508.083698954941
SSP2_BaU_NoCC,2025,XSA,BIOCROP,63.68354518972702
SSP2_BaU_NoCC,2025,XSA,GRAZING,40387.71054619968
SSP2_BaU_NoCC,2025,XSA,GRASS,40482.888717503316
SSP2_BaU_NoCC,2025,XSA,URB,866.7895990753174
SSP2_BaU_NoCC,2025,CAN,OTH,283585.656
SSP2_BaU_NoCC,2025,CAN,CROP,31426.070348711517
SSP2_BaU_NoCC,2025,CAN,CROP_FLW,25207.24139589375
SSP2_BaU_NoCC,2025,CAN,PRM_FRS,255248.2664816743
SSP2_BaU_NoCC,2025,CAN,MNG_FRS,48577.72368961618
SSP2_BaU_NoCC,2025,CAN,BIOCROP,1869.0734811761963
SSP2_BaU_NoCC,2025,CAN,GRAZING,15254.275592738673
SSP2_BaU_NoCC,2025,CAN,GRASS,7767.105553322068
SSP2_BaU_NoCC,2025,CAN,URB,785.9824775390625
SSP2_BaU_NoCC,2025,BRA,CROP,66831.48161595954
SSP2_BaU_NoCC,2025,BRA,CROP_FLW,3425.8552933208407
SSP2_BaU_NoCC,2025,BRA,PRM_FRS,456001.06489062734
SSP2_BaU_NoCC,2025,BRA,MNG_FRS,6655.779036054376
SSP2_BaU_NoCC,2025,BRA,BIOCROP,467.05663482635293
SSP2_BaU_NoCC,2025,BRA,GRAZING,211886.793799804
SSP2_BaU_NoCC,2025,BRA,GRASS,155246.53718312233
SSP2_BaU_NoCC,2025,BRA,URB,3742.538360931397
SSP2_BaU_NoCC,2025,XLM,OTH,72183.21731250001
SSP2_BaU_NoCC,2025,XLM,CROP,78064.56701461364
SSP2_BaU_NoCC,2025,XLM,CROP_FLW,24344.523585158808
SSP2_BaU_NoCC,2025,XLM,PRM_FRS,413159.63117093453
SSP2_BaU_NoCC,2025,XLM,MNG_FRS,17586.284638514404
SSP2_BaU_NoCC,2025,XLM,BIOCROP,295.2807287306975
SSP2_BaU_NoCC,2025,XLM,GRAZING,361960.9670793886
SSP2_BaU_NoCC,2025,XLM,GRASS,258370.49050181685
SSP2_BaU_NoCC,2025,XLM,URB,4894.335314867021
SSP2_BaU_NoCC,2025,CIS,OTH,253974.9918984375
SSP2_BaU_NoCC,2025,CIS,CROP,103364.27457146985
SSP2_BaU_NoCC,2025,CIS,CROP_FLW,90386.91771201321
SSP2_BaU_NoCC,2025,CIS,PRM_FRS,806419.7225624021
SSP2_BaU_NoCC,2025,CIS,MNG_FRS,46392.6346852226
SSP2_BaU_NoCC,2025,CIS,BIOCROP,914.8034724571994
SSP2_BaU_NoCC,2025,CIS,GRAZING,365082.85501339607
SSP2_BaU_NoCC,2025,CIS,GRASS,192736.67421680168
SSP2_BaU_NoCC,2025,CIS,URB,5880.5270887603765
SSP2_BaU_NoCC,2025,XME,OTH,281021.7655625
SSP2_BaU_NoCC,2025,XME,CROP,36646.56044658627
SSP2_BaU_NoCC,2025,XME,CROP_FLW,3202.8368035973385
SSP2_BaU_NoCC,2025,XME,PRM_FRS,8912.297183276763
SSP2_BaU_NoCC,2025,XME,MNG_FRS,667.4772349824392
SSP2_BaU_NoCC,2025,XME,BIOCROP,1118.2523600594907
SSP2_BaU_NoCC,2025,XME,GRAZING,251529.4727826902
SSP2_BaU_NoCC,2025,XME,GRASS,94917.37454488988
SSP2_BaU_NoCC,2025,XME,URB,2128.071955810547
SSP2_BaU_NoCC,2025,XNF,OTH,456890.6350624999
SSP2_BaU_NoCC,2025,XNF,CROP,29110.640455692293
SSP2_BaU_NoCC,2025,XNF,CROP_FLW,3780.2534779861658
SSP2_BaU_NoCC,2025,XNF,PRM_FRS,2884.443008530568
SSP2_BaU_NoCC,2025,XNF,MNG_FRS,74.33758955880005
SSP2_BaU_NoCC,2025,XNF,BIOCROP,1149.9618347801181
SSP2_BaU_NoCC,2025,XNF,GRAZING,70616.01364987034
SSP2_BaU_NoCC,2025,XNF,GRASS,7632.317424648427
SSP2_BaU_NoCC,2025,XNF,URB,927.4797019042969
SSP2_BaU_NoCC,2025,XAF,OTH,399410.63371875
SSP2_BaU_NoCC,2025,XAF,CROP,274135.583488152
SSP2_BaU_NoCC,2025,XAF,CROP_FLW,25425.07882889986
SSP2_BaU_NoCC,2025,XAF,PRM_FRS,502110.1489464117
SSP2_BaU_NoCC,2025,XAF,MNG_FRS,22864.21320542661
SSP2_BaU_NoCC,2025,XAF,BIOCROP,103.1058501536337
SSP2_BaU_NoCC,2025,XAF,GRAZING,907705.5484709537
SSP2_BaU_NoCC,2025,XAF,GRASS,604929.1193772797
SSP2_BaU_NoCC,2025,XAF,URB,2896.931178625107
SSP2_BaU_NoCC,2025,ASIA2,OTH,312611.42105468747
SSP2_BaU_NoCC,2025,ASIA2,CROP,450558.3331364218
SSP2_BaU_NoCC,2025,ASIA2,CROP_FLW,16558.888705168523
SSP2_BaU_NoCC,2025,ASIA2,PRM_FRS,442892.35613078775
SSP2_BaU_NoCC,2025,ASIA2,MNG_FRS,55583.9756656403
SSP2_BaU_NoCC,2025,ASIA2,BIOCROP,4738.934570252996
SSP2_BaU_NoCC,2025,ASIA2,GRAZING,580732.4469013038
SSP2_BaU_NoCC,2025,ASIA2,GRASS,234254.48624587271
SSP2_BaU_NoCC,2025,ASIA2,URB,16641.596986114502
SSP2_BaU_NoCC,2025,World,OTH,2111196.772609375
SSP2_BaU_NoCC,2025,World,CROP,1352107.2745207376
SSP2_BaU_NoCC,2025,World,CROP_FLW,340391.47041102534
SSP2_BaU_NoCC,2025,World,PRM_FRS,3392719.188485007
SSP2_BaU_NoCC,2025,World,MNG_FRS,330823.4787870846
SSP2_BaU_NoCC,2025,World,BIOCROP,29061.49145805801
SSP2_BaU_NoCC,2025,World,GRAZING,3485052.131177836
SSP2_BaU_NoCC,2025,World,GRASS,2200430.64102336
SSP2_BaU_NoCC,2025,World,URB,61494.25336591386
SSP2_BaU_NoCC,2025,Non-OECD,OTH,1776092.664609375
SSP2_BaU_NoCC,2025,Non-OECD,CROP,1036069.365058795
SSP2_BaU_NoCC,2025,Non-OECD,CROP_FLW,166214.1022862973
SSP2_BaU_NoCC,2025,Non-OECD,PRM_FRS,2609792.70798371
SSP2_BaU_NoCC,2025,Non-OECD,MNG_FRS,147426.72499080258
SSP2_BaU_NoCC,2025,Non-OECD,BIOCROP,8716.687749931878
SSP2_BaU_NoCC,2025,Non-OECD,GRAZING,2749464.2786975573
SSP2_BaU_NoCC,2025,Non-OECD,GRASS,1547383.4612097896
SSP2_BaU_NoCC,2025,Non-OECD,URB,35401.19061899567
SSP2_BaU_NoCC,2025,Industrial,OTH,321872.108
SSP2_BaU_NoCC,2025,Industrial,CROP,246513.7310854845
SSP2_BaU_NoCC,2025,Industrial,CROP_FLW,165514.17745501088
SSP2_BaU_NoCC,2025,Industrial,PRM_FRS,752136.1848975102
SSP2_BaU_NoCC,2025,Industrial,MNG_FRS,175538.213101006
SSP2_BaU_NoCC,2025,Industrial,BIOCROP,18717.4068610178
SSP2_BaU_NoCC,2025,Industrial,GRAZING,706214.1969683922
SSP2_BaU_NoCC,2025,Industrial,GRASS,626427.5343478333
SSP2_BaU_NoCC,2025,Industrial,URB,24181.440413742544
SSP2_BaU_NoCC,2025,Transition,OTH,520635.75745312497
SSP2_BaU_NoCC,2025,Transition,CROP,546907.9459410093
SSP2_BaU_NoCC,2025,Transition,CROP_FLW,102475.96367505121
SSP2_BaU_NoCC,2025,Transition,PRM_FRS,1501445.677424957
SSP2_BaU_NoCC,2025,Transition,MNG_FRS,99339.29147291445
SSP2_BaU_NoCC,2025,Transition,BIOCROP,7029.717861473928
SSP2_BaU_NoCC,2025,Transition,GRAZING,1015405.7351565384
SSP2_BaU_NoCC,2025,Transition,GRASS,490294.91049570113
SSP2_BaU_NoCC,2025,Transition,URB,22567.039569885255
SSP2_BaU_NoCC,2025,Developing,OTH,1268688.90715625
SSP2_BaU_NoCC,2025,Developing,CROP,558685.5974942436
SSP2_BaU_NoCC,2025,Developing,CROP_FLW,72401.32928096325
SSP2_BaU_NoCC,2025,Developing,PRM_FRS,1139137.3261625401
SSP2_BaU_NoCC,2025,Developing,MNG_FRS,55945.97421316425
SSP2_BaU_NoCC,2025,Developing,BIOCROP,3314.366735566282
SSP2_BaU_NoCC,2025,Developing,GRAZING,1763432.1990529057
SSP2_BaU_NoCC,2025,Developing,GRASS,1083708.1961798258
SSP2_BaU_NoCC,2025,Developing,URB,14745.773382286072
SSP2_BaU_NoCC,2025,R5ASIA,OTH,312611.42105468747
SSP2_BaU_NoCC,2025,R5ASIA,CROP,447916.2574663214
SSP2_BaU_NoCC,2025,R5ASIA,CROP_FLW,15648.636585321077
SSP2_BaU_NoCC,2025,R5ASIA,PRM_FRS,420305.4002215272
SSP2_BaU_NoCC,2025,R5ASIA,MNG_FRS,53185.99860104337
SSP2_BaU_NoCC,2025,R5ASIA,BIOCROP,4668.226868924386
SSP2_BaU_NoCC,2025,R5ASIA,GRAZING,580682.6279014542
SSP2_BaU_NoCC,2025,R5ASIA,GRASS,233550.94796123082
SSP2_BaU_NoCC,2025,R5ASIA,URB,14931.307018096923
SSP2_BaU_NoCC,2025,R5OECD90+EU,OTH,335104.108
SSP2_BaU_NoCC,2025,R5OECD90+EU,CROP,316037.90946194256
SSP2_BaU_NoCC,2025,R5OECD90+EU,CROP_FLW,174177.36812472803
SSP2_BaU_NoCC,2025,R5OECD90+EU,PRM_FRS,782926.4805012973
SSP2_BaU_NoCC,2025,R5OECD90+EU,MNG_FRS,183396.7537962821
SSP2_BaU_NoCC,2025,R5OECD90+EU,BIOCROP,20344.803708126132
SSP2_BaU_NoCC,2025,R5OECD90+EU,GRAZING,735587.852480279
SSP2_BaU_NoCC,2025,R5OECD90+EU,GRASS,653047.1798135705
SSP2_BaU_NoCC,2025,R5OECD90+EU,URB,26093.062746918204
SSP2_BaU_NoCC,2025,R5REF,OTH,253974.9918984375
SSP2_BaU_NoCC,2025,R5REF,CROP,103364.27457146985
SSP2_BaU_NoCC,2025,R5REF,CROP_FLW,90386.91771201321
SSP2_BaU_NoCC,2025,R5REF,PRM_FRS,806419.7225624021
SSP2_BaU_NoCC,2025,R5REF,MNG_FRS,46392.6346852226
SSP2_BaU_NoCC,2025,R5REF,BIOCROP,914.8034724571994
SSP2_BaU_NoCC,2025,R5REF,GRAZING,365082.85501339607
SSP2_BaU_NoCC,2025,R5REF,GRASS,192736.67421680168
SSP2_BaU_NoCC,2025,R5REF,URB,5880.5270887603765
SSP2_BaU_NoCC,2025,R5MAF,OTH,1137323.0343437498
SSP2_BaU_NoCC,2025,R5MAF,CROP,339892.78439043055
SSP2_BaU_NoCC,2025,R5MAF,CROP_FLW,32408.169110483363
SSP2_BaU_NoCC,2025,R5MAF,PRM_FRS,513906.889138219
SSP2_BaU_NoCC,2025,R5MAF,MNG_FRS,23606.02802996785
SSP2_BaU_NoCC,2025,R5MAF,BIOCROP,2371.3200449932424
SSP2_BaU_NoCC,2025,R5MAF,GRAZING,1229851.0349035142
SSP2_BaU_NoCC,2025,R5MAF,GRASS,707478.811346818
SSP2_BaU_NoCC,2025,R5MAF,URB,5952.48283633995
SSP2_BaU_NoCC,2025,R5LAM,OTH,72183.21731250001
SSP2_BaU_NoCC,2025,R5LAM,CROP,144896.04863057318
SSP2_BaU_NoCC,2025,R5LAM,CROP_FLW,27770.37887847965
SSP2_BaU_NoCC,2025,R5LAM,PRM_FRS,869160.6960615618
SSP2_BaU_NoCC,2025,R5LAM,MNG_FRS,24242.06367456878
SSP2_BaU_NoCC,2025,R5LAM,BIOCROP,762.3373635570504
SSP2_BaU_NoCC,2025,R5LAM,GRAZING,573847.7608791926
SSP2_BaU_NoCC,2025,R5LAM,GRASS,413617.0276849392
SSP2_BaU_NoCC,2025,R5LAM,URB,8636.873675798419
SSP2_BaU_NoCC,2030,USA,OTH,33613.452
SSP2_BaU_NoCC,2030,USA,CROP,110464.32080413176
SSP2_BaU_NoCC,2030,USA,CROP_FLW,79511.11949301751
SSP2_BaU_NoCC,2030,USA,PRM_FRS,227546.71432626224
SSP2_BaU_NoCC,2030,USA,MNG_FRS,57952.99261285745
SSP2_BaU_NoCC,2030,USA,BIOCROP,15010.01609508252
SSP2_BaU_NoCC,2030,USA,GRAZING,236739.69794370013
SSP2_BaU_NoCC,2030,USA,GRASS,106927.04760876537
SSP2_BaU_NoCC,2030,USA,URB,11695.345311309815
SSP2_BaU_NoCC,2030,XE25,OTH,3206.0
SSP2_BaU_NoCC,2030,XE25,CROP,73581.24366071282
SSP2_BaU_NoCC,2030,XE25,CROP_FLW,26500.122124307847
SSP2_BaU_NoCC,2030,XE25,PRM_FRS,81683.31643524895
SSP2_BaU_NoCC,2030,XE25,MNG_FRS,59366.93056344792
SSP2_BaU_NoCC,2030,XE25,BIOCROP,11346.280679066795
SSP2_BaU_NoCC,2030,XE25,GRAZING,58860.6779766955
SSP2_BaU_NoCC,2030,XE25,GRASS,32365.696616265985
SSP2_BaU_NoCC,2030,XE25,URB,9106.496241195679
SSP2_BaU_NoCC,2030,XER,OTH,13232.0
SSP2_BaU_NoCC,2030,XER,CROP,44025.6576387652
SSP2_BaU_NoCC,2030,XER,CROP_FLW,3653.178268655204
SSP2_BaU_NoCC,2030,XER,PRM_FRS,23714.80142079166
SSP2_BaU_NoCC,2030,XER,MNG_FRS,6314.167603350334
SSP2_BaU_NoCC,2030,XER,BIOCROP,1734.2097377406328
SSP2_BaU_NoCC,2030,XER,GRAZING,15159.350243665944
SSP2_BaU_NoCC,2030,XER,GRASS,4516.746848420514
SSP2_BaU_NoCC,2030,XER,URB,1090.242361709595
SSP2_BaU_NoCC,2030,TUR,CROP,24743.74638845777
SSP2_BaU_NoCC,2030,TUR,CROP_FLW,5058.699008814254
SSP2_BaU_NoCC,2030,TUR,PRM_FRS,7481.047017760662
SSP2_BaU_NoCC,2030,TUR,MNG_FRS,1260.7639318223412
SSP2_BaU_NoCC,2030,TUR,BIOCROP,590.9414747174017
SSP2_BaU_NoCC,2030,TUR,GRAZING,14359.874305567422
SSP2_BaU_NoCC,2030,TUR,GRASS,21843.719281441372
SSP2_BaU_NoCC,2030,TUR,URB,821.3799714660644
SSP2_BaU_NoCC,2030,XOC,OTH,1467.0
SSP2_BaU_NoCC,2030,XOC,CROP,28502.43227846098
SSP2_BaU_NoCC,2030,XOC,CROP_FLW,32894.52277218254
SSP2_BaU_NoCC,2030,XOC,PRM_FRS,161381.87828119058
SSP2_BaU_NoCC,2030,XOC,MNG_FRS,4868.800154980429
SSP2_BaU_NoCC,2030,XOC,BIOCROP,163.46712111298513
SSP2_BaU_NoCC,2030,XOC,GRAZING,393744.4082098443
SSP2_BaU_NoCC,2030,XOC,GRASS,476938.6766661629
SSP2_BaU_NoCC,2030,XOC,URB,883.3264156804086
SSP2_BaU_NoCC,2030,CHN,OTH,239998.39534375
SSP2_BaU_NoCC,2030,CHN,CROP,123091.38416093428
SSP2_BaU_NoCC,2030,CHN,PRM_FRS,175965.38482988116
SSP2_BaU_NoCC,2030,CHN,MNG_FRS,22046.270833119615
SSP2_BaU_NoCC,2030,CHN,BIOCROP,6729.592328543316
SSP2_BaU_NoCC,2030,CHN,GRAZING,399760.0519691741
SSP2_BaU_NoCC,2030,CHN,GRASS,95019.09541659581
SSP2_BaU_NoCC,2030,CHN,URB,8006.078889526368
SSP2_BaU_NoCC,2030,IND,OTH,13430.3702109375
SSP2_BaU_NoCC,2030,IND,CROP,182856.08365444656
SSP2_BaU_NoCC,2030,IND,PRM_FRS,32006.393302249704
SSP2_BaU_NoCC,2030,IND,MNG_FRS,14878.557647256934
SSP2_BaU_NoCC,2030,IND,BIOCROP,1798.3973191281584
SSP2_BaU_NoCC,2030,IND,GRAZING,8804.536560603574
SSP2_BaU_NoCC,2030,IND,GRASS,19674.140148263752
SSP2_BaU_NoCC,2030,IND,URB,3026.2728974914553
SSP2_BaU_NoCC,2030,JPN,CROP,2579.388261547519
SSP2_BaU_NoCC,2030,JPN,CROP_FLW,918.3274160776314
SSP2_BaU_NoCC,2030,JPN,PRM_FRS,22739.86029536505
SSP2_BaU_NoCC,2030,JPN,MNG_FRS,2264.786526673732
SSP2_BaU_NoCC,2030,JPN,BIOCROP,101.59569364913648
SSP2_BaU_NoCC,2030,JPN,GRAZING,49.90953719794325
SSP2_BaU_NoCC,2030,JPN,GRASS,707.4580191144512
SSP2_BaU_NoCC,2030,JPN,URB,1710.2899680175783
SSP2_BaU_NoCC,2030,XSE,OTH,14506.901
SSP2_BaU_NoCC,2030,XSE,CROP,99901.31814774018
SSP2_BaU_NoCC,2030,XSE,CROP_FLW,10125.380124940242
SSP2_BaU_NoCC,2030,XSE,PRM_FRS,203975.71305483094
SSP2_BaU_NoCC,2030,XSE,MNG_FRS,10074.135147021838
SSP2_BaU_NoCC,2030,XSE,BIOCROP,1237.2280979629838
SSP2_BaU_NoCC,2030,XSE,GRAZING,132238.26977010514
SSP2_BaU_NoCC,2030,XSE,GRASS,76713.24166524837
SSP2_BaU_NoCC,2030,XSE,URB,3032.1656320037837
SSP2_BaU_NoCC,2030,XSA,OTH,44675.7545
SSP2_BaU_NoCC,2030,XSA,CROP,43541.15866920514
SSP2_BaU_NoCC,2030,XSA,CROP_FLW,4671.846048612081
SSP2_BaU_NoCC,2030,XSA,PRM_FRS,6532.854356883037
SSP2_BaU_NoCC,2030,XSA,MNG_FRS,4527.36962714977
SSP2_BaU_NoCC,2030,XSA,BIOCROP,126.52100814345629
SSP2_BaU_NoCC,2030,XSA,GRAZING,40883.3034278236
SSP2_BaU_NoCC,2030,XSA,GRASS,38779.86828995916
SSP2_BaU_NoCC,2030,XSA,URB,866.7895990753174
SSP2_BaU_NoCC,2030,CAN,OTH,283585.656
SSP2_BaU_NoCC,2030,CAN,CROP,32292.908718543065
SSP2_BaU_NoCC,2030,CAN,CROP_FLW,25017.555736807928
SSP2_BaU_NoCC,2030,CAN,PRM_FRS,253982.9662075007
SSP2_BaU_NoCC,2030,CAN,MNG_FRS,48275.283538753174
SSP2_BaU_NoCC,2030,CAN,BIOCROP,2950.387320644624
SSP2_BaU_NoCC,2030,CAN,GRAZING,15238.548762753115
SSP2_BaU_NoCC,2030,CAN,GRASS,7592.1062581300475
SSP2_BaU_NoCC,2030,CAN,URB,785.9824775390625
SSP2_BaU_NoCC,2030,BRA,CROP,67454.7762620437
SSP2_BaU_NoCC,2030,BRA,CROP_FLW,3277.336103489476
SSP2_BaU_NoCC,2030,BRA,PRM_FRS,453156.57697275135
SSP2_BaU_NoCC,2030,BRA,MNG_FRS,6483.016338637034
SSP2_BaU_NoCC,2030,BRA,BIOCROP,680.9175486451352
SSP2_BaU_NoCC,2030,BRA,GRAZING,216013.3669000209
SSP2_BaU_NoCC,2030,BRA,GRASS,153448.5783281267
SSP2_BaU_NoCC,2030,BRA,URB,3742.538360931397
SSP2_BaU_NoCC,2030,XLM,OTH,72183.21731250001
SSP2_BaU_NoCC,2030,XLM,CROP,80228.63871032078
SSP2_BaU_NoCC,2030,XLM,CROP_FLW,23961.798992794127
SSP2_BaU_NoCC,2030,XLM,PRM_FRS,409295.2214381026
SSP2_BaU_NoCC,2030,XLM,MNG_FRS,17377.236655891415
SSP2_BaU_NoCC,2030,XLM,BIOCROP,495.86023728377995
SSP2_BaU_NoCC,2030,XLM,GRAZING,366383.1319799259
SSP2_BaU_NoCC,2030,XLM,GRASS,256039.85670483916
SSP2_BaU_NoCC,2030,XLM,URB,4894.335314867021
SSP2_BaU_NoCC,2030,CIS,OTH,253974.9918984375
SSP2_BaU_NoCC,2030,CIS,CROP,98808.30252021087
SSP2_BaU_NoCC,2030,CIS,CROP_FLW,89518.58499719515
SSP2_BaU_NoCC,2030,CIS,PRM_FRS,812580.6744223129
SSP2_BaU_NoCC,2030,CIS,MNG_FRS,44453.15457154431
SSP2_BaU_NoCC,2030,CIS,BIOCROP,1749.368418787372
SSP2_BaU_NoCC,2030,CIS,GRAZING,366887.5635575727
SSP2_BaU_NoCC,2030,CIS,GRASS,191300.2337461395
SSP2_BaU_NoCC,2030,CIS,URB,5880.5270887603765
SSP2_BaU_NoCC,2030,XME,OTH,281021.7655625
SSP2_BaU_NoCC,2030,XME,CROP,38279.84799764237
SSP2_BaU_NoCC,2030,XME,CROP_FLW,2851.179149474523
SSP2_BaU_NoCC,2030,XME,PRM_FRS,8329.903112226939
SSP2_BaU_NoCC,2030,XME,MNG_FRS,667.7502838704355
SSP2_BaU_NoCC,2030,XME,BIOCROP,1927.2211033449864
SSP2_BaU_NoCC,2030,XME,GRAZING,254277.6768737695
SSP2_BaU_NoCC,2030,XME,GRASS,90660.6928357537
SSP2_BaU_NoCC,2030,XME,URB,2128.071955810547
SSP2_BaU_NoCC,2030,XNF,OTH,456890.6350624999
SSP2_BaU_NoCC,2030,XNF,CROP,30791.161428956235
SSP2_BaU_NoCC,2030,XNF,CROP_FLW,2978.775737341655
SSP2_BaU_NoCC,2030,XNF,PRM_FRS,2608.8211404243993
SSP2_BaU_NoCC,2030,XNF,MNG_FRS,73.38917726956018
SSP2_BaU_NoCC,2030,XNF,BIOCROP,1445.3760223260465
SSP2_BaU_NoCC,2030,XNF,GRAZING,71266.15794954312
SSP2_BaU_NoCC,2030,XNF,GRASS,6084.28598520532
SSP2_BaU_NoCC,2030,XNF,URB,927.4797019042969
SSP2_BaU_NoCC,2030,XAF,OTH,399410.63371875
SSP2_BaU_NoCC,2030,XAF,CROP,301860.49335926963
SSP2_BaU_NoCC,2030,XAF,CROP_FLW,22925.0977986449
SSP2_BaU_NoCC,2030,XAF,PRM_FRS,477205.64381455106
SSP2_BaU_NoCC,2030,XAF,MNG_FRS,23647.593130958063
SSP2_BaU_NoCC,2030,XAF,BIOCROP,197.2482969360643
SSP2_BaU_NoCC,2030,XAF,GRAZING,926317.1550520706
SSP2_BaU_NoCC,2030,XAF,GRASS,585119.5667148471
SSP2_BaU_NoCC,2030,XAF,URB,2896.931178625107
SSP2_BaU_NoCC,2030,ASIA2,OTH,312611.42105468747
SSP2_BaU_NoCC,2030,ASIA2,CROP,451969.3328938737
SSP2_BaU_NoCC,2030,ASIA2,CROP_FLW,15715.553589629955
SSP2_BaU_NoCC,2030,ASIA2,PRM_FRS,441220.2058392099
SSP2_BaU_NoCC,2030,ASIA2,MNG_FRS,53791.11978122189
SSP2_BaU_NoCC,2030,ASIA2,BIOCROP,9993.33444742705
SSP2_BaU_NoCC,2030,ASIA2,GRAZING,581736.0712649045
SSP2_BaU_NoCC,2030,ASIA2,GRASS,230893.80353918154
SSP2_BaU_NoCC,2030,ASIA2,URB,16641.596986114502
SSP2_BaU_NoCC,2030,World,OTH,2111196.772609375
SSP2_BaU_NoCC,2030,World,CROP,1383002.862661389
SSP2_BaU_NoCC,2030,World,CROP_FLW,333863.5237723551
SSP2_BaU_NoCC,2030,World,PRM_FRS,3360187.7704283344
SSP2_BaU_NoCC,2030,World,MNG_FRS,324532.19834460435
SSP2_BaU_NoCC,2030,World,BIOCROP,48284.62850311539
SSP2_BaU_NoCC,2030,World,GRAZING,3516983.6810200335
SSP2_BaU_NoCC,2030,World,GRASS,2163731.0111332797
SSP2_BaU_NoCC,2030,World,URB,61494.25336591386
SSP2_BaU_NoCC,2030,Non-OECD,OTH,1776092.664609375
SSP2_BaU_NoCC,2030,Non-OECD,CROP,1066813.1649107696
SSP2_BaU_NoCC,2030,Non-OECD,CROP_FLW,160309.99895249214
SSP2_BaU_NoCC,2030,Non-OECD,PRM_FRS,2581657.186444214
SSP2_BaU_NoCC,2030,Non-OECD,MNG_FRS,144228.47341271897
SSP2_BaU_NoCC,2030,Non-OECD,BIOCROP,16387.730381101297
SSP2_BaU_NoCC,2030,Non-OECD,GRAZING,2782831.214040609
SSP2_BaU_NoCC,2030,Non-OECD,GRASS,1512839.5598349785
SSP2_BaU_NoCC,2030,Non-OECD,URB,35401.19061899567
SSP2_BaU_NoCC,2030,Industrial,OTH,321872.108
SSP2_BaU_NoCC,2030,Industrial,CROP,247420.29372339614
SSP2_BaU_NoCC,2030,Industrial,CROP_FLW,164841.64754239348
SSP2_BaU_NoCC,2030,Industrial,PRM_FRS,747334.7355455675
SSP2_BaU_NoCC,2030,Industrial,MNG_FRS,172728.79339671272
SSP2_BaU_NoCC,2030,Industrial,BIOCROP,29571.74690955606
SSP2_BaU_NoCC,2030,Industrial,GRAZING,704633.2424301909
SSP2_BaU_NoCC,2030,Industrial,GRASS,624530.9851684388
SSP2_BaU_NoCC,2030,Industrial,URB,24181.440413742544
SSP2_BaU_NoCC,2030,Transition,OTH,520635.75745312497
SSP2_BaU_NoCC,2030,Transition,CROP,540979.9506248584
SSP2_BaU_NoCC,2030,Transition,CROP_FLW,101507.79837815408
SSP2_BaU_NoCC,2030,Transition,PRM_FRS,1504904.8779657474
SSP2_BaU_NoCC,2030,Transition,MNG_FRS,95435.93092573057
SSP2_BaU_NoCC,2030,Transition,BIOCROP,13283.426827562016
SSP2_BaU_NoCC,2030,Transition,GRAZING,1020984.7435366048
SSP2_BaU_NoCC,2030,Transition,GRASS,485802.5137689877
SSP2_BaU_NoCC,2030,Transition,URB,22567.039569885255
SSP2_BaU_NoCC,2030,Developing,OTH,1268688.90715625
SSP2_BaU_NoCC,2030,Developing,CROP,594602.6183131344
SSP2_BaU_NoCC,2030,Developing,CROP_FLW,67514.07785180752
SSP2_BaU_NoCC,2030,Developing,PRM_FRS,1107948.1569170188
SSP2_BaU_NoCC,2030,Developing,MNG_FRS,56367.474022161085
SSP2_BaU_NoCC,2030,Developing,BIOCROP,5429.454765997318
SSP2_BaU_NoCC,2030,Developing,GRAZING,1791365.695053238
SSP2_BaU_NoCC,2030,Developing,GRASS,1053397.5121958528
SSP2_BaU_NoCC,2030,Developing,URB,14745.773382286072
SSP2_BaU_NoCC,2030,R5ASIA,OTH,312611.42105468747
SSP2_BaU_NoCC,2030,R5ASIA,CROP,449389.94463232614
SSP2_BaU_NoCC,2030,R5ASIA,CROP_FLW,14797.226173552324
SSP2_BaU_NoCC,2030,R5ASIA,PRM_FRS,418480.3455438448
SSP2_BaU_NoCC,2030,R5ASIA,MNG_FRS,51526.33325454815
SSP2_BaU_NoCC,2030,R5ASIA,BIOCROP,9891.738753777914
SSP2_BaU_NoCC,2030,R5ASIA,GRAZING,581686.1617277064
SSP2_BaU_NoCC,2030,R5ASIA,GRASS,230186.3455200671
SSP2_BaU_NoCC,2030,R5ASIA,URB,14931.307018096923
SSP2_BaU_NoCC,2030,R5OECD90+EU,OTH,335104.108
SSP2_BaU_NoCC,2030,R5OECD90+EU,CROP,316189.69775061915
SSP2_BaU_NoCC,2030,R5OECD90+EU,CROP_FLW,173553.5248198629
SSP2_BaU_NoCC,2030,R5OECD90+EU,PRM_FRS,778530.5839841198
SSP2_BaU_NoCC,2030,R5OECD90+EU,MNG_FRS,180303.72493188537
SSP2_BaU_NoCC,2030,R5OECD90+EU,BIOCROP,31896.898122014092
SSP2_BaU_NoCC,2030,R5OECD90+EU,GRAZING,734152.4669794244
SSP2_BaU_NoCC,2030,R5OECD90+EU,GRASS,650891.4512983006
SSP2_BaU_NoCC,2030,R5OECD90+EU,URB,26093.062746918204
SSP2_BaU_NoCC,2030,R5REF,OTH,253974.9918984375
SSP2_BaU_NoCC,2030,R5REF,CROP,98808.30252021087
SSP2_BaU_NoCC,2030,R5REF,CROP_FLW,89518.58499719515
SSP2_BaU_NoCC,2030,R5REF,PRM_FRS,812580.6744223129
SSP2_BaU_NoCC,2030,R5REF,MNG_FRS,44453.15457154431
SSP2_BaU_NoCC,2030,R5REF,BIOCROP,1749.368418787372
SSP2_BaU_NoCC,2030,R5REF,GRAZING,366887.5635575727
SSP2_BaU_NoCC,2030,R5REF,GRASS,191300.2337461395
SSP2_BaU_NoCC,2030,R5REF,URB,5880.5270887603765
SSP2_BaU_NoCC,2030,R5MAF,OTH,1137323.0343437498
SSP2_BaU_NoCC,2030,R5MAF,CROP,370931.50278586824
SSP2_BaU_NoCC,2030,R5MAF,CROP_FLW,28755.05268546108
SSP2_BaU_NoCC,2030,R5MAF,PRM_FRS,488144.3680672024
SSP2_BaU_NoCC,2030,R5MAF,MNG_FRS,24388.73259209806
SSP2_BaU_NoCC,2030,R5MAF,BIOCROP,3569.845422607097
SSP2_BaU_NoCC,2030,R5MAF,GRAZING,1251860.9898753832
SSP2_BaU_NoCC,2030,R5MAF,GRASS,681864.5455358061
SSP2_BaU_NoCC,2030,R5MAF,URB,5952.48283633995
SSP2_BaU_NoCC,2030,R5LAM,OTH,72183.21731250001
SSP2_BaU_NoCC,2030,R5LAM,CROP,147683.4149723645
SSP2_BaU_NoCC,2030,R5LAM,CROP_FLW,27239.135096283604
SSP2_BaU_NoCC,2030,R5LAM,PRM_FRS,862451.798410854
SSP2_BaU_NoCC,2030,R5LAM,MNG_FRS,23860.252994528448
SSP2_BaU_NoCC,2030,R5LAM,BIOCROP,1176.7777859289151
SSP2_BaU_NoCC,2030,R5LAM,GRAZING,582396.4988799468
SSP2_BaU_NoCC,2030,R5LAM,GRASS,409488.43503296585
SSP2_BaU_NoCC,2030,R5LAM,URB,8636.873675798419
SSP2_BaU_NoCC,2035,USA,OTH,33613.452
SSP2_BaU_NoCC,2035,USA,CROP,111433.38239932904
SSP2_BaU_NoCC,2035,USA,CROP_FLW,78760.00669783898
SSP2_BaU_NoCC,2035,USA,PRM_FRS,225215.85194191767
SSP2_BaU_NoCC,2035,USA,MNG_FRS,57085.09310407867
SSP2_BaU_NoCC,2035,USA,BIOCROP,19930.684110440445
SSP2_BaU_NoCC,2035,USA,GRAZING,236692.54243328777
SSP2_BaU_NoCC,2035,USA,GRASS,105034.34819692327
SSP2_BaU_NoCC,2035,USA,URB,11695.345311309815
SSP2_BaU_NoCC,2035,XE25,OTH,3206.0
SSP2_BaU_NoCC,2035,XE25,CROP,71945.72283153568
SSP2_BaU_NoCC,2035,XE25,CROP_FLW,25881.457139189308
SSP2_BaU_NoCC,2035,XE25,PRM_FRS,81598.4119624859
SSP2_BaU_NoCC,2035,XE25,MNG_FRS,57653.453318300715
SSP2_BaU_NoCC,2035,XE25,BIOCROP,15902.994479676297
SSP2_BaU_NoCC,2035,XE25,GRAZING,58872.6783086825
SSP2_BaU_NoCC,2035,XE25,GRASS,31849.550015875662
SSP2_BaU_NoCC,2035,XE25,URB,9106.496241195679
SSP2_BaU_NoCC,2035,XER,OTH,13232.0
SSP2_BaU_NoCC,2035,XER,CROP,42455.575818516285
SSP2_BaU_NoCC,2035,XER,CROP_FLW,3839.0356258821093
SSP2_BaU_NoCC,2035,XER,PRM_FRS,24209.09614477896
SSP2_BaU_NoCC,2035,XER,MNG_FRS,6048.305543353265
SSP2_BaU_NoCC,2035,XER,BIOCROP,2658.851528487016
SSP2_BaU_NoCC,2035,XER,GRAZING,15276.695314101227
SSP2_BaU_NoCC,2035,XER,GRASS,4630.551786270629
SSP2_BaU_NoCC,2035,XER,URB,1090.242361709595
SSP2_BaU_NoCC,2035,TUR,CROP,25442.67471706248
SSP2_BaU_NoCC,2035,TUR,CROP_FLW,4816.770675882781
SSP2_BaU_NoCC,2035,TUR,PRM_FRS,7252.381239811386
SSP2_BaU_NoCC,2035,TUR,MNG_FRS,1232.860351479876
SSP2_BaU_NoCC,2035,TUR,BIOCROP,856.6220441822315
SSP2_BaU_NoCC,2035,TUR,GRAZING,14347.744453891868
SSP2_BaU_NoCC,2035,TUR,GRASS,21389.737926270616
SSP2_BaU_NoCC,2035,TUR,URB,821.3799714660644
SSP2_BaU_NoCC,2035,XOC,OTH,1467.0
SSP2_BaU_NoCC,2035,XOC,CROP,29302.19545330769
SSP2_BaU_NoCC,2035,XOC,CROP_FLW,33305.16055613029
SSP2_BaU_NoCC,2035,XOC,PRM_FRS,160581.08464364347
SSP2_BaU_NoCC,2035,XOC,MNG_FRS,4863.845791810688
SSP2_BaU_NoCC,2035,XOC,BIOCROP,293.1110587235337
SSP2_BaU_NoCC,2035,XOC,GRAZING,392624.94923484564
SSP2_BaU_NoCC,2035,XOC,GRASS,477523.8387454734
SSP2_BaU_NoCC,2035,XOC,URB,883.3264156804086
SSP2_BaU_NoCC,2035,CHN,OTH,239998.39534375
SSP2_BaU_NoCC,2035,CHN,CROP,116858.82190681745
SSP2_BaU_NoCC,2035,CHN,PRM_FRS,178815.9815542881
SSP2_BaU_NoCC,2035,CHN,MNG_FRS,20590.067873088727
SSP2_BaU_NoCC,2035,CHN,BIOCROP,11486.836861664198
SSP2_BaU_NoCC,2035,CHN,GRAZING,398774.9179092875
SSP2_BaU_NoCC,2035,CHN,GRASS,96085.15343310226
SSP2_BaU_NoCC,2035,CHN,URB,8006.078889526368
SSP2_BaU_NoCC,2035,IND,OTH,13430.3702109375
SSP2_BaU_NoCC,2035,IND,CROP,185325.01958107058
SSP2_BaU_NoCC,2035,IND,PRM_FRS,29804.692141511976
SSP2_BaU_NoCC,2035,IND,MNG_FRS,14717.174498348364
SSP2_BaU_NoCC,2035,IND,BIOCROP,3187.2794415288918
SSP2_BaU_NoCC,2035,IND,GRAZING,8641.97602713832
SSP2_BaU_NoCC,2035,IND,GRASS,18341.966942350344
SSP2_BaU_NoCC,2035,IND,URB,3026.2728974914553
SSP2_BaU_NoCC,2035,JPN,CROP,2474.945133938774
SSP2_BaU_NoCC,2035,JPN,CROP_FLW,931.8678471711015
SSP2_BaU_NoCC,2035,JPN,PRM_FRS,22914.983264026578
SSP2_BaU_NoCC,2035,JPN,MNG_FRS,2133.655816171403
SSP2_BaU_NoCC,2035,JPN,BIOCROP,141.9221141197563
SSP2_BaU_NoCC,2035,JPN,GRAZING,49.995686773328856
SSP2_BaU_NoCC,2035,JPN,GRASS,713.9558874245175
SSP2_BaU_NoCC,2035,JPN,URB,1710.2899680175783
SSP2_BaU_NoCC,2035,XSE,OTH,14506.901
SSP2_BaU_NoCC,2035,XSE,CROP,99587.55363781659
SSP2_BaU_NoCC,2035,XSE,CROP_FLW,9951.84805747747
SSP2_BaU_NoCC,2035,XSE,PRM_FRS,203272.6216325207
SSP2_BaU_NoCC,2035,XSE,MNG_FRS,9854.299343883398
SSP2_BaU_NoCC,2035,XSE,BIOCROP,2313.0541962453326
SSP2_BaU_NoCC,2035,XSE,GRAZING,133118.50599316857
SSP2_BaU_NoCC,2035,XSE,GRASS,76167.40314673758
SSP2_BaU_NoCC,2035,XSE,URB,3032.1656320037837
SSP2_BaU_NoCC,2035,XSA,OTH,44675.7545
SSP2_BaU_NoCC,2035,XSA,CROP,45308.79188717187
SSP2_BaU_NoCC,2035,XSA,CROP_FLW,4174.748364664179
SSP2_BaU_NoCC,2035,XSA,PRM_FRS,6245.1076392114155
SSP2_BaU_NoCC,2035,XSA,MNG_FRS,4518.733648221493
SSP2_BaU_NoCC,2035,XSA,BIOCROP,240.96681731411138
SSP2_BaU_NoCC,2035,XSA,GRAZING,41296.51041741985
SSP2_BaU_NoCC,2035,XSA,GRASS,37278.062653773064
SSP2_BaU_NoCC,2035,XSA,URB,866.7895990753174
SSP2_BaU_NoCC,2035,CAN,OTH,283585.656
SSP2_BaU_NoCC,2035,CAN,CROP,32656.15488998108
SSP2_BaU_NoCC,2035,CAN,CROP_FLW,24832.982737764254
SSP2_BaU_NoCC,2035,CAN,PRM_FRS,253173.23228504253
SSP2_BaU_NoCC,2035,CAN,MNG_FRS,47790.910051750674
SSP2_BaU_NoCC,2035,CAN,BIOCROP,4211.12821675979
SSP2_BaU_NoCC,2035,CAN,GRAZING,15232.675861374502
SSP2_BaU_NoCC,2035,CAN,GRASS,7452.672500459822
SSP2_BaU_NoCC,2035,CAN,URB,785.9824775390625
SSP2_BaU_NoCC,2035,BRA,CROP,68271.61124744086
SSP2_BaU_NoCC,2035,BRA,CROP_FLW,3134.604059718226
SSP2_BaU_NoCC,2035,BRA,PRM_FRS,450073.7481073231
SSP2_BaU_NoCC,2035,BRA,MNG_FRS,6286.044986535111
SSP2_BaU_NoCC,2035,BRA,BIOCROP,931.667428755487
SSP2_BaU_NoCC,2035,BRA,GRAZING,220018.80260396775
SSP2_BaU_NoCC,2035,BRA,GRASS,151798.09001997407
SSP2_BaU_NoCC,2035,BRA,URB,3742.538360931397
SSP2_BaU_NoCC,2035,XLM,OTH,72183.21731250001
SSP2_BaU_NoCC,2035,XLM,CROP,82127.2293603991
SSP2_BaU_NoCC,2035,XLM,CROP_FLW,23578.139590914976
SSP2_BaU_NoCC,2035,XLM,PRM_FRS,405849.6555601201
SSP2_BaU_NoCC,2035,XLM,MNG_FRS,17084.029846605245
SSP2_BaU_NoCC,2035,XLM,BIOCROP,759.7954280817073
SSP2_BaU_NoCC,2035,XLM,GRAZING,370672.9392106072
SSP2_BaU_NoCC,2035,XLM,GRASS,253709.95572242915
SSP2_BaU_NoCC,2035,XLM,URB,4894.335314867021
SSP2_BaU_NoCC,2035,CIS,OTH,253974.9918984375
SSP2_BaU_NoCC,2035,CIS,CROP,94889.1907535968
SSP2_BaU_NoCC,2035,CIS,CROP_FLW,88819.24848066953
SSP2_BaU_NoCC,2035,CIS,PRM_FRS,817694.861105291
SSP2_BaU_NoCC,2035,CIS,MNG_FRS,42493.47481689416
SSP2_BaU_NoCC,2035,CIS,BIOCROP,2931.4911959926867
SSP2_BaU_NoCC,2035,CIS,GRAZING,368330.6667549311
SSP2_BaU_NoCC,2035,CIS,GRASS,190138.94912638713
SSP2_BaU_NoCC,2035,CIS,URB,5880.5270887603765
SSP2_BaU_NoCC,2035,XME,OTH,281021.7655625
SSP2_BaU_NoCC,2035,XME,CROP,39366.55883035309
SSP2_BaU_NoCC,2035,XME,CROP_FLW,2561.771922539765
SSP2_BaU_NoCC,2035,XME,PRM_FRS,7833.521599358222
SSP2_BaU_NoCC,2035,XME,MNG_FRS,665.1274280654952
SSP2_BaU_NoCC,2035,XME,BIOCROP,3142.512438979032
SSP2_BaU_NoCC,2035,XME,GRAZING,256363.77669242138
SSP2_BaU_NoCC,2035,XME,GRASS,87061.00244436554
SSP2_BaU_NoCC,2035,XME,URB,2128.071955810547
SSP2_BaU_NoCC,2035,XNF,OTH,456890.6350624999
SSP2_BaU_NoCC,2035,XNF,CROP,32139.576103118554
SSP2_BaU_NoCC,2035,XNF,CROP_FLW,2357.728231666952
SSP2_BaU_NoCC,2035,XNF,PRM_FRS,2385.6562705689244
SSP2_BaU_NoCC,2035,XNF,MNG_FRS,72.11783810503066
SSP2_BaU_NoCC,2035,XNF,BIOCROP,1693.8908276758887
SSP2_BaU_NoCC,2035,XNF,GRAZING,71705.14967706348
SSP2_BaU_NoCC,2035,XNF,GRASS,4893.848492867845
SSP2_BaU_NoCC,2035,XNF,URB,927.4797019042969
SSP2_BaU_NoCC,2035,XAF,OTH,399410.63371875
SSP2_BaU_NoCC,2035,XAF,CROP,328668.4831177177
SSP2_BaU_NoCC,2035,XAF,CROP_FLW,20700.762035943546
SSP2_BaU_NoCC,2035,XAF,PRM_FRS,454868.5079805422
SSP2_BaU_NoCC,2035,XAF,MNG_FRS,24320.80114286849
SSP2_BaU_NoCC,2035,XAF,BIOCROP,322.0437852831675
SSP2_BaU_NoCC,2035,XAF,GRAZING,941830.6887884301
SSP2_BaU_NoCC,2035,XAF,GRASS,566561.5113164923
SSP2_BaU_NoCC,2035,XAF,URB,2896.931178625107
SSP2_BaU_NoCC,2035,ASIA2,OTH,312611.42105468747
SSP2_BaU_NoCC,2035,ASIA2,CROP,449555.1321468152
SSP2_BaU_NoCC,2035,ASIA2,CROP_FLW,15058.46426931275
SSP2_BaU_NoCC,2035,ASIA2,PRM_FRS,441053.38623155875
SSP2_BaU_NoCC,2035,ASIA2,MNG_FRS,51813.93117971339
SSP2_BaU_NoCC,2035,ASIA2,BIOCROP,17370.05943087229
SSP2_BaU_NoCC,2035,ASIA2,GRAZING,581881.9060337875
SSP2_BaU_NoCC,2035,ASIA2,GRASS,228586.54206338775
SSP2_BaU_NoCC,2035,ASIA2,URB,16641.596986114502
SSP2_BaU_NoCC,2035,World,OTH,2111196.772609375
SSP2_BaU_NoCC,2035,World,CROP,1408253.4876691736
SSP2_BaU_NoCC,2035,World,CROP_FLW,327646.1320234535
SSP2_BaU_NoCC,2035,World,PRM_FRS,3331789.395072442
SSP2_BaU_NoCC,2035,World,MNG_FRS,317409.9953995607
SSP2_BaU_NoCC,2035,World,BIOCROP,71004.85197390956
SSP2_BaU_NoCC,2035,World,GRAZING,3543851.2153673917
SSP2_BaU_NoCC,2035,World,GRASS,2130630.5983571773
SSP2_BaU_NoCC,2035,World,URB,61494.25336591386
SSP2_BaU_NoCC,2035,Non-OECD,OTH,1776092.664609375
SSP2_BaU_NoCC,2035,Non-OECD,CROP,1092542.8364255026
SSP2_BaU_NoCC,2035,Non-OECD,CROP_FLW,155278.85074359464
SSP2_BaU_NoCC,2035,Non-OECD,PRM_FRS,2556844.3535907357
SSP2_BaU_NoCC,2035,Non-OECD,MNG_FRS,140601.8714226155
SSP2_BaU_NoCC,2035,Non-OECD,BIOCROP,27009.538421520505
SSP2_BaU_NoCC,2035,Non-OECD,GRAZING,2810753.9340744354
SSP2_BaU_NoCC,2035,Non-OECD,GRASS,1482035.9432984795
SSP2_BaU_NoCC,2035,Non-OECD,URB,35401.19061899567
SSP2_BaU_NoCC,2035,Industrial,OTH,321872.108
SSP2_BaU_NoCC,2035,Industrial,CROP,247812.40070809226
SSP2_BaU_NoCC,2035,Industrial,CROP_FLW,163711.47497809393
SSP2_BaU_NoCC,2035,Industrial,PRM_FRS,743483.5640971161
SSP2_BaU_NoCC,2035,Industrial,MNG_FRS,169526.95808211213
SSP2_BaU_NoCC,2035,Industrial,BIOCROP,40479.83997971982
SSP2_BaU_NoCC,2035,Industrial,GRAZING,703472.8415249637
SSP2_BaU_NoCC,2035,Industrial,GRASS,622574.3653461566
SSP2_BaU_NoCC,2035,Industrial,URB,24181.440413742544
SSP2_BaU_NoCC,2035,Transition,OTH,520635.75745312497
SSP2_BaU_NoCC,2035,Transition,CROP,533242.8940245045
SSP2_BaU_NoCC,2035,Transition,CROP_FLW,100609.65884215264
SSP2_BaU_NoCC,2035,Transition,PRM_FRS,1507850.7602930046
SSP2_BaU_NoCC,2035,Transition,MNG_FRS,91367.9280696995
SSP2_BaU_NoCC,2035,Transition,BIOCROP,22052.74850061051
SSP2_BaU_NoCC,2035,Transition,GRAZING,1025390.8030633178
SSP2_BaU_NoCC,2035,Transition,GRASS,482384.449234355
SSP2_BaU_NoCC,2035,Transition,URB,22567.039569885255
SSP2_BaU_NoCC,2035,Developing,OTH,1268688.90715625
SSP2_BaU_NoCC,2035,Developing,CROP,627198.1929365769
SSP2_BaU_NoCC,2035,Developing,CROP_FLW,63324.99820320689
SSP2_BaU_NoCC,2035,Developing,PRM_FRS,1080455.0706823217
SSP2_BaU_NoCC,2035,Developing,MNG_FRS,56515.10924774915
SSP2_BaU_NoCC,2035,Developing,BIOCROP,8472.26349357924
SSP2_BaU_NoCC,2035,Developing,GRAZING,1814987.5707791105
SSP2_BaU_NoCC,2035,Developing,GRASS,1025671.7837766656
SSP2_BaU_NoCC,2035,Developing,URB,14745.773382286072
SSP2_BaU_NoCC,2035,R5ASIA,OTH,312611.42105468747
SSP2_BaU_NoCC,2035,R5ASIA,CROP,447080.18701287644
SSP2_BaU_NoCC,2035,R5ASIA,CROP_FLW,14126.596422141647
SSP2_BaU_NoCC,2035,R5ASIA,PRM_FRS,418138.40296753217
SSP2_BaU_NoCC,2035,R5ASIA,MNG_FRS,49680.27536354199
SSP2_BaU_NoCC,2035,R5ASIA,BIOCROP,17228.137316752534
SSP2_BaU_NoCC,2035,R5ASIA,GRAZING,581831.9103470142
SSP2_BaU_NoCC,2035,R5ASIA,GRASS,227872.58617596322
SSP2_BaU_NoCC,2035,R5ASIA,URB,14931.307018096923
SSP2_BaU_NoCC,2035,R5OECD90+EU,OTH,335104.108
SSP2_BaU_NoCC,2035,R5OECD90+EU,CROP,315710.651243671
SSP2_BaU_NoCC,2035,R5OECD90+EU,CROP_FLW,172367.2812798588
SSP2_BaU_NoCC,2035,R5OECD90+EU,PRM_FRS,774945.0414817064
SSP2_BaU_NoCC,2035,R5OECD90+EU,MNG_FRS,176808.1239769453
SSP2_BaU_NoCC,2035,R5OECD90+EU,BIOCROP,43995.31355238907
SSP2_BaU_NoCC,2035,R5OECD90+EU,GRAZING,733097.2812929569
SSP2_BaU_NoCC,2035,R5OECD90+EU,GRASS,648594.6550586979
SSP2_BaU_NoCC,2035,R5OECD90+EU,URB,26093.062746918204
SSP2_BaU_NoCC,2035,R5REF,OTH,253974.9918984375
SSP2_BaU_NoCC,2035,R5REF,CROP,94889.1907535968
SSP2_BaU_NoCC,2035,R5REF,CROP_FLW,88819.24848066953
SSP2_BaU_NoCC,2035,R5REF,PRM_FRS,817694.861105291
SSP2_BaU_NoCC,2035,R5REF,MNG_FRS,42493.47481689416
SSP2_BaU_NoCC,2035,R5REF,BIOCROP,2931.4911959926867
SSP2_BaU_NoCC,2035,R5REF,GRAZING,368330.6667549311
SSP2_BaU_NoCC,2035,R5REF,GRASS,190138.94912638713
SSP2_BaU_NoCC,2035,R5REF,URB,5880.5270887603765
SSP2_BaU_NoCC,2035,R5MAF,OTH,1137323.0343437498
SSP2_BaU_NoCC,2035,R5MAF,CROP,400174.61805118935
SSP2_BaU_NoCC,2035,R5MAF,CROP_FLW,25620.262190150264
SSP2_BaU_NoCC,2035,R5MAF,PRM_FRS,465087.68585046934
SSP2_BaU_NoCC,2035,R5MAF,MNG_FRS,25058.046409039016
SSP2_BaU_NoCC,2035,R5MAF,BIOCROP,5158.447051938088
SSP2_BaU_NoCC,2035,R5MAF,GRAZING,1269899.6151579148
SSP2_BaU_NoCC,2035,R5MAF,GRASS,658516.3622537258
SSP2_BaU_NoCC,2035,R5MAF,URB,5952.48283633995
SSP2_BaU_NoCC,2035,R5LAM,OTH,72183.21731250001
SSP2_BaU_NoCC,2035,R5LAM,CROP,150398.84060783996
SSP2_BaU_NoCC,2035,R5LAM,CROP_FLW,26712.7436506332
SSP2_BaU_NoCC,2035,R5LAM,PRM_FRS,855923.4036674432
SSP2_BaU_NoCC,2035,R5LAM,MNG_FRS,23370.074833140356
SSP2_BaU_NoCC,2035,R5LAM,BIOCROP,1691.4628568371943
SSP2_BaU_NoCC,2035,R5LAM,GRAZING,590691.7418145749
SSP2_BaU_NoCC,2035,R5LAM,GRASS,405508.04574240325
SSP2_BaU_NoCC,2035,R5LAM,URB,8636.873675798419
SSP2_BaU_NoCC,2040,USA,OTH,33613.452
SSP2_BaU_NoCC,2040,USA,CROP,112219.32114968967
SSP2_BaU_NoCC,2040,USA,CROP_FLW,77945.48997676939
SSP2_BaU_NoCC,2040,USA,PRM_FRS,223108.93575148843
SSP2_BaU_NoCC,2040,USA,MNG_FRS,56062.42213934487
SSP2_BaU_NoCC,2040,USA,BIOCROP,25005.272565745516
SSP2_BaU_NoCC,2040,USA,GRAZING,236603.8051600649
SSP2_BaU_NoCC,2040,USA,GRASS,103206.66214071325
SSP2_BaU_NoCC,2040,USA,URB,11695.345311309815
SSP2_BaU_NoCC,2040,XE25,OTH,3206.0
SSP2_BaU_NoCC,2040,XE25,CROP,69905.1489762715
SSP2_BaU_NoCC,2040,XE25,CROP_FLW,24710.256759595224
SSP2_BaU_NoCC,2040,XE25,PRM_FRS,80546.14614681773
SSP2_BaU_NoCC,2040,XE25,MNG_FRS,55876.61561356039
SSP2_BaU_NoCC,2040,XE25,BIOCROP,22954.15489825756
SSP2_BaU_NoCC,2040,XE25,GRAZING,58814.93481369597
SSP2_BaU_NoCC,2040,XE25,GRASS,30897.01084754768
SSP2_BaU_NoCC,2040,XE25,URB,9106.496241195679
SSP2_BaU_NoCC,2040,XER,OTH,13232.0
SSP2_BaU_NoCC,2040,XER,CROP,40889.27519562134
SSP2_BaU_NoCC,2040,XER,CROP_FLW,3934.223064185894
SSP2_BaU_NoCC,2040,XER,PRM_FRS,24578.602746992372
SSP2_BaU_NoCC,2040,XER,MNG_FRS,5779.920791103216
SSP2_BaU_NoCC,2040,XER,BIOCROP,3881.008527647484
SSP2_BaU_NoCC,2040,XER,GRAZING,15366.957729184824
SSP2_BaU_NoCC,2040,XER,GRASS,4688.12370665437
SSP2_BaU_NoCC,2040,XER,URB,1090.242361709595
SSP2_BaU_NoCC,2040,TUR,CROP,26101.420048089978
SSP2_BaU_NoCC,2040,TUR,CROP_FLW,4571.59963670869
SSP2_BaU_NoCC,2040,TUR,PRM_FRS,7029.719572352027
SSP2_BaU_NoCC,2040,TUR,MNG_FRS,1199.6681243304843
SSP2_BaU_NoCC,2040,TUR,BIOCROP,1172.7364373863534
SSP2_BaU_NoCC,2040,TUR,GRAZING,14334.02055544719
SSP2_BaU_NoCC,2040,TUR,GRASS,20929.627034266516
SSP2_BaU_NoCC,2040,TUR,URB,821.3799714660644
SSP2_BaU_NoCC,2040,XOC,OTH,1467.0
SSP2_BaU_NoCC,2040,XOC,CROP,30074.46141807276
SSP2_BaU_NoCC,2040,XOC,CROP_FLW,33720.99089630118
SSP2_BaU_NoCC,2040,XOC,PRM_FRS,159728.2715011545
SSP2_BaU_NoCC,2040,XOC,MNG_FRS,4844.76540391888
SSP2_BaU_NoCC,2040,XOC,BIOCROP,546.9224892730726
SSP2_BaU_NoCC,2040,XOC,GRAZING,391679.7370450713
SSP2_BaU_NoCC,2040,XOC,GRASS,477899.0367301431
SSP2_BaU_NoCC,2040,XOC,URB,883.3264156804086
SSP2_BaU_NoCC,2040,CHN,OTH,239998.39534375
SSP2_BaU_NoCC,2040,CHN,CROP,109734.11210784227
SSP2_BaU_NoCC,2040,CHN,PRM_FRS,181007.68628742412
SSP2_BaU_NoCC,2040,CHN,MNG_FRS,19128.191964621252
SSP2_BaU_NoCC,2040,CHN,BIOCROP,18032.802314276578
SSP2_BaU_NoCC,2040,CHN,GRAZING,397642.8972528334
SSP2_BaU_NoCC,2040,CHN,GRASS,97066.08961125046
SSP2_BaU_NoCC,2040,CHN,URB,8006.078889526368
SSP2_BaU_NoCC,2040,IND,OTH,13430.3702109375
SSP2_BaU_NoCC,2040,IND,CROP,186749.883237213
SSP2_BaU_NoCC,2040,IND,PRM_FRS,27874.527636980576
SSP2_BaU_NoCC,2040,IND,MNG_FRS,14488.162521544982
SSP2_BaU_NoCC,2040,IND,BIOCROP,5264.264028854334
SSP2_BaU_NoCC,2040,IND,GRAZING,8480.757019216951
SSP2_BaU_NoCC,2040,IND,GRASS,17160.514188138724
SSP2_BaU_NoCC,2040,IND,URB,3026.2728974914553
SSP2_BaU_NoCC,2040,JPN,CROP,2367.349748623608
SSP2_BaU_NoCC,2040,JPN,CROP_FLW,942.1280526547432
SSP2_BaU_NoCC,2040,JPN,PRM_FRS,23075.995942128604
SSP2_BaU_NoCC,2040,JPN,MNG_FRS,2006.2943727072714
SSP2_BaU_NoCC,2040,JPN,BIOCROP,200.3999237353603
SSP2_BaU_NoCC,2040,JPN,GRAZING,50.07676472495546
SSP2_BaU_NoCC,2040,JPN,GRASS,719.0809450509381
SSP2_BaU_NoCC,2040,JPN,URB,1710.2899680175783
SSP2_BaU_NoCC,2040,XSE,OTH,14506.901
SSP2_BaU_NoCC,2040,XSE,CROP,98398.14389426091
SSP2_BaU_NoCC,2040,XSE,CROP_FLW,9776.05370413936
SSP2_BaU_NoCC,2040,XSE,PRM_FRS,202567.240627445
SSP2_BaU_NoCC,2040,XSE,MNG_FRS,9584.758518223362
SSP2_BaU_NoCC,2040,XSE,BIOCROP,4343.30577589026
SSP2_BaU_NoCC,2040,XSE,GRAZING,133936.23945877398
SSP2_BaU_NoCC,2040,XSE,GRASS,75659.54402911625
SSP2_BaU_NoCC,2040,XSE,URB,3032.1656320037837
SSP2_BaU_NoCC,2040,XSA,OTH,44675.7545
SSP2_BaU_NoCC,2040,XSA,CROP,46934.679099194174
SSP2_BaU_NoCC,2040,XSA,CROP_FLW,3718.5908948250976
SSP2_BaU_NoCC,2040,XSA,PRM_FRS,5983.129801379407
SSP2_BaU_NoCC,2040,XSA,MNG_FRS,4486.504376235197
SSP2_BaU_NoCC,2040,XSA,BIOCROP,454.5391088019869
SSP2_BaU_NoCC,2040,XSA,GRAZING,41658.39207107739
SSP2_BaU_NoCC,2040,XSA,GRASS,35827.086076262756
SSP2_BaU_NoCC,2040,XSA,URB,866.7895990753174
SSP2_BaU_NoCC,2040,CAN,OTH,283585.656
SSP2_BaU_NoCC,2040,CAN,CROP,32920.98467184651
SSP2_BaU_NoCC,2040,CAN,CROP_FLW,24629.697903578777
SSP2_BaU_NoCC,2040,CAN,PRM_FRS,252470.18666911178
SSP2_BaU_NoCC,2040,CAN,MNG_FRS,47198.91838870765
SSP2_BaU_NoCC,2040,CAN,BIOCROP,5583.787798022443
SSP2_BaU_NoCC,2040,CAN,GRAZING,15227.66287674795
SSP2_BaU_NoCC,2040,CAN,GRASS,7318.518235117571
SSP2_BaU_NoCC,2040,CAN,URB,785.9824775390625
SSP2_BaU_NoCC,2040,BRA,CROP,68967.46287972615
SSP2_BaU_NoCC,2040,BRA,CROP_FLW,2994.0815952924977
SSP2_BaU_NoCC,2040,BRA,PRM_FRS,446967.0388103071
SSP2_BaU_NoCC,2040,BRA,MNG_FRS,6067.959145391304
SSP2_BaU_NoCC,2040,BRA,BIOCROP,1298.8324759464217
SSP2_BaU_NoCC,2040,BRA,GRAZING,224155.11597896367
SSP2_BaU_NoCC,2040,BRA,GRASS,150064.0775680874
SSP2_BaU_NoCC,2040,BRA,URB,3742.538360931397
SSP2_BaU_NoCC,2040,XLM,OTH,72183.21731250001
SSP2_BaU_NoCC,2040,XLM,CROP,83682.01094202629
SSP2_BaU_NoCC,2040,XLM,CROP_FLW,23190.91572721538
SSP2_BaU_NoCC,2040,XLM,PRM_FRS,402761.3272414585
SSP2_BaU_NoCC,2040,XLM,MNG_FRS,16716.164786922236
SSP2_BaU_NoCC,2040,XLM,BIOCROP,1158.268830565701
SSP2_BaU_NoCC,2040,XLM,GRAZING,374934.64239339094
SSP2_BaU_NoCC,2040,XLM,GRASS,251338.4147975783
SSP2_BaU_NoCC,2040,XLM,URB,4894.335314867021
SSP2_BaU_NoCC,2040,CIS,OTH,253974.9918984375
SSP2_BaU_NoCC,2040,CIS,CROP,91136.19053560558
SSP2_BaU_NoCC,2040,CIS,CROP_FLW,88427.49152977121
SSP2_BaU_NoCC,2040,CIS,PRM_FRS,820905.673777686
SSP2_BaU_NoCC,2040,CIS,MNG_FRS,40597.6411850674
SSP2_BaU_NoCC,2040,CIS,BIOCROP,5593.305652643834
SSP2_BaU_NoCC,2040,CIS,GRAZING,369273.1642267717
SSP2_BaU_NoCC,2040,CIS,GRASS,189364.4153262171
SSP2_BaU_NoCC,2040,CIS,URB,5880.5270887603765
SSP2_BaU_NoCC,2040,XME,OTH,281021.7655625
SSP2_BaU_NoCC,2040,XME,CROP,40074.95925343972
SSP2_BaU_NoCC,2040,XME,CROP_FLW,2281.6608066566278
SSP2_BaU_NoCC,2040,XME,PRM_FRS,7319.580947121405
SSP2_BaU_NoCC,2040,XME,MNG_FRS,658.8617630985877
SSP2_BaU_NoCC,2040,XME,BIOCROP,5156.8371559121215
SSP2_BaU_NoCC,2040,XME,GRAZING,257911.31828351016
SSP2_BaU_NoCC,2040,XME,GRASS,83591.05314634374
SSP2_BaU_NoCC,2040,XME,URB,2128.071955810547
SSP2_BaU_NoCC,2040,XNF,OTH,456890.6350624999
SSP2_BaU_NoCC,2040,XNF,CROP,33263.41801767614
SSP2_BaU_NoCC,2040,XNF,CROP_FLW,1875.774336255828
SSP2_BaU_NoCC,2040,XNF,PRM_FRS,2200.011148007254
SSP2_BaU_NoCC,2040,XNF,MNG_FRS,70.60103940227754
SSP2_BaU_NoCC,2040,XNF,BIOCROP,1872.0016439009405
SSP2_BaU_NoCC,2040,XNF,GRAZING,72002.64392280664
SSP2_BaU_NoCC,2040,XNF,GRASS,3963.5173330176244
SSP2_BaU_NoCC,2040,XNF,URB,927.4797019042969
SSP2_BaU_NoCC,2040,XAF,OTH,399410.63371875
SSP2_BaU_NoCC,2040,XAF,CROP,355888.6706099574
SSP2_BaU_NoCC,2040,XAF,CROP_FLW,18595.8494745916
SSP2_BaU_NoCC,2040,XAF,PRM_FRS,433557.6171604858
SSP2_BaU_NoCC,2040,XAF,MNG_FRS,24863.85873402415
SSP2_BaU_NoCC,2040,XAF,BIOCROP,578.9730653033303
SSP2_BaU_NoCC,2040,XAF,GRAZING,956000.7330637444
SSP2_BaU_NoCC,2040,XAF,GRASS,547787.0960591708
SSP2_BaU_NoCC,2040,XAF,URB,2896.931178625107
SSP2_BaU_NoCC,2040,ASIA2,OTH,312611.42105468747
SSP2_BaU_NoCC,2040,ASIA2,CROP,444184.168087134
SSP2_BaU_NoCC,2040,ASIA2,CROP_FLW,14436.772651619201
SSP2_BaU_NoCC,2040,ASIA2,PRM_FRS,440508.5802953577
SSP2_BaU_NoCC,2040,ASIA2,MNG_FRS,49693.91175333207
SSP2_BaU_NoCC,2040,ASIA2,BIOCROP,28295.311151558515
SSP2_BaU_NoCC,2040,ASIA2,GRAZING,581768.3625666266
SSP2_BaU_NoCC,2040,ASIA2,GRASS,226432.31484981911
SSP2_BaU_NoCC,2040,ASIA2,URB,16641.596986114502
SSP2_BaU_NoCC,2040,World,OTH,2111196.772609375
SSP2_BaU_NoCC,2040,World,CROP,1429307.491785157
SSP2_BaU_NoCC,2040,World,CROP_FLW,321314.8043585415
SSP2_BaU_NoCC,2040,World,PRM_FRS,3301681.6917683408
SSP2_BaU_NoCC,2040,World,MNG_FRS,309631.30886820354
SSP2_BaU_NoCC,2040,World,BIOCROP,103097.41269216327
SSP2_BaU_NoCC,2040,World,GRAZING,3568073.0986160263
SSP2_BaU_NoCC,2040,World,GRASS,2097479.8677746765
SSP2_BaU_NoCC,2040,World,URB,61494.25336591386
SSP2_BaU_NoCC,2040,Non-OECD,OTH,1776092.664609375
SSP2_BaU_NoCC,2040,Non-OECD,CROP,1114829.5305769416
SSP2_BaU_NoCC,2040,Non-OECD,CROP_FLW,150860.41806874762
SSP2_BaU_NoCC,2040,Non-OECD,PRM_FRS,2531143.833438295
SSP2_BaU_NoCC,2040,Non-OECD,MNG_FRS,136662.70403453073
SSP2_BaU_NoCC,2040,Non-OECD,BIOCROP,43753.13005209551
SSP2_BaU_NoCC,2040,Non-OECD,GRAZING,2835995.9036710896
SSP2_BaU_NoCC,2040,Non-OECD,GRASS,1451821.8081351833
SSP2_BaU_NoCC,2040,Non-OECD,URB,35401.19061899567
SSP2_BaU_NoCC,2040,Industrial,OTH,321872.108
SSP2_BaU_NoCC,2040,Industrial,CROP,247487.26596450404
SSP2_BaU_NoCC,2040,Industrial,CROP_FLW,161948.5635888993
SSP2_BaU_NoCC,2040,Industrial,PRM_FRS,738929.536010701
SSP2_BaU_NoCC,2040,Industrial,MNG_FRS,165989.01591823905
SSP2_BaU_NoCC,2040,Industrial,BIOCROP,54290.53767503396
SSP2_BaU_NoCC,2040,Industrial,GRAZING,702376.216660305
SSP2_BaU_NoCC,2040,Industrial,GRASS,620040.3088985726
SSP2_BaU_NoCC,2040,Industrial,URB,24181.440413742544
SSP2_BaU_NoCC,2040,Transition,OTH,520635.75745312497
SSP2_BaU_NoCC,2040,Transition,CROP,523578.3440040983
SSP2_BaU_NoCC,2040,Transition,CROP_FLW,99927.39582595829
SSP2_BaU_NoCC,2040,Transition,PRM_FRS,1508363.2488317422
SSP2_BaU_NoCC,2040,Transition,MNG_FRS,87261.54373205864
SSP2_BaU_NoCC,2040,Transition,BIOCROP,35242.94943675501
SSP2_BaU_NoCC,2040,Transition,GRAZING,1029252.9127624178
SSP2_BaU_NoCC,2040,Transition,GRASS,479272.84743461455
SSP2_BaU_NoCC,2040,Transition,URB,22567.039569885255
SSP2_BaU_NoCC,2040,Developing,OTH,1268688.90715625
SSP2_BaU_NoCC,2040,Developing,CROP,658241.8818165547
SSP2_BaU_NoCC,2040,Developing,CROP_FLW,59438.844943683886
SSP2_BaU_NoCC,2040,Developing,PRM_FRS,1054388.9069258973
SSP2_BaU_NoCC,2040,Developing,MNG_FRS,56380.74921790581
SSP2_BaU_NoCC,2040,Developing,BIOCROP,13563.92558037434
SSP2_BaU_NoCC,2040,Developing,GRAZING,1836443.9691933035
SSP2_BaU_NoCC,2040,Developing,GRASS,998166.7114414894
SSP2_BaU_NoCC,2040,Developing,URB,14745.773382286072
SSP2_BaU_NoCC,2040,R5ASIA,OTH,312611.42105468747
SSP2_BaU_NoCC,2040,R5ASIA,CROP,441816.8183385104
SSP2_BaU_NoCC,2040,R5ASIA,CROP_FLW,13494.644598964458
SSP2_BaU_NoCC,2040,R5ASIA,PRM_FRS,417432.5843532291
SSP2_BaU_NoCC,2040,R5ASIA,MNG_FRS,47687.6173806248
SSP2_BaU_NoCC,2040,R5ASIA,BIOCROP,28094.91122782316
SSP2_BaU_NoCC,2040,R5ASIA,GRAZING,581718.2858019017
SSP2_BaU_NoCC,2040,R5ASIA,GRASS,225713.2339047682
SSP2_BaU_NoCC,2040,R5ASIA,URB,14931.307018096923
SSP2_BaU_NoCC,2040,R5OECD90+EU,OTH,335104.108
SSP2_BaU_NoCC,2040,R5OECD90+EU,CROP,314477.9612082154
SSP2_BaU_NoCC,2040,R5OECD90+EU,CROP_FLW,170454.38628979388
SSP2_BaU_NoCC,2040,R5OECD90+EU,PRM_FRS,770537.8583300454
SSP2_BaU_NoCC,2040,R5OECD90+EU,MNG_FRS,172968.60483367275
SSP2_BaU_NoCC,2040,R5OECD90+EU,BIOCROP,59344.282640067795
SSP2_BaU_NoCC,2040,R5OECD90+EU,GRAZING,732077.194944937
SSP2_BaU_NoCC,2040,R5OECD90+EU,GRASS,645658.0596394935
SSP2_BaU_NoCC,2040,R5OECD90+EU,URB,26093.062746918204
SSP2_BaU_NoCC,2040,R5REF,OTH,253974.9918984375
SSP2_BaU_NoCC,2040,R5REF,CROP,91136.19053560558
SSP2_BaU_NoCC,2040,R5REF,CROP_FLW,88427.49152977121
SSP2_BaU_NoCC,2040,R5REF,PRM_FRS,820905.673777686
SSP2_BaU_NoCC,2040,R5REF,MNG_FRS,40597.6411850674
SSP2_BaU_NoCC,2040,R5REF,BIOCROP,5593.305652643834
SSP2_BaU_NoCC,2040,R5REF,GRAZING,369273.1642267717
SSP2_BaU_NoCC,2040,R5REF,GRASS,189364.4153262171
SSP2_BaU_NoCC,2040,R5REF,URB,5880.5270887603765
SSP2_BaU_NoCC,2040,R5MAF,OTH,1137323.0343437498
SSP2_BaU_NoCC,2040,R5MAF,CROP,429227.0478810733
SSP2_BaU_NoCC,2040,R5MAF,CROP_FLW,22753.284617504054
SSP2_BaU_NoCC,2040,R5MAF,PRM_FRS,443077.2092556145
SSP2_BaU_NoCC,2040,R5MAF,MNG_FRS,25593.321536525014
SSP2_BaU_NoCC,2040,R5MAF,BIOCROP,7607.811865116392
SSP2_BaU_NoCC,2040,R5MAF,GRAZING,1285914.6952700613
SSP2_BaU_NoCC,2040,R5MAF,GRASS,635341.6665385321
SSP2_BaU_NoCC,2040,R5MAF,URB,5952.48283633995
SSP2_BaU_NoCC,2040,R5LAM,OTH,72183.21731250001
SSP2_BaU_NoCC,2040,R5LAM,CROP,152649.47382175244
SSP2_BaU_NoCC,2040,R5LAM,CROP_FLW,26184.997322507876
SSP2_BaU_NoCC,2040,R5LAM,PRM_FRS,849728.3660517656
SSP2_BaU_NoCC,2040,R5LAM,MNG_FRS,22784.12393231354
SSP2_BaU_NoCC,2040,R5LAM,BIOCROP,2457.1013065121224
SSP2_BaU_NoCC,2040,R5LAM,GRAZING,599089.7583723546
SSP2_BaU_NoCC,2040,R5LAM,GRASS,401402.49236566573
SSP2_BaU_NoCC,2040,R5LAM,URB,8636.873675798419
SSP2_BaU_NoCC,2045,USA,OTH,33613.452
SSP2_BaU_NoCC,2045,USA,CROP,112876.01834474372
SSP2_BaU_NoCC,2045,USA,CROP_FLW,77211.7442674187
SSP2_BaU_NoCC,2045,USA,PRM_FRS,221619.95762659298
SSP2_BaU_NoCC,2045,USA,MNG_FRS,54901.88754735722
SSP2_BaU_NoCC,2045,USA,BIOCROP,29302.22509771424
SSP2_BaU_NoCC,2045,USA,GRAZING,236543.81299959295
SSP2_BaU_NoCC,2045,USA,GRASS,101696.2630003962
SSP2_BaU_NoCC,2045,USA,URB,11695.345311309815
SSP2_BaU_NoCC,2045,XE25,OTH,3206.0
SSP2_BaU_NoCC,2045,XE25,CROP,68034.82622254423
SSP2_BaU_NoCC,2045,XE25,CROP_FLW,23710.083432807285
SSP2_BaU_NoCC,2045,XE25,PRM_FRS,79959.23675221014
SSP2_BaU_NoCC,2045,XE25,MNG_FRS,54100.22879335314
SSP2_BaU_NoCC,2045,XE25,BIOCROP,29004.85578373213
SSP2_BaU_NoCC,2045,XE25,GRAZING,58788.19133920863
SSP2_BaU_NoCC,2045,XE25,GRASS,30106.845731890462
SSP2_BaU_NoCC,2045,XE25,URB,9106.496241195679
SSP2_BaU_NoCC,2045,XER,OTH,13232.0
SSP2_BaU_NoCC,2045,XER,CROP,39412.1141444052
SSP2_BaU_NoCC,2045,XER,CROP_FLW,4003.229009795501
SSP2_BaU_NoCC,2045,XER,PRM_FRS,24917.009741858335
SSP2_BaU_NoCC,2045,XER,MNG_FRS,5511.122988873505
SSP2_BaU_NoCC,2045,XER,BIOCROP,5099.282696191635
SSP2_BaU_NoCC,2045,XER,GRAZING,15446.420450669637
SSP2_BaU_NoCC,2045,XER,GRASS,4728.932729595659
SSP2_BaU_NoCC,2045,XER,URB,1090.242361709595
SSP2_BaU_NoCC,2045,TUR,CROP,26691.613770211035
SSP2_BaU_NoCC,2045,TUR,CROP_FLW,4345.634713743599
SSP2_BaU_NoCC,2045,TUR,PRM_FRS,6831.665681014692
SSP2_BaU_NoCC,2045,TUR,MNG_FRS,1162.0112028452302
SSP2_BaU_NoCC,2045,TUR,BIOCROP,1486.4075827972763
SSP2_BaU_NoCC,2045,TUR,GRAZING,14318.16182442039
SSP2_BaU_NoCC,2045,TUR,GRASS,20503.296633549042
SSP2_BaU_NoCC,2045,TUR,URB,821.3799714660644
SSP2_BaU_NoCC,2045,XOC,OTH,1467.0
SSP2_BaU_NoCC,2045,XOC,CROP,30812.06208765731
SSP2_BaU_NoCC,2045,XOC,CROP_FLW,34133.05350984487
SSP2_BaU_NoCC,2045,XOC,PRM_FRS,158852.27692652025
SSP2_BaU_NoCC,2045,XOC,MNG_FRS,4810.609727250952
SSP2_BaU_NoCC,2045,XOC,BIOCROP,895.8899420930827
SSP2_BaU_NoCC,2045,XOC,GRAZING,390856.87363447907
SSP2_BaU_NoCC,2045,XOC,GRASS,478133.41965608945
SSP2_BaU_NoCC,2045,XOC,URB,883.3264156804086
SSP2_BaU_NoCC,2045,CHN,OTH,239998.39534375
SSP2_BaU_NoCC,2045,CHN,CROP,102692.3011665976
SSP2_BaU_NoCC,2045,CHN,PRM_FRS,183239.6743487411
SSP2_BaU_NoCC,2045,CHN,MNG_FRS,17720.639132631364
SSP2_BaU_NoCC,2045,CHN,BIOCROP,24370.02375812713
SSP2_BaU_NoCC,2045,CHN,GRAZING,396717.7000474443
SSP2_BaU_NoCC,2045,CHN,GRASS,97871.44108470676
SSP2_BaU_NoCC,2045,CHN,URB,8006.078889526368
SSP2_BaU_NoCC,2045,IND,OTH,13430.3702109375
SSP2_BaU_NoCC,2045,IND,CROP,187450.68625145574
SSP2_BaU_NoCC,2045,IND,PRM_FRS,26314.991215465216
SSP2_BaU_NoCC,2045,IND,MNG_FRS,14208.437366062532
SSP2_BaU_NoCC,2045,IND,BIOCROP,7509.939873004305
SSP2_BaU_NoCC,2045,IND,GRAZING,8337.937466659007
SSP2_BaU_NoCC,2045,IND,GRASS,16196.116459301664
SSP2_BaU_NoCC,2045,IND,URB,3026.2728974914553
SSP2_BaU_NoCC,2045,JPN,CROP,2266.867582822526
SSP2_BaU_NoCC,2045,JPN,CROP_FLW,951.6240305672659
SSP2_BaU_NoCC,2045,JPN,PRM_FRS,23231.579281290837
SSP2_BaU_NoCC,2045,JPN,MNG_FRS,1883.839247349098
SSP2_BaU_NoCC,2045,JPN,BIOCROP,253.19001836429078
SSP2_BaU_NoCC,2045,JPN,GRAZING,50.17908878253451
SSP2_BaU_NoCC,2045,JPN,GRASS,724.0465004489054
SSP2_BaU_NoCC,2045,JPN,URB,1710.2899680175783
SSP2_BaU_NoCC,2045,XSE,OTH,14506.901
SSP2_BaU_NoCC,2045,XSE,CROP,96713.7990884129
SSP2_BaU_NoCC,2045,XSE,CROP_FLW,9661.684340738553
SSP2_BaU_NoCC,2045,XSE,PRM_FRS,202250.85052882152
SSP2_BaU_NoCC,2045,XSE,MNG_FRS,9270.759017551958
SSP2_BaU_NoCC,2045,XSE,BIOCROP,6459.4348419568505
SSP2_BaU_NoCC,2045,XSE,GRAZING,134702.7400499548
SSP2_BaU_NoCC,2045,XSE,GRASS,75206.01814041306
SSP2_BaU_NoCC,2045,XSE,URB,3032.1656320037837
SSP2_BaU_NoCC,2045,XSA,OTH,44675.7545
SSP2_BaU_NoCC,2045,XSA,CROP,48401.49823885232
SSP2_BaU_NoCC,2045,XSA,CROP_FLW,3317.186754369469
SSP2_BaU_NoCC,2045,XSA,PRM_FRS,5751.88316497826
SSP2_BaU_NoCC,2045,XSA,MNG_FRS,4431.774184128318
SSP2_BaU_NoCC,2045,XSA,BIOCROP,710.4522405460576
SSP2_BaU_NoCC,2045,XSA,GRAZING,41977.50726861183
SSP2_BaU_NoCC,2045,XSA,GRASS,34472.619576290126
SSP2_BaU_NoCC,2045,XSA,URB,866.7895990753174
SSP2_BaU_NoCC,2045,CAN,OTH,283585.656
SSP2_BaU_NoCC,2045,CAN,CROP,33168.04215047418
SSP2_BaU_NoCC,2045,CAN,CROP_FLW,24395.864607481137
SSP2_BaU_NoCC,2045,CAN,PRM_FRS,251748.02922333407
SSP2_BaU_NoCC,2045,CAN,MNG_FRS,46529.123020363
SSP2_BaU_NoCC,2045,CAN,BIOCROP,7109.477372231052
SSP2_BaU_NoCC,2045,CAN,GRAZING,15218.809318314687
SSP2_BaU_NoCC,2045,CAN,GRASS,7180.410850934474
SSP2_BaU_NoCC,2045,CAN,URB,785.9824775390625
SSP2_BaU_NoCC,2045,BRA,CROP,69476.34112591902
SSP2_BaU_NoCC,2045,BRA,CROP_FLW,2855.907886308647
SSP2_BaU_NoCC,2045,BRA,PRM_FRS,443761.8212187994
SSP2_BaU_NoCC,2045,BRA,MNG_FRS,5830.073080725889
SSP2_BaU_NoCC,2045,BRA,BIOCROP,1906.746522468389
SSP2_BaU_NoCC,2045,BRA,GRAZING,228398.46991953204
SSP2_BaU_NoCC,2045,BRA,GRASS,148285.20869996128
SSP2_BaU_NoCC,2045,BRA,URB,3742.538360931397
SSP2_BaU_NoCC,2045,XLM,OTH,72183.21731250001
SSP2_BaU_NoCC,2045,XLM,CROP,84764.62185619927
SSP2_BaU_NoCC,2045,XLM,CROP_FLW,22801.473671462758
SSP2_BaU_NoCC,2045,XLM,PRM_FRS,400199.21002733015
SSP2_BaU_NoCC,2045,XLM,MNG_FRS,16278.916582731714
SSP2_BaU_NoCC,2045,XLM,BIOCROP,1654.0901368143934
SSP2_BaU_NoCC,2045,XLM,GRAZING,379189.0912179145
SSP2_BaU_NoCC,2045,XLM,GRASS,248894.34122670486
SSP2_BaU_NoCC,2045,XLM,URB,4894.335314867021
SSP2_BaU_NoCC,2045,CIS,OTH,253974.9918984375
SSP2_BaU_NoCC,2045,CIS,CROP,87541.82547490831
SSP2_BaU_NoCC,2045,CIS,CROP_FLW,88214.21458463251
SSP2_BaU_NoCC,2045,CIS,PRM_FRS,823735.0038843486
SSP2_BaU_NoCC,2045,CIS,MNG_FRS,38611.03602463454
SSP2_BaU_NoCC,2045,CIS,BIOCROP,8511.803777779967
SSP2_BaU_NoCC,2045,CIS,GRAZING,369730.52310231293
SSP2_BaU_NoCC,2045,CIS,GRASS,188953.47538514558
SSP2_BaU_NoCC,2045,CIS,URB,5880.5270887603765
SSP2_BaU_NoCC,2045,XME,OTH,281021.7655625
SSP2_BaU_NoCC,2045,XME,CROP,40636.497770664195
SSP2_BaU_NoCC,2045,XME,CROP_FLW,2057.3844192024035
SSP2_BaU_NoCC,2045,XME,PRM_FRS,6904.432353985283
SSP2_BaU_NoCC,2045,XME,MNG_FRS,649.3310228614873
SSP2_BaU_NoCC,2045,XME,BIOCROP,6990.329733792452
SSP2_BaU_NoCC,2045,XME,GRAZING,259138.39360179257
SSP2_BaU_NoCC,2045,XME,GRASS,80617.90245378409
SSP2_BaU_NoCC,2045,XME,URB,2128.071955810547
SSP2_BaU_NoCC,2045,XNF,OTH,456890.6350624999
SSP2_BaU_NoCC,2045,XNF,CROP,34175.111985058036
SSP2_BaU_NoCC,2045,XNF,CROP_FLW,1522.9238877099506
SSP2_BaU_NoCC,2045,XNF,PRM_FRS,2052.9558166599863
SSP2_BaU_NoCC,2045,XNF,MNG_FRS,68.8530447308484
SSP2_BaU_NoCC,2045,XNF,BIOCROP,1937.3841674041212
SSP2_BaU_NoCC,2045,XNF,GRAZING,72221.24478634288
SSP2_BaU_NoCC,2045,XNF,GRASS,3269.4937531608575
SSP2_BaU_NoCC,2045,XNF,URB,927.4797019042969
SSP2_BaU_NoCC,2045,XAF,OTH,399410.63371875
SSP2_BaU_NoCC,2045,XAF,CROP,384062.1135377509
SSP2_BaU_NoCC,2045,XAF,CROP_FLW,16592.573036681024
SSP2_BaU_NoCC,2045,XAF,PRM_FRS,412797.7821159413
SSP2_BaU_NoCC,2045,XAF,MNG_FRS,25256.18523935172
SSP2_BaU_NoCC,2045,XAF,BIOCROP,1044.345678014654
SSP2_BaU_NoCC,2045,XAF,GRAZING,968917.7994636795
SSP2_BaU_NoCC,2045,XAF,GRASS,528601.9990958581
SSP2_BaU_NoCC,2045,XAF,URB,2896.931178625107
SSP2_BaU_NoCC,2045,ASIA2,OTH,312611.42105468747
SSP2_BaU_NoCC,2045,ASIA2,CROP,437525.15232814103
SSP2_BaU_NoCC,2045,ASIA2,CROP_FLW,13930.495125675287
SSP2_BaU_NoCC,2045,ASIA2,PRM_FRS,440788.9785392969
SSP2_BaU_NoCC,2045,ASIA2,MNG_FRS,47515.44894772327
SSP2_BaU_NoCC,2045,ASIA2,BIOCROP,39303.04073199863
SSP2_BaU_NoCC,2045,ASIA2,GRAZING,581786.0639214525
SSP2_BaU_NoCC,2045,ASIA2,GRASS,224470.24176116052
SSP2_BaU_NoCC,2045,ASIA2,URB,16641.596986114502
SSP2_BaU_NoCC,2045,World,OTH,2111196.772609375
SSP2_BaU_NoCC,2045,World,CROP,1449176.3407986765
SSP2_BaU_NoCC,2045,World,CROP_FLW,315774.5821527637
SSP2_BaU_NoCC,2045,World,PRM_FRS,3274168.3599078925
SSP2_BaU_NoCC,2045,World,MNG_FRS,301224.82722280244
SSP2_BaU_NoCC,2045,World,BIOCROP,134245.879223032
SSP2_BaU_NoCC,2045,World,GRAZING,3590553.8555797124
SSP2_BaU_NoCC,2045,World,GRASS,2065441.8309782306
SSP2_BaU_NoCC,2045,World,URB,61494.25336591386
SSP2_BaU_NoCC,2045,Non-OECD,OTH,1776092.664609375
SSP2_BaU_NoCC,2045,Non-OECD,CROP,1135914.7964958183
SSP2_BaU_NoCC,2045,Non-OECD,CROP_FLW,147023.34858110533
SSP2_BaU_NoCC,2045,Non-OECD,PRM_FRS,2507008.604675071
SSP2_BaU_NoCC,2045,Non-OECD,MNG_FRS,132326.00469541037
SSP2_BaU_NoCC,2045,Non-OECD,BIOCROP,61094.55072990832
SSP2_BaU_NoCC,2045,Non-OECD,GRAZING,2859331.4069242445
SSP2_BaU_NoCC,2045,Non-OECD,GRASS,1422368.6158753263
SSP2_BaU_NoCC,2045,Non-OECD,URB,35401.19061899567
SSP2_BaU_NoCC,2045,Industrial,OTH,321872.108
SSP2_BaU_NoCC,2045,Industrial,CROP,247157.81638824198
SSP2_BaU_NoCC,2045,Industrial,CROP_FLW,160402.36984811927
SSP2_BaU_NoCC,2045,Industrial,PRM_FRS,735411.0798099483
SSP2_BaU_NoCC,2045,Industrial,MNG_FRS,162225.68833567342
SSP2_BaU_NoCC,2045,Industrial,BIOCROP,66565.6382141348
SSP2_BaU_NoCC,2045,Industrial,GRAZING,701457.8663803778
SSP2_BaU_NoCC,2045,Industrial,GRASS,617840.9857397595
SSP2_BaU_NoCC,2045,Industrial,URB,24181.440413742544
SSP2_BaU_NoCC,2045,Transition,OTH,520635.75745312497
SSP2_BaU_NoCC,2045,Transition,CROP,513264.8819334969
SSP2_BaU_NoCC,2045,Transition,CROP_FLW,99418.98619448027
SSP2_BaU_NoCC,2045,Transition,PRM_FRS,1508800.1660902272
SSP2_BaU_NoCC,2045,Transition,MNG_FRS,83043.31979577304
SSP2_BaU_NoCC,2045,Transition,BIOCROP,48884.204210368705
SSP2_BaU_NoCC,2045,Transition,GRAZING,1032949.2128110384
SSP2_BaU_NoCC,2045,Transition,GRASS,476538.47099226
SSP2_BaU_NoCC,2045,Transition,URB,22567.039569885255
SSP2_BaU_NoCC,2045,Developing,OTH,1268688.90715625
SSP2_BaU_NoCC,2045,Developing,CROP,688753.6424769376
SSP2_BaU_NoCC,2045,Developing,CROP_FLW,55953.226110164156
SSP2_BaU_NoCC,2045,Developing,PRM_FRS,1029957.1140077164
SSP2_BaU_NoCC,2045,Developing,MNG_FRS,55955.81909135604
SSP2_BaU_NoCC,2045,Developing,BIOCROP,18796.03679852853
SSP2_BaU_NoCC,2045,Developing,GRAZING,1856146.7763882962
SSP2_BaU_NoCC,2045,Developing,GRASS,971062.374246211
SSP2_BaU_NoCC,2045,Developing,URB,14745.773382286072
SSP2_BaU_NoCC,2045,R5ASIA,OTH,312611.42105468747
SSP2_BaU_NoCC,2045,R5ASIA,CROP,435258.2847453185
SSP2_BaU_NoCC,2045,R5ASIA,CROP_FLW,12978.871095108021
SSP2_BaU_NoCC,2045,R5ASIA,PRM_FRS,417557.3992580061
SSP2_BaU_NoCC,2045,R5ASIA,MNG_FRS,45631.609700374174
SSP2_BaU_NoCC,2045,R5ASIA,BIOCROP,39049.85071363434
SSP2_BaU_NoCC,2045,R5ASIA,GRAZING,581735.88483267
SSP2_BaU_NoCC,2045,R5ASIA,GRASS,223746.1952607116
SSP2_BaU_NoCC,2045,R5ASIA,URB,14931.307018096923
SSP2_BaU_NoCC,2045,R5OECD90+EU,OTH,335104.108
SSP2_BaU_NoCC,2045,R5OECD90+EU,CROP,313261.5443028582
SSP2_BaU_NoCC,2045,R5OECD90+EU,CROP_FLW,168751.23357165835
SSP2_BaU_NoCC,2045,R5OECD90+EU,PRM_FRS,767159.7552328213
SSP2_BaU_NoCC,2045,R5OECD90+EU,MNG_FRS,168898.82252739213
SSP2_BaU_NoCC,2045,R5OECD90+EU,BIOCROP,73151.3284931237
SSP2_BaU_NoCC,2045,R5OECD90+EU,GRAZING,731222.4486554678
SSP2_BaU_NoCC,2045,R5OECD90+EU,GRASS,643073.2151029042
SSP2_BaU_NoCC,2045,R5OECD90+EU,URB,26093.062746918204
SSP2_BaU_NoCC,2045,R5REF,OTH,253974.9918984375
SSP2_BaU_NoCC,2045,R5REF,CROP,87541.82547490831
SSP2_BaU_NoCC,2045,R5REF,CROP_FLW,88214.21458463251
SSP2_BaU_NoCC,2045,R5REF,PRM_FRS,823735.0038843486
SSP2_BaU_NoCC,2045,R5REF,MNG_FRS,38611.03602463454
SSP2_BaU_NoCC,2045,R5REF,BIOCROP,8511.803777779967
SSP2_BaU_NoCC,2045,R5REF,GRAZING,369730.52310231293
SSP2_BaU_NoCC,2045,R5REF,GRASS,188953.47538514558
SSP2_BaU_NoCC,2045,R5REF,URB,5880.5270887603765
SSP2_BaU_NoCC,2045,R5MAF,OTH,1137323.0343437498
SSP2_BaU_NoCC,2045,R5MAF,CROP,458873.72329347313
SSP2_BaU_NoCC,2045,R5MAF,CROP_FLW,20172.881343593377
SSP2_BaU_NoCC,2045,R5MAF,PRM_FRS,421755.17028658657
SSP2_BaU_NoCC,2045,R5MAF,MNG_FRS,25974.369306944052
SSP2_BaU_NoCC,2045,R5MAF,BIOCROP,9972.059579211227
SSP2_BaU_NoCC,2045,R5MAF,GRAZING,1300277.437851815
SSP2_BaU_NoCC,2045,R5MAF,GRASS,612489.395302803
SSP2_BaU_NoCC,2045,R5MAF,URB,5952.48283633995
SSP2_BaU_NoCC,2045,R5LAM,OTH,72183.21731250001
SSP2_BaU_NoCC,2045,R5LAM,CROP,154240.9629821183
SSP2_BaU_NoCC,2045,R5LAM,CROP_FLW,25657.381557771405
SSP2_BaU_NoCC,2045,R5LAM,PRM_FRS,843961.0312461295
SSP2_BaU_NoCC,2045,R5LAM,MNG_FRS,22108.989663457603
SSP2_BaU_NoCC,2045,R5LAM,BIOCROP,3560.8366592827824
SSP2_BaU_NoCC,2045,R5LAM,GRAZING,607587.5611374466
SSP2_BaU_NoCC,2045,R5LAM,GRASS,397179.54992666614
SSP2_BaU_NoCC,2045,R5LAM,URB,8636.873675798419
SSP2_BaU_NoCC,2050,USA,OTH,33613.452
SSP2_BaU_NoCC,2050,USA,CROP,113266.30413755201
SSP2_BaU_NoCC,2050,USA,CROP_FLW,76679.57329723345
SSP2_BaU_NoCC,2050,USA,PRM_FRS,220911.20791576267
SSP2_BaU_NoCC,2050,USA,MNG_FRS,53680.05473257276
SSP2_BaU_NoCC,2050,USA,BIOCROP,32417.781799314133
SSP2_BaU_NoCC,2050,USA,GRAZING,236545.53801667935
SSP2_BaU_NoCC,2050,USA,GRASS,100651.44898470145
SSP2_BaU_NoCC,2050,USA,URB,11695.345311309815
SSP2_BaU_NoCC,2050,XE25,OTH,3206.0
SSP2_BaU_NoCC,2050,XE25,CROP,66239.34315695544
SSP2_BaU_NoCC,2050,XE25,CROP_FLW,23124.21477056783
SSP2_BaU_NoCC,2050,XE25,PRM_FRS,80233.08868527962
SSP2_BaU_NoCC,2050,XE25,MNG_FRS,52340.05173922584
SSP2_BaU_NoCC,2050,XE25,BIOCROP,33286.59583466109
SSP2_BaU_NoCC,2050,XE25,GRAZING,58828.227065343934
SSP2_BaU_NoCC,2050,XE25,GRASS,29652.746803712238
SSP2_BaU_NoCC,2050,XE25,URB,9106.496241195679
SSP2_BaU_NoCC,2050,XER,OTH,13232.0
SSP2_BaU_NoCC,2050,XER,CROP,38000.92376873157
SSP2_BaU_NoCC,2050,XER,CROP_FLW,4068.3494242614634
SSP2_BaU_NoCC,2050,XER,PRM_FRS,25253.006761796794
SSP2_BaU_NoCC,2050,XER,MNG_FRS,5245.200433914194
SSP2_BaU_NoCC,2050,XER,BIOCROP,6260.307776380164
SSP2_BaU_NoCC,2050,XER,GRAZING,15523.90503144073
SSP2_BaU_NoCC,2050,XER,GRASS,4766.418564864609
SSP2_BaU_NoCC,2050,XER,URB,1090.242361709595
SSP2_BaU_NoCC,2050,TUR,CROP,27185.742588515262
SSP2_BaU_NoCC,2050,TUR,CROP_FLW,4148.399351795092
SSP2_BaU_NoCC,2050,TUR,PRM_FRS,6664.919499670294
SSP2_BaU_NoCC,2050,TUR,MNG_FRS,1120.6815657148943
SSP2_BaU_NoCC,2050,TUR,BIOCROP,1787.1588918033399
SSP2_BaU_NoCC,2050,TUR,GRAZING,14303.194350130132
SSP2_BaU_NoCC,2050,TUR,GRASS,20128.6951609522
SSP2_BaU_NoCC,2050,TUR,URB,821.3799714660644
SSP2_BaU_NoCC,2050,XOC,OTH,1467.0
SSP2_BaU_NoCC,2050,XOC,CROP,31428.1177100572
SSP2_BaU_NoCC,2050,XOC,CROP_FLW,34513.3323994334
SSP2_BaU_NoCC,2050,XOC,PRM_FRS,158042.62606094131
SSP2_BaU_NoCC,2050,XOC,MNG_FRS,4764.401895269678
SSP2_BaU_NoCC,2050,XOC,BIOCROP,1312.60985588073
SSP2_BaU_NoCC,2050,XOC,GRAZING,390089.2015171884
SSP2_BaU_NoCC,2050,XOC,GRASS,478343.89604516444
SSP2_BaU_NoCC,2050,XOC,URB,883.3264156804086
SSP2_BaU_NoCC,2050,CHN,OTH,239998.39534375
SSP2_BaU_NoCC,2050,CHN,CROP,95660.61982639681
SSP2_BaU_NoCC,2050,CHN,PRM_FRS,187911.48700123225
SSP2_BaU_NoCC,2050,CHN,MNG_FRS,16356.506432872504
SSP2_BaU_NoCC,2050,CHN,BIOCROP,27891.178035153138
SSP2_BaU_NoCC,2050,CHN,GRAZING,395739.2688076861
SSP2_BaU_NoCC,2050,CHN,GRASS,99052.71943490775
SSP2_BaU_NoCC,2050,CHN,URB,8006.078889526368
SSP2_BaU_NoCC,2050,IND,OTH,13430.3702109375
SSP2_BaU_NoCC,2050,IND,CROP,187792.41810789565
SSP2_BaU_NoCC,2050,IND,PRM_FRS,25191.76252435922
SSP2_BaU_NoCC,2050,IND,MNG_FRS,13876.915720586547
SSP2_BaU_NoCC,2050,IND,BIOCROP,9430.709865445693
SSP2_BaU_NoCC,2050,IND,GRAZING,8231.705678919263
SSP2_BaU_NoCC,2050,IND,GRASS,15494.596734741976
SSP2_BaU_NoCC,2050,IND,URB,3026.2728974914553
SSP2_BaU_NoCC,2050,JPN,CROP,2173.89092128376
SSP2_BaU_NoCC,2050,JPN,CROP_FLW,961.2257643552435
SSP2_BaU_NoCC,2050,JPN,PRM_FRS,23384.44702972852
SSP2_BaU_NoCC,2050,JPN,MNG_FRS,1766.8972695394289
SSP2_BaU_NoCC,2050,JPN,BIOCROP,295.30912312376074
SSP2_BaU_NoCC,2050,JPN,GRAZING,50.30053960378882
SSP2_BaU_NoCC,2050,JPN,GRASS,729.2551019909591
SSP2_BaU_NoCC,2050,JPN,URB,1710.2899680175783
SSP2_BaU_NoCC,2050,XSE,OTH,14506.901
SSP2_BaU_NoCC,2050,XSE,CROP,94550.08390756398
SSP2_BaU_NoCC,2050,XSE,CROP_FLW,9659.072457737053
SSP2_BaU_NoCC,2050,XSE,PRM_FRS,202627.72335680103
SSP2_BaU_NoCC,2050,XSE,MNG_FRS,8921.243685360829
SSP2_BaU_NoCC,2050,XSE,BIOCROP,8250.132908616486
SSP2_BaU_NoCC,2050,XSE,GRAZING,135439.30432757977
SSP2_BaU_NoCC,2050,XSE,GRASS,74817.72536419057
SSP2_BaU_NoCC,2050,XSE,URB,3032.1656320037837
SSP2_BaU_NoCC,2050,XSA,OTH,44675.7545
SSP2_BaU_NoCC,2050,XSA,CROP,49655.491126812594
SSP2_BaU_NoCC,2050,XSA,CROP_FLW,2987.5845942997526
SSP2_BaU_NoCC,2050,XSA,PRM_FRS,5565.638368864707
SSP2_BaU_NoCC,2050,XSA,MNG_FRS,4355.832079013161
SSP2_BaU_NoCC,2050,XSA,BIOCROP,932.4758790840033
SSP2_BaU_NoCC,2050,XSA,GRAZING,42275.344397726716
SSP2_BaU_NoCC,2050,XSA,GRASS,33290.554981975
SSP2_BaU_NoCC,2050,XSA,URB,866.7895990753174
SSP2_BaU_NoCC,2050,CAN,OTH,283585.656
SSP2_BaU_NoCC,2050,CAN,CROP,33232.90819068394
SSP2_BaU_NoCC,2050,CAN,CROP_FLW,24242.599312777485
SSP2_BaU_NoCC,2050,CAN,PRM_FRS,251589.92649359733
SSP2_BaU_NoCC,2050,CAN,MNG_FRS,45807.56986223926
SSP2_BaU_NoCC,2050,CAN,BIOCROP,8163.4039080484445
SSP2_BaU_NoCC,2050,CAN,GRAZING,15215.53123076333
SSP2_BaU_NoCC,2050,CAN,GRASS,7097.817545022819
SSP2_BaU_NoCC,2050,CAN,URB,785.9824775390625
SSP2_BaU_NoCC,2050,BRA,CROP,69602.00979002031
SSP2_BaU_NoCC,2050,BRA,CROP_FLW,2724.3447839667692
SSP2_BaU_NoCC,2050,BRA,PRM_FRS,440737.18180093163
SSP2_BaU_NoCC,2050,BRA,MNG_FRS,5573.775594912852
SSP2_BaU_NoCC,2050,BRA,BIOCROP,2755.322679198569
SSP2_BaU_NoCC,2050,BRA,GRAZING,232719.89432603653
SSP2_BaU_NoCC,2050,BRA,GRASS,146402.03947864808
SSP2_BaU_NoCC,2050,BRA,URB,3742.538360931397
SSP2_BaU_NoCC,2050,XLM,OTH,72183.21731250001
SSP2_BaU_NoCC,2050,XLM,CROP,85298.76403012736
SSP2_BaU_NoCC,2050,XLM,CROP_FLW,22397.500438475196
SSP2_BaU_NoCC,2050,XLM,PRM_FRS,398332.8432501459
SSP2_BaU_NoCC,2050,XLM,MNG_FRS,15783.929283150115
SSP2_BaU_NoCC,2050,XLM,BIOCROP,2177.6585254777438
SSP2_BaU_NoCC,2050,XLM,GRAZING,383525.8068011631
SSP2_BaU_NoCC,2050,XLM,GRASS,246265.24239061837
SSP2_BaU_NoCC,2050,XLM,URB,4894.335314867021
SSP2_BaU_NoCC,2050,CIS,OTH,253974.9918984375
SSP2_BaU_NoCC,2050,CIS,CROP,84040.23565635232
SSP2_BaU_NoCC,2050,CIS,CROP_FLW,88003.74647874504
SSP2_BaU_NoCC,2050,CIS,PRM_FRS,827361.4805214528
SSP2_BaU_NoCC,2050,CIS,MNG_FRS,36601.43620754005
SSP2_BaU_NoCC,2050,CIS,BIOCROP,10743.031547439574
SSP2_BaU_NoCC,2050,CIS,GRAZING,369827.23632295174
SSP2_BaU_NoCC,2050,CIS,GRASS,188720.71549928124
SSP2_BaU_NoCC,2050,CIS,URB,5880.5270887603765
SSP2_BaU_NoCC,2050,XME,OTH,281021.7655625
SSP2_BaU_NoCC,2050,XME,CROP,41005.36423018463
SSP2_BaU_NoCC,2050,XME,CROP_FLW,1912.031816842778
SSP2_BaU_NoCC,2050,XME,PRM_FRS,6646.161203013768
SSP2_BaU_NoCC,2050,XME,MNG_FRS,637.5361642488655
SSP2_BaU_NoCC,2050,XME,BIOCROP,8121.383045928981
SSP2_BaU_NoCC,2050,XME,GRAZING,260234.10819580703
SSP2_BaU_NoCC,2050,XME,GRASS,78437.68670005648
SSP2_BaU_NoCC,2050,XME,URB,2128.071955810547
SSP2_BaU_NoCC,2050,XNF,OTH,456890.6350624999
SSP2_BaU_NoCC,2050,XNF,CROP,34838.74314770296
SSP2_BaU_NoCC,2050,XNF,CROP_FLW,1274.2532985013786
SSP2_BaU_NoCC,2050,XNF,PRM_FRS,1942.346859545061
SSP2_BaU_NoCC,2050,XNF,MNG_FRS,66.85619051165179
SSP2_BaU_NoCC,2050,XNF,BIOCROP,1913.9567163388062
SSP2_BaU_NoCC,2050,XNF,GRAZING,72447.71028904904
SSP2_BaU_NoCC,2050,XNF,GRASS,2764.100939417828
SSP2_BaU_NoCC,2050,XNF,URB,927.4797019042969
SSP2_BaU_NoCC,2050,XAF,OTH,399410.63371875
SSP2_BaU_NoCC,2050,XAF,CROP,411094.1699630516
SSP2_BaU_NoCC,2050,XAF,CROP_FLW,14772.110750683958
SSP2_BaU_NoCC,2050,XAF,PRM_FRS,393692.1192575545
SSP2_BaU_NoCC,2050,XAF,MNG_FRS,25509.82403898912
SSP2_BaU_NoCC,2050,XAF,BIOCROP,1859.7581539211994
SSP2_BaU_NoCC,2050,XAF,GRAZING,980903.3315430693
SSP2_BaU_NoCC,2050,XAF,GRASS,509441.4844600079
SSP2_BaU_NoCC,2050,XAF,URB,2896.931178625107
SSP2_BaU_NoCC,2050,ASIA2,OTH,312611.42105468747
SSP2_BaU_NoCC,2050,ASIA2,CROP,429832.5038899528
SSP2_BaU_NoCC,2050,ASIA2,CROP_FLW,13607.88281639205
SSP2_BaU_NoCC,2050,ASIA2,PRM_FRS,444681.05828098574
SSP2_BaU_NoCC,2050,ASIA2,MNG_FRS,45277.39518737247
SSP2_BaU_NoCC,2050,ASIA2,BIOCROP,46799.80581142308
SSP2_BaU_NoCC,2050,ASIA2,GRAZING,581735.9237515157
SSP2_BaU_NoCC,2050,ASIA2,GRASS,223384.85161780624
SSP2_BaU_NoCC,2050,ASIA2,URB,16641.596986114502
SSP2_BaU_NoCC,2050,World,OTH,2111196.772609375
SSP2_BaU_NoCC,2050,World,CROP,1465065.1302598873
SSP2_BaU_NoCC,2050,World,CROP_FLW,311468.3389396759
SSP2_BaU_NoCC,2050,World,PRM_FRS,3256087.966590677
SSP2_BaU_NoCC,2050,World,MNG_FRS,292408.7128956618
SSP2_BaU_NoCC,2050,World,BIOCROP,157598.7745458159
SSP2_BaU_NoCC,2050,World,GRAZING,3611899.6084411377
SSP2_BaU_NoCC,2050,World,GRASS,2036057.1441902537
SSP2_BaU_NoCC,2050,World,URB,61494.25336591386
SSP2_BaU_NoCC,2050,Non-OECD,OTH,1776092.664609375
SSP2_BaU_NoCC,2050,Non-OECD,CROP,1153537.8997861082
SSP2_BaU_NoCC,2050,Non-OECD,CROP_FLW,143730.64461925192
SSP2_BaU_NoCC,2050,Non-OECD,PRM_FRS,2490008.744143901
SSP2_BaU_NoCC,2050,Non-OECD,MNG_FRS,127683.85539718569
SSP2_BaU_NoCC,2050,Non-OECD,BIOCROP,74075.60735660419
SSP2_BaU_NoCC,2050,Non-OECD,GRAZING,2881343.710689989
SSP2_BaU_NoCC,2050,Non-OECD,GRASS,1394686.8659838452
SSP2_BaU_NoCC,2050,Non-OECD,URB,35401.19061899567
SSP2_BaU_NoCC,2050,Industrial,OTH,321872.108
SSP2_BaU_NoCC,2050,Industrial,CROP,246340.56411653233
SSP2_BaU_NoCC,2050,Industrial,CROP_FLW,159520.9455443674
SSP2_BaU_NoCC,2050,Industrial,PRM_FRS,734161.2961853094
SSP2_BaU_NoCC,2050,Industrial,MNG_FRS,158358.97549884696
SSP2_BaU_NoCC,2050,Industrial,BIOCROP,75475.70052102816
SSP2_BaU_NoCC,2050,Industrial,GRAZING,700728.7983695788
SSP2_BaU_NoCC,2050,Industrial,GRASS,616475.164480592
SSP2_BaU_NoCC,2050,Industrial,URB,24181.440413742544
SSP2_BaU_NoCC,2050,Transition,OTH,520635.75745312497
SSP2_BaU_NoCC,2050,Transition,CROP,502281.94973791187
SSP2_BaU_NoCC,2050,Transition,CROP_FLW,98944.84003876837
SSP2_BaU_NoCC,2050,Transition,PRM_FRS,1513119.838109443
SSP2_BaU_NoCC,2050,Transition,MNG_FRS,78774.51595554105
SSP2_BaU_NoCC,2050,Transition,BIOCROP,58867.708795420476
SSP2_BaU_NoCC,2050,Transition,GRAZING,1036345.2045171645
SSP2_BaU_NoCC,2050,Transition,GRASS,474565.18487339583
SSP2_BaU_NoCC,2050,Transition,URB,22567.039569885255
SSP2_BaU_NoCC,2050,Developing,OTH,1268688.90715625
SSP2_BaU_NoCC,2050,Developing,CROP,716442.6164054432
SSP2_BaU_NoCC,2050,Developing,CROP_FLW,53002.55335654011
SSP2_BaU_NoCC,2050,Developing,PRM_FRS,1008806.832295925
SSP2_BaU_NoCC,2050,Developing,MNG_FRS,55275.22144127374
SSP2_BaU_NoCC,2050,Developing,BIOCROP,23255.36522936722
SSP2_BaU_NoCC,2050,Developing,GRAZING,1874825.605554395
SSP2_BaU_NoCC,2050,Developing,GRASS,945016.7948362662
SSP2_BaU_NoCC,2050,Developing,URB,14745.773382286072
SSP2_BaU_NoCC,2050,R5ASIA,OTH,312611.42105468747
SSP2_BaU_NoCC,2050,R5ASIA,CROP,427658.61296866904
SSP2_BaU_NoCC,2050,R5ASIA,CROP_FLW,12646.657052036806
SSP2_BaU_NoCC,2050,R5ASIA,PRM_FRS,421296.6112512572
SSP2_BaU_NoCC,2050,R5ASIA,MNG_FRS,43510.49791783304
SSP2_BaU_NoCC,2050,R5ASIA,BIOCROP,46504.49668829932
SSP2_BaU_NoCC,2050,R5ASIA,GRAZING,581685.6232119119
SSP2_BaU_NoCC,2050,R5ASIA,GRASS,222655.5965158153
SSP2_BaU_NoCC,2050,R5ASIA,URB,14931.307018096923
SSP2_BaU_NoCC,2050,R5OECD90+EU,OTH,335104.108
SSP2_BaU_NoCC,2050,R5OECD90+EU,CROP,311527.23047377914
SSP2_BaU_NoCC,2050,R5OECD90+EU,CROP_FLW,167737.69432042397
SSP2_BaU_NoCC,2050,R5OECD90+EU,PRM_FRS,766079.2224467765
SSP2_BaU_NoCC,2050,R5OECD90+EU,MNG_FRS,164724.85749847608
SSP2_BaU_NoCC,2050,R5OECD90+EU,BIOCROP,83523.16718921167
SSP2_BaU_NoCC,2050,R5OECD90+EU,GRAZING,730555.8977511496
SSP2_BaU_NoCC,2050,R5OECD90+EU,GRASS,641370.2782064087
SSP2_BaU_NoCC,2050,R5OECD90+EU,URB,26093.062746918204
SSP2_BaU_NoCC,2050,R5REF,OTH,253974.9918984375
SSP2_BaU_NoCC,2050,R5REF,CROP,84040.23565635232
SSP2_BaU_NoCC,2050,R5REF,CROP_FLW,88003.74647874504
SSP2_BaU_NoCC,2050,R5REF,PRM_FRS,827361.4805214528
SSP2_BaU_NoCC,2050,R5REF,MNG_FRS,36601.43620754005
SSP2_BaU_NoCC,2050,R5REF,BIOCROP,10743.031547439574
SSP2_BaU_NoCC,2050,R5REF,GRAZING,369827.23632295174
SSP2_BaU_NoCC,2050,R5REF,GRASS,188720.71549928124
SSP2_BaU_NoCC,2050,R5REF,URB,5880.5270887603765
SSP2_BaU_NoCC,2050,R5MAF,OTH,1137323.0343437498
SSP2_BaU_NoCC,2050,R5MAF,CROP,486938.2773409392
SSP2_BaU_NoCC,2050,R5MAF,CROP_FLW,17958.395866028113
SSP2_BaU_NoCC,2050,R5MAF,PRM_FRS,402280.62732011336
SSP2_BaU_NoCC,2050,R5MAF,MNG_FRS,26214.216393749637
SSP2_BaU_NoCC,2050,R5MAF,BIOCROP,11895.097916188986
SSP2_BaU_NoCC,2050,R5MAF,GRAZING,1313585.1500279254
SSP2_BaU_NoCC,2050,R5MAF,GRASS,590643.2720994822
SSP2_BaU_NoCC,2050,R5MAF,URB,5952.48283633995
SSP2_BaU_NoCC,2050,R5LAM,OTH,72183.21731250001
SSP2_BaU_NoCC,2050,R5LAM,CROP,154900.77382014767
SSP2_BaU_NoCC,2050,R5LAM,CROP_FLW,25121.845222441963
SSP2_BaU_NoCC,2050,R5LAM,PRM_FRS,839070.0250510776
SSP2_BaU_NoCC,2050,R5LAM,MNG_FRS,21357.704878062967
SSP2_BaU_NoCC,2050,R5LAM,BIOCROP,4932.981204676313
SSP2_BaU_NoCC,2050,R5LAM,GRAZING,616245.7011271997
SSP2_BaU_NoCC,2050,R5LAM,GRASS,392667.2818692664
SSP2_BaU_NoCC,2050,R5LAM,URB,8636.873675798419
SSP2_BaU_NoCC,2055,USA,OTH,33613.452
SSP2_BaU_NoCC,2055,USA,CROP,114863.96237407616
SSP2_BaU_NoCC,2055,USA,CROP_FLW,76384.19329076319
SSP2_BaU_NoCC,2055,USA,PRM_FRS,220920.04302560957
SSP2_BaU_NoCC,2055,USA,MNG_FRS,52470.97242122307
SSP2_BaU_NoCC,2055,USA,BIOCROP,32811.99376605747
SSP2_BaU_NoCC,2055,USA,GRAZING,236634.6220955642
SSP2_BaU_NoCC,2055,USA,GRASS,100066.1219105224
SSP2_BaU_NoCC,2055,USA,URB,11695.345311309815
SSP2_BaU_NoCC,2055,XE25,OTH,3206.0
SSP2_BaU_NoCC,2055,XE25,CROP,65698.03393059509
SSP2_BaU_NoCC,2055,XE25,CROP_FLW,23174.252369663667
SSP2_BaU_NoCC,2055,XE25,PRM_FRS,81751.37694260382
SSP2_BaU_NoCC,2055,XE25,MNG_FRS,50609.0887464013
SSP2_BaU_NoCC,2055,XE25,BIOCROP,33803.43434017485
SSP2_BaU_NoCC,2055,XE25,GRAZING,58972.956855591045
SSP2_BaU_NoCC,2055,XE25,GRASS,29695.124870716176
SSP2_BaU_NoCC,2055,XE25,URB,9106.496241195679
SSP2_BaU_NoCC,2055,XER,OTH,13232.0
SSP2_BaU_NoCC,2055,XER,CROP,37013.27561388019
SSP2_BaU_NoCC,2055,XER,CROP_FLW,4293.944960237086
SSP2_BaU_NoCC,2055,XER,PRM_FRS,25812.497090148037
SSP2_BaU_NoCC,2055,XER,MNG_FRS,4986.295292954818
SSP2_BaU_NoCC,2055,XER,BIOCROP,6478.514985003418
SSP2_BaU_NoCC,2055,XER,GRAZING,15636.62727537762
SSP2_BaU_NoCC,2055,XER,GRASS,4896.956543788352
SSP2_BaU_NoCC,2055,XER,URB,1090.242361709595
SSP2_BaU_NoCC,2055,TUR,CROP,27398.326543602667
SSP2_BaU_NoCC,2055,TUR,CROP_FLW,4024.182530900484
SSP2_BaU_NoCC,2055,TUR,PRM_FRS,6568.291737617356
SSP2_BaU_NoCC,2055,TUR,MNG_FRS,1076.757895474481
SSP2_BaU_NoCC,2055,TUR,BIOCROP,2079.4126716892415
SSP2_BaU_NoCC,2055,TUR,GRAZING,14298.575311972936
SSP2_BaU_NoCC,2055,TUR,GRASS,19893.244717324076
SSP2_BaU_NoCC,2055,TUR,URB,821.3799714660644
SSP2_BaU_NoCC,2055,XOC,OTH,1467.0
SSP2_BaU_NoCC,2055,XOC,CROP,32316.789458891155
SSP2_BaU_NoCC,2055,XOC,CROP_FLW,34975.90388537884
SSP2_BaU_NoCC,2055,XOC,PRM_FRS,156991.5827001728
SSP2_BaU_NoCC,2055,XOC,MNG_FRS,4705.281072129196
SSP2_BaU_NoCC,2055,XOC,BIOCROP,1845.83939101704
SSP2_BaU_NoCC,2055,XOC,GRAZING,389399.9272421239
SSP2_BaU_NoCC,2055,XOC,GRASS,478258.86173422216
SSP2_BaU_NoCC,2055,XOC,URB,883.3264156804086
SSP2_BaU_NoCC,2055,CHN,OTH,239998.39534375
SSP2_BaU_NoCC,2055,CHN,CROP,89483.22004459353
SSP2_BaU_NoCC,2055,CHN,PRM_FRS,193464.786845984
SSP2_BaU_NoCC,2055,CHN,MNG_FRS,15031.148896846915
SSP2_BaU_NoCC,2055,CHN,BIOCROP,29708.574148092743
SSP2_BaU_NoCC,2055,CHN,GRAZING,394503.8861502323
SSP2_BaU_NoCC,2055,CHN,GRASS,100420.16345249864
SSP2_BaU_NoCC,2055,CHN,URB,8006.078889526368
SSP2_BaU_NoCC,2055,IND,OTH,13430.3702109375
SSP2_BaU_NoCC,2055,IND,CROP,188387.1157342321
SSP2_BaU_NoCC,2055,IND,PRM_FRS,24456.019199741986
SSP2_BaU_NoCC,2055,IND,MNG_FRS,13498.544515504105
SSP2_BaU_NoCC,2055,IND,BIOCROP,10478.609360397135
SSP2_BaU_NoCC,2055,IND,GRAZING,8168.1001033533175
SSP2_BaU_NoCC,2055,IND,GRASS,15029.719718720095
SSP2_BaU_NoCC,2055,IND,URB,3026.2728974914553
SSP2_BaU_NoCC,2055,JPN,CROP,2097.418033341465
SSP2_BaU_NoCC,2055,JPN,CROP_FLW,971.2120955275468
SSP2_BaU_NoCC,2055,JPN,PRM_FRS,23534.876154215563
SSP2_BaU_NoCC,2055,JPN,MNG_FRS,1656.238618986923
SSP2_BaU_NoCC,2055,JPN,BIOCROP,316.26085994896727
SSP2_BaU_NoCC,2055,JPN,GRAZING,50.44174283246422
SSP2_BaU_NoCC,2055,JPN,GRASS,734.8782447725275
SSP2_BaU_NoCC,2055,JPN,URB,1710.2899680175783
SSP2_BaU_NoCC,2055,XSE,OTH,14506.901
SSP2_BaU_NoCC,2055,XSE,CROP,92680.65425889922
SSP2_BaU_NoCC,2055,XSE,CROP_FLW,9677.410450970223
SSP2_BaU_NoCC,2055,XSE,PRM_FRS,203164.035347143
SSP2_BaU_NoCC,2055,XSE,MNG_FRS,8547.093987850878
SSP2_BaU_NoCC,2055,XSE,BIOCROP,9612.336408967425
SSP2_BaU_NoCC,2055,XSE,GRAZING,136118.7646722856
SSP2_BaU_NoCC,2055,XSE,GRASS,74464.99088173288
SSP2_BaU_NoCC,2055,XSE,URB,3032.1656320037837
SSP2_BaU_NoCC,2055,XSA,OTH,44675.7545
SSP2_BaU_NoCC,2055,XSA,CROP,50842.5364519033
SSP2_BaU_NoCC,2055,XSA,CROP_FLW,2699.8902351158963
SSP2_BaU_NoCC,2055,XSA,PRM_FRS,5400.165353450075
SSP2_BaU_NoCC,2055,XSA,MNG_FRS,4255.664876975336
SSP2_BaU_NoCC,2055,XSA,BIOCROP,1123.5379204030826
SSP2_BaU_NoCC,2055,XSA,GRAZING,42552.36569264827
SSP2_BaU_NoCC,2055,XSA,GRASS,32188.76089728008
SSP2_BaU_NoCC,2055,XSA,URB,866.7895990753174
SSP2_BaU_NoCC,2055,CAN,OTH,283585.656
SSP2_BaU_NoCC,2055,CAN,CROP,33782.07415200728
SSP2_BaU_NoCC,2055,CAN,CROP_FLW,24132.51013507627
SSP2_BaU_NoCC,2055,CAN,PRM_FRS,251749.48747422348
SSP2_BaU_NoCC,2055,CAN,MNG_FRS,45015.27091282797
SSP2_BaU_NoCC,2055,CAN,BIOCROP,8412.826233174548
SSP2_BaU_NoCC,2055,CAN,GRAZING,15214.784954955143
SSP2_BaU_NoCC,2055,CAN,GRASS,7042.802680867988
SSP2_BaU_NoCC,2055,CAN,URB,785.9824775390625
SSP2_BaU_NoCC,2055,BRA,CROP,69481.60478414682
SSP2_BaU_NoCC,2055,BRA,CROP_FLW,2596.900116286371
SSP2_BaU_NoCC,2055,BRA,PRM_FRS,437803.5655772741
SSP2_BaU_NoCC,2055,BRA,MNG_FRS,5302.666516010853
SSP2_BaU_NoCC,2055,BRA,BIOCROP,3687.814453781452
SSP2_BaU_NoCC,2055,BRA,GRAZING,237277.43142284607
SSP2_BaU_NoCC,2055,BRA,GRASS,144364.5855833688
SSP2_BaU_NoCC,2055,BRA,URB,3742.538360931397
SSP2_BaU_NoCC,2055,XLM,OTH,72183.21731250001
SSP2_BaU_NoCC,2055,XLM,CROP,85679.94781017094
SSP2_BaU_NoCC,2055,XLM,CROP_FLW,21991.89007948044
SSP2_BaU_NoCC,2055,XLM,PRM_FRS,396852.53077217273
SSP2_BaU_NoCC,2055,XLM,MNG_FRS,15239.487667694315
SSP2_BaU_NoCC,2055,XLM,BIOCROP,2568.582647055784
SSP2_BaU_NoCC,2055,XLM,GRAZING,387897.716840233
SSP2_BaU_NoCC,2055,XLM,GRASS,243551.58890235034
SSP2_BaU_NoCC,2055,XLM,URB,4894.335314867021
SSP2_BaU_NoCC,2055,CIS,OTH,253974.9918984375
SSP2_BaU_NoCC,2055,CIS,CROP,81423.20504524709
SSP2_BaU_NoCC,2055,CIS,CROP_FLW,87897.96341828685
SSP2_BaU_NoCC,2055,CIS,PRM_FRS,829890.2941663901
SSP2_BaU_NoCC,2055,CIS,MNG_FRS,34629.65550495297
SSP2_BaU_NoCC,2055,CIS,BIOCROP,12924.55024233349
SSP2_BaU_NoCC,2055,CIS,GRAZING,369998.8435424758
SSP2_BaU_NoCC,2055,CIS,GRASS,188533.37031407654
SSP2_BaU_NoCC,2055,CIS,URB,5880.5270887603765
SSP2_BaU_NoCC,2055,XME,OTH,281021.7655625
SSP2_BaU_NoCC,2055,XME,CROP,41922.7012127874
SSP2_BaU_NoCC,2055,XME,CROP_FLW,1759.2773664592694
SSP2_BaU_NoCC,2055,XME,PRM_FRS,6371.234351867524
SSP2_BaU_NoCC,2055,XME,MNG_FRS,622.3732570613595
SSP2_BaU_NoCC,2055,XME,BIOCROP,8908.10156716763
SSP2_BaU_NoCC,2055,XME,GRAZING,261383.57899202182
SSP2_BaU_NoCC,2055,XME,GRASS,76027.00460871747
SSP2_BaU_NoCC,2055,XME,URB,2128.071955810547
SSP2_BaU_NoCC,2055,XNF,OTH,456890.6350624999
SSP2_BaU_NoCC,2055,XNF,CROP,35496.83687733056
SSP2_BaU_NoCC,2055,XNF,CROP_FLW,1056.7781525748148
SSP2_BaU_NoCC,2055,XNF,PRM_FRS,1832.5511995700833
SSP2_BaU_NoCC,2055,XNF,MNG_FRS,64.60059984211492
SSP2_BaU_NoCC,2055,XNF,BIOCROP,1937.449509688934
SSP2_BaU_NoCC,2055,XNF,GRAZING,72532.85415823209
SSP2_BaU_NoCC,2055,XNF,GRASS,2326.896943828096
SSP2_BaU_NoCC,2055,XNF,URB,927.4797019042969
SSP2_BaU_NoCC,2055,XAF,OTH,399410.63371875
SSP2_BaU_NoCC,2055,XAF,CROP,439151.71789217275
SSP2_BaU_NoCC,2055,XAF,CROP_FLW,13031.36982794715
SSP2_BaU_NoCC,2055,XAF,PRM_FRS,374609.32766725135
SSP2_BaU_NoCC,2055,XAF,MNG_FRS,25585.3937262227
SSP2_BaU_NoCC,2055,XAF,BIOCROP,3370.053118925951
SSP2_BaU_NoCC,2055,XAF,GRAZING,992032.8558157587
SSP2_BaU_NoCC,2055,XAF,GRASS,489492.08011899865
SSP2_BaU_NoCC,2055,XAF,URB,2896.931178625107
SSP2_BaU_NoCC,2055,ASIA2,OTH,312611.42105468747
SSP2_BaU_NoCC,2055,ASIA2,CROP,423490.9445229696
SSP2_BaU_NoCC,2055,ASIA2,CROP_FLW,13348.512781613665
SSP2_BaU_NoCC,2055,ASIA2,PRM_FRS,450019.8829005346
SSP2_BaU_NoCC,2055,ASIA2,MNG_FRS,42988.69089616416
SSP2_BaU_NoCC,2055,ASIA2,BIOCROP,51239.31869780935
SSP2_BaU_NoCC,2055,ASIA2,GRAZING,581393.5583613518
SSP2_BaU_NoCC,2055,ASIA2,GRASS,222838.5131950042
SSP2_BaU_NoCC,2055,ASIA2,URB,16641.596986114502
SSP2_BaU_NoCC,2055,World,OTH,2111196.772609375
SSP2_BaU_NoCC,2055,World,CROP,1487719.4202178777
SSP2_BaU_NoCC,2055,World,CROP_FLW,308667.67891466815
SSP2_BaU_NoCC,2055,World,PRM_FRS,3241172.6656054356
SSP2_BaU_NoCC,2055,World,MNG_FRS,283296.5345089593
SSP2_BaU_NoCC,2055,World,BIOCROP,170067.8916238792
SSP2_BaU_NoCC,2055,World,GRAZING,3632674.3328685043
SSP2_BaU_NoCC,2055,World,GRASS,2006987.1521237853
SSP2_BaU_NoCC,2055,World,URB,61494.25336591386
SSP2_BaU_NoCC,2055,Non-OECD,OTH,1776092.664609375
SSP2_BaU_NoCC,2055,Non-OECD,CROP,1174549.5401114835
SSP2_BaU_NoCC,2055,Non-OECD,CROP_FLW,140711.479647121
SSP2_BaU_NoCC,2055,Non-OECD,PRM_FRS,2473844.510480845
SSP2_BaU_NoCC,2055,Non-OECD,MNG_FRS,122776.62954896156
SSP2_BaU_NoCC,2055,Non-OECD,BIOCROP,84319.60937681362
SSP2_BaU_NoCC,2055,Non-OECD,GRAZING,2902466.3973900867
SSP2_BaU_NoCC,2055,Non-OECD,GRASS,1366399.1614215716
SSP2_BaU_NoCC,2055,Non-OECD,URB,35401.19061899567
SSP2_BaU_NoCC,2055,Industrial,OTH,321872.108
SSP2_BaU_NoCC,2055,Industrial,CROP,248758.27794891113
SSP2_BaU_NoCC,2055,Industrial,CROP_FLW,159638.07177640952
SSP2_BaU_NoCC,2055,Industrial,PRM_FRS,734947.3662968252
SSP2_BaU_NoCC,2055,Industrial,MNG_FRS,154456.85177156847
SSP2_BaU_NoCC,2055,Industrial,BIOCROP,77190.35459037287
SSP2_BaU_NoCC,2055,Industrial,GRAZING,700272.7328910666
SSP2_BaU_NoCC,2055,Industrial,GRASS,615797.7894411013
SSP2_BaU_NoCC,2055,Industrial,URB,24181.440413742544
SSP2_BaU_NoCC,2055,Transition,OTH,520635.75745312497
SSP2_BaU_NoCC,2055,Transition,CROP,493186.74776570237
SSP2_BaU_NoCC,2055,Transition,CROP_FLW,98812.99102571078
SSP2_BaU_NoCC,2055,Transition,PRM_FRS,1517995.4546171555
SSP2_BaU_NoCC,2055,Transition,MNG_FRS,74525.06862174414
SSP2_BaU_NoCC,2055,Transition,BIOCROP,65357.47586129748
SSP2_BaU_NoCC,2055,Transition,GRAZING,1039883.463806258
SSP2_BaU_NoCC,2055,Transition,GRASS,473138.04032977653
SSP2_BaU_NoCC,2055,Transition,URB,22567.039569885255
SSP2_BaU_NoCC,2055,Developing,OTH,1268688.90715625
SSP2_BaU_NoCC,2055,Developing,CROP,745774.3945032642
SSP2_BaU_NoCC,2055,Developing,CROP_FLW,50216.61611254779
SSP2_BaU_NoCC,2055,Developing,PRM_FRS,988229.8446914548
SSP2_BaU_NoCC,2055,Developing,MNG_FRS,54314.614115646706
SSP2_BaU_NoCC,2055,Developing,BIOCROP,27520.061172208807
SSP2_BaU_NoCC,2055,Developing,GRAZING,1892518.1361711796
SSP2_BaU_NoCC,2055,Developing,GRASS,918051.3223529075
SSP2_BaU_NoCC,2055,Developing,URB,14745.773382286072
SSP2_BaU_NoCC,2055,R5ASIA,OTH,312611.42105468747
SSP2_BaU_NoCC,2055,R5ASIA,CROP,421393.52648962813
SSP2_BaU_NoCC,2055,R5ASIA,CROP_FLW,12377.300686086119
SSP2_BaU_NoCC,2055,R5ASIA,PRM_FRS,426485.00674631906
SSP2_BaU_NoCC,2055,R5ASIA,MNG_FRS,41332.45227717724
SSP2_BaU_NoCC,2055,R5ASIA,BIOCROP,50923.05783786039
SSP2_BaU_NoCC,2055,R5ASIA,GRAZING,581343.1166185194
SSP2_BaU_NoCC,2055,R5ASIA,GRASS,222103.6349502317
SSP2_BaU_NoCC,2055,R5ASIA,URB,14931.307018096923
SSP2_BaU_NoCC,2055,R5OECD90+EU,OTH,335104.108
SSP2_BaU_NoCC,2055,R5OECD90+EU,CROP,313169.880106394
SSP2_BaU_NoCC,2055,R5OECD90+EU,CROP_FLW,167956.19926754708
SSP2_BaU_NoCC,2055,R5OECD90+EU,PRM_FRS,767328.1551245906
SSP2_BaU_NoCC,2055,R5OECD90+EU,MNG_FRS,160519.90495999774
SSP2_BaU_NoCC,2055,R5OECD90+EU,BIOCROP,85748.28224706552
SSP2_BaU_NoCC,2055,R5OECD90+EU,GRAZING,730207.9354784172
SSP2_BaU_NoCC,2055,R5OECD90+EU,GRASS,640587.9907022137
SSP2_BaU_NoCC,2055,R5OECD90+EU,URB,26093.062746918204
SSP2_BaU_NoCC,2055,R5REF,OTH,253974.9918984375
SSP2_BaU_NoCC,2055,R5REF,CROP,81423.20504524709
SSP2_BaU_NoCC,2055,R5REF,CROP_FLW,87897.96341828685
SSP2_BaU_NoCC,2055,R5REF,PRM_FRS,829890.2941663901
SSP2_BaU_NoCC,2055,R5REF,MNG_FRS,34629.65550495297
SSP2_BaU_NoCC,2055,R5REF,BIOCROP,12924.55024233349
SSP2_BaU_NoCC,2055,R5REF,GRAZING,369998.8435424758
SSP2_BaU_NoCC,2055,R5REF,GRASS,188533.37031407654
SSP2_BaU_NoCC,2055,R5REF,URB,5880.5270887603765
SSP2_BaU_NoCC,2055,R5MAF,OTH,1137323.0343437498
SSP2_BaU_NoCC,2055,R5MAF,CROP,516571.2559822907
SSP2_BaU_NoCC,2055,R5MAF,CROP_FLW,15847.425346981234
SSP2_BaU_NoCC,2055,R5MAF,PRM_FRS,382813.11321868893
SSP2_BaU_NoCC,2055,R5MAF,MNG_FRS,26272.367583126175
SSP2_BaU_NoCC,2055,R5MAF,BIOCROP,14215.604195782516
SSP2_BaU_NoCC,2055,R5MAF,GRAZING,1325949.2889660127
SSP2_BaU_NoCC,2055,R5MAF,GRASS,567845.9816715443
SSP2_BaU_NoCC,2055,R5MAF,URB,5952.48283633995
SSP2_BaU_NoCC,2055,R5LAM,OTH,72183.21731250001
SSP2_BaU_NoCC,2055,R5LAM,CROP,155161.55259431776
SSP2_BaU_NoCC,2055,R5LAM,CROP_FLW,24588.79019576681
SSP2_BaU_NoCC,2055,R5LAM,PRM_FRS,834656.0963494468
SSP2_BaU_NoCC,2055,R5LAM,MNG_FRS,20542.15418370517
SSP2_BaU_NoCC,2055,R5LAM,BIOCROP,6256.3971008372355
SSP2_BaU_NoCC,2055,R5LAM,GRAZING,625175.1482630791
SSP2_BaU_NoCC,2055,R5LAM,GRASS,387916.1744857192
SSP2_BaU_NoCC,2055,R5LAM,URB,8636.873675798419
SSP2_BaU_NoCC,2060,USA,OTH,33613.452
SSP2_BaU_NoCC,2060,USA,CROP,116446.96600350426
SSP2_BaU_NoCC,2060,USA,CROP_FLW,76223.46872566905
SSP2_BaU_NoCC,2060,USA,PRM_FRS,221337.11457588265
SSP2_BaU_NoCC,2060,USA,MNG_FRS,51272.035790507536
SSP2_BaU_NoCC,2060,USA,BIOCROP,32353.966171911423
SSP2_BaU_NoCC,2060,USA,GRAZING,236790.41924552488
SSP2_BaU_NoCC,2060,USA,GRASS,99727.93837081622
SSP2_BaU_NoCC,2060,USA,URB,11695.345311309815
SSP2_BaU_NoCC,2060,XE25,OTH,3206.0
SSP2_BaU_NoCC,2060,XE25,CROP,65145.77291753432
SSP2_BaU_NoCC,2060,XE25,CROP_FLW,23445.198822402173
SSP2_BaU_NoCC,2060,XE25,PRM_FRS,83779.3413364514
SSP2_BaU_NoCC,2060,XE25,MNG_FRS,48857.72269721687
SSP2_BaU_NoCC,2060,XE25,BIOCROP,33409.33281258478
SSP2_BaU_NoCC,2060,XE25,GRAZING,59158.11572512054
SSP2_BaU_NoCC,2060,XE25,GRASS,29908.783744436063
SSP2_BaU_NoCC,2060,XE25,URB,9106.496241195679
SSP2_BaU_NoCC,2060,XER,OTH,13232.0
SSP2_BaU_NoCC,2060,XER,CROP,36012.608577988896
SSP2_BaU_NoCC,2060,XER,CROP_FLW,4593.097664158726
SSP2_BaU_NoCC,2060,XER,PRM_FRS,26463.59823529563
SSP2_BaU_NoCC,2060,XER,MNG_FRS,4731.609855208462
SSP2_BaU_NoCC,2060,XER,BIOCROP,6486.932391212076
SSP2_BaU_NoCC,2060,XER,GRAZING,15763.81807227462
SSP2_BaU_NoCC,2060,XER,GRASS,5066.446965251093
SSP2_BaU_NoCC,2060,XER,URB,1090.242361709595
SSP2_BaU_NoCC,2060,TUR,CROP,27458.614377482365
SSP2_BaU_NoCC,2060,TUR,CROP_FLW,3962.417656689243
SSP2_BaU_NoCC,2060,TUR,PRM_FRS,6530.34196301068
SSP2_BaU_NoCC,2060,TUR,MNG_FRS,1030.8956770302461
SSP2_BaU_NoCC,2060,TUR,BIOCROP,2278.478850922596
SSP2_BaU_NoCC,2060,TUR,GRAZING,14300.069964710041
SSP2_BaU_NoCC,2060,TUR,GRASS,19777.972918736068
SSP2_BaU_NoCC,2060,TUR,URB,821.3799714660644
SSP2_BaU_NoCC,2060,XOC,OTH,1467.0
SSP2_BaU_NoCC,2060,XOC,CROP,33125.45462932565
SSP2_BaU_NoCC,2060,XOC,CROP_FLW,35323.65997021663
SSP2_BaU_NoCC,2060,XOC,PRM_FRS,156168.2071058092
SSP2_BaU_NoCC,2060,XOC,MNG_FRS,4631.405251528261
SSP2_BaU_NoCC,2060,XOC,BIOCROP,2179.702719568133
SSP2_BaU_NoCC,2060,XOC,GRAZING,388966.3804370526
SSP2_BaU_NoCC,2060,XOC,GRASS,478099.37537043414
SSP2_BaU_NoCC,2060,XOC,URB,883.3264156804086
SSP2_BaU_NoCC,2060,CHN,OTH,239998.39534375
SSP2_BaU_NoCC,2060,CHN,CROP,83509.34974144887
SSP2_BaU_NoCC,2060,CHN,PRM_FRS,199963.54842200354
SSP2_BaU_NoCC,2060,CHN,MNG_FRS,13790.969467640445
SSP2_BaU_NoCC,2060,CHN,BIOCROP,30276.126058602455
SSP2_BaU_NoCC,2060,CHN,GRAZING,393420.78145888145
SSP2_BaU_NoCC,2060,CHN,GRASS,101651.00438967154
SSP2_BaU_NoCC,2060,CHN,URB,8006.078889526368
SSP2_BaU_NoCC,2060,IND,OTH,13430.3702109375
SSP2_BaU_NoCC,2060,IND,CROP,189268.88365554088
SSP2_BaU_NoCC,2060,IND,PRM_FRS,24271.157596784262
SSP2_BaU_NoCC,2060,IND,MNG_FRS,13085.032902096897
SSP2_BaU_NoCC,2060,IND,BIOCROP,10315.64985789113
SSP2_BaU_NoCC,2060,IND,GRAZING,8174.22471961668
SSP2_BaU_NoCC,2060,IND,GRASS,14903.159900018516
SSP2_BaU_NoCC,2060,IND,URB,3026.2728974914553
SSP2_BaU_NoCC,2060,JPN,CROP,2022.5312946704348
SSP2_BaU_NoCC,2060,JPN,CROP_FLW,983.2467336636713
SSP2_BaU_NoCC,2060,JPN,PRM_FRS,23690.93696958257
SSP2_BaU_NoCC,2060,JPN,MNG_FRS,1550.7944162143365
SSP2_BaU_NoCC,2060,JPN,BIOCROP,321.36873157745936
SSP2_BaU_NoCC,2060,JPN,GRAZING,50.605656252214274
SSP2_BaU_NoCC,2060,JPN,GRASS,741.8419476647872
SSP2_BaU_NoCC,2060,JPN,URB,1710.2899680175783
SSP2_BaU_NoCC,2060,XSE,OTH,14506.901
SSP2_BaU_NoCC,2060,XSE,CROP,90410.19355313425
SSP2_BaU_NoCC,2060,XSE,CROP_FLW,9791.15436077175
SSP2_BaU_NoCC,2060,XSE,PRM_FRS,204280.6238736762
SSP2_BaU_NoCC,2060,XSE,MNG_FRS,8153.460210304815
SSP2_BaU_NoCC,2060,XSE,BIOCROP,10701.177743010448
SSP2_BaU_NoCC,2060,XSE,GRAZING,136739.59186711026
SSP2_BaU_NoCC,2060,XSE,GRASS,74189.08439984168
SSP2_BaU_NoCC,2060,XSE,URB,3032.1656320037837
SSP2_BaU_NoCC,2060,XSA,OTH,44675.7545
SSP2_BaU_NoCC,2060,XSA,CROP,51728.73681453281
SSP2_BaU_NoCC,2060,XSA,CROP_FLW,2478.301640722077
SSP2_BaU_NoCC,2060,XSA,PRM_FRS,5281.781565608804
SSP2_BaU_NoCC,2060,XSA,MNG_FRS,4136.464847021696
SSP2_BaU_NoCC,2060,XSA,BIOCROP,1313.0939878812037
SSP2_BaU_NoCC,2060,XSA,GRAZING,42838.082937536165
SSP2_BaU_NoCC,2060,XSA,GRASS,31286.45963447326
SSP2_BaU_NoCC,2060,XSA,URB,866.7895990753174
SSP2_BaU_NoCC,2060,CAN,OTH,283585.656
SSP2_BaU_NoCC,2060,CAN,CROP,34276.24501150996
SSP2_BaU_NoCC,2060,CAN,CROP_FLW,24074.52757927407
SSP2_BaU_NoCC,2060,CAN,PRM_FRS,252226.56613216776
SSP2_BaU_NoCC,2060,CAN,MNG_FRS,44165.069396740124
SSP2_BaU_NoCC,2060,CAN,BIOCROP,8370.99106604963
SSP2_BaU_NoCC,2060,CAN,GRAZING,15220.997790597869
SSP2_BaU_NoCC,2060,CAN,GRASS,7015.359566793285
SSP2_BaU_NoCC,2060,CAN,URB,785.9824775390625
SSP2_BaU_NoCC,2060,BRA,CROP,69089.26133687243
SSP2_BaU_NoCC,2060,BRA,CROP_FLW,2476.617480376553
SSP2_BaU_NoCC,2060,BRA,PRM_FRS,435152.191754794
SSP2_BaU_NoCC,2060,BRA,MNG_FRS,5024.333545096997
SSP2_BaU_NoCC,2060,BRA,BIOCROP,4615.941764251957
SSP2_BaU_NoCC,2060,BRA,GRAZING,242003.7668081505
SSP2_BaU_NoCC,2060,BRA,GRASS,142152.45576417205
SSP2_BaU_NoCC,2060,BRA,URB,3742.538360931397
SSP2_BaU_NoCC,2060,XLM,OTH,72183.21731250001
SSP2_BaU_NoCC,2060,XLM,CROP,85476.89777423516
SSP2_BaU_NoCC,2060,XLM,CROP_FLW,21588.061200725366
SSP2_BaU_NoCC,2060,XLM,PRM_FRS,396181.53622625227
SSP2_BaU_NoCC,2060,XLM,MNG_FRS,14654.117047519423
SSP2_BaU_NoCC,2060,XLM,BIOCROP,2931.498789277356
SSP2_BaU_NoCC,2060,XLM,GRAZING,392231.7869273791
SSP2_BaU_NoCC,2060,XLM,GRASS,240717.84675376886
SSP2_BaU_NoCC,2060,XLM,URB,4894.335314867021
SSP2_BaU_NoCC,2060,CIS,OTH,253974.9918984375
SSP2_BaU_NoCC,2060,CIS,CROP,78940.2361423943
SSP2_BaU_NoCC,2060,CIS,CROP_FLW,87717.68709065064
SSP2_BaU_NoCC,2060,CIS,PRM_FRS,832160.3429391249
SSP2_BaU_NoCC,2060,CIS,MNG_FRS,32717.955863409145
SSP2_BaU_NoCC,2060,CIS,BIOCROP,15020.381319326185
SSP2_BaU_NoCC,2060,CIS,GRAZING,370585.9516890512
SSP2_BaU_NoCC,2060,CIS,GRASS,188155.32718980627
SSP2_BaU_NoCC,2060,CIS,URB,5880.5270887603765
SSP2_BaU_NoCC,2060,XME,OTH,281021.7655625
SSP2_BaU_NoCC,2060,XME,CROP,42548.794566757475
SSP2_BaU_NoCC,2060,XME,CROP_FLW,1630.8100487570541
SSP2_BaU_NoCC,2060,XME,PRM_FRS,6147.185981961604
SSP2_BaU_NoCC,2060,XME,MNG_FRS,604.9453852121029
SSP2_BaU_NoCC,2060,XME,BIOCROP,9643.965927998705
SSP2_BaU_NoCC,2060,XME,GRAZING,262662.94166956237
SSP2_BaU_NoCC,2060,XME,GRASS,73755.62777583308
SSP2_BaU_NoCC,2060,XME,URB,2128.071955810547
SSP2_BaU_NoCC,2060,XNF,OTH,456890.6350624999
SSP2_BaU_NoCC,2060,XNF,CROP,35878.157938264834
SSP2_BaU_NoCC,2060,XNF,CROP_FLW,899.0937766372803
SSP2_BaU_NoCC,2060,XNF,PRM_FRS,1748.013616356847
SSP2_BaU_NoCC,2060,XNF,MNG_FRS,62.1957075352292
SSP2_BaU_NoCC,2060,XNF,BIOCROP,1970.7649054695394
SSP2_BaU_NoCC,2060,XNF,GRAZING,72693.64144867257
SSP2_BaU_NoCC,2060,XNF,GRASS,1996.1000481303295
SSP2_BaU_NoCC,2060,XNF,URB,927.4797019042969
SSP2_BaU_NoCC,2060,XAF,OTH,399410.63371875
SSP2_BaU_NoCC,2060,XAF,CROP,465049.3036125772
SSP2_BaU_NoCC,2060,XAF,CROP_FLW,11510.121271360418
SSP2_BaU_NoCC,2060,XAF,PRM_FRS,357455.7904032023
SSP2_BaU_NoCC,2060,XAF,MNG_FRS,25512.194573130353
SSP2_BaU_NoCC,2060,XAF,BIOCROP,5338.538364398714
SSP2_BaU_NoCC,2060,XAF,GRAZING,1002350.1183227331
SSP2_BaU_NoCC,2060,XAF,GRASS,470056.73161987535
SSP2_BaU_NoCC,2060,XAF,URB,2896.931178625107
SSP2_BaU_NoCC,2060,ASIA2,OTH,312611.42105468747
SSP2_BaU_NoCC,2060,ASIA2,CROP,416939.6950593272
SSP2_BaU_NoCC,2060,ASIA2,CROP_FLW,13252.702735157498
SSP2_BaU_NoCC,2060,ASIA2,PRM_FRS,457488.04842765536
SSP2_BaU_NoCC,2060,ASIA2,MNG_FRS,40716.72184327818
SSP2_BaU_NoCC,2060,ASIA2,BIOCROP,52927.4163789627
SSP2_BaU_NoCC,2060,ASIA2,GRAZING,581223.2866393968
SSP2_BaU_NoCC,2060,ASIA2,GRASS,222771.55027166978
SSP2_BaU_NoCC,2060,ASIA2,URB,16641.596986114502
SSP2_BaU_NoCC,2060,World,OTH,2111196.772609375
SSP2_BaU_NoCC,2060,World,CROP,1506388.0079477741
SSP2_BaU_NoCC,2060,World,CROP_FLW,306697.4640220747
SSP2_BaU_NoCC,2060,World,PRM_FRS,3232838.2786979643
SSP2_BaU_NoCC,2060,World,MNG_FRS,273981.20263341296
SSP2_BaU_NoCC,2060,World,BIOCROP,177527.9114619338
SSP2_BaU_NoCC,2060,World,GRAZING,3653951.294740225
SSP2_BaU_NoCC,2060,World,GRASS,1979201.5163597227
SSP2_BaU_NoCC,2060,World,URB,61494.25336591386
SSP2_BaU_NoCC,2060,Non-OECD,OTH,1776092.664609375
SSP2_BaU_NoCC,2060,Non-OECD,CROP,1191899.8151357581
SSP2_BaU_NoCC,2060,Non-OECD,CROP_FLW,138091.8468700011
SSP2_BaU_NoCC,2060,Non-OECD,PRM_FRS,2462642.1723797643
SSP2_BaU_NoCC,2060,Non-OECD,MNG_FRS,117741.66954896711
SSP2_BaU_NoCC,2060,Non-OECD,BIOCROP,92127.1387181077
SSP2_BaU_NoCC,2060,Non-OECD,GRAZING,2923700.887848694
SSP2_BaU_NoCC,2060,Non-OECD,GRASS,1338863.797475591
SSP2_BaU_NoCC,2060,Non-OECD,URB,35401.19061899567
SSP2_BaU_NoCC,2060,Industrial,OTH,321872.108
SSP2_BaU_NoCC,2060,Industrial,CROP,251016.9698565446
SSP2_BaU_NoCC,2060,Industrial,CROP_FLW,160050.1018312256
SSP2_BaU_NoCC,2060,Industrial,PRM_FRS,737202.1661198935
SSP2_BaU_NoCC,2060,Industrial,MNG_FRS,150477.02755220715
SSP2_BaU_NoCC,2060,Industrial,BIOCROP,76635.36150169141
SSP2_BaU_NoCC,2060,Industrial,GRAZING,700186.5188545481
SSP2_BaU_NoCC,2060,Industrial,GRASS,615493.2990001445
SSP2_BaU_NoCC,2060,Industrial,URB,24181.440413742544
SSP2_BaU_NoCC,2060,Transition,OTH,520635.75745312497
SSP2_BaU_NoCC,2060,Transition,CROP,484278.95383172773
SSP2_BaU_NoCC,2060,Transition,CROP_FLW,98749.81989187516
SSP2_BaU_NoCC,2060,Transition,PRM_FRS,1524541.180911013
SSP2_BaU_NoCC,2060,Transition,MNG_FRS,70380.79731048219
SSP2_BaU_NoCC,2060,Transition,BIOCROP,68993.5102422064
SSP2_BaU_NoCC,2060,Transition,GRAZING,1044248.6127126846
SSP2_BaU_NoCC,2060,Transition,GRASS,471706.36712765554
SSP2_BaU_NoCC,2060,Transition,URB,22567.039569885255
SSP2_BaU_NoCC,2060,Developing,OTH,1268688.90715625
SSP2_BaU_NoCC,2060,Developing,CROP,771092.0842595017
SSP2_BaU_NoCC,2060,Developing,CROP_FLW,47897.542298973945
SSP2_BaU_NoCC,2060,Developing,PRM_FRS,971094.931667058
SSP2_BaU_NoCC,2060,Developing,MNG_FRS,53123.377770723615
SSP2_BaU_NoCC,2060,Developing,BIOCROP,31899.03971803597
SSP2_BaU_NoCC,2060,Developing,GRAZING,1909516.1631729936
SSP2_BaU_NoCC,2060,Developing,GRASS,892001.8502319225
SSP2_BaU_NoCC,2060,Developing,URB,14745.773382286072
SSP2_BaU_NoCC,2060,R5ASIA,OTH,312611.42105468747
SSP2_BaU_NoCC,2060,R5ASIA,CROP,414917.16376465675
SSP2_BaU_NoCC,2060,R5ASIA,CROP_FLW,12269.456001493827
SSP2_BaU_NoCC,2060,R5ASIA,PRM_FRS,433797.1114580728
SSP2_BaU_NoCC,2060,R5ASIA,MNG_FRS,39165.927427063856
SSP2_BaU_NoCC,2060,R5ASIA,BIOCROP,52606.04764738524
SSP2_BaU_NoCC,2060,R5ASIA,GRAZING,581172.6809831446
SSP2_BaU_NoCC,2060,R5ASIA,GRASS,222029.708324005
SSP2_BaU_NoCC,2060,R5ASIA,URB,14931.307018096923
SSP2_BaU_NoCC,2060,R5OECD90+EU,OTH,335104.108
SSP2_BaU_NoCC,2060,R5OECD90+EU,CROP,314488.1928120159
SSP2_BaU_NoCC,2060,R5OECD90+EU,CROP_FLW,168605.61715207354
SSP2_BaU_NoCC,2060,R5OECD90+EU,PRM_FRS,770196.1063181998
SSP2_BaU_NoCC,2060,R5OECD90+EU,MNG_FRS,156239.53308444584
SSP2_BaU_NoCC,2060,R5OECD90+EU,BIOCROP,85400.77274382608
SSP2_BaU_NoCC,2060,R5OECD90+EU,GRAZING,730250.4068915327
SSP2_BaU_NoCC,2060,R5OECD90+EU,GRASS,640337.7188841316
SSP2_BaU_NoCC,2060,R5OECD90+EU,URB,26093.062746918204
SSP2_BaU_NoCC,2060,R5REF,OTH,253974.9918984375
SSP2_BaU_NoCC,2060,R5REF,CROP,78940.2361423943
SSP2_BaU_NoCC,2060,R5REF,CROP_FLW,87717.68709065064
SSP2_BaU_NoCC,2060,R5REF,PRM_FRS,832160.3429391249
SSP2_BaU_NoCC,2060,R5REF,MNG_FRS,32717.955863409145
SSP2_BaU_NoCC,2060,R5REF,BIOCROP,15020.381319326185
SSP2_BaU_NoCC,2060,R5REF,GRAZING,370585.9516890512
SSP2_BaU_NoCC,2060,R5REF,GRASS,188155.32718980627
SSP2_BaU_NoCC,2060,R5REF,URB,5880.5270887603765
SSP2_BaU_NoCC,2060,R5MAF,OTH,1137323.0343437498
SSP2_BaU_NoCC,2060,R5MAF,CROP,543476.2561175996
SSP2_BaU_NoCC,2060,R5MAF,CROP_FLW,14040.025096754753
SSP2_BaU_NoCC,2060,R5MAF,PRM_FRS,365350.9900015207
SSP2_BaU_NoCC,2060,R5MAF,MNG_FRS,26179.335665877687
SSP2_BaU_NoCC,2060,R5MAF,BIOCROP,16953.269197866957
SSP2_BaU_NoCC,2060,R5MAF,GRAZING,1337706.701440968
SSP2_BaU_NoCC,2060,R5MAF,GRASS,545808.4594438388
SSP2_BaU_NoCC,2060,R5MAF,URB,5952.48283633995
SSP2_BaU_NoCC,2060,R5LAM,OTH,72183.21731250001
SSP2_BaU_NoCC,2060,R5LAM,CROP,154566.15911110758
SSP2_BaU_NoCC,2060,R5LAM,CROP_FLW,24064.67868110192
SSP2_BaU_NoCC,2060,R5LAM,PRM_FRS,831333.7279810463
SSP2_BaU_NoCC,2060,R5LAM,MNG_FRS,19678.45059261642
SSP2_BaU_NoCC,2060,R5LAM,BIOCROP,7547.440553529313
SSP2_BaU_NoCC,2060,R5LAM,GRAZING,634235.5537355295
SSP2_BaU_NoCC,2060,R5LAM,GRASS,382870.3025179409
SSP2_BaU_NoCC,2060,R5LAM,URB,8636.873675798419
SSP2_BaU_NoCC,2065,USA,OTH,33613.452
SSP2_BaU_NoCC,2065,USA,CROP,117885.75343680236
SSP2_BaU_NoCC,2065,USA,CROP_FLW,76026.71380876779
SSP2_BaU_NoCC,2065,USA,PRM_FRS,221737.7194381074
SSP2_BaU_NoCC,2065,USA,MNG_FRS,50014.39448360988
SSP2_BaU_NoCC,2065,USA,BIOCROP,32201.175993933306
SSP2_BaU_NoCC,2065,USA,GRAZING,236953.1163595687
SSP2_BaU_NoCC,2065,USA,GRASS,99333.03536302652
SSP2_BaU_NoCC,2065,USA,URB,11695.345311309815
SSP2_BaU_NoCC,2065,XE25,OTH,3206.0
SSP2_BaU_NoCC,2065,XE25,CROP,64447.98273010987
SSP2_BaU_NoCC,2065,XE25,CROP_FLW,23738.84281087985
SSP2_BaU_NoCC,2065,XE25,PRM_FRS,85980.09035299861
SSP2_BaU_NoCC,2065,XE25,MNG_FRS,47049.01851492488
SSP2_BaU_NoCC,2065,XE25,BIOCROP,32993.512949440745
SSP2_BaU_NoCC,2065,XE25,GRAZING,59354.83734053752
SSP2_BaU_NoCC,2065,XE25,GRASS,30139.983356854635
SSP2_BaU_NoCC,2065,XE25,URB,9106.496241195679
SSP2_BaU_NoCC,2065,XER,OTH,13232.0
SSP2_BaU_NoCC,2065,XER,CROP,34900.75014871527
SSP2_BaU_NoCC,2065,XER,CROP_FLW,4916.088244203703
SSP2_BaU_NoCC,2065,XER,PRM_FRS,27139.108787427456
SSP2_BaU_NoCC,2065,XER,MNG_FRS,4475.373397953352
SSP2_BaU_NoCC,2065,XER,BIOCROP,6550.339282670956
SSP2_BaU_NoCC,2065,XER,GRAZING,15891.062736223097
SSP2_BaU_NoCC,2065,XER,GRASS,5245.389164195672
SSP2_BaU_NoCC,2065,XER,URB,1090.242361709595
SSP2_BaU_NoCC,2065,TUR,CROP,27446.103317093228
SSP2_BaU_NoCC,2065,TUR,CROP_FLW,3994.1226037889705
SSP2_BaU_NoCC,2065,TUR,PRM_FRS,6579.974409208549
SSP2_BaU_NoCC,2065,TUR,MNG_FRS,985.1221630574793
SSP2_BaU_NoCC,2065,TUR,BIOCROP,2172.3463782929043
SSP2_BaU_NoCC,2065,TUR,GRAZING,14315.323904659252
SSP2_BaU_NoCC,2065,TUR,GRASS,19845.79863248086
SSP2_BaU_NoCC,2065,TUR,URB,821.3799714660644
SSP2_BaU_NoCC,2065,XOC,OTH,1467.0
SSP2_BaU_NoCC,2065,XOC,CROP,33770.9789051001
SSP2_BaU_NoCC,2065,XOC,CROP_FLW,35590.63760273342
SSP2_BaU_NoCC,2065,XOC,PRM_FRS,155483.7052155336
SSP2_BaU_NoCC,2065,XOC,MNG_FRS,4537.178402347972
SSP2_BaU_NoCC,2065,XOC,BIOCROP,2518.4144114463397
SSP2_BaU_NoCC,2065,XOC,GRAZING,388833.3934795697
SSP2_BaU_NoCC,2065,XOC,GRASS,477759.877467204
SSP2_BaU_NoCC,2065,XOC,URB,883.3264156804086
SSP2_BaU_NoCC,2065,CHN,OTH,239998.39534375
SSP2_BaU_NoCC,2065,CHN,CROP,77701.9631114863
SSP2_BaU_NoCC,2065,CHN,PRM_FRS,206512.30351887774
SSP2_BaU_NoCC,2065,CHN,MNG_FRS,12635.686906593348
SSP2_BaU_NoCC,2065,CHN,BIOCROP,30698.92065460318
SSP2_BaU_NoCC,2065,CHN,GRAZING,392382.7246272197
SSP2_BaU_NoCC,2065,CHN,GRASS,102680.18071946822
SSP2_BaU_NoCC,2065,CHN,URB,8006.078889526368
SSP2_BaU_NoCC,2065,IND,OTH,13430.3702109375
SSP2_BaU_NoCC,2065,IND,CROP,189073.88524240186
SSP2_BaU_NoCC,2065,IND,PRM_FRS,24219.785278698102
SSP2_BaU_NoCC,2065,IND,MNG_FRS,12621.278500289902
SSP2_BaU_NoCC,2065,IND,BIOCROP,11053.961556368591
SSP2_BaU_NoCC,2065,IND,GRAZING,8196.554158980674
SSP2_BaU_NoCC,2065,IND,GRASS,14852.643895209394
SSP2_BaU_NoCC,2065,IND,URB,3026.2728974914553
SSP2_BaU_NoCC,2065,JPN,CROP,1945.5404293405816
SSP2_BaU_NoCC,2065,JPN,CROP_FLW,998.7148701994528
SSP2_BaU_NoCC,2065,JPN,PRM_FRS,23861.989646135782
SSP2_BaU_NoCC,2065,JPN,MNG_FRS,1447.86192237083
SSP2_BaU_NoCC,2065,JPN,BIOCROP,305.24935502165187
SSP2_BaU_NoCC,2065,JPN,GRAZING,50.80625733899178
SSP2_BaU_NoCC,2065,JPN,GRASS,751.1632692181656
SSP2_BaU_NoCC,2065,JPN,URB,1710.2899680175783
SSP2_BaU_NoCC,2065,XSE,OTH,14506.901
SSP2_BaU_NoCC,2065,XSE,CROP,87821.4113140961
SSP2_BaU_NoCC,2065,XSE,CROP_FLW,9968.730067281327
SSP2_BaU_NoCC,2065,XSE,PRM_FRS,205803.05537051236
SSP2_BaU_NoCC,2065,XSE,MNG_FRS,7747.075590916643
SSP2_BaU_NoCC,2065,XSE,BIOCROP,11637.216757899212
SSP2_BaU_NoCC,2065,XSE,GRAZING,137332.49630422235
SSP2_BaU_NoCC,2065,XSE,GRASS,73955.30060292191
SSP2_BaU_NoCC,2065,XSE,URB,3032.1656320037837
SSP2_BaU_NoCC,2065,XSA,OTH,44675.7545
SSP2_BaU_NoCC,2065,XSA,CROP,52377.10636254442
SSP2_BaU_NoCC,2065,XSA,CROP_FLW,2306.7575989705438
SSP2_BaU_NoCC,2065,XSA,PRM_FRS,5200.16286541309
SSP2_BaU_NoCC,2065,XSA,MNG_FRS,4004.465110845858
SSP2_BaU_NoCC,2065,XSA,BIOCROP,1494.7362455748523
SSP2_BaU_NoCC,2065,XSA,GRAZING,43131.63162554329
SSP2_BaU_NoCC,2065,XSA,GRASS,30548.061618884538
SSP2_BaU_NoCC,2065,XSA,URB,866.7895990753174
SSP2_BaU_NoCC,2065,CAN,OTH,283585.656
SSP2_BaU_NoCC,2065,CAN,CROP,34668.33694102488
SSP2_BaU_NoCC,2065,CAN,CROP_FLW,24033.030027644752
SSP2_BaU_NoCC,2065,CAN,PRM_FRS,252881.55596167108
SSP2_BaU_NoCC,2065,CAN,MNG_FRS,43181.563269840095
SSP2_BaU_NoCC,2065,CAN,BIOCROP,8355.364848182364
SSP2_BaU_NoCC,2065,CAN,GRAZING,15234.671190253295
SSP2_BaU_NoCC,2065,CAN,GRASS,6995.23430451624
SSP2_BaU_NoCC,2065,CAN,URB,785.9824775390625
SSP2_BaU_NoCC,2065,BRA,CROP,68514.54940713086
SSP2_BaU_NoCC,2065,BRA,CROP_FLW,2360.4554378376265
SSP2_BaU_NoCC,2065,BRA,PRM_FRS,432557.58944268693
SSP2_BaU_NoCC,2065,BRA,MNG_FRS,4741.621386720506
SSP2_BaU_NoCC,2065,BRA,BIOCROP,5599.992596721552
SSP2_BaU_NoCC,2065,BRA,GRAZING,246929.24666572138
SSP2_BaU_NoCC,2065,BRA,GRASS,139811.11351689568
SSP2_BaU_NoCC,2065,BRA,URB,3742.538360931397
SSP2_BaU_NoCC,2065,XLM,OTH,72183.21731250001
SSP2_BaU_NoCC,2065,XLM,CROP,84917.28812149743
SSP2_BaU_NoCC,2065,XLM,CROP_FLW,21185.6749800753
SSP2_BaU_NoCC,2065,XLM,PRM_FRS,395947.73119228694
SSP2_BaU_NoCC,2065,XLM,MNG_FRS,14054.342644269758
SSP2_BaU_NoCC,2065,XLM,BIOCROP,3308.3908330374306
SSP2_BaU_NoCC,2065,XLM,GRAZING,396580.2608139737
SSP2_BaU_NoCC,2065,XLM,GRASS,237788.05613401718
SSP2_BaU_NoCC,2065,XLM,URB,4894.335314867021
SSP2_BaU_NoCC,2065,CIS,OTH,253974.9918984375
SSP2_BaU_NoCC,2065,CIS,CROP,76610.43419825853
SSP2_BaU_NoCC,2065,CIS,CROP_FLW,87200.7572658838
SSP2_BaU_NoCC,2065,CIS,PRM_FRS,837219.0787884207
SSP2_BaU_NoCC,2065,CIS,MNG_FRS,30862.479435226556
SSP2_BaU_NoCC,2065,CIS,BIOCROP,14823.963587859867
SSP2_BaU_NoCC,2065,CIS,GRAZING,371064.5654963626
SSP2_BaU_NoCC,2065,CIS,GRASS,187516.60346175064
SSP2_BaU_NoCC,2065,CIS,URB,5880.5270887603765
SSP2_BaU_NoCC,2065,XME,OTH,281021.7655625
SSP2_BaU_NoCC,2065,XME,CROP,43045.67303519706
SSP2_BaU_NoCC,2065,XME,CROP_FLW,1548.1086540722074
SSP2_BaU_NoCC,2065,XME,PRM_FRS,6026.125238990045
SSP2_BaU_NoCC,2065,XME,MNG_FRS,586.3698323618179
SSP2_BaU_NoCC,2065,XME,BIOCROP,9697.241215610447
SSP2_BaU_NoCC,2065,XME,GRAZING,264140.6435641968
SSP2_BaU_NoCC,2065,XME,GRASS,71950.10981565404
SSP2_BaU_NoCC,2065,XME,URB,2128.071955810547
SSP2_BaU_NoCC,2065,XNF,OTH,456890.6350624999
SSP2_BaU_NoCC,2065,XNF,CROP,36048.899868024586
SSP2_BaU_NoCC,2065,XNF,CROP_FLW,784.4203445139093
SSP2_BaU_NoCC,2065,XNF,PRM_FRS,1684.0947989557953
SSP2_BaU_NoCC,2065,XNF,MNG_FRS,59.68931805787986
SSP2_BaU_NoCC,2065,XNF,BIOCROP,1989.0628888891022
SSP2_BaU_NoCC,2065,XNF,GRAZING,72937.39896891803
SSP2_BaU_NoCC,2065,XNF,GRASS,1744.401253707299
SSP2_BaU_NoCC,2065,XNF,URB,927.4797019042969
SSP2_BaU_NoCC,2065,XAF,OTH,399410.63371875
SSP2_BaU_NoCC,2065,XAF,CROP,489227.3495730818
SSP2_BaU_NoCC,2065,XAF,CROP_FLW,10222.215018202345
SSP2_BaU_NoCC,2065,XAF,PRM_FRS,342536.77617846197
SSP2_BaU_NoCC,2065,XAF,MNG_FRS,25326.082312669412
SSP2_BaU_NoCC,2065,XAF,BIOCROP,6315.1288418430795
SSP2_BaU_NoCC,2065,XAF,GRAZING,1011964.5989311304
SSP2_BaU_NoCC,2065,XAF,GRASS,451680.6473118879
SSP2_BaU_NoCC,2065,XAF,URB,2896.931178625107
SSP2_BaU_NoCC,2065,ASIA2,OTH,312611.42105468747
SSP2_BaU_NoCC,2065,ASIA2,CROP,408919.9064598692
SSP2_BaU_NoCC,2065,ASIA2,CROP_FLW,13274.202536451323
SSP2_BaU_NoCC,2065,ASIA2,PRM_FRS,465597.29667963705
SSP2_BaU_NoCC,2065,ASIA2,MNG_FRS,38456.36803101658
SSP2_BaU_NoCC,2065,ASIA2,BIOCROP,55190.08456946749
SSP2_BaU_NoCC,2065,ASIA2,GRAZING,581094.212973305
SSP2_BaU_NoCC,2065,ASIA2,GRASS,222787.3501057022
SSP2_BaU_NoCC,2065,ASIA2,URB,16641.596986114502
SSP2_BaU_NoCC,2065,World,OTH,2111196.772609375
SSP2_BaU_NoCC,2065,World,CROP,1520404.0061419052
SSP2_BaU_NoCC,2065,World,CROP_FLW,304875.26933505497
SSP2_BaU_NoCC,2065,World,PRM_FRS,3231370.846484386
SSP2_BaU_NoCC,2065,World,MNG_FRS,264329.6031920562
SSP2_BaU_NoCC,2065,World,BIOCROP,181715.0183973956
SSP2_BaU_NoCC,2065,World,GRAZING,3675293.33242442
SSP2_BaU_NoCC,2065,World,GRASS,1952597.5998878928
SSP2_BaU_NoCC,2065,World,URB,61494.25336591386
SSP2_BaU_NoCC,2065,Non-OECD,OTH,1776092.664609375
SSP2_BaU_NoCC,2065,Non-OECD,CROP,1205338.5602337192
SSP2_BaU_NoCC,2065,Non-OECD,CROP_FLW,135577.11936683705
SSP2_BaU_NoCC,2065,Non-OECD,PRM_FRS,2457706.7026733034
SSP2_BaU_NoCC,2065,Non-OECD,MNG_FRS,112639.09103795169
SSP2_BaU_NoCC,2065,Non-OECD,BIOCROP,96618.61517840732
SSP2_BaU_NoCC,2065,Non-OECD,GRAZING,2944660.1211562688
SSP2_BaU_NoCC,2065,Non-OECD,GRASS,1312527.1183303967
SSP2_BaU_NoCC,2065,Non-OECD,URB,35401.19061899567
SSP2_BaU_NoCC,2065,Industrial,OTH,321872.108
SSP2_BaU_NoCC,2065,Industrial,CROP,252718.5924423778
SSP2_BaU_NoCC,2065,Industrial,CROP_FLW,160387.93912022526
SSP2_BaU_NoCC,2065,Industrial,PRM_FRS,739945.0606144465
SSP2_BaU_NoCC,2065,Industrial,MNG_FRS,146230.01659309366
SSP2_BaU_NoCC,2065,Industrial,BIOCROP,76373.7175580244
SSP2_BaU_NoCC,2065,Industrial,GRAZING,700426.8246272682
SSP2_BaU_NoCC,2065,Industrial,GRASS,614979.2937608196
SSP2_BaU_NoCC,2065,Industrial,URB,24181.440413742544
SSP2_BaU_NoCC,2065,Transition,OTH,520635.75745312497
SSP2_BaU_NoCC,2065,Transition,CROP,474247.68542508606
SSP2_BaU_NoCC,2065,Transition,CROP_FLW,98471.4235517141
SSP2_BaU_NoCC,2065,Transition,PRM_FRS,1534227.8402253194
SSP2_BaU_NoCC,2065,Transition,MNG_FRS,66321.56178984114
SSP2_BaU_NoCC,2065,Transition,BIOCROP,70899.52405651705
SSP2_BaU_NoCC,2065,Transition,GRAZING,1048779.4775891667
SSP2_BaU_NoCC,2065,Transition,GRASS,469951.72939000046
SSP2_BaU_NoCC,2065,Transition,URB,22567.039569885255
SSP2_BaU_NoCC,2065,Developing,OTH,1268688.90715625
SSP2_BaU_NoCC,2065,Developing,CROP,793437.7282744414
SSP2_BaU_NoCC,2065,Developing,CROP_FLW,46015.90666311563
SSP2_BaU_NoCC,2065,Developing,PRM_FRS,957197.9456446202
SSP2_BaU_NoCC,2065,Developing,MNG_FRS,51778.02480912137
SSP2_BaU_NoCC,2065,Developing,BIOCROP,34441.77678285412
SSP2_BaU_NoCC,2065,Developing,GRAZING,1926087.0302079846
SSP2_BaU_NoCC,2065,Developing,GRASS,867666.5767370728
SSP2_BaU_NoCC,2065,Developing,URB,14745.773382286072
SSP2_BaU_NoCC,2065,R5ASIA,OTH,312611.42105468747
SSP2_BaU_NoCC,2065,R5ASIA,CROP,406974.3660305286
SSP2_BaU_NoCC,2065,R5ASIA,CROP_FLW,12275.48766625187
SSP2_BaU_NoCC,2065,R5ASIA,PRM_FRS,441735.3070335013
SSP2_BaU_NoCC,2065,R5ASIA,MNG_FRS,37008.50610864575
SSP2_BaU_NoCC,2065,R5ASIA,BIOCROP,54884.83521444583
SSP2_BaU_NoCC,2065,R5ASIA,GRAZING,581043.4067159661
SSP2_BaU_NoCC,2065,R5ASIA,GRASS,222036.18683648403
SSP2_BaU_NoCC,2065,R5ASIA,URB,14931.307018096923
SSP2_BaU_NoCC,2065,R5OECD90+EU,OTH,335104.108
SSP2_BaU_NoCC,2065,R5OECD90+EU,CROP,315065.44590818626
SSP2_BaU_NoCC,2065,R5OECD90+EU,CROP_FLW,169298.14996821794
SSP2_BaU_NoCC,2065,R5OECD90+EU,PRM_FRS,773664.1438110826
SSP2_BaU_NoCC,2065,R5OECD90+EU,MNG_FRS,151690.51215410448
SSP2_BaU_NoCC,2065,R5OECD90+EU,BIOCROP,85096.40321898826
SSP2_BaU_NoCC,2065,R5OECD90+EU,GRAZING,730633.2112681506
SSP2_BaU_NoCC,2065,R5OECD90+EU,GRASS,640070.4815574961
SSP2_BaU_NoCC,2065,R5OECD90+EU,URB,26093.062746918204
SSP2_BaU_NoCC,2065,R5REF,OTH,253974.9918984375
SSP2_BaU_NoCC,2065,R5REF,CROP,76610.43419825853
SSP2_BaU_NoCC,2065,R5REF,CROP_FLW,87200.7572658838
SSP2_BaU_NoCC,2065,R5REF,PRM_FRS,837219.0787884207
SSP2_BaU_NoCC,2065,R5REF,MNG_FRS,30862.479435226556
SSP2_BaU_NoCC,2065,R5REF,BIOCROP,14823.963587859867
SSP2_BaU_NoCC,2065,R5REF,GRAZING,371064.5654963626
SSP2_BaU_NoCC,2065,R5REF,GRASS,187516.60346175064
SSP2_BaU_NoCC,2065,R5REF,URB,5880.5270887603765
SSP2_BaU_NoCC,2065,R5MAF,OTH,1137323.0343437498
SSP2_BaU_NoCC,2065,R5MAF,CROP,568321.9224763035
SSP2_BaU_NoCC,2065,R5MAF,CROP_FLW,12554.744016788462
SSP2_BaU_NoCC,2065,R5MAF,PRM_FRS,350246.9962164078
SSP2_BaU_NoCC,2065,R5MAF,MNG_FRS,25972.14146308911
SSP2_BaU_NoCC,2065,R5MAF,BIOCROP,18001.43294634263
SSP2_BaU_NoCC,2065,R5MAF,GRAZING,1349042.6414642453
SSP2_BaU_NoCC,2065,R5MAF,GRASS,525375.1583812492
SSP2_BaU_NoCC,2065,R5MAF,URB,5952.48283633995
SSP2_BaU_NoCC,2065,R5LAM,OTH,72183.21731250001
SSP2_BaU_NoCC,2065,R5LAM,CROP,153431.8375286283
SSP2_BaU_NoCC,2065,R5LAM,CROP_FLW,23546.130417912926
SSP2_BaU_NoCC,2065,R5LAM,PRM_FRS,828505.3206349739
SSP2_BaU_NoCC,2065,R5LAM,MNG_FRS,18795.964030990264
SSP2_BaU_NoCC,2065,R5LAM,BIOCROP,8908.383429758982
SSP2_BaU_NoCC,2065,R5LAM,GRAZING,643509.5074796951
SSP2_BaU_NoCC,2065,R5LAM,GRASS,377599.16965091287
SSP2_BaU_NoCC,2065,R5LAM,URB,8636.873675798419
SSP2_BaU_NoCC,2070,USA,OTH,33613.452
SSP2_BaU_NoCC,2070,USA,CROP,119116.13457032092
SSP2_BaU_NoCC,2070,USA,CROP_FLW,75802.44088729005
SSP2_BaU_NoCC,2070,USA,PRM_FRS,222141.0162648985
SSP2_BaU_NoCC,2070,USA,MNG_FRS,48668.560328309744
SSP2_BaU_NoCC,2070,USA,BIOCROP,32446.10531466154
SSP2_BaU_NoCC,2070,USA,GRAZING,237081.1115634237
SSP2_BaU_NoCC,2070,USA,GRASS,98896.53995491154
SSP2_BaU_NoCC,2070,USA,URB,11695.345311309815
SSP2_BaU_NoCC,2070,XE25,OTH,3206.0
SSP2_BaU_NoCC,2070,XE25,CROP,63614.674451557665
SSP2_BaU_NoCC,2070,XE25,CROP_FLW,24066.025512099804
SSP2_BaU_NoCC,2070,XE25,PRM_FRS,88340.63954620397
SSP2_BaU_NoCC,2070,XE25,MNG_FRS,45224.022050865555
SSP2_BaU_NoCC,2070,XE25,BIOCROP,32505.62029699911
SSP2_BaU_NoCC,2070,XE25,GRAZING,59555.54289764354
SSP2_BaU_NoCC,2070,XE25,GRASS,30397.74330037644
SSP2_BaU_NoCC,2070,XE25,URB,9106.496241195679
SSP2_BaU_NoCC,2070,XER,OTH,13232.0
SSP2_BaU_NoCC,2070,XER,CROP,33720.81027172609
SSP2_BaU_NoCC,2070,XER,CROP_FLW,5277.543617693575
SSP2_BaU_NoCC,2070,XER,PRM_FRS,27850.565612107705
SSP2_BaU_NoCC,2070,XER,MNG_FRS,4222.572262415848
SSP2_BaU_NoCC,2070,XER,BIOCROP,6583.847617459152
SSP2_BaU_NoCC,2070,XER,GRAZING,16021.183962662366
SSP2_BaU_NoCC,2070,XER,GRASS,5441.588417324786
SSP2_BaU_NoCC,2070,XER,URB,1090.242361709595
SSP2_BaU_NoCC,2070,TUR,CROP,27307.43026937663
SSP2_BaU_NoCC,2070,TUR,CROP_FLW,4052.155541261008
SSP2_BaU_NoCC,2070,TUR,PRM_FRS,6656.9462028197495
SSP2_BaU_NoCC,2070,TUR,MNG_FRS,938.7274570072243
SSP2_BaU_NoCC,2070,TUR,BIOCROP,2084.4764470877094
SSP2_BaU_NoCC,2070,TUR,GRAZING,14334.381455446157
SSP2_BaU_NoCC,2070,TUR,GRASS,19964.67403558271
SSP2_BaU_NoCC,2070,TUR,URB,821.3799714660644
SSP2_BaU_NoCC,2070,XOC,OTH,1467.0
SSP2_BaU_NoCC,2070,XOC,CROP,34255.52588009344
SSP2_BaU_NoCC,2070,XOC,CROP_FLW,35804.93833032514
SSP2_BaU_NoCC,2070,XOC,PRM_FRS,154895.38413983528
SSP2_BaU_NoCC,2070,XOC,MNG_FRS,4426.02061961942
SSP2_BaU_NoCC,2070,XOC,BIOCROP,2918.9995031518
SSP2_BaU_NoCC,2070,XOC,GRAZING,388893.138111187
SSP2_BaU_NoCC,2070,XOC,GRASS,477300.1788997227
SSP2_BaU_NoCC,2070,XOC,URB,883.3264156804086
SSP2_BaU_NoCC,2070,CHN,OTH,239998.39534375
SSP2_BaU_NoCC,2070,CHN,CROP,72210.11402611613
SSP2_BaU_NoCC,2070,CHN,PRM_FRS,213065.87767091647
SSP2_BaU_NoCC,2070,CHN,MNG_FRS,11573.933697261133
SSP2_BaU_NoCC,2070,CHN,BIOCROP,30852.062929406162
SSP2_BaU_NoCC,2070,CHN,GRAZING,391432.8040436762
SSP2_BaU_NoCC,2070,CHN,GRASS,103476.98717087215
SSP2_BaU_NoCC,2070,CHN,URB,8006.078889526368
SSP2_BaU_NoCC,2070,IND,OTH,13430.3702109375
SSP2_BaU_NoCC,2070,IND,CROP,188672.56289868997
SSP2_BaU_NoCC,2070,IND,PRM_FRS,24342.274193867604
SSP2_BaU_NoCC,2070,IND,MNG_FRS,12128.286225919095
SSP2_BaU_NoCC,2070,IND,BIOCROP,11738.889826948582
SSP2_BaU_NoCC,2070,IND,GRAZING,8235.549881332241
SSP2_BaU_NoCC,2070,IND,GRASS,14900.54560519118
SSP2_BaU_NoCC,2070,IND,URB,3026.2728974914553
SSP2_BaU_NoCC,2070,JPN,CROP,1866.3076935397683
SSP2_BaU_NoCC,2070,JPN,CROP_FLW,1013.3895989478522
SSP2_BaU_NoCC,2070,JPN,PRM_FRS,24029.693067875218
SSP2_BaU_NoCC,2070,JPN,MNG_FRS,1348.0913395399004
SSP2_BaU_NoCC,2070,JPN,BIOCROP,292.1567925110846
SSP2_BaU_NoCC,2070,JPN,GRAZING,51.02185842254108
SSP2_BaU_NoCC,2070,JPN,GRASS,760.6653987890995
SSP2_BaU_NoCC,2070,JPN,URB,1710.2899680175783
SSP2_BaU_NoCC,2070,XSE,OTH,14506.901
SSP2_BaU_NoCC,2070,XSE,CROP,84959.43191928176
SSP2_BaU_NoCC,2070,XSE,CROP_FLW,10197.209516343293
SSP2_BaU_NoCC,2070,XSE,PRM_FRS,207646.01004232222
SSP2_BaU_NoCC,2070,XSE,MNG_FRS,7335.611427157159
SSP2_BaU_NoCC,2070,XSE,BIOCROP,12475.944962614261
SSP2_BaU_NoCC,2070,XSE,GRAZING,137890.83899644535
SSP2_BaU_NoCC,2070,XSE,GRASS,73760.23914368529
SSP2_BaU_NoCC,2070,XSE,URB,3032.1656320037837
SSP2_BaU_NoCC,2070,XSA,OTH,44675.7545
SSP2_BaU_NoCC,2070,XSA,CROP,52831.96104827235
SSP2_BaU_NoCC,2070,XSA,CROP_FLW,2174.318854786154
SSP2_BaU_NoCC,2070,XSA,PRM_FRS,5148.738796595283
SSP2_BaU_NoCC,2070,XSA,MNG_FRS,3863.8826206604635
SSP2_BaU_NoCC,2070,XSA,BIOCROP,1663.9025837135616
SSP2_BaU_NoCC,2070,XSA,GRAZING,43431.490724850286
SSP2_BaU_NoCC,2070,XSA,GRASS,29948.626798898254
SSP2_BaU_NoCC,2070,XSA,URB,866.7895990753174
SSP2_BaU_NoCC,2070,CAN,OTH,283585.656
SSP2_BaU_NoCC,2070,CAN,CROP,34961.73708376906
SSP2_BaU_NoCC,2070,CAN,CROP_FLW,24017.042140548914
SSP2_BaU_NoCC,2070,CAN,PRM_FRS,253754.1956114709
SSP2_BaU_NoCC,2070,CAN,MNG_FRS,42080.610638822865
SSP2_BaU_NoCC,2070,CAN,BIOCROP,8293.962047611658
SSP2_BaU_NoCC,2070,CAN,GRAZING,15255.350527302295
SSP2_BaU_NoCC,2070,CAN,GRASS,6986.858493606959
SSP2_BaU_NoCC,2070,CAN,URB,785.9824775390625
SSP2_BaU_NoCC,2070,BRA,CROP,67793.26101707872
SSP2_BaU_NoCC,2070,BRA,CROP_FLW,2247.595189707292
SSP2_BaU_NoCC,2070,BRA,PRM_FRS,430001.26947083627
SSP2_BaU_NoCC,2070,BRA,MNG_FRS,4458.9109086193575
SSP2_BaU_NoCC,2070,BRA,BIOCROP,6617.21064604558
SSP2_BaU_NoCC,2070,BRA,GRAZING,252065.48593071193
SSP2_BaU_NoCC,2070,BRA,GRASS,137330.83529071536
SSP2_BaU_NoCC,2070,BRA,URB,3742.538360931397
SSP2_BaU_NoCC,2070,XLM,OTH,72183.21731250001
SSP2_BaU_NoCC,2070,XLM,CROP,84068.43246936331
SSP2_BaU_NoCC,2070,XLM,CROP_FLW,20789.484339544888
SSP2_BaU_NoCC,2070,XLM,PRM_FRS,396096.4815511457
SSP2_BaU_NoCC,2070,XLM,MNG_FRS,13448.403947612916
SSP2_BaU_NoCC,2070,XLM,BIOCROP,3686.526984323378
SSP2_BaU_NoCC,2070,XLM,GRAZING,400890.5732042656
SSP2_BaU_NoCC,2070,XLM,GRASS,234801.8422229015
SSP2_BaU_NoCC,2070,XLM,URB,4894.335314867021
SSP2_BaU_NoCC,2070,CIS,OTH,253974.9918984375
SSP2_BaU_NoCC,2070,CIS,CROP,74150.32258179692
SSP2_BaU_NoCC,2070,CIS,CROP_FLW,86646.35167063387
SSP2_BaU_NoCC,2070,CIS,PRM_FRS,842499.3082502543
SSP2_BaU_NoCC,2070,CIS,MNG_FRS,29044.157887946647
SSP2_BaU_NoCC,2070,CIS,BIOCROP,14603.671464510358
SSP2_BaU_NoCC,2070,CIS,GRAZING,371468.50886245986
SSP2_BaU_NoCC,2070,CIS,GRASS,186885.56151616076
SSP2_BaU_NoCC,2070,CIS,URB,5880.5270887603765
SSP2_BaU_NoCC,2070,XME,OTH,281021.7655625
SSP2_BaU_NoCC,2070,XME,CROP,43306.3842081736
SSP2_BaU_NoCC,2070,XME,CROP_FLW,1479.8733915159828
SSP2_BaU_NoCC,2070,XME,PRM_FRS,5935.564327951396
SSP2_BaU_NoCC,2070,XME,MNG_FRS,566.1920778580036
SSP2_BaU_NoCC,2070,XME,BIOCROP,9733.138444160195
SSP2_BaU_NoCC,2070,XME,GRAZING,265688.30790061486
SSP2_BaU_NoCC,2070,XME,GRASS,70284.81100580831
SSP2_BaU_NoCC,2070,XME,URB,2128.071955810547
SSP2_BaU_NoCC,2070,XNF,OTH,456890.6350624999
SSP2_BaU_NoCC,2070,XNF,CROP,36022.04836108695
SSP2_BaU_NoCC,2070,XNF,CROP_FLW,703.540104572384
SSP2_BaU_NoCC,2070,XNF,PRM_FRS,1638.8399335170188
SSP2_BaU_NoCC,2070,XNF,MNG_FRS,57.098832173193315
SSP2_BaU_NoCC,2070,XNF,BIOCROP,2009.3684972722801
SSP2_BaU_NoCC,2070,XNF,GRAZING,73259.64837748732
SSP2_BaU_NoCC,2070,XNF,GRASS,1557.4233349575256
SSP2_BaU_NoCC,2070,XNF,URB,927.4797019042969
SSP2_BaU_NoCC,2070,XAF,OTH,399410.63371875
SSP2_BaU_NoCC,2070,XAF,CROP,511126.41563889076
SSP2_BaU_NoCC,2070,XAF,CROP_FLW,9128.664645489169
SSP2_BaU_NoCC,2070,XAF,PRM_FRS,329333.4957353459
SSP2_BaU_NoCC,2070,XAF,MNG_FRS,25031.953999642254
SSP2_BaU_NoCC,2070,XAF,BIOCROP,7421.054416134323
SSP2_BaU_NoCC,2070,XAF,GRAZING,1020797.7516303065
SSP2_BaU_NoCC,2070,XAF,GRASS,434433.4621014688
SSP2_BaU_NoCC,2070,XAF,URB,2896.931178625107
SSP2_BaU_NoCC,2070,ASIA2,OTH,312611.42105468747
SSP2_BaU_NoCC,2070,ASIA2,CROP,400540.3775859
SSP2_BaU_NoCC,2070,ASIA2,CROP_FLW,13384.917970077298
SSP2_BaU_NoCC,2070,ASIA2,PRM_FRS,474232.5937715768
SSP2_BaU_NoCC,2070,ASIA2,MNG_FRS,36249.805310537755
SSP2_BaU_NoCC,2070,ASIA2,BIOCROP,57022.957095193655
SSP2_BaU_NoCC,2070,ASIA2,GRAZING,581041.7055047267
SSP2_BaU_NoCC,2070,ASIA2,GRASS,222847.06411743598
SSP2_BaU_NoCC,2070,ASIA2,URB,16641.596986114502
SSP2_BaU_NoCC,2070,World,OTH,2111196.772609375
SSP2_BaU_NoCC,2070,World,CROP,1529983.554389134
SSP2_BaU_NoCC,2070,World,CROP_FLW,303400.5733407594
SSP2_BaU_NoCC,2070,World,PRM_FRS,3233376.3004179634
SSP2_BaU_NoCC,2070,World,MNG_FRS,254417.03632143076
SSP2_BaU_NoCC,2070,World,BIOCROP,185926.93877461072
SSP2_BaU_NoCC,2070,World,GRAZING,3696352.6899282383
SSP2_BaU_NoCC,2070,World,GRASS,1927128.5826909735
SSP2_BaU_NoCC,2070,World,URB,61494.25336591386
SSP2_BaU_NoCC,2070,Non-OECD,OTH,1776092.664609375
SSP2_BaU_NoCC,2070,Non-OECD,CROP,1215140.9341687504
SSP2_BaU_NoCC,2070,Non-OECD,CROP_FLW,133367.03771259304
SSP2_BaU_NoCC,2070,Non-OECD,PRM_FRS,2455707.859972752
SSP2_BaU_NoCC,2070,Non-OECD,MNG_FRS,107508.43162485023
SSP2_BaU_NoCC,2070,Non-OECD,BIOCROP,100801.7707551287
SSP2_BaU_NoCC,2070,Non-OECD,GRAZING,2965160.95955215
SSP2_BaU_NoCC,2070,Non-OECD,GRASS,1287380.3341906592
SSP2_BaU_NoCC,2070,Non-OECD,URB,35401.19061899567
SSP2_BaU_NoCC,2070,Industrial,OTH,321872.108
SSP2_BaU_NoCC,2070,Industrial,CROP,253814.37967928086
SSP2_BaU_NoCC,2070,Industrial,CROP_FLW,160703.83646921176
SSP2_BaU_NoCC,2070,Industrial,PRM_FRS,743160.9286302838
SSP2_BaU_NoCC,2070,Industrial,MNG_FRS,141747.30497715747
SSP2_BaU_NoCC,2070,Industrial,BIOCROP,76456.84395493519
SSP2_BaU_NoCC,2070,Industrial,GRAZING,700836.1649579791
SSP2_BaU_NoCC,2070,Industrial,GRASS,614341.9860474067
SSP2_BaU_NoCC,2070,Industrial,URB,24181.440413742544
SSP2_BaU_NoCC,2070,Transition,OTH,520635.75745312497
SSP2_BaU_NoCC,2070,Transition,CROP,463854.5010647844
SSP2_BaU_NoCC,2070,Transition,CROP_FLW,98223.64601929575
SSP2_BaU_NoCC,2070,Transition,PRM_FRS,1544416.241400802
SSP2_BaU_NoCC,2070,Transition,MNG_FRS,62366.5884391693
SSP2_BaU_NoCC,2070,Transition,BIOCROP,72480.15893145755
SSP2_BaU_NoCC,2070,Transition,GRAZING,1053557.9141362887
SSP2_BaU_NoCC,2070,Transition,GRASS,468000.1920358469
SSP2_BaU_NoCC,2070,Transition,URB,22567.039569885255
SSP2_BaU_NoCC,2070,Developing,OTH,1268688.90715625
SSP2_BaU_NoCC,2070,Developing,CROP,812314.6736450687
SSP2_BaU_NoCC,2070,Developing,CROP_FLW,44473.090852251866
SSP2_BaU_NoCC,2070,Developing,PRM_FRS,945799.1303868776
SSP2_BaU_NoCC,2070,Developing,MNG_FRS,50303.14290510399
SSP2_BaU_NoCC,2070,Developing,BIOCROP,36989.935888217995
SSP2_BaU_NoCC,2070,Developing,GRAZING,1941958.61083397
SSP2_BaU_NoCC,2070,Developing,GRASS,844786.4046077197
SSP2_BaU_NoCC,2070,Developing,URB,14745.773382286072
SSP2_BaU_NoCC,2070,R5ASIA,OTH,312611.42105468747
SSP2_BaU_NoCC,2070,R5ASIA,CROP,398674.06989236025
SSP2_BaU_NoCC,2070,R5ASIA,CROP_FLW,12371.528371129447
SSP2_BaU_NoCC,2070,R5ASIA,PRM_FRS,450202.9007037016
SSP2_BaU_NoCC,2070,R5ASIA,MNG_FRS,34901.71397099785
SSP2_BaU_NoCC,2070,R5ASIA,BIOCROP,56730.80030268257
SSP2_BaU_NoCC,2070,R5ASIA,GRAZING,580990.6836463042
SSP2_BaU_NoCC,2070,R5ASIA,GRASS,222086.39871864687
SSP2_BaU_NoCC,2070,R5ASIA,URB,14931.307018096923
SSP2_BaU_NoCC,2070,R5OECD90+EU,OTH,335104.108
SSP2_BaU_NoCC,2070,R5OECD90+EU,CROP,314842.6202203836
SSP2_BaU_NoCC,2070,R5OECD90+EU,CROP_FLW,170033.53562816634
SSP2_BaU_NoCC,2070,R5OECD90+EU,PRM_FRS,777668.4404452113
SSP2_BaU_NoCC,2070,R5OECD90+EU,MNG_FRS,146908.60469658056
SSP2_BaU_NoCC,2070,R5OECD90+EU,BIOCROP,85125.16801948207
SSP2_BaU_NoCC,2070,R5OECD90+EU,GRAZING,731191.7303760876
SSP2_BaU_NoCC,2070,R5OECD90+EU,GRASS,639748.2485003142
SSP2_BaU_NoCC,2070,R5OECD90+EU,URB,26093.062746918204
SSP2_BaU_NoCC,2070,R5REF,OTH,253974.9918984375
SSP2_BaU_NoCC,2070,R5REF,CROP,74150.32258179692
SSP2_BaU_NoCC,2070,R5REF,CROP_FLW,86646.35167063387
SSP2_BaU_NoCC,2070,R5REF,PRM_FRS,842499.3082502543
SSP2_BaU_NoCC,2070,R5REF,MNG_FRS,29044.157887946647
SSP2_BaU_NoCC,2070,R5REF,BIOCROP,14603.671464510358
SSP2_BaU_NoCC,2070,R5REF,GRAZING,371468.50886245986
SSP2_BaU_NoCC,2070,R5REF,GRASS,186885.56151616076
SSP2_BaU_NoCC,2070,R5REF,URB,5880.5270887603765
SSP2_BaU_NoCC,2070,R5MAF,OTH,1137323.0343437498
SSP2_BaU_NoCC,2070,R5MAF,CROP,590454.8482081513
SSP2_BaU_NoCC,2070,R5MAF,CROP_FLW,11312.078141577535
SSP2_BaU_NoCC,2070,R5MAF,PRM_FRS,336907.8999968143
SSP2_BaU_NoCC,2070,R5MAF,MNG_FRS,25655.24490967345
SSP2_BaU_NoCC,2070,R5MAF,BIOCROP,19163.5613575668
SSP2_BaU_NoCC,2070,R5MAF,GRAZING,1359745.7079084087
SSP2_BaU_NoCC,2070,R5MAF,GRASS,506275.6964422347
SSP2_BaU_NoCC,2070,R5MAF,URB,5952.48283633995
SSP2_BaU_NoCC,2070,R5LAM,OTH,72183.21731250001
SSP2_BaU_NoCC,2070,R5LAM,CROP,151861.69348644203
SSP2_BaU_NoCC,2070,R5LAM,CROP_FLW,23037.07952925218
SSP2_BaU_NoCC,2070,R5LAM,PRM_FRS,826097.7510219819
SSP2_BaU_NoCC,2070,R5LAM,MNG_FRS,17907.314856232275
SSP2_BaU_NoCC,2070,R5LAM,BIOCROP,10303.737630368958
SSP2_BaU_NoCC,2070,R5LAM,GRAZING,652956.0591349775
SSP2_BaU_NoCC,2070,R5LAM,GRASS,372132.67751361686
SSP2_BaU_NoCC,2070,R5LAM,URB,8636.873675798419
SSP2_BaU_NoCC,2075,USA,OTH,33613.452
SSP2_BaU_NoCC,2075,USA,CROP,120063.8173566288
SSP2_BaU_NoCC,2075,USA,CROP_FLW,75607.8982232012
SSP2_BaU_NoCC,2075,USA,PRM_FRS,222713.52459889767
SSP2_BaU_NoCC,2075,USA,MNG_FRS,47234.560535857585
SSP2_BaU_NoCC,2075,USA,BIOCROP,32803.89613427905
SSP2_BaU_NoCC,2075,USA,GRAZING,237213.13018206373
SSP2_BaU_NoCC,2075,USA,GRASS,98515.08185288777
SSP2_BaU_NoCC,2075,USA,URB,11695.345311309815
SSP2_BaU_NoCC,2075,XE25,OTH,3206.0
SSP2_BaU_NoCC,2075,XE25,CROP,62637.33958636114
SSP2_BaU_NoCC,2075,XE25,CROP_FLW,24397.54566879023
SSP2_BaU_NoCC,2075,XE25,PRM_FRS,90770.25539001863
SSP2_BaU_NoCC,2075,XE25,MNG_FRS,43416.14323844147
SSP2_BaU_NoCC,2075,XE25,BIOCROP,32072.16423593975
SSP2_BaU_NoCC,2075,XE25,GRAZING,59750.94615249161
SSP2_BaU_NoCC,2075,XE25,GRASS,30659.87378370323
SSP2_BaU_NoCC,2075,XE25,URB,9106.496241195679
SSP2_BaU_NoCC,2075,XER,OTH,13232.0
SSP2_BaU_NoCC,2075,XER,CROP,32493.712352384046
SSP2_BaU_NoCC,2075,XER,CROP_FLW,5662.511770745724
SSP2_BaU_NoCC,2075,XER,PRM_FRS,28572.15661982115
SSP2_BaU_NoCC,2075,XER,MNG_FRS,3977.517081590826
SSP2_BaU_NoCC,2075,XER,BIOCROP,6616.038308073866
SSP2_BaU_NoCC,2075,XER,GRAZING,16149.452204324381
SSP2_BaU_NoCC,2075,XER,GRASS,5646.723424449521
SSP2_BaU_NoCC,2075,XER,URB,1090.242361709595
SSP2_BaU_NoCC,2075,TUR,CROP,27039.49404216918
SSP2_BaU_NoCC,2075,TUR,CROP_FLW,4138.802625017909
SSP2_BaU_NoCC,2075,TUR,PRM_FRS,6763.903224335371
SSP2_BaU_NoCC,2075,TUR,MNG_FRS,891.8744769200382
SSP2_BaU_NoCC,2075,TUR,BIOCROP,2011.6276521779853
SSP2_BaU_NoCC,2075,TUR,GRAZING,14355.23386235213
SSP2_BaU_NoCC,2075,TUR,GRASS,20137.855525608633
SSP2_BaU_NoCC,2075,TUR,URB,821.3799714660644
SSP2_BaU_NoCC,2075,XOC,OTH,1467.0
SSP2_BaU_NoCC,2075,XOC,CROP,34563.35177833079
SSP2_BaU_NoCC,2075,XOC,CROP_FLW,35967.06836590056
SSP2_BaU_NoCC,2075,XOC,PRM_FRS,154429.4780819473
SSP2_BaU_NoCC,2075,XOC,MNG_FRS,4302.39055918829
SSP2_BaU_NoCC,2075,XOC,BIOCROP,3355.3648054643872
SSP2_BaU_NoCC,2075,XOC,GRAZING,389065.4964668707
SSP2_BaU_NoCC,2075,XOC,GRASS,476811.0354262328
SSP2_BaU_NoCC,2075,XOC,URB,883.3264156804086
SSP2_BaU_NoCC,2075,CHN,OTH,239998.39534375
SSP2_BaU_NoCC,2075,CHN,CROP,66942.28426005629
SSP2_BaU_NoCC,2075,CHN,PRM_FRS,219660.80501956725
SSP2_BaU_NoCC,2075,CHN,MNG_FRS,10590.862446689416
SSP2_BaU_NoCC,2075,CHN,BIOCROP,30841.26161662694
SSP2_BaU_NoCC,2075,CHN,GRAZING,390461.0479461074
SSP2_BaU_NoCC,2075,CHN,GRASS,104115.51824920082
SSP2_BaU_NoCC,2075,CHN,URB,8006.078889526368
SSP2_BaU_NoCC,2075,IND,OTH,13430.3702109375
SSP2_BaU_NoCC,2075,IND,CROP,187855.84330253312
SSP2_BaU_NoCC,2075,IND,PRM_FRS,24691.045808890805
SSP2_BaU_NoCC,2075,IND,MNG_FRS,11614.556185626596
SSP2_BaU_NoCC,2075,IND,BIOCROP,12487.220687349109
SSP2_BaU_NoCC,2075,IND,GRAZING,8294.6925644297
SSP2_BaU_NoCC,2075,IND,GRASS,15074.750083119467
SSP2_BaU_NoCC,2075,IND,URB,3026.2728974914553
SSP2_BaU_NoCC,2075,JPN,CROP,1787.489726889682
SSP2_BaU_NoCC,2075,JPN,CROP_FLW,1027.0555418746576
SSP2_BaU_NoCC,2075,JPN,PRM_FRS,24191.200453619844
SSP2_BaU_NoCC,2075,JPN,MNG_FRS,1253.2287336465613
SSP2_BaU_NoCC,2075,JPN,BIOCROP,280.89131530217435
SSP2_BaU_NoCC,2075,JPN,GRAZING,51.245773880897374
SSP2_BaU_NoCC,2075,JPN,GRASS,770.2142044116346
SSP2_BaU_NoCC,2075,JPN,URB,1710.2899680175783
SSP2_BaU_NoCC,2075,XSE,OTH,14506.901
SSP2_BaU_NoCC,2075,XSE,CROP,81869.19249129613
SSP2_BaU_NoCC,2075,XSE,CROP_FLW,10454.411493090032
SSP2_BaU_NoCC,2075,XSE,PRM_FRS,209680.5491081594
SSP2_BaU_NoCC,2075,XSE,MNG_FRS,6925.421501252387
SSP2_BaU_NoCC,2075,XSE,BIOCROP,13324.65079960279
SSP2_BaU_NoCC,2075,XSE,GRAZING,138424.00009377228
SSP2_BaU_NoCC,2075,XSE,GRASS,73587.06052067644
SSP2_BaU_NoCC,2075,XSE,URB,3032.1656320037837
SSP2_BaU_NoCC,2075,XSA,OTH,44675.7545
SSP2_BaU_NoCC,2075,XSA,CROP,53119.46122891993
SSP2_BaU_NoCC,2075,XSA,CROP_FLW,2074.2686316509444
SSP2_BaU_NoCC,2075,XSA,PRM_FRS,5123.6865881339345
SSP2_BaU_NoCC,2075,XSA,MNG_FRS,3718.608916262785
SSP2_BaU_NoCC,2075,XSA,BIOCROP,1817.9972571691399
SSP2_BaU_NoCC,2075,XSA,GRAZING,43734.23256495332
SSP2_BaU_NoCC,2075,XSA,GRASS,29474.666240685496
SSP2_BaU_NoCC,2075,XSA,URB,866.7895990753174
SSP2_BaU_NoCC,2075,CAN,OTH,283585.656
SSP2_BaU_NoCC,2075,CAN,CROP,35160.966166385995
SSP2_BaU_NoCC,2075,CAN,CROP_FLW,24018.955562677285
SSP2_BaU_NoCC,2075,CAN,PRM_FRS,254801.75194466123
SSP2_BaU_NoCC,2075,CAN,MNG_FRS,40869.73611256898
SSP2_BaU_NoCC,2075,CAN,BIOCROP,8231.722770789855
SSP2_BaU_NoCC,2075,CAN,GRAZING,15280.40183000417
SSP2_BaU_NoCC,2075,CAN,GRASS,6986.222156045172
SSP2_BaU_NoCC,2075,CAN,URB,785.9824775390625
SSP2_BaU_NoCC,2075,BRA,CROP,66966.61720563303
SSP2_BaU_NoCC,2075,BRA,CROP_FLW,2138.4277678129756
SSP2_BaU_NoCC,2075,BRA,PRM_FRS,427455.72482112754
SSP2_BaU_NoCC,2075,BRA,MNG_FRS,4180.452085317839
SSP2_BaU_NoCC,2075,BRA,BIOCROP,7645.686416108374
SSP2_BaU_NoCC,2075,BRA,GRAZING,257394.41178229073
SSP2_BaU_NoCC,2075,BRA,GRASS,134733.24837542392
SSP2_BaU_NoCC,2075,BRA,URB,3742.538360931397
SSP2_BaU_NoCC,2075,XLM,OTH,72183.21731250001
SSP2_BaU_NoCC,2075,XLM,CROP,82963.77391812137
SSP2_BaU_NoCC,2075,XLM,CROP_FLW,20397.70156109536
SSP2_BaU_NoCC,2075,XLM,PRM_FRS,396583.6476283155
SSP2_BaU_NoCC,2075,XLM,MNG_FRS,12840.17693744226
SSP2_BaU_NoCC,2075,XLM,BIOCROP,4069.2264553254076
SSP2_BaU_NoCC,2075,XLM,GRAZING,405177.90973132884
SSP2_BaU_NoCC,2075,XLM,GRASS,231749.30848752882
SSP2_BaU_NoCC,2075,XLM,URB,4894.335314867021
SSP2_BaU_NoCC,2075,CIS,OTH,253974.9918984375
SSP2_BaU_NoCC,2075,CIS,CROP,71487.62956395671
SSP2_BaU_NoCC,2075,CIS,CROP_FLW,86060.05693298884
SSP2_BaU_NoCC,2075,CIS,PRM_FRS,848202.3029162216
SSP2_BaU_NoCC,2075,CIS,MNG_FRS,27272.407075898165
SSP2_BaU_NoCC,2075,CIS,BIOCROP,14312.291947457163
SSP2_BaU_NoCC,2075,CIS,GRAZING,371628.9369867649
SSP2_BaU_NoCC,2075,CIS,GRASS,186334.25681047543
SSP2_BaU_NoCC,2075,CIS,URB,5880.5270887603765
SSP2_BaU_NoCC,2075,XME,OTH,281021.7655625
SSP2_BaU_NoCC,2075,XME,CROP,43315.12490014464
SSP2_BaU_NoCC,2075,XME,CROP_FLW,1426.3861329129218
SSP2_BaU_NoCC,2075,XME,PRM_FRS,5876.633923101594
SSP2_BaU_NoCC,2075,XME,MNG_FRS,544.7207720217268
SSP2_BaU_NoCC,2075,XME,BIOCROP,9760.561612653171
SSP2_BaU_NoCC,2075,XME,GRAZING,267273.131295425
SSP2_BaU_NoCC,2075,XME,GRASS,68797.71271982342
SSP2_BaU_NoCC,2075,XME,URB,2128.071955810547
SSP2_BaU_NoCC,2075,XNF,OTH,456890.6350624999
SSP2_BaU_NoCC,2075,XNF,CROP,35837.51853259588
SSP2_BaU_NoCC,2075,XNF,CROP_FLW,646.5680223631709
SSP2_BaU_NoCC,2075,XNF,PRM_FRS,1608.4818837203252
SSP2_BaU_NoCC,2075,XNF,MNG_FRS,54.46999490451696
SSP2_BaU_NoCC,2075,XNF,BIOCROP,2033.5760409755999
SSP2_BaU_NoCC,2075,XNF,GRAZING,73649.9654756818
SSP2_BaU_NoCC,2075,XNF,GRASS,1417.3874908254122
SSP2_BaU_NoCC,2075,XNF,URB,927.4797019042969
SSP2_BaU_NoCC,2075,XAF,OTH,399410.63371875
SSP2_BaU_NoCC,2075,XAF,CROP,530492.4836296642
SSP2_BaU_NoCC,2075,XAF,CROP_FLW,8205.02663261992
SSP2_BaU_NoCC,2075,XAF,PRM_FRS,317710.62798968
SSP2_BaU_NoCC,2075,XAF,MNG_FRS,24639.773629211344
SSP2_BaU_NoCC,2075,XAF,BIOCROP,8781.217151070729
SSP2_BaU_NoCC,2075,XAF,GRAZING,1029065.2501823297
SSP2_BaU_NoCC,2075,XAF,GRASS,418378.4189527017
SSP2_BaU_NoCC,2075,XAF,URB,2896.931178625107
SSP2_BaU_NoCC,2075,ASIA2,OTH,312611.42105468747
SSP2_BaU_NoCC,2075,ASIA2,CROP,391574.27100969513
SSP2_BaU_NoCC,2075,ASIA2,CROP_FLW,13555.735666615634
SSP2_BaU_NoCC,2075,ASIA2,PRM_FRS,483347.2869783712
SSP2_BaU_NoCC,2075,ASIA2,MNG_FRS,34102.67778347774
SSP2_BaU_NoCC,2075,ASIA2,BIOCROP,58752.02167605016
SSP2_BaU_NoCC,2075,ASIA2,GRAZING,580965.2189431436
SSP2_BaU_NoCC,2075,ASIA2,GRASS,223022.20929809386
SSP2_BaU_NoCC,2075,ASIA2,URB,16641.596986114502
SSP2_BaU_NoCC,2075,World,OTH,2111196.772609375
SSP2_BaU_NoCC,2075,World,CROP,1534596.1000420707
SSP2_BaU_NoCC,2075,World,CROP_FLW,302222.68493274174
SSP2_BaU_NoCC,2075,World,PRM_FRS,3238835.7760002194
SSP2_BaU_NoCC,2075,World,MNG_FRS,244326.90028284086
SSP2_BaU_NoCC,2075,World,BIOCROP,190445.39520636544
SSP2_BaU_NoCC,2075,World,GRAZING,3716969.485095071
SSP2_BaU_NoCC,2075,World,GRASS,1903189.3343037998
SSP2_BaU_NoCC,2075,World,URB,61494.25336591386
SSP2_BaU_NoCC,2075,Non-OECD,OTH,1776092.664609375
SSP2_BaU_NoCC,2075,Non-OECD,CROP,1220849.9290329213
SSP2_BaU_NoCC,2075,Non-OECD,CROP_FLW,131402.84717453417
SSP2_BaU_NoCC,2075,Non-OECD,PRM_FRS,2456593.5056869183
SSP2_BaU_NoCC,2075,Non-OECD,MNG_FRS,102381.44954462703
SSP2_BaU_NoCC,2075,Non-OECD,BIOCROP,105073.68998433843
SSP2_BaU_NoCC,2075,Non-OECD,GRAZING,2985103.5786230834
SSP2_BaU_NoCC,2075,Non-OECD,GRASS,1263662.327930461
SSP2_BaU_NoCC,2075,Non-OECD,URB,35401.19061899567
SSP2_BaU_NoCC,2075,Industrial,OTH,321872.108
SSP2_BaU_NoCC,2075,Industrial,CROP,254212.9646145964
SSP2_BaU_NoCC,2075,Industrial,CROP_FLW,161018.52336244396
SSP2_BaU_NoCC,2075,Industrial,PRM_FRS,746906.2104691446
SSP2_BaU_NoCC,2075,Industrial,MNG_FRS,137076.0591797029
SSP2_BaU_NoCC,2075,Industrial,BIOCROP,76744.03926177521
SSP2_BaU_NoCC,2075,Industrial,GRAZING,701361.2204053111
SSP2_BaU_NoCC,2075,Industrial,GRASS,613742.4274232805
SSP2_BaU_NoCC,2075,Industrial,URB,24181.440413742544
SSP2_BaU_NoCC,2075,Transition,OTH,520635.75745312497
SSP2_BaU_NoCC,2075,Transition,CROP,452785.5807267324
SSP2_BaU_NoCC,2075,Transition,CROP_FLW,97999.79909656545
SSP2_BaU_NoCC,2075,Transition,PRM_FRS,1555345.9384099636
SSP2_BaU_NoCC,2075,Transition,MNG_FRS,58527.66935204288
SSP2_BaU_NoCC,2075,Transition,BIOCROP,73914.12662779343
SSP2_BaU_NoCC,2075,Transition,GRAZING,1058283.7753462694
SSP2_BaU_NoCC,2075,Transition,GRASS,466042.3524682778
SSP2_BaU_NoCC,2075,Transition,URB,22567.039569885255
SSP2_BaU_NoCC,2075,Developing,OTH,1268688.90715625
SSP2_BaU_NoCC,2075,Developing,CROP,827597.5547007421
SSP2_BaU_NoCC,2075,Developing,CROP_FLW,43204.36247373235
SSP2_BaU_NoCC,2075,Developing,PRM_FRS,936583.6271211109
SSP2_BaU_NoCC,2075,Developing,MNG_FRS,48723.171751095026
SSP2_BaU_NoCC,2075,Developing,BIOCROP,39787.22931679684
SSP2_BaU_NoCC,2075,Developing,GRAZING,1957324.489343491
SSP2_BaU_NoCC,2075,Developing,GRASS,823404.5544122413
SSP2_BaU_NoCC,2075,Developing,URB,14745.773382286072
SSP2_BaU_NoCC,2075,R5ASIA,OTH,312611.42105468747
SSP2_BaU_NoCC,2075,R5ASIA,CROP,389786.7812828055
SSP2_BaU_NoCC,2075,R5ASIA,CROP_FLW,12528.680124740977
SSP2_BaU_NoCC,2075,R5ASIA,PRM_FRS,459156.0865247514
SSP2_BaU_NoCC,2075,R5ASIA,MNG_FRS,32849.44904983118
SSP2_BaU_NoCC,2075,R5ASIA,BIOCROP,58471.130360747986
SSP2_BaU_NoCC,2075,R5ASIA,GRAZING,580913.9731692626
SSP2_BaU_NoCC,2075,R5ASIA,GRASS,222251.99509368223
SSP2_BaU_NoCC,2075,R5ASIA,URB,14931.307018096923
SSP2_BaU_NoCC,2075,R5OECD90+EU,OTH,335104.108
SSP2_BaU_NoCC,2075,R5OECD90+EU,CROP,313746.17100914964
SSP2_BaU_NoCC,2075,R5OECD90+EU,CROP_FLW,170819.83775820758
SSP2_BaU_NoCC,2075,R5OECD90+EU,PRM_FRS,782242.2703133012
SSP2_BaU_NoCC,2075,R5OECD90+EU,MNG_FRS,141945.45073821378
SSP2_BaU_NoCC,2075,R5OECD90+EU,BIOCROP,85371.70522202706
SSP2_BaU_NoCC,2075,R5OECD90+EU,GRAZING,731865.9064719876
SSP2_BaU_NoCC,2075,R5OECD90+EU,GRASS,639527.0063733388
SSP2_BaU_NoCC,2075,R5OECD90+EU,URB,26093.062746918204
SSP2_BaU_NoCC,2075,R5REF,OTH,253974.9918984375
SSP2_BaU_NoCC,2075,R5REF,CROP,71487.62956395671
SSP2_BaU_NoCC,2075,R5REF,CROP_FLW,86060.05693298884
SSP2_BaU_NoCC,2075,R5REF,PRM_FRS,848202.3029162216
SSP2_BaU_NoCC,2075,R5REF,MNG_FRS,27272.407075898165
SSP2_BaU_NoCC,2075,R5REF,BIOCROP,14312.291947457163
SSP2_BaU_NoCC,2075,R5REF,GRAZING,371628.9369867649
SSP2_BaU_NoCC,2075,R5REF,GRASS,186334.25681047543
SSP2_BaU_NoCC,2075,R5REF,URB,5880.5270887603765
SSP2_BaU_NoCC,2075,R5MAF,OTH,1137323.0343437498
SSP2_BaU_NoCC,2075,R5MAF,CROP,609645.1270624048
SSP2_BaU_NoCC,2075,R5MAF,CROP_FLW,10277.980787896013
SSP2_BaU_NoCC,2075,R5MAF,PRM_FRS,325195.7437965019
SSP2_BaU_NoCC,2075,R5MAF,MNG_FRS,25238.964396137588
SSP2_BaU_NoCC,2075,R5MAF,BIOCROP,20575.3548046995
SSP2_BaU_NoCC,2075,R5MAF,GRAZING,1369988.3469534365
SSP2_BaU_NoCC,2075,R5MAF,GRASS,488593.5191633505
SSP2_BaU_NoCC,2075,R5MAF,URB,5952.48283633995
SSP2_BaU_NoCC,2075,R5LAM,OTH,72183.21731250001
SSP2_BaU_NoCC,2075,R5LAM,CROP,149930.39112375438
SSP2_BaU_NoCC,2075,R5LAM,CROP_FLW,22536.129328908337
SSP2_BaU_NoCC,2075,R5LAM,PRM_FRS,824039.372449443
SSP2_BaU_NoCC,2075,R5LAM,MNG_FRS,17020.6290227601
SSP2_BaU_NoCC,2075,R5LAM,BIOCROP,11714.912871433782
SSP2_BaU_NoCC,2075,R5LAM,GRAZING,662572.3215136195
SSP2_BaU_NoCC,2075,R5LAM,GRASS,366482.55686295277
SSP2_BaU_NoCC,2075,R5LAM,URB,8636.873675798419
SSP2_BaU_NoCC,2080,USA,OTH,33613.452
SSP2_BaU_NoCC,2080,USA,CROP,120671.92293473441
SSP2_BaU_NoCC,2080,USA,CROP_FLW,75460.61297597237
SSP2_BaU_NoCC,2080,USA,PRM_FRS,223526.55066496017
SSP2_BaU_NoCC,2080,USA,MNG_FRS,45707.81471250717
SSP2_BaU_NoCC,2080,USA,BIOCROP,33181.39943547346
SSP2_BaU_NoCC,2080,USA,GRAZING,237388.78905832412
SSP2_BaU_NoCC,2080,USA,GRASS,98214.81910184424
SSP2_BaU_NoCC,2080,USA,URB,11695.345311309815
SSP2_BaU_NoCC,2080,XE25,OTH,3206.0
SSP2_BaU_NoCC,2080,XE25,CROP,61543.446850758846
SSP2_BaU_NoCC,2080,XE25,CROP_FLW,24731.82533095701
SSP2_BaU_NoCC,2080,XE25,PRM_FRS,93272.06459977328
SSP2_BaU_NoCC,2080,XE25,MNG_FRS,41617.11879733002
SSP2_BaU_NoCC,2080,XE25,BIOCROP,31669.14233758934
SSP2_BaU_NoCC,2080,XE25,GRAZING,59944.9133932082
SSP2_BaU_NoCC,2080,XE25,GRASS,30925.756746129366
SSP2_BaU_NoCC,2080,XE25,URB,9106.496241195679
SSP2_BaU_NoCC,2080,XER,OTH,13232.0
SSP2_BaU_NoCC,2080,XER,CROP,31251.939918033913
SSP2_BaU_NoCC,2080,XER,CROP_FLW,6062.113551104879
SSP2_BaU_NoCC,2080,XER,PRM_FRS,29290.638392150748
SSP2_BaU_NoCC,2080,XER,MNG_FRS,3741.635644764864
SSP2_BaU_NoCC,2080,XER,BIOCROP,6640.179362097085
SSP2_BaU_NoCC,2080,XER,GRAZING,16275.285521549096
SSP2_BaU_NoCC,2080,XER,GRASS,5856.319371688937
SSP2_BaU_NoCC,2080,XER,URB,1090.242361709595
SSP2_BaU_NoCC,2080,TUR,CROP,26655.2230450235
SSP2_BaU_NoCC,2080,TUR,CROP_FLW,4251.055406555174
SSP2_BaU_NoCC,2080,TUR,PRM_FRS,6899.122977905171
SSP2_BaU_NoCC,2080,TUR,MNG_FRS,845.108755907675
SSP2_BaU_NoCC,2080,TUR,BIOCROP,1950.8455885240692
SSP2_BaU_NoCC,2080,TUR,GRAZING,14378.35719601445
SSP2_BaU_NoCC,2080,TUR,GRASS,20359.078438651195
SSP2_BaU_NoCC,2080,TUR,URB,821.3799714660644
SSP2_BaU_NoCC,2080,XOC,OTH,1467.0
SSP2_BaU_NoCC,2080,XOC,CROP,34680.74767861524
SSP2_BaU_NoCC,2080,XOC,CROP_FLW,36077.553358045945
SSP2_BaU_NoCC,2080,XOC,PRM_FRS,154090.00663323587
SSP2_BaU_NoCC,2080,XOC,MNG_FRS,4164.581551937026
SSP2_BaU_NoCC,2080,XOC,BIOCROP,3834.6469577809535
SSP2_BaU_NoCC,2080,XOC,GRAZING,389356.69948151783
SSP2_BaU_NoCC,2080,XOC,GRASS,476289.9498228024
SSP2_BaU_NoCC,2080,XOC,URB,883.3264156804086
SSP2_BaU_NoCC,2080,CHN,OTH,239998.39534375
SSP2_BaU_NoCC,2080,CHN,CROP,61994.70053989796
SSP2_BaU_NoCC,2080,CHN,PRM_FRS,225908.08148399138
SSP2_BaU_NoCC,2080,CHN,MNG_FRS,9689.506783076735
SSP2_BaU_NoCC,2080,CHN,BIOCROP,30894.816913858478
SSP2_BaU_NoCC,2080,CHN,GRAZING,389626.75444353704
SSP2_BaU_NoCC,2080,CHN,GRASS,104497.91937388634
SSP2_BaU_NoCC,2080,CHN,URB,8006.078889526368
SSP2_BaU_NoCC,2080,IND,OTH,13430.3702109375
SSP2_BaU_NoCC,2080,IND,CROP,186523.23915198707
SSP2_BaU_NoCC,2080,IND,PRM_FRS,25298.021409955196
SSP2_BaU_NoCC,2080,IND,MNG_FRS,11086.087918139883
SSP2_BaU_NoCC,2080,IND,BIOCROP,13347.103423422383
SSP2_BaU_NoCC,2080,IND,GRAZING,8375.131267165947
SSP2_BaU_NoCC,2080,IND,GRASS,15388.52546127839
SSP2_BaU_NoCC,2080,IND,URB,3026.2728974914553
SSP2_BaU_NoCC,2080,JPN,CROP,1710.693713667528
SSP2_BaU_NoCC,2080,JPN,CROP_FLW,1039.6382410141855
SSP2_BaU_NoCC,2080,JPN,PRM_FRS,24345.097561761777
SSP2_BaU_NoCC,2080,JPN,MNG_FRS,1164.105807306418
SSP2_BaU_NoCC,2080,JPN,BIOCROP,270.55826632868434
SSP2_BaU_NoCC,2080,JPN,GRAZING,51.47639987650183
SSP2_BaU_NoCC,2080,JPN,GRASS,779.7557596703637
SSP2_BaU_NoCC,2080,JPN,URB,1710.2899680175783
SSP2_BaU_NoCC,2080,XSE,OTH,14506.901
SSP2_BaU_NoCC,2080,XSE,CROP,78607.11804246357
SSP2_BaU_NoCC,2080,XSE,CROP_FLW,10728.748726758797
SSP2_BaU_NoCC,2080,XSE,PRM_FRS,211839.91400340036
SSP2_BaU_NoCC,2080,XSE,MNG_FRS,6519.869801072935
SSP2_BaU_NoCC,2080,XSE,BIOCROP,14203.827511533977
SSP2_BaU_NoCC,2080,XSE,GRAZING,138939.83595332023
SSP2_BaU_NoCC,2080,XSE,GRASS,73425.97196929988
SSP2_BaU_NoCC,2080,XSE,URB,3032.1656320037837
SSP2_BaU_NoCC,2080,XSA,OTH,44675.7545
SSP2_BaU_NoCC,2080,XSA,CROP,53211.6421587841
SSP2_BaU_NoCC,2080,XSA,CROP_FLW,2003.5849023249646
SSP2_BaU_NoCC,2080,XSA,PRM_FRS,5124.93676149584
SSP2_BaU_NoCC,2080,XSA,MNG_FRS,3569.188327535278
SSP2_BaU_NoCC,2080,XSA,BIOCROP,1987.8626495145031
SSP2_BaU_NoCC,2080,XSA,GRAZING,44041.834451580675
SSP2_BaU_NoCC,2080,XSA,GRASS,29123.87217654073
SSP2_BaU_NoCC,2080,XSA,URB,866.7895990753174
SSP2_BaU_NoCC,2080,CAN,OTH,283585.656
SSP2_BaU_NoCC,2080,CAN,CROP,35242.78856644952
SSP2_BaU_NoCC,2080,CAN,CROP_FLW,24040.305317220653
SSP2_BaU_NoCC,2080,CAN,PRM_FRS,256043.76594988498
SSP2_BaU_NoCC,2080,CAN,MNG_FRS,39543.34182170399
SSP2_BaU_NoCC,2080,CAN,BIOCROP,8174.7829015484485
SSP2_BaU_NoCC,2080,CAN,GRAZING,15310.614638890425
SSP2_BaU_NoCC,2080,CAN,GRASS,6994.1573474346515
SSP2_BaU_NoCC,2080,CAN,URB,785.9824775390625
SSP2_BaU_NoCC,2080,BRA,CROP,66061.6784646551
SSP2_BaU_NoCC,2080,BRA,CROP_FLW,2032.756534823539
SSP2_BaU_NoCC,2080,BRA,PRM_FRS,424881.100505848
SSP2_BaU_NoCC,2080,BRA,MNG_FRS,3908.586110804404
SSP2_BaU_NoCC,2080,BRA,BIOCROP,8699.487500244182
SSP2_BaU_NoCC,2080,BRA,GRAZING,262888.3890929529
SSP2_BaU_NoCC,2080,BRA,GRASS,132042.57024438653
SSP2_BaU_NoCC,2080,BRA,URB,3742.538360931397
SSP2_BaU_NoCC,2080,XLM,OTH,72183.21731250001
SSP2_BaU_NoCC,2080,XLM,CROP,81602.06601455083
SSP2_BaU_NoCC,2080,XLM,CROP_FLW,20007.56254210499
SSP2_BaU_NoCC,2080,XLM,PRM_FRS,397414.21209865797
SSP2_BaU_NoCC,2080,XLM,MNG_FRS,12231.128045853578
SSP2_BaU_NoCC,2080,XLM,BIOCROP,4451.884044129621
SSP2_BaU_NoCC,2080,XLM,GRAZING,409469.7532226761
SSP2_BaU_NoCC,2080,XLM,GRASS,228605.1387511847
SSP2_BaU_NoCC,2080,XLM,URB,4894.335314867021
SSP2_BaU_NoCC,2080,CIS,OTH,253974.9918984375
SSP2_BaU_NoCC,2080,CIS,CROP,68698.01852917354
SSP2_BaU_NoCC,2080,CIS,CROP_FLW,85422.64339700916
SSP2_BaU_NoCC,2080,CIS,PRM_FRS,854151.2066519309
SSP2_BaU_NoCC,2080,CIS,MNG_FRS,25541.140599062368
SSP2_BaU_NoCC,2080,CIS,BIOCROP,14000.794365951071
SSP2_BaU_NoCC,2080,CIS,GRAZING,371688.6292309896
SSP2_BaU_NoCC,2080,CIS,GRASS,185795.44945964575
SSP2_BaU_NoCC,2080,CIS,URB,5880.5270887603765
SSP2_BaU_NoCC,2080,XME,OTH,281021.7655625
SSP2_BaU_NoCC,2080,XME,CROP,43121.62852797734
SSP2_BaU_NoCC,2080,XME,CROP_FLW,1380.9494780269995
SSP2_BaU_NoCC,2080,XME,PRM_FRS,5838.393391931197
SSP2_BaU_NoCC,2080,XME,MNG_FRS,522.359987480754
SSP2_BaU_NoCC,2080,XME,BIOCROP,9800.83613505326
SSP2_BaU_NoCC,2080,XME,GRAZING,268955.554201507
SSP2_BaU_NoCC,2080,XME,GRASS,67374.5496341059
SSP2_BaU_NoCC,2080,XME,URB,2128.071955810547
SSP2_BaU_NoCC,2080,XNF,OTH,456890.6350624999
SSP2_BaU_NoCC,2080,XNF,CROP,35544.70263793563
SSP2_BaU_NoCC,2080,XNF,CROP_FLW,605.0354711889049
SSP2_BaU_NoCC,2080,XNF,PRM_FRS,1588.57042137931
SSP2_BaU_NoCC,2080,XNF,MNG_FRS,51.857327582917634
SSP2_BaU_NoCC,2080,XNF,BIOCROP,2060.899078623538
SSP2_BaU_NoCC,2080,XNF,GRAZING,74088.35701782932
SSP2_BaU_NoCC,2080,XNF,GRASS,1308.545486526993
SSP2_BaU_NoCC,2080,XNF,URB,927.4797019042969
SSP2_BaU_NoCC,2080,XAF,OTH,399410.63371875
SSP2_BaU_NoCC,2080,XAF,CROP,547046.7314927405
SSP2_BaU_NoCC,2080,XAF,CROP_FLW,7442.903326694598
SSP2_BaU_NoCC,2080,XAF,PRM_FRS,307727.32879354886
SSP2_BaU_NoCC,2080,XAF,MNG_FRS,24156.498031082345
SSP2_BaU_NoCC,2080,XAF,BIOCROP,10282.670244245128
SSP2_BaU_NoCC,2080,XAF,GRAZING,1036763.7065416246
SSP2_BaU_NoCC,2080,XAF,GRASS,403852.9597373424
SSP2_BaU_NoCC,2080,XAF,URB,2896.931178625107
SSP2_BaU_NoCC,2080,ASIA2,OTH,312611.42105468747
SSP2_BaU_NoCC,2080,ASIA2,CROP,382047.39360680024
SSP2_BaU_NoCC,2080,ASIA2,CROP_FLW,13771.971870097947
SSP2_BaU_NoCC,2080,ASIA2,PRM_FRS,492516.05122060457
SSP2_BaU_NoCC,2080,ASIA2,MNG_FRS,32028.75863713125
SSP2_BaU_NoCC,2080,ASIA2,BIOCROP,60704.168764658025
SSP2_BaU_NoCC,2080,ASIA2,GRAZING,581035.0325154804
SSP2_BaU_NoCC,2080,ASIA2,GRASS,223216.04474067572
SSP2_BaU_NoCC,2080,ASIA2,URB,16641.596986114502
SSP2_BaU_NoCC,2080,World,OTH,2111196.772609375
SSP2_BaU_NoCC,2080,World,CROP,1534168.2882674485
SSP2_BaU_NoCC,2080,World,CROP_FLW,301287.2885598022
SSP2_BaU_NoCC,2080,World,PRM_FRS,3247239.0123018115
SSP2_BaU_NoCC,2080,World,MNG_FRS,234059.93002314836
SSP2_BaU_NoCC,2080,World,BIOCROP,195451.73671591817
SSP2_BaU_NoCC,2080,World,GRAZING,3737544.0811125645
SSP2_BaU_NoCC,2080,World,GRASS,1880835.3388824188
SSP2_BaU_NoCC,2080,World,URB,61494.25336591386
SSP2_BaU_NoCC,2080,Non-OECD,OTH,1776092.664609375
SSP2_BaU_NoCC,2080,Non-OECD,CROP,1222411.5255601658
SSP2_BaU_NoCC,2080,Non-OECD,CROP_FLW,129624.18437893195
SSP2_BaU_NoCC,2080,Non-OECD,PRM_FRS,2459771.7655221396
SSP2_BaU_NoCC,2080,Non-OECD,MNG_FRS,97276.2229316912
SSP2_BaU_NoCC,2080,Non-OECD,BIOCROP,109730.18186657614
SSP2_BaU_NoCC,2080,Non-OECD,GRAZING,3004837.9454231835
SSP2_BaU_NoCC,2080,Non-OECD,GRASS,1241415.5022941977
SSP2_BaU_NoCC,2080,Non-OECD,URB,35401.19061899567
SSP2_BaU_NoCC,2080,Industrial,OTH,321872.108
SSP2_BaU_NoCC,2080,Industrial,CROP,253849.59974422553
SSP2_BaU_NoCC,2080,Industrial,CROP_FLW,161349.93522321017
SSP2_BaU_NoCC,2080,Industrial,PRM_FRS,751277.485409616
SSP2_BaU_NoCC,2080,Industrial,MNG_FRS,132196.96269078463
SSP2_BaU_NoCC,2080,Industrial,BIOCROP,77130.52989872088
SSP2_BaU_NoCC,2080,Industrial,GRAZING,702052.492971817
SSP2_BaU_NoCC,2080,Industrial,GRASS,613204.4387778811
SSP2_BaU_NoCC,2080,Industrial,URB,24181.440413742544
SSP2_BaU_NoCC,2080,Transition,OTH,520635.75745312497
SSP2_BaU_NoCC,2080,Transition,CROP,441184.79964877106
SSP2_BaU_NoCC,2080,Transition,CROP_FLW,97768.56888949274
SSP2_BaU_NoCC,2080,Transition,PRM_FRS,1566428.1714217814
SSP2_BaU_NoCC,2080,Transition,MNG_FRS,54812.06581175593
SSP2_BaU_NoCC,2080,Transition,BIOCROP,75533.22715409727
SSP2_BaU_NoCC,2080,Transition,GRAZING,1063232.546752209
SSP2_BaU_NoCC,2080,Transition,GRASS,463939.8623495372
SSP2_BaU_NoCC,2080,Transition,URB,22567.039569885255
SSP2_BaU_NoCC,2080,Developing,OTH,1268688.90715625
SSP2_BaU_NoCC,2080,Developing,CROP,839133.8888744519
SSP2_BaU_NoCC,2080,Developing,CROP_FLW,42168.78444709925
SSP2_BaU_NoCC,2080,Developing,PRM_FRS,929533.3554704135
SSP2_BaU_NoCC,2080,Developing,MNG_FRS,47050.90152060781
SSP2_BaU_NoCC,2080,Developing,BIOCROP,42787.97966310003
SSP2_BaU_NoCC,2080,Developing,GRAZING,1972259.041388538
SSP2_BaU_NoCC,2080,Developing,GRASS,803691.0377550005
SSP2_BaU_NoCC,2080,Developing,URB,14745.773382286072
SSP2_BaU_NoCC,2080,R5ASIA,OTH,312611.42105468747
SSP2_BaU_NoCC,2080,R5ASIA,CROP,380336.69989313267
SSP2_BaU_NoCC,2080,R5ASIA,CROP_FLW,12732.333629083761
SSP2_BaU_NoCC,2080,R5ASIA,PRM_FRS,468170.9536588428
SSP2_BaU_NoCC,2080,R5ASIA,MNG_FRS,30864.65282982483
SSP2_BaU_NoCC,2080,R5ASIA,BIOCROP,60433.61049832934
SSP2_BaU_NoCC,2080,R5ASIA,GRAZING,580983.5561156039
SSP2_BaU_NoCC,2080,R5ASIA,GRASS,222436.28898100532
SSP2_BaU_NoCC,2080,R5ASIA,URB,14931.307018096923
SSP2_BaU_NoCC,2080,R5OECD90+EU,OTH,335104.108
SSP2_BaU_NoCC,2080,R5OECD90+EU,CROP,311756.76270728296
SSP2_BaU_NoCC,2080,R5OECD90+EU,CROP_FLW,171663.10418087023
SSP2_BaU_NoCC,2080,R5OECD90+EU,PRM_FRS,787467.246779672
SSP2_BaU_NoCC,2080,R5OECD90+EU,MNG_FRS,136783.70709145715
SSP2_BaU_NoCC,2080,R5OECD90+EU,BIOCROP,85721.55484934204
SSP2_BaU_NoCC,2080,R5OECD90+EU,GRAZING,732706.1356893806
SSP2_BaU_NoCC,2080,R5OECD90+EU,GRASS,639419.8365882211
SSP2_BaU_NoCC,2080,R5OECD90+EU,URB,26093.062746918204
SSP2_BaU_NoCC,2080,R5REF,OTH,253974.9918984375
SSP2_BaU_NoCC,2080,R5REF,CROP,68698.01852917354
SSP2_BaU_NoCC,2080,R5REF,CROP_FLW,85422.64339700916
SSP2_BaU_NoCC,2080,R5REF,PRM_FRS,854151.2066519309
SSP2_BaU_NoCC,2080,R5REF,MNG_FRS,25541.140599062368
SSP2_BaU_NoCC,2080,R5REF,BIOCROP,14000.794365951071
SSP2_BaU_NoCC,2080,R5REF,GRAZING,371688.6292309896
SSP2_BaU_NoCC,2080,R5REF,GRASS,185795.44945964575
SSP2_BaU_NoCC,2080,R5REF,URB,5880.5270887603765
SSP2_BaU_NoCC,2080,R5MAF,OTH,1137323.0343437498
SSP2_BaU_NoCC,2080,R5MAF,CROP,625713.0626586534
SSP2_BaU_NoCC,2080,R5MAF,CROP_FLW,9428.888275910502
SSP2_BaU_NoCC,2080,R5MAF,PRM_FRS,315154.29260685935
SSP2_BaU_NoCC,2080,R5MAF,MNG_FRS,24730.715346146015
SSP2_BaU_NoCC,2080,R5MAF,BIOCROP,22144.405457921926
SSP2_BaU_NoCC,2080,R5MAF,GRAZING,1379807.617760961
SSP2_BaU_NoCC,2080,R5MAF,GRASS,472536.0548579753
SSP2_BaU_NoCC,2080,R5MAF,URB,5952.48283633995
SSP2_BaU_NoCC,2080,R5LAM,OTH,72183.21731250001
SSP2_BaU_NoCC,2080,R5LAM,CROP,147663.74447920593
SSP2_BaU_NoCC,2080,R5LAM,CROP_FLW,22040.319076928532
SSP2_BaU_NoCC,2080,R5LAM,PRM_FRS,822295.312604506
SSP2_BaU_NoCC,2080,R5LAM,MNG_FRS,16139.714156657983
SSP2_BaU_NoCC,2080,R5LAM,BIOCROP,13151.371544373804
SSP2_BaU_NoCC,2080,R5LAM,GRAZING,672358.1423156289
SSP2_BaU_NoCC,2080,R5LAM,GRASS,360647.70899557124
SSP2_BaU_NoCC,2080,R5LAM,URB,8636.873675798419
SSP2_BaU_NoCC,2085,USA,OTH,33613.452
SSP2_BaU_NoCC,2085,USA,CROP,121844.40955319403
SSP2_BaU_NoCC,2085,USA,CROP_FLW,75280.6450558681
SSP2_BaU_NoCC,2085,USA,PRM_FRS,224352.15503511022
SSP2_BaU_NoCC,2085,USA,MNG_FRS,44106.3364233998
SSP2_BaU_NoCC,2085,USA,BIOCROP,33137.588529117915
SSP2_BaU_NoCC,2085,USA,GRAZING,237562.43598921623
SSP2_BaU_NoCC,2085,USA,GRASS,97868.3382979097
SSP2_BaU_NoCC,2085,USA,URB,11695.345311309815
SSP2_BaU_NoCC,2085,XE25,OTH,3206.0
SSP2_BaU_NoCC,2085,XE25,CROP,60683.38040162621
SSP2_BaU_NoCC,2085,XE25,CROP_FLW,25012.676267724517
SSP2_BaU_NoCC,2085,XE25,PRM_FRS,95714.67393978502
SSP2_BaU_NoCC,2085,XE25,MNG_FRS,39835.15752420257
SSP2_BaU_NoCC,2085,XE25,BIOCROP,31175.854189542326
SSP2_BaU_NoCC,2085,XE25,GRAZING,60132.20876263414
SSP2_BaU_NoCC,2085,XE25,GRASS,31150.316970230728
SSP2_BaU_NoCC,2085,XE25,URB,9106.496241195679
SSP2_BaU_NoCC,2085,XER,OTH,13232.0
SSP2_BaU_NoCC,2085,XER,CROP,30261.02867033727
SSP2_BaU_NoCC,2085,XER,CROP_FLW,6400.614564365719
SSP2_BaU_NoCC,2085,XER,PRM_FRS,29919.093956946206
SSP2_BaU_NoCC,2085,XER,MNG_FRS,3516.5792966290196
SSP2_BaU_NoCC,2085,XER,BIOCROP,6603.955176481647
SSP2_BaU_NoCC,2085,XER,GRAZING,16385.490532642798
SSP2_BaU_NoCC,2085,XER,GRASS,6031.349563986847
SSP2_BaU_NoCC,2085,XER,URB,1090.242361709595
SSP2_BaU_NoCC,2085,TUR,CROP,26288.957801022945
SSP2_BaU_NoCC,2085,TUR,CROP_FLW,4360.421010167556
SSP2_BaU_NoCC,2085,TUR,PRM_FRS,7036.088849148122
SSP2_BaU_NoCC,2085,TUR,MNG_FRS,798.8088455033366
SSP2_BaU_NoCC,2085,TUR,BIOCROP,1880.2579381400988
SSP2_BaU_NoCC,2085,TUR,GRAZING,14400.829453370909
SSP2_BaU_NoCC,2085,TUR,GRASS,20573.427511228245
SSP2_BaU_NoCC,2085,TUR,URB,821.3799714660644
SSP2_BaU_NoCC,2085,XOC,OTH,1467.0
SSP2_BaU_NoCC,2085,XOC,CROP,34941.56818339816
SSP2_BaU_NoCC,2085,XOC,CROP_FLW,36187.531462953586
SSP2_BaU_NoCC,2085,XOC,PRM_FRS,153717.65608476812
SSP2_BaU_NoCC,2085,XOC,MNG_FRS,4015.317218118245
SSP2_BaU_NoCC,2085,XOC,BIOCROP,4270.327630501548
SSP2_BaU_NoCC,2085,XOC,GRAZING,389786.407149346
SSP2_BaU_NoCC,2085,XOC,GRASS,475575.37775484973
SSP2_BaU_NoCC,2085,XOC,URB,883.3264156804086
SSP2_BaU_NoCC,2085,CHN,OTH,239998.39534375
SSP2_BaU_NoCC,2085,CHN,CROP,57648.946276755305
SSP2_BaU_NoCC,2085,CHN,PRM_FRS,232021.93415019955
SSP2_BaU_NoCC,2085,CHN,MNG_FRS,8860.90938968648
SSP2_BaU_NoCC,2085,CHN,BIOCROP,30564.788568083823
SSP2_BaU_NoCC,2085,CHN,GRAZING,388756.3140841938
SSP2_BaU_NoCC,2085,CHN,GRASS,104758.88706932928
SSP2_BaU_NoCC,2085,CHN,URB,8006.078889526368
SSP2_BaU_NoCC,2085,IND,OTH,13430.3702109375
SSP2_BaU_NoCC,2085,IND,CROP,185043.9507870551
SSP2_BaU_NoCC,2085,IND,PRM_FRS,26043.68330156301
SSP2_BaU_NoCC,2085,IND,MNG_FRS,10541.879363740494
SSP2_BaU_NoCC,2085,IND,BIOCROP,14161.288182367607
SSP2_BaU_NoCC,2085,IND,GRAZING,8463.389276911137
SSP2_BaU_NoCC,2085,IND,GRASS,15763.917720311423
SSP2_BaU_NoCC,2085,IND,URB,3026.2728974914553
SSP2_BaU_NoCC,2085,JPN,CROP,1637.2701440352366
SSP2_BaU_NoCC,2085,JPN,CROP_FLW,1051.020825845876
SSP2_BaU_NoCC,2085,JPN,PRM_FRS,24492.797602094353
SSP2_BaU_NoCC,2085,JPN,MNG_FRS,1078.6379412726442
SSP2_BaU_NoCC,2085,JPN,BIOCROP,260.62205453651893
SSP2_BaU_NoCC,2085,JPN,GRAZING,51.72347957970154
SSP2_BaU_NoCC,2085,JPN,GRASS,789.2537022611247
SSP2_BaU_NoCC,2085,JPN,URB,1710.2899680175783
SSP2_BaU_NoCC,2085,XSE,OTH,14506.901
SSP2_BaU_NoCC,2085,XSE,CROP,75631.39274940637
SSP2_BaU_NoCC,2085,XSE,CROP_FLW,10988.69346106527
SSP2_BaU_NoCC,2085,XSE,PRM_FRS,213935.0832706011
SSP2_BaU_NoCC,2085,XSE,MNG_FRS,6123.905695510164
SSP2_BaU_NoCC,2085,XSE,BIOCROP,14881.152382859682
SSP2_BaU_NoCC,2085,XSE,GRAZING,139445.92031977218
SSP2_BaU_NoCC,2085,XSE,GRASS,73259.13812863466
SSP2_BaU_NoCC,2085,XSE,URB,3032.1656320037837
SSP2_BaU_NoCC,2085,XSA,OTH,44675.7545
SSP2_BaU_NoCC,2085,XSA,CROP,53365.62264731907
SSP2_BaU_NoCC,2085,XSA,CROP_FLW,1926.3556882243463
SSP2_BaU_NoCC,2085,XSA,PRM_FRS,5116.900028593206
SSP2_BaU_NoCC,2085,XSA,MNG_FRS,3416.23689754358
SSP2_BaU_NoCC,2085,XSA,BIOCROP,2183.9763365450717
SSP2_BaU_NoCC,2085,XSA,GRAZING,44323.62067016077
SSP2_BaU_NoCC,2085,XSA,GRASS,28730.20915938992
SSP2_BaU_NoCC,2085,XSA,URB,866.7895990753174
SSP2_BaU_NoCC,2085,CAN,OTH,283585.656
SSP2_BaU_NoCC,2085,CAN,CROP,35514.81595403992
SSP2_BaU_NoCC,2085,CAN,CROP_FLW,24050.036760964373
SSP2_BaU_NoCC,2085,CAN,PRM_FRS,257349.93489638454
SSP2_BaU_NoCC,2085,CAN,MNG_FRS,38100.31611518047
SSP2_BaU_NoCC,2085,CAN,BIOCROP,7993.965512254055
SSP2_BaU_NoCC,2085,CAN,GRAZING,15343.722593073318
SSP2_BaU_NoCC,2085,CAN,GRASS,6996.964711236031
SSP2_BaU_NoCC,2085,CAN,URB,785.9824775390625
SSP2_BaU_NoCC,2085,BRA,CROP,65544.33781417191
SSP2_BaU_NoCC,2085,BRA,CROP_FLW,1925.8155870502303
SSP2_BaU_NoCC,2085,BRA,PRM_FRS,421874.8489908502
SSP2_BaU_NoCC,2085,BRA,MNG_FRS,3646.187641517852
SSP2_BaU_NoCC,2085,BRA,BIOCROP,9639.772949058215
SSP2_BaU_NoCC,2085,BRA,GRAZING,268527.40753808204
SSP2_BaU_NoCC,2085,BRA,GRASS,129356.1979329838
SSP2_BaU_NoCC,2085,BRA,URB,3742.538360931397
SSP2_BaU_NoCC,2085,XLM,OTH,72183.21731250001
SSP2_BaU_NoCC,2085,XLM,CROP,80474.01644995682
SSP2_BaU_NoCC,2085,XLM,CROP_FLW,19623.927150621796
SSP2_BaU_NoCC,2085,XLM,PRM_FRS,397993.6813210166
SSP2_BaU_NoCC,2085,XLM,MNG_FRS,11623.955602838916
SSP2_BaU_NoCC,2085,XLM,BIOCROP,4800.213029157149
SSP2_BaU_NoCC,2085,XLM,GRAZING,413782.0674105409
SSP2_BaU_NoCC,2085,XLM,GRASS,225483.88375502522
SSP2_BaU_NoCC,2085,XLM,URB,4894.335314867021
SSP2_BaU_NoCC,2085,CIS,OTH,253974.9918984375
SSP2_BaU_NoCC,2085,CIS,CROP,66631.50999814086
SSP2_BaU_NoCC,2085,CIS,CROP_FLW,84928.17935322478
SSP2_BaU_NoCC,2085,CIS,PRM_FRS,858472.1178742552
SSP2_BaU_NoCC,2085,CIS,MNG_FRS,23896.060401915856
SSP2_BaU_NoCC,2085,CIS,BIOCROP,14106.020998849372
SSP2_BaU_NoCC,2085,CIS,GRAZING,372011.58065888716
SSP2_BaU_NoCC,2085,CIS,GRASS,185252.41294849015
SSP2_BaU_NoCC,2085,CIS,URB,5880.5270887603765
SSP2_BaU_NoCC,2085,XME,OTH,281021.7655625
SSP2_BaU_NoCC,2085,XME,CROP,43109.676125314036
SSP2_BaU_NoCC,2085,XME,CROP_FLW,1325.2580282195315
SSP2_BaU_NoCC,2085,XME,PRM_FRS,5776.65018600485
SSP2_BaU_NoCC,2085,XME,MNG_FRS,499.2017335139939
SSP2_BaU_NoCC,2085,XME,BIOCROP,9835.349825484791
SSP2_BaU_NoCC,2085,XME,GRAZING,270702.98048783396
SSP2_BaU_NoCC,2085,XME,GRASS,65745.1549697112
SSP2_BaU_NoCC,2085,XME,URB,2128.071955810547
SSP2_BaU_NoCC,2085,XNF,OTH,456890.6350624999
SSP2_BaU_NoCC,2085,XNF,CROP,35272.410941585455
SSP2_BaU_NoCC,2085,XNF,CROP_FLW,567.3760933811368
SSP2_BaU_NoCC,2085,XNF,PRM_FRS,1569.62416854012
SSP2_BaU_NoCC,2085,XNF,MNG_FRS,49.27771280174728
SSP2_BaU_NoCC,2085,XNF,BIOCROP,2076.4136596869425
SSP2_BaU_NoCC,2085,XNF,GRAZING,74501.87071301958
SSP2_BaU_NoCC,2085,XNF,GRASS,1210.9941520517473
SSP2_BaU_NoCC,2085,XNF,URB,927.4797019042969
SSP2_BaU_NoCC,2085,XAF,OTH,399410.63371875
SSP2_BaU_NoCC,2085,XAF,CROP,565197.9015556518
SSP2_BaU_NoCC,2085,XAF,CROP_FLW,6726.898243713908
SSP2_BaU_NoCC,2085,XAF,PRM_FRS,297566.2991087708
SSP2_BaU_NoCC,2085,XAF,MNG_FRS,23575.97562522671
SSP2_BaU_NoCC,2085,XAF,BIOCROP,11519.644677653916
SSP2_BaU_NoCC,2085,XAF,GRAZING,1043297.0171153973
SSP2_BaU_NoCC,2085,XAF,GRASS,389389.06184086384
SSP2_BaU_NoCC,2085,XAF,URB,2896.931178625107
SSP2_BaU_NoCC,2085,ASIA2,OTH,312611.42105468747
SSP2_BaU_NoCC,2085,ASIA2,CROP,373327.18260457105
SSP2_BaU_NoCC,2085,ASIA2,CROP_FLW,13966.069975135491
SSP2_BaU_NoCC,2085,ASIA2,PRM_FRS,501610.3983530512
SSP2_BaU_NoCC,2085,ASIA2,MNG_FRS,30021.569287753366
SSP2_BaU_NoCC,2085,ASIA2,BIOCROP,62051.827524392706
SSP2_BaU_NoCC,2085,ASIA2,GRAZING,581040.9678306176
SSP2_BaU_NoCC,2085,ASIA2,GRASS,223301.40577992643
SSP2_BaU_NoCC,2085,ASIA2,URB,16641.596986114502
SSP2_BaU_NoCC,2085,World,OTH,2111196.772609375
SSP2_BaU_NoCC,2085,World,CROP,1539091.1960530104
SSP2_BaU_NoCC,2085,World,CROP_FLW,300355.44955339073
SSP2_BaU_NoCC,2085,World,PRM_FRS,3252953.2227646317
SSP2_BaU_NoCC,2085,World,MNG_FRS,223684.74342860188
SSP2_BaU_NoCC,2085,World,BIOCROP,199091.19164032064
SSP2_BaU_NoCC,2085,World,GRAZING,3757474.986234662
SSP2_BaU_NoCC,2085,World,GRASS,1857934.886188494
SSP2_BaU_NoCC,2085,World,URB,61494.25336591386
SSP2_BaU_NoCC,2085,Non-OECD,OTH,1776092.664609375
SSP2_BaU_NoCC,2085,Non-OECD,CROP,1227919.7653453567
SSP2_BaU_NoCC,2085,Non-OECD,CROP_FLW,128012.503605501
SSP2_BaU_NoCC,2085,Non-OECD,PRM_FRS,2460370.822400395
SSP2_BaU_NoCC,2085,Non-OECD,MNG_FRS,92233.5900642958
SSP2_BaU_NoCC,2085,Non-OECD,BIOCROP,113768.62060974658
SSP2_BaU_NoCC,2085,Non-OECD,GRAZING,3023812.168274799
SSP2_BaU_NoCC,2085,Non-OECD,GRASS,1218949.8576767913
SSP2_BaU_NoCC,2085,Non-OECD,URB,35401.19061899567
SSP2_BaU_NoCC,2085,Industrial,OTH,321872.108
SSP2_BaU_NoCC,2085,Industrial,CROP,254621.44423629355
SSP2_BaU_NoCC,2085,Industrial,CROP_FLW,161581.91037335646
SSP2_BaU_NoCC,2085,Industrial,PRM_FRS,755627.2175581423
SSP2_BaU_NoCC,2085,Industrial,MNG_FRS,127135.76522217372
SSP2_BaU_NoCC,2085,Industrial,BIOCROP,76838.35791595237
SSP2_BaU_NoCC,2085,Industrial,GRAZING,702876.4979738493
SSP2_BaU_NoCC,2085,Industrial,GRASS,612380.2514364874
SSP2_BaU_NoCC,2085,Industrial,URB,24181.440413742544
SSP2_BaU_NoCC,2085,Transition,OTH,520635.75745312497
SSP2_BaU_NoCC,2085,Transition,CROP,431418.7313474834
SSP2_BaU_NoCC,2085,Transition,CROP_FLW,97615.03051480828
SSP2_BaU_NoCC,2085,Transition,PRM_FRS,1575367.7671229623
SSP2_BaU_NoCC,2085,Transition,MNG_FRS,51260.424938993034
SSP2_BaU_NoCC,2085,Transition,BIOCROP,76956.08381298075
SSP2_BaU_NoCC,2085,Transition,GRAZING,1068545.011544088
SSP2_BaU_NoCC,2085,Transition,GRASS,461736.1927463297
SSP2_BaU_NoCC,2085,Transition,URB,22567.039569885255
SSP2_BaU_NoCC,2085,Developing,OTH,1268688.90715625
SSP2_BaU_NoCC,2085,Developing,CROP,853051.0204692335
SSP2_BaU_NoCC,2085,Developing,CROP_FLW,41158.508665225985
SSP2_BaU_NoCC,2085,Developing,PRM_FRS,921958.2380835266
SSP2_BaU_NoCC,2085,Developing,MNG_FRS,45288.55326743511
SSP2_BaU_NoCC,2085,Developing,BIOCROP,45296.74991138755
SSP2_BaU_NoCC,2085,Developing,GRAZING,1986053.4767167247
SSP2_BaU_NoCC,2085,Developing,GRASS,783818.4420056767
SSP2_BaU_NoCC,2085,Developing,URB,14745.773382286072
SSP2_BaU_NoCC,2085,R5ASIA,OTH,312611.42105468747
SSP2_BaU_NoCC,2085,R5ASIA,CROP,371689.9124605358
SSP2_BaU_NoCC,2085,R5ASIA,CROP_FLW,12915.049149289616
SSP2_BaU_NoCC,2085,R5ASIA,PRM_FRS,477117.60075095686
SSP2_BaU_NoCC,2085,R5ASIA,MNG_FRS,28942.93134648072
SSP2_BaU_NoCC,2085,R5ASIA,BIOCROP,61791.205469856184
SSP2_BaU_NoCC,2085,R5ASIA,GRAZING,580989.2443510379
SSP2_BaU_NoCC,2085,R5ASIA,GRASS,222512.1520776653
SSP2_BaU_NoCC,2085,R5ASIA,URB,14931.307018096923
SSP2_BaU_NoCC,2085,R5OECD90+EU,OTH,335104.108
SSP2_BaU_NoCC,2085,R5OECD90+EU,CROP,311171.43070765375
SSP2_BaU_NoCC,2085,R5OECD90+EU,CROP_FLW,172342.94594788973
SSP2_BaU_NoCC,2085,R5OECD90+EU,PRM_FRS,792582.4003642367
SSP2_BaU_NoCC,2085,R5OECD90+EU,MNG_FRS,131451.15336430608
SSP2_BaU_NoCC,2085,R5OECD90+EU,BIOCROP,85322.57103057411
SSP2_BaU_NoCC,2085,R5OECD90+EU,GRAZING,733662.817959863
SSP2_BaU_NoCC,2085,R5OECD90+EU,GRASS,638985.0285117024
SSP2_BaU_NoCC,2085,R5OECD90+EU,URB,26093.062746918204
SSP2_BaU_NoCC,2085,R5REF,OTH,253974.9918984375
SSP2_BaU_NoCC,2085,R5REF,CROP,66631.50999814086
SSP2_BaU_NoCC,2085,R5REF,CROP_FLW,84928.17935322478
SSP2_BaU_NoCC,2085,R5REF,PRM_FRS,858472.1178742552
SSP2_BaU_NoCC,2085,R5REF,MNG_FRS,23896.060401915856
SSP2_BaU_NoCC,2085,R5REF,BIOCROP,14106.020998849372
SSP2_BaU_NoCC,2085,R5REF,GRAZING,372011.58065888716
SSP2_BaU_NoCC,2085,R5REF,GRASS,185252.41294849015
SSP2_BaU_NoCC,2085,R5REF,URB,5880.5270887603765
SSP2_BaU_NoCC,2085,R5MAF,OTH,1137323.0343437498
SSP2_BaU_NoCC,2085,R5MAF,CROP,643579.9886225513
SSP2_BaU_NoCC,2085,R5MAF,CROP_FLW,8619.532365314577
SSP2_BaU_NoCC,2085,R5MAF,PRM_FRS,304912.5734633158
SSP2_BaU_NoCC,2085,R5MAF,MNG_FRS,24124.455071542452
SSP2_BaU_NoCC,2085,R5MAF,BIOCROP,23431.40816282565
SSP2_BaU_NoCC,2085,R5MAF,GRAZING,1388501.8683162509
SSP2_BaU_NoCC,2085,R5MAF,GRASS,456345.2109626268
SSP2_BaU_NoCC,2085,R5MAF,URB,5952.48283633995
SSP2_BaU_NoCC,2085,R5LAM,OTH,72183.21731250001
SSP2_BaU_NoCC,2085,R5LAM,CROP,146018.35426412872
SSP2_BaU_NoCC,2085,R5LAM,CROP_FLW,21549.742737672026
SSP2_BaU_NoCC,2085,R5LAM,PRM_FRS,819868.5303118668
SSP2_BaU_NoCC,2085,R5LAM,MNG_FRS,15270.143244356768
SSP2_BaU_NoCC,2085,R5LAM,BIOCROP,14439.985978215365
SSP2_BaU_NoCC,2085,R5LAM,GRAZING,682309.474948623
SSP2_BaU_NoCC,2085,R5LAM,GRASS,354840.081688009
SSP2_BaU_NoCC,2085,R5LAM,URB,8636.873675798419
SSP2_BaU_NoCC,2090,USA,OTH,33613.452
SSP2_BaU_NoCC,2090,USA,CROP,122770.59946386257
SSP2_BaU_NoCC,2090,USA,CROP_FLW,75119.10282133124
SSP2_BaU_NoCC,2090,USA,PRM_FRS,225306.655949098
SSP2_BaU_NoCC,2090,USA,MNG_FRS,42461.80455226304
SSP2_BaU_NoCC,2090,USA,BIOCROP,33186.552891866595
SSP2_BaU_NoCC,2090,USA,GRAZING,237749.50551223956
SSP2_BaU_NoCC,2090,USA,GRASS,97557.68769315476
SSP2_BaU_NoCC,2090,USA,URB,11695.345311309815
SSP2_BaU_NoCC,2090,XE25,OTH,3206.0
SSP2_BaU_NoCC,2090,XE25,CROP,59692.648605232374
SSP2_BaU_NoCC,2090,XE25,CROP_FLW,25297.181016648028
SSP2_BaU_NoCC,2090,XE25,PRM_FRS,98226.48359165498
SSP2_BaU_NoCC,2090,XE25,MNG_FRS,38059.22057177139
SSP2_BaU_NoCC,2090,XE25,BIOCROP,30723.685989923673
SSP2_BaU_NoCC,2090,XE25,GRAZING,60325.1692181238
SSP2_BaU_NoCC,2090,XE25,GRASS,31379.879062391963
SSP2_BaU_NoCC,2090,XE25,URB,9106.496241195679
SSP2_BaU_NoCC,2090,XER,OTH,13232.0
SSP2_BaU_NoCC,2090,XER,CROP,29262.700876606097
SSP2_BaU_NoCC,2090,XER,CROP_FLW,6704.602348420816
SSP2_BaU_NoCC,2090,XER,PRM_FRS,30491.968336309263
SSP2_BaU_NoCC,2090,XER,MNG_FRS,3302.7244892268122
SSP2_BaU_NoCC,2090,XER,BIOCROP,6681.489050303615
SSP2_BaU_NoCC,2090,XER,GRAZING,16487.524951374955
SSP2_BaU_NoCC,2090,XER,GRASS,6187.101709147914
SSP2_BaU_NoCC,2090,XER,URB,1090.242361709595
SSP2_BaU_NoCC,2090,TUR,CROP,25861.939394091587
SSP2_BaU_NoCC,2090,TUR,CROP_FLW,4480.0482637629575
SSP2_BaU_NoCC,2090,TUR,PRM_FRS,7186.639168236576
SSP2_BaU_NoCC,2090,TUR,MNG_FRS,754.2335651635761
SSP2_BaU_NoCC,2090,TUR,BIOCROP,1826.1216236969958
SSP2_BaU_NoCC,2090,TUR,GRAZING,14423.762007802474
SSP2_BaU_NoCC,2090,TUR,GRASS,20806.047385827096
SSP2_BaU_NoCC,2090,TUR,URB,821.3799714660644
SSP2_BaU_NoCC,2090,XOC,OTH,1467.0
SSP2_BaU_NoCC,2090,XOC,CROP,35005.33072679805
SSP2_BaU_NoCC,2090,XOC,CROP_FLW,36233.13720053836
SSP2_BaU_NoCC,2090,XOC,PRM_FRS,153493.26055898864
SSP2_BaU_NoCC,2090,XOC,MNG_FRS,3854.51473639839
SSP2_BaU_NoCC,2090,XOC,BIOCROP,4714.91126272944
SSP2_BaU_NoCC,2090,XOC,GRAZING,390394.4679882329
SSP2_BaU_NoCC,2090,XOC,GRASS,474798.56301024946
SSP2_BaU_NoCC,2090,XOC,URB,883.3264156804086
SSP2_BaU_NoCC,2090,CHN,OTH,239998.39534375
SSP2_BaU_NoCC,2090,CHN,CROP,53664.04220035787
SSP2_BaU_NoCC,2090,CHN,PRM_FRS,237860.70015627032
SSP2_BaU_NoCC,2090,CHN,MNG_FRS,8112.144673137891
SSP2_BaU_NoCC,2090,CHN,BIOCROP,30184.472022909853
SSP2_BaU_NoCC,2090,CHN,GRAZING,387910.7691537687
SSP2_BaU_NoCC,2090,CHN,GRASS,104879.6513318036
SSP2_BaU_NoCC,2090,CHN,URB,8006.078889526368
SSP2_BaU_NoCC,2090,IND,OTH,13430.3702109375
SSP2_BaU_NoCC,2090,IND,CROP,183110.50017125136
SSP2_BaU_NoCC,2090,IND,PRM_FRS,27014.67025906397
SSP2_BaU_NoCC,2090,IND,MNG_FRS,9999.114249370297
SSP2_BaU_NoCC,2090,IND,BIOCROP,15079.865614197297
SSP2_BaU_NoCC,2090,IND,GRAZING,8567.012245086513
SSP2_BaU_NoCC,2090,IND,GRASS,16246.946092979088
SSP2_BaU_NoCC,2090,IND,URB,3026.2728974914553
SSP2_BaU_NoCC,2090,JPN,CROP,1564.9916560509844
SSP2_BaU_NoCC,2090,JPN,CROP_FLW,1061.3810086299466
SSP2_BaU_NoCC,2090,JPN,PRM_FRS,24633.584238867406
SSP2_BaU_NoCC,2090,JPN,MNG_FRS,998.0278778645328
SSP2_BaU_NoCC,2090,JPN,BIOCROP,252.58763368637284
SSP2_BaU_NoCC,2090,JPN,GRAZING,51.98236431084264
SSP2_BaU_NoCC,2090,JPN,GRASS,798.7709702153671
SSP2_BaU_NoCC,2090,JPN,URB,1710.2899680175783
SSP2_BaU_NoCC,2090,XSE,OTH,14506.901
SSP2_BaU_NoCC,2090,XSE,CROP,72698.46936210968
SSP2_BaU_NoCC,2090,XSE,CROP_FLW,11244.437845567285
SSP2_BaU_NoCC,2090,XSE,PRM_FRS,216025.868423029
SSP2_BaU_NoCC,2090,XSE,MNG_FRS,5741.637709208019
SSP2_BaU_NoCC,2090,XSE,BIOCROP,15527.148702747354
SSP2_BaU_NoCC,2090,XSE,GRAZING,139932.38991447492
SSP2_BaU_NoCC,2090,XSE,GRASS,73095.3340507133
SSP2_BaU_NoCC,2090,XSE,URB,3032.1656320037837
SSP2_BaU_NoCC,2090,XSA,OTH,44675.7545
SSP2_BaU_NoCC,2090,XSA,CROP,53354.20926104584
SSP2_BaU_NoCC,2090,XSA,CROP_FLW,1874.4173599987
SSP2_BaU_NoCC,2090,XSA,PRM_FRS,5134.845539590443
SSP2_BaU_NoCC,2090,XSA,MNG_FRS,3262.1084103926237
SSP2_BaU_NoCC,2090,XSA,BIOCROP,2371.086665048475
SSP2_BaU_NoCC,2090,XSA,GRAZING,44614.6849470648
SSP2_BaU_NoCC,2090,XSA,GRASS,28451.569244635175
SSP2_BaU_NoCC,2090,XSA,URB,866.7895990753174
SSP2_BaU_NoCC,2090,CAN,OTH,283585.656
SSP2_BaU_NoCC,2090,CAN,CROP,35664.81058815842
SSP2_BaU_NoCC,2090,CAN,CROP_FLW,24072.49137153789
SSP2_BaU_NoCC,2090,CAN,PRM_FRS,258821.10873638367
SSP2_BaU_NoCC,2090,CAN,MNG_FRS,36559.668108729275
SSP2_BaU_NoCC,2090,CAN,BIOCROP,7843.471406535584
SSP2_BaU_NoCC,2090,CAN,GRAZING,15382.533167271085
SSP2_BaU_NoCC,2090,CAN,GRASS,7005.673164516636
SSP2_BaU_NoCC,2090,CAN,URB,785.9824775390625
SSP2_BaU_NoCC,2090,BRA,CROP,65033.69772918422
SSP2_BaU_NoCC,2090,BRA,CROP_FLW,1822.3259445513274
SSP2_BaU_NoCC,2090,BRA,PRM_FRS,418757.1687524711
SSP2_BaU_NoCC,2090,BRA,MNG_FRS,3396.3793616242965
SSP2_BaU_NoCC,2090,BRA,BIOCROP,10587.731317019046
SSP2_BaU_NoCC,2090,BRA,GRAZING,274308.66824364866
SSP2_BaU_NoCC,2090,BRA,GRASS,126608.5971052159
SSP2_BaU_NoCC,2090,BRA,URB,3742.538360931397
SSP2_BaU_NoCC,2090,XLM,OTH,72183.21731250001
SSP2_BaU_NoCC,2090,XLM,CROP,79164.84296306505
SSP2_BaU_NoCC,2090,XLM,CROP_FLW,19242.54845275971
SSP2_BaU_NoCC,2090,XLM,PRM_FRS,398817.9654025961
SSP2_BaU_NoCC,2090,XLM,MNG_FRS,11027.489378296152
SSP2_BaU_NoCC,2090,XLM,BIOCROP,5145.504140753272
SSP2_BaU_NoCC,2090,XLM,GRAZING,418096.33430242375
SSP2_BaU_NoCC,2090,XLM,GRASS,222287.06007926376
SSP2_BaU_NoCC,2090,XLM,URB,4894.335314867021
SSP2_BaU_NoCC,2090,CIS,OTH,253974.9918984375
SSP2_BaU_NoCC,2090,CIS,CROP,64572.39179889677
SSP2_BaU_NoCC,2090,CIS,CROP_FLW,84409.40608261153
SSP2_BaU_NoCC,2090,CIS,PRM_FRS,862547.265452835
SSP2_BaU_NoCC,2090,CIS,MNG_FRS,22336.585029997845
SSP2_BaU_NoCC,2090,CIS,BIOCROP,14314.191850395193
SSP2_BaU_NoCC,2090,CIS,GRAZING,372480.40806678985
SSP2_BaU_NoCC,2090,CIS,GRASS,184637.63395223665
SSP2_BaU_NoCC,2090,CIS,URB,5880.5270887603765
SSP2_BaU_NoCC,2090,XME,OTH,281021.7655625
SSP2_BaU_NoCC,2090,XME,CROP,42979.79658480931
SSP2_BaU_NoCC,2090,XME,CROP_FLW,1274.146399053395
SSP2_BaU_NoCC,2090,XME,PRM_FRS,5726.978124322122
SSP2_BaU_NoCC,2090,XME,MNG_FRS,476.1346344552521
SSP2_BaU_NoCC,2090,XME,BIOCROP,9871.90351042444
SSP2_BaU_NoCC,2090,XME,GRAZING,272533.5577519806
SSP2_BaU_NoCC,2090,XME,GRASS,64131.754351037285
SSP2_BaU_NoCC,2090,XME,URB,2128.071955810547
SSP2_BaU_NoCC,2090,XNF,OTH,456890.6350624999
SSP2_BaU_NoCC,2090,XNF,CROP,34950.69448938262
SSP2_BaU_NoCC,2090,XNF,CROP_FLW,537.4594533883206
SSP2_BaU_NoCC,2090,XNF,PRM_FRS,1556.4218006209774
SSP2_BaU_NoCC,2090,XNF,MNG_FRS,46.77552763992524
SSP2_BaU_NoCC,2090,XNF,BIOCROP,2084.2458227233246
SSP2_BaU_NoCC,2090,XNF,GRAZING,74942.73991071197
SSP2_BaU_NoCC,2090,XNF,GRASS,1129.6304365995095
SSP2_BaU_NoCC,2090,XNF,URB,927.4797019042969
SSP2_BaU_NoCC,2090,XAF,OTH,399410.63371875
SSP2_BaU_NoCC,2090,XAF,CROP,580718.0609924004
SSP2_BaU_NoCC,2090,XAF,CROP_FLW,6134.426974519375
SSP2_BaU_NoCC,2090,XAF,PRM_FRS,288800.89749402844
SSP2_BaU_NoCC,2090,XAF,MNG_FRS,22927.317644480085
SSP2_BaU_NoCC,2090,XAF,BIOCROP,12867.703460293927
SSP2_BaU_NoCC,2090,XAF,GRAZING,1049499.1462826936
SSP2_BaU_NoCC,2090,XAF,GRASS,376325.24531886156
SSP2_BaU_NoCC,2090,XAF,URB,2896.931178625107
SSP2_BaU_NoCC,2090,ASIA2,OTH,312611.42105468747
SSP2_BaU_NoCC,2090,ASIA2,CROP,364392.2126508158
SSP2_BaU_NoCC,2090,ASIA2,CROP_FLW,14180.236214195933
SSP2_BaU_NoCC,2090,ASIA2,PRM_FRS,510669.6686168212
SSP2_BaU_NoCC,2090,ASIA2,MNG_FRS,28113.032919973364
SSP2_BaU_NoCC,2090,ASIA2,BIOCROP,63415.160638589354
SSP2_BaU_NoCC,2090,ASIA2,GRAZING,581076.8386247058
SSP2_BaU_NoCC,2090,ASIA2,GRASS,223472.27169034653
SSP2_BaU_NoCC,2090,ASIA2,URB,16641.596986114502
SSP2_BaU_NoCC,2090,World,OTH,2111196.772609375
SSP2_BaU_NoCC,2090,World,CROP,1540069.7268633032
SSP2_BaU_NoCC,2090,World,CROP_FLW,299507.1125433188
SSP2_BaU_NoCC,2090,World,PRM_FRS,3260402.4819843653
SSP2_BaU_NoCC,2090,World,MNG_FRS,213315.88052001942
SSP2_BaU_NoCC,2090,World,BIOCROP,203262.67296525446
SSP2_BaU_NoCC,2090,World,GRAZING,3777700.6560279997
SSP2_BaU_NoCC,2090,World,GRASS,1836327.144958849
SSP2_BaU_NoCC,2090,World,URB,61494.25336591386
SSP2_BaU_NoCC,2090,Non-OECD,OTH,1776092.664609375
SSP2_BaU_NoCC,2090,Non-OECD,CROP,1230246.705552503
SSP2_BaU_NoCC,2090,Non-OECD,CROP_FLW,126539.16851244964
SSP2_BaU_NoCC,2090,Non-OECD,PRM_FRS,2462242.7814048273
SSP2_BaU_NoCC,2090,Non-OECD,MNG_FRS,87325.68661860238
SSP2_BaU_NoCC,2090,Non-OECD,BIOCROP,118033.85310651218
SSP2_BaU_NoCC,2090,Non-OECD,GRAZING,3042885.7108186437
SSP2_BaU_NoCC,2090,Non-OECD,GRASS,1197793.4219633457
SSP2_BaU_NoCC,2090,Non-OECD,URB,35401.19061899567
SSP2_BaU_NoCC,2090,Industrial,OTH,321872.108
SSP2_BaU_NoCC,2090,Industrial,CROP,254698.3810401024
SSP2_BaU_NoCC,2090,Industrial,CROP_FLW,161783.29341868544
SSP2_BaU_NoCC,2090,Industrial,PRM_FRS,760481.0930749928
SSP2_BaU_NoCC,2090,Industrial,MNG_FRS,121933.23584702663
SSP2_BaU_NoCC,2090,Industrial,BIOCROP,76721.20918474166
SSP2_BaU_NoCC,2090,Industrial,GRAZING,703903.6582501782
SSP2_BaU_NoCC,2090,Industrial,GRASS,611540.5739005283
SSP2_BaU_NoCC,2090,Industrial,URB,24181.440413742544
SSP2_BaU_NoCC,2090,Transition,OTH,520635.75745312497
SSP2_BaU_NoCC,2090,Transition,CROP,421505.2721703879
SSP2_BaU_NoCC,2090,Transition,CROP_FLW,97416.38263934663
SSP2_BaU_NoCC,2090,Transition,PRM_FRS,1583858.4121251863
SSP2_BaU_NoCC,2090,Transition,MNG_FRS,47901.181368520716
SSP2_BaU_NoCC,2090,Transition,BIOCROP,78673.871478522
SSP2_BaU_NoCC,2090,Transition,GRAZING,1074178.144668471
SSP2_BaU_NoCC,2090,Transition,GRASS,459365.9775772103
SSP2_BaU_NoCC,2090,Transition,URB,22567.039569885255
SSP2_BaU_NoCC,2090,Developing,OTH,1268688.90715625
SSP2_BaU_NoCC,2090,Developing,CROP,863866.073652813
SSP2_BaU_NoCC,2090,Developing,CROP_FLW,40307.43648528679
SSP2_BaU_NoCC,2090,Developing,PRM_FRS,916062.9767841871
SSP2_BaU_NoCC,2090,Developing,MNG_FRS,43481.463304472054
SSP2_BaU_NoCC,2090,Developing,BIOCROP,47867.59230199079
SSP2_BaU_NoCC,2090,Developing,GRAZING,1999618.8531093497
SSP2_BaU_NoCC,2090,Developing,GRASS,765420.5934811105
SSP2_BaU_NoCC,2090,Developing,URB,14745.773382286072
SSP2_BaU_NoCC,2090,R5ASIA,OTH,312611.42105468747
SSP2_BaU_NoCC,2090,R5ASIA,CROP,362827.22099476476
SSP2_BaU_NoCC,2090,R5ASIA,CROP_FLW,13118.855205565986
SSP2_BaU_NoCC,2090,R5ASIA,PRM_FRS,486036.0843779538
SSP2_BaU_NoCC,2090,R5ASIA,MNG_FRS,27115.00504210883
SSP2_BaU_NoCC,2090,R5ASIA,BIOCROP,63162.57300490298
SSP2_BaU_NoCC,2090,R5ASIA,GRAZING,581024.8562603949
SSP2_BaU_NoCC,2090,R5ASIA,GRASS,222673.50072013115
SSP2_BaU_NoCC,2090,R5ASIA,URB,14931.307018096923
SSP2_BaU_NoCC,2090,R5OECD90+EU,OTH,335104.108
SSP2_BaU_NoCC,2090,R5OECD90+EU,CROP,309823.0213108001
SSP2_BaU_NoCC,2090,R5OECD90+EU,CROP_FLW,172967.94403086923
SSP2_BaU_NoCC,2090,R5OECD90+EU,PRM_FRS,798159.7005795385
SSP2_BaU_NoCC,2090,R5OECD90+EU,MNG_FRS,125990.19390141702
SSP2_BaU_NoCC,2090,R5OECD90+EU,BIOCROP,85228.81985874227
SSP2_BaU_NoCC,2090,R5OECD90+EU,GRAZING,734814.9452093557
SSP2_BaU_NoCC,2090,R5OECD90+EU,GRASS,638533.7229955032
SSP2_BaU_NoCC,2090,R5OECD90+EU,URB,26093.062746918204
SSP2_BaU_NoCC,2090,R5REF,OTH,253974.9918984375
SSP2_BaU_NoCC,2090,R5REF,CROP,64572.39179889677
SSP2_BaU_NoCC,2090,R5REF,CROP_FLW,84409.40608261153
SSP2_BaU_NoCC,2090,R5REF,PRM_FRS,862547.265452835
SSP2_BaU_NoCC,2090,R5REF,MNG_FRS,22336.585029997845
SSP2_BaU_NoCC,2090,R5REF,BIOCROP,14314.191850395193
SSP2_BaU_NoCC,2090,R5REF,GRAZING,372480.40806678985
SSP2_BaU_NoCC,2090,R5REF,GRASS,184637.63395223665
SSP2_BaU_NoCC,2090,R5REF,URB,5880.5270887603765
SSP2_BaU_NoCC,2090,R5MAF,OTH,1137323.0343437498
SSP2_BaU_NoCC,2090,R5MAF,CROP,658648.5520665923
SSP2_BaU_NoCC,2090,R5MAF,CROP_FLW,7946.032826961091
SSP2_BaU_NoCC,2090,R5MAF,PRM_FRS,296084.29741897155
SSP2_BaU_NoCC,2090,R5MAF,MNG_FRS,23450.22780657526
SSP2_BaU_NoCC,2090,R5MAF,BIOCROP,24823.852793441692
SSP2_BaU_NoCC,2090,R5MAF,GRAZING,1396975.4439453862
SSP2_BaU_NoCC,2090,R5MAF,GRASS,441586.63010649837
SSP2_BaU_NoCC,2090,R5MAF,URB,5952.48283633995
SSP2_BaU_NoCC,2090,R5LAM,OTH,72183.21731250001
SSP2_BaU_NoCC,2090,R5LAM,CROP,144198.54069224925
SSP2_BaU_NoCC,2090,R5LAM,CROP_FLW,21064.87439731104
SSP2_BaU_NoCC,2090,R5LAM,PRM_FRS,817575.1341550671
SSP2_BaU_NoCC,2090,R5LAM,MNG_FRS,14423.868739920448
SSP2_BaU_NoCC,2090,R5LAM,BIOCROP,15733.235457772318
SSP2_BaU_NoCC,2090,R5LAM,GRAZING,692405.0025460725
SSP2_BaU_NoCC,2090,R5LAM,GRASS,348895.65718447964
SSP2_BaU_NoCC,2090,R5LAM,URB,8636.873675798419
SSP2_BaU_NoCC,2095,USA,OTH,33613.452
SSP2_BaU_NoCC,2095,USA,CROP,123454.28441578454
SSP2_BaU_NoCC,2095,USA,CROP_FLW,74991.29436362085
SSP2_BaU_NoCC,2095,USA,PRM_FRS,226416.66993902696
SSP2_BaU_NoCC,2095,USA,MNG_FRS,40796.11143377167
SSP2_BaU_NoCC,2095,USA,BIOCROP,33226.01123936084
SSP2_BaU_NoCC,2095,USA,GRAZING,237961.2543660056
SSP2_BaU_NoCC,2095,USA,GRASS,97306.28312624557
SSP2_BaU_NoCC,2095,USA,URB,11695.345311309815
SSP2_BaU_NoCC,2095,XE25,OTH,3206.0
SSP2_BaU_NoCC,2095,XE25,CROP,58582.807136803014
SSP2_BaU_NoCC,2095,XE25,CROP_FLW,25596.946686510728
SSP2_BaU_NoCC,2095,XE25,PRM_FRS,100827.49101788887
SSP2_BaU_NoCC,2095,XE25,MNG_FRS,36294.4984569163
SSP2_BaU_NoCC,2095,XE25,BIOCROP,30249.610702084334
SSP2_BaU_NoCC,2095,XE25,GRAZING,60528.22676129339
SSP2_BaU_NoCC,2095,XE25,GRASS,31624.687294249314
SSP2_BaU_NoCC,2095,XE25,URB,9106.496241195679
SSP2_BaU_NoCC,2095,XER,OTH,13232.0
SSP2_BaU_NoCC,2095,XER,CROP,28254.765612401003
SSP2_BaU_NoCC,2095,XER,CROP_FLW,7015.226168600799
SSP2_BaU_NoCC,2095,XER,PRM_FRS,31056.835756543587
SSP2_BaU_NoCC,2095,XER,MNG_FRS,3099.140350822917
SSP2_BaU_NoCC,2095,XER,BIOCROP,6757.040092225273
SSP2_BaU_NoCC,2095,XER,GRAZING,16589.735285348255
SSP2_BaU_NoCC,2095,XER,GRASS,6345.368495447674
SSP2_BaU_NoCC,2095,XER,URB,1090.242361709595
SSP2_BaU_NoCC,2095,TUR,CROP,25381.899105438668
SSP2_BaU_NoCC,2095,TUR,CROP_FLW,4610.320953991725
SSP2_BaU_NoCC,2095,TUR,PRM_FRS,7351.449107999417
SSP2_BaU_NoCC,2095,TUR,MNG_FRS,711.4745804296825
SSP2_BaU_NoCC,2095,TUR,BIOCROP,1778.8417977392871
SSP2_BaU_NoCC,2095,TUR,GRAZING,14447.074068655233
SSP2_BaU_NoCC,2095,TUR,GRASS,21057.731794327225
SSP2_BaU_NoCC,2095,TUR,URB,821.3799714660644
SSP2_BaU_NoCC,2095,XOC,OTH,1467.0
SSP2_BaU_NoCC,2095,XOC,CROP,34874.7221054388
SSP2_BaU_NoCC,2095,XOC,CROP_FLW,36210.26043959035
SSP2_BaU_NoCC,2095,XOC,PRM_FRS,153421.93141880256
SSP2_BaU_NoCC,2095,XOC,MNG_FRS,3683.4073363640264
SSP2_BaU_NoCC,2095,XOC,BIOCROP,5151.301720285814
SSP2_BaU_NoCC,2095,XOC,GRAZING,391217.58124275476
SSP2_BaU_NoCC,2095,XOC,GRASS,473934.9812206987
SSP2_BaU_NoCC,2095,XOC,URB,883.3264156804086
SSP2_BaU_NoCC,2095,CHN,OTH,239998.39534375
SSP2_BaU_NoCC,2095,CHN,CROP,50077.30830104117
SSP2_BaU_NoCC,2095,CHN,PRM_FRS,243339.018672389
SSP2_BaU_NoCC,2095,CHN,MNG_FRS,7441.670317550274
SSP2_BaU_NoCC,2095,CHN,BIOCROP,29775.76829617617
SSP2_BaU_NoCC,2095,CHN,GRAZING,387081.71050440863
SSP2_BaU_NoCC,2095,CHN,GRASS,104896.30344668303
SSP2_BaU_NoCC,2095,CHN,URB,8006.078889526368
SSP2_BaU_NoCC,2095,IND,OTH,13430.3702109375
SSP2_BaU_NoCC,2095,IND,CROP,180676.63082836132
SSP2_BaU_NoCC,2095,IND,PRM_FRS,28188.53178882547
SSP2_BaU_NoCC,2095,IND,MNG_FRS,9459.838363170118
SSP2_BaU_NoCC,2095,IND,BIOCROP,16187.999203239258
SSP2_BaU_NoCC,2095,IND,GRAZING,8686.47574724782
SSP2_BaU_NoCC,2095,IND,GRASS,16818.632701104976
SSP2_BaU_NoCC,2095,IND,URB,3026.2728974914553
SSP2_BaU_NoCC,2095,JPN,CROP,1494.5993170004137
SSP2_BaU_NoCC,2095,JPN,CROP_FLW,1070.8349478920927
SSP2_BaU_NoCC,2095,JPN,PRM_FRS,24767.50233108404
SSP2_BaU_NoCC,2095,JPN,MNG_FRS,922.5496514832078
SSP2_BaU_NoCC,2095,JPN,BIOCROP,245.21318684525122
SSP2_BaU_NoCC,2095,JPN,GRAZING,52.25214648196052
SSP2_BaU_NoCC,2095,JPN,GRASS,808.3741688384871
SSP2_BaU_NoCC,2095,JPN,URB,1710.2899680175783
SSP2_BaU_NoCC,2095,XSE,OTH,14506.901
SSP2_BaU_NoCC,2095,XSE,CROP,69786.94948674265
SSP2_BaU_NoCC,2095,XSE,CROP_FLW,11503.594728848784
SSP2_BaU_NoCC,2095,XSE,PRM_FRS,218160.31543336518
SSP2_BaU_NoCC,2095,XSE,MNG_FRS,5376.229916368569
SSP2_BaU_NoCC,2095,XSE,BIOCROP,16096.703241375764
SSP2_BaU_NoCC,2095,XSE,GRAZING,140407.41043111897
SSP2_BaU_NoCC,2095,XSE,GRASS,72934.0827700296
SSP2_BaU_NoCC,2095,XSE,URB,3032.1656320037837
SSP2_BaU_NoCC,2095,XSA,OTH,44675.7545
SSP2_BaU_NoCC,2095,XSA,CROP,53216.99507981205
SSP2_BaU_NoCC,2095,XSA,CROP_FLW,1839.5173844830176
SSP2_BaU_NoCC,2095,XSA,PRM_FRS,5171.478727301135
SSP2_BaU_NoCC,2095,XSA,MNG_FRS,3109.83671834721
SSP2_BaU_NoCC,2095,XSA,BIOCROP,2560.8919981755103
SSP2_BaU_NoCC,2095,XSA,GRAZING,44911.2099706411
SSP2_BaU_NoCC,2095,XSA,GRASS,28252.9915490157
SSP2_BaU_NoCC,2095,XSA,URB,866.7895990753174
SSP2_BaU_NoCC,2095,CAN,OTH,283585.656
SSP2_BaU_NoCC,2095,CAN,CROP,35676.785000209966
SSP2_BaU_NoCC,2095,CAN,CROP_FLW,24111.22318197331
SSP2_BaU_NoCC,2095,CAN,PRM_FRS,260497.21041528738
SSP2_BaU_NoCC,2095,CAN,MNG_FRS,34911.16947138511
SSP2_BaU_NoCC,2095,CAN,BIOCROP,7700.827934858654
SSP2_BaU_NoCC,2095,CAN,GRAZING,15430.04825384438
SSP2_BaU_NoCC,2095,CAN,GRASS,7022.492285573894
SSP2_BaU_NoCC,2095,CAN,URB,785.9824775390625
SSP2_BaU_NoCC,2095,BRA,CROP,64557.28411120964
SSP2_BaU_NoCC,2095,BRA,CROP_FLW,1722.0568589243608
SSP2_BaU_NoCC,2095,BRA,PRM_FRS,415461.18729036354
SSP2_BaU_NoCC,2095,BRA,MNG_FRS,3160.66562058544
SSP2_BaU_NoCC,2095,BRA,BIOCROP,11577.708686835993
SSP2_BaU_NoCC,2095,BRA,GRAZING,280200.51338897995
SSP2_BaU_NoCC,2095,BRA,GRASS,123835.15249681546
SSP2_BaU_NoCC,2095,BRA,URB,3742.538360931397
SSP2_BaU_NoCC,2095,XLM,OTH,72183.21731250001
SSP2_BaU_NoCC,2095,XLM,CROP,77732.03814281193
SSP2_BaU_NoCC,2095,XLM,CROP_FLW,18865.055598522194
SSP2_BaU_NoCC,2095,XLM,PRM_FRS,399825.07603505446
SSP2_BaU_NoCC,2095,XLM,MNG_FRS,10448.464226194315
SSP2_BaU_NoCC,2095,XLM,BIOCROP,5479.332142379888
SSP2_BaU_NoCC,2095,XLM,GRAZING,422396.36048581713
SSP2_BaU_NoCC,2095,XLM,GRASS,219035.41808837754
SSP2_BaU_NoCC,2095,XLM,URB,4894.335314867021
SSP2_BaU_NoCC,2095,CIS,OTH,253974.9918984375
SSP2_BaU_NoCC,2095,CIS,CROP,62523.96997408503
SSP2_BaU_NoCC,2095,CIS,CROP_FLW,83868.68455882568
SSP2_BaU_NoCC,2095,CIS,PRM_FRS,866495.1818759796
SSP2_BaU_NoCC,2095,CIS,MNG_FRS,20868.624474133125
SSP2_BaU_NoCC,2095,CIS,BIOCROP,14542.675725096347
SSP2_BaU_NoCC,2095,CIS,GRAZING,373011.8609988294
SSP2_BaU_NoCC,2095,CIS,GRASS,183986.8846268136
SSP2_BaU_NoCC,2095,CIS,URB,5880.5270887603765
SSP2_BaU_NoCC,2095,XME,OTH,281021.7655625
SSP2_BaU_NoCC,2095,XME,CROP,42753.105460635685
SSP2_BaU_NoCC,2095,XME,CROP_FLW,1228.1084579325998
SSP2_BaU_NoCC,2095,XME,PRM_FRS,5689.342406478572
SSP2_BaU_NoCC,2095,XME,MNG_FRS,453.5183380968666
SSP2_BaU_NoCC,2095,XME,BIOCROP,9902.506363423747
SSP2_BaU_NoCC,2095,XME,GRAZING,274399.35754890065
SSP2_BaU_NoCC,2095,XME,GRASS,62568.332780614364
SSP2_BaU_NoCC,2095,XME,URB,2128.071955810547
SSP2_BaU_NoCC,2095,XNF,OTH,456890.6350624999
SSP2_BaU_NoCC,2095,XNF,CROP,34571.01544994088
SSP2_BaU_NoCC,2095,XNF,CROP_FLW,513.7586662135365
SSP2_BaU_NoCC,2095,XNF,PRM_FRS,1548.4951371223165
SSP2_BaU_NoCC,2095,XNF,MNG_FRS,44.34464117643516
SSP2_BaU_NoCC,2095,XNF,BIOCROP,2092.129439006461
SSP2_BaU_NoCC,2095,XNF,GRAZING,75417.34093536437
SSP2_BaU_NoCC,2095,XNF,GRASS,1060.883172242559
SSP2_BaU_NoCC,2095,XNF,URB,927.4797019042969
SSP2_BaU_NoCC,2095,XAF,OTH,399410.63371875
SSP2_BaU_NoCC,2095,XAF,CROP,593983.8083817195
SSP2_BaU_NoCC,2095,XAF,CROP_FLW,5641.025869469978
SSP2_BaU_NoCC,2095,XAF,PRM_FRS,281191.812988363
SSP2_BaU_NoCC,2095,XAF,MNG_FRS,22227.660882238215
SSP2_BaU_NoCC,2095,XAF,BIOCROP,14327.693727211366
SSP2_BaU_NoCC,2095,XAF,GRAZING,1055344.6284244992
SSP2_BaU_NoCC,2095,XAF,GRASS,364556.1678937765
SSP2_BaU_NoCC,2095,XAF,URB,2896.931178625107
SSP2_BaU_NoCC,2095,ASIA2,OTH,312611.42105468747
SSP2_BaU_NoCC,2095,ASIA2,CROP,355252.4830129576
SSP2_BaU_NoCC,2095,ASIA2,CROP_FLW,14413.947061223895
SSP2_BaU_NoCC,2095,ASIA2,PRM_FRS,519626.84695296484
SSP2_BaU_NoCC,2095,ASIA2,MNG_FRS,26310.124966919382
SSP2_BaU_NoCC,2095,ASIA2,BIOCROP,64866.57592581195
SSP2_BaU_NoCC,2095,ASIA2,GRAZING,581139.0587998984
SSP2_BaU_NoCC,2095,ASIA2,GRASS,223710.3846356718
SSP2_BaU_NoCC,2095,ASIA2,URB,16641.596986114502
SSP2_BaU_NoCC,2095,World,OTH,2111196.772609375
SSP2_BaU_NoCC,2095,World,CROP,1537598.9679094362
SSP2_BaU_NoCC,2095,World,CROP_FLW,298787.90886539995
SSP2_BaU_NoCC,2095,World,PRM_FRS,3269409.530341875
SSP2_BaU_NoCC,2095,World,MNG_FRS,203009.2047790335
SSP2_BaU_NoCC,2095,World,BIOCROP,207652.25549631997
SSP2_BaU_NoCC,2095,World,GRAZING,3798083.0405601915
SSP2_BaU_NoCC,2095,World,GRASS,1816044.767910854
SSP2_BaU_NoCC,2095,World,URB,61494.25336591386
SSP2_BaU_NoCC,2095,Non-OECD,OTH,1776092.664609375
SSP2_BaU_NoCC,2095,Non-OECD,CROP,1229879.10521636
SSP2_BaU_NoCC,2095,Non-OECD,CROP_FLW,125181.80212322016
SSP2_BaU_NoCC,2095,Non-OECD,PRM_FRS,2465070.440355242
SSP2_BaU_NoCC,2095,Non-OECD,MNG_FRS,82590.85349786057
SSP2_BaU_NoCC,2095,Non-OECD,BIOCROP,122543.40882292051
SSP2_BaU_NoCC,2095,Non-OECD,GRAZING,3061856.868435807
SSP2_BaU_NoCC,2095,Non-OECD,GRASS,1177944.8495254733
SSP2_BaU_NoCC,2095,Non-OECD,URB,35401.19061899567
SSP2_BaU_NoCC,2095,Industrial,OTH,321872.108
SSP2_BaU_NoCC,2095,Industrial,CROP,254083.19797523672
SSP2_BaU_NoCC,2095,Industrial,CROP_FLW,161980.55961958732
SSP2_BaU_NoCC,2095,Industrial,PRM_FRS,765930.8051220898
SSP2_BaU_NoCC,2095,Industrial,MNG_FRS,116607.7363499203
SSP2_BaU_NoCC,2095,Industrial,BIOCROP,76572.9647834349
SSP2_BaU_NoCC,2095,Industrial,GRAZING,705189.3627703801
SSP2_BaU_NoCC,2095,Industrial,GRASS,610696.8180956059
SSP2_BaU_NoCC,2095,Industrial,URB,24181.440413742544
SSP2_BaU_NoCC,2095,Transition,OTH,520635.75745312497
SSP2_BaU_NoCC,2095,Transition,CROP,411471.85793253686
SSP2_BaU_NoCC,2095,Transition,CROP_FLW,97216.28854034258
SSP2_BaU_NoCC,2095,Transition,PRM_FRS,1591892.2044921005
SSP2_BaU_NoCC,2095,Transition,MNG_FRS,44741.41370669156
SSP2_BaU_NoCC,2095,Transition,BIOCROP,80620.03380131233
SSP2_BaU_NoCC,2095,Transition,GRAZING,1080017.3699934692
SSP2_BaU_NoCC,2095,Transition,GRASS,456940.0735611919
SSP2_BaU_NoCC,2095,Transition,URB,22567.039569885255
SSP2_BaU_NoCC,2095,Developing,OTH,1268688.90715625
SSP2_BaU_NoCC,2095,Developing,CROP,872043.9120016627
SSP2_BaU_NoCC,2095,Developing,CROP_FLW,39591.06070547011
SSP2_BaU_NoCC,2095,Developing,PRM_FRS,911586.5207276847
SSP2_BaU_NoCC,2095,Developing,MNG_FRS,41660.05472242161
SSP2_BaU_NoCC,2095,Developing,BIOCROP,50459.25691157273
SSP2_BaU_NoCC,2095,Developing,GRAZING,2012876.3077963414
SSP2_BaU_NoCC,2095,Developing,GRASS,748407.8762540563
SSP2_BaU_NoCC,2095,Developing,URB,14745.773382286072
SSP2_BaU_NoCC,2095,R5ASIA,OTH,312611.42105468747
SSP2_BaU_NoCC,2095,R5ASIA,CROP,353757.8836959572
SSP2_BaU_NoCC,2095,R5ASIA,CROP_FLW,13343.112113331801
SSP2_BaU_NoCC,2095,R5ASIA,PRM_FRS,494859.3446218808
SSP2_BaU_NoCC,2095,R5ASIA,MNG_FRS,25387.57531543617
SSP2_BaU_NoCC,2095,R5ASIA,BIOCROP,64621.3627389667
SSP2_BaU_NoCC,2095,R5ASIA,GRAZING,581086.8066534165
SSP2_BaU_NoCC,2095,R5ASIA,GRASS,222902.0104668333
SSP2_BaU_NoCC,2095,R5ASIA,URB,14931.307018096923
SSP2_BaU_NoCC,2095,R5OECD90+EU,OTH,335104.108
SSP2_BaU_NoCC,2095,R5OECD90+EU,CROP,307719.86269307643
SSP2_BaU_NoCC,2095,R5OECD90+EU,CROP_FLW,173606.10674217984
SSP2_BaU_NoCC,2095,R5OECD90+EU,PRM_FRS,804339.0899866327
SSP2_BaU_NoCC,2095,R5OECD90+EU,MNG_FRS,120418.35128117292
SSP2_BaU_NoCC,2095,R5OECD90+EU,BIOCROP,85108.84667339946
SSP2_BaU_NoCC,2095,R5OECD90+EU,GRAZING,736226.1721243836
SSP2_BaU_NoCC,2095,R5OECD90+EU,GRASS,638099.9183853808
SSP2_BaU_NoCC,2095,R5OECD90+EU,URB,26093.062746918204
SSP2_BaU_NoCC,2095,R5REF,OTH,253974.9918984375
SSP2_BaU_NoCC,2095,R5REF,CROP,62523.96997408503
SSP2_BaU_NoCC,2095,R5REF,CROP_FLW,83868.68455882568
SSP2_BaU_NoCC,2095,R5REF,PRM_FRS,866495.1818759796
SSP2_BaU_NoCC,2095,R5REF,MNG_FRS,20868.624474133125
SSP2_BaU_NoCC,2095,R5REF,BIOCROP,14542.675725096347
SSP2_BaU_NoCC,2095,R5REF,GRAZING,373011.8609988294
SSP2_BaU_NoCC,2095,R5REF,GRASS,183986.8846268136
SSP2_BaU_NoCC,2095,R5REF,URB,5880.5270887603765
SSP2_BaU_NoCC,2095,R5MAF,OTH,1137323.0343437498
SSP2_BaU_NoCC,2095,R5MAF,CROP,671307.9292922961
SSP2_BaU_NoCC,2095,R5MAF,CROP_FLW,7382.892993616114
SSP2_BaU_NoCC,2095,R5MAF,PRM_FRS,288429.65053196385
SSP2_BaU_NoCC,2095,R5MAF,MNG_FRS,22725.523861511516
SSP2_BaU_NoCC,2095,R5MAF,BIOCROP,26322.329529641574
SSP2_BaU_NoCC,2095,R5MAF,GRAZING,1405161.3269087642
SSP2_BaU_NoCC,2095,R5MAF,GRASS,428185.3838466334
SSP2_BaU_NoCC,2095,R5MAF,URB,5952.48283633995
SSP2_BaU_NoCC,2095,R5LAM,OTH,72183.21731250001
SSP2_BaU_NoCC,2095,R5LAM,CROP,142289.32225402156
SSP2_BaU_NoCC,2095,R5LAM,CROP_FLW,20587.112457446554
SSP2_BaU_NoCC,2095,R5LAM,PRM_FRS,815286.263325418
SSP2_BaU_NoCC,2095,R5LAM,MNG_FRS,13609.129846779755
SSP2_BaU_NoCC,2095,R5LAM,BIOCROP,17057.040829215883
SSP2_BaU_NoCC,2095,R5LAM,GRAZING,702596.873874797
SSP2_BaU_NoCC,2095,R5LAM,GRASS,342870.570585193
SSP2_BaU_NoCC,2095,R5LAM,URB,8636.873675798419
SSP2_BaU_NoCC,2100,USA,OTH,33613.452
SSP2_BaU_NoCC,2100,USA,CROP,123814.55650631161
SSP2_BaU_NoCC,2100,USA,CROP_FLW,74939.53890439258
SSP2_BaU_NoCC,2100,USA,PRM_FRS,227790.21021720365
SSP2_BaU_NoCC,2100,USA,MNG_FRS,39113.12668777722
SSP2_BaU_NoCC,2100,USA,BIOCROP,33095.00034701337
SSP2_BaU_NoCC,2100,USA,GRAZING,238221.27796628347
SSP2_BaU_NoCC,2100,USA,GRASS,97178.19825483418
SSP2_BaU_NoCC,2100,USA,URB,11695.345311309815
SSP2_BaU_NoCC,2100,XE25,OTH,3206.0
SSP2_BaU_NoCC,2100,XE25,CROP,57292.52158246757
SSP2_BaU_NoCC,2100,XE25,CROP_FLW,25900.944303487693
SSP2_BaU_NoCC,2100,XE25,PRM_FRS,103503.91266519163
SSP2_BaU_NoCC,2100,XE25,MNG_FRS,34530.23388590819
SSP2_BaU_NoCC,2100,XE25,BIOCROP,29859.654597006822
SSP2_BaU_NoCC,2100,XE25,GRAZING,60740.4122532085
SSP2_BaU_NoCC,2100,XE25,GRASS,31876.588768475664
SSP2_BaU_NoCC,2100,XE25,URB,9106.496241195679
SSP2_BaU_NoCC,2100,XER,OTH,13232.0
SSP2_BaU_NoCC,2100,XER,CROP,27227.19472097736
SSP2_BaU_NoCC,2100,XER,CROP_FLW,7334.958336476939
SSP2_BaU_NoCC,2100,XER,PRM_FRS,31617.162768482394
SSP2_BaU_NoCC,2100,XER,MNG_FRS,2904.7188941206764
SSP2_BaU_NoCC,2100,XER,BIOCROP,6833.059408831984
SSP2_BaU_NoCC,2100,XER,GRAZING,16693.36614447102
SSP2_BaU_NoCC,2100,XER,GRASS,6507.651488029152
SSP2_BaU_NoCC,2100,XER,URB,1090.242361709595
SSP2_BaU_NoCC,2100,TUR,CROP,24846.14661977085
SSP2_BaU_NoCC,2100,TUR,CROP_FLW,4755.501405387387
SSP2_BaU_NoCC,2100,TUR,PRM_FRS,7535.570327305893
SSP2_BaU_NoCC,2100,TUR,MNG_FRS,670.3960661526653
SSP2_BaU_NoCC,2100,TUR,BIOCROP,1723.1430055112555
SSP2_BaU_NoCC,2100,TUR,GRAZING,14471.21561263841
SSP2_BaU_NoCC,2100,TUR,GRASS,21336.81837181477
SSP2_BaU_NoCC,2100,TUR,URB,821.3799714660644
SSP2_BaU_NoCC,2100,XOC,OTH,1467.0
SSP2_BaU_NoCC,2100,XOC,CROP,34568.68130576171
SSP2_BaU_NoCC,2100,XOC,CROP_FLW,36126.85256271674
SSP2_BaU_NoCC,2100,XOC,PRM_FRS,153495.25309048718
SSP2_BaU_NoCC,2100,XOC,MNG_FRS,3505.80367937873
SSP2_BaU_NoCC,2100,XOC,BIOCROP,5566.89736672807
SSP2_BaU_NoCC,2100,XOC,GRAZING,392210.9245394834
SSP2_BaU_NoCC,2100,XOC,GRASS,473019.7729393791
SSP2_BaU_NoCC,2100,XOC,URB,883.3264156804086
SSP2_BaU_NoCC,2100,CHN,OTH,239998.39534375
SSP2_BaU_NoCC,2100,CHN,CROP,46892.17254127214
SSP2_BaU_NoCC,2100,CHN,PRM_FRS,248550.51168620016
SSP2_BaU_NoCC,2100,CHN,MNG_FRS,6842.266433587261
SSP2_BaU_NoCC,2100,CHN,BIOCROP,29237.37377407333
SSP2_BaU_NoCC,2100,CHN,GRAZING,386274.5876229705
SSP2_BaU_NoCC,2100,CHN,GRASS,104814.8674801446
SSP2_BaU_NoCC,2100,CHN,URB,8006.078889526368
SSP2_BaU_NoCC,2100,IND,OTH,13430.3702109375
SSP2_BaU_NoCC,2100,IND,CROP,177641.00846999104
SSP2_BaU_NoCC,2100,IND,PRM_FRS,29439.465677195716
SSP2_BaU_NoCC,2100,IND,MNG_FRS,8931.515315440462
SSP2_BaU_NoCC,2100,IND,BIOCROP,17785.28125566803
SSP2_BaU_NoCC,2100,IND,GRAZING,8814.791199530568
SSP2_BaU_NoCC,2100,IND,GRASS,17406.046714122942
SSP2_BaU_NoCC,2100,IND,URB,3026.2728974914553
SSP2_BaU_NoCC,2100,JPN,CROP,1426.1000719525218
SSP2_BaU_NoCC,2100,JPN,CROP_FLW,1079.5502868905303
SSP2_BaU_NoCC,2100,JPN,PRM_FRS,24895.458577274174
SSP2_BaU_NoCC,2100,JPN,MNG_FRS,852.0410116613732
SSP2_BaU_NoCC,2100,JPN,BIOCROP,237.42164525827977
SSP2_BaU_NoCC,2100,JPN,GRAZING,52.53528322456411
SSP2_BaU_NoCC,2100,JPN,GRASS,818.2188733640203
SSP2_BaU_NoCC,2100,JPN,URB,1710.2899680175783
SSP2_BaU_NoCC,2100,XSE,OTH,14506.901
SSP2_BaU_NoCC,2100,XSE,CROP,66927.03034482071
SSP2_BaU_NoCC,2100,XSE,CROP_FLW,11776.387849742323
SSP2_BaU_NoCC,2100,XSE,PRM_FRS,220411.71464015465
SSP2_BaU_NoCC,2100,XSE,MNG_FRS,5028.207173416046
SSP2_BaU_NoCC,2100,XSE,BIOCROP,16467.805482887034
SSP2_BaU_NoCC,2100,XSE,GRAZING,140881.90571890984
SSP2_BaU_NoCC,2100,XSE,GRASS,72772.23479791897
SSP2_BaU_NoCC,2100,XSE,URB,3032.1656320037837
SSP2_BaU_NoCC,2100,XSA,OTH,44675.7545
SSP2_BaU_NoCC,2100,XSA,CROP,52977.52897795742
SSP2_BaU_NoCC,2100,XSA,CROP_FLW,1821.4506271027049
SSP2_BaU_NoCC,2100,XSA,PRM_FRS,5228.304738674683
SSP2_BaU_NoCC,2100,XSA,MNG_FRS,2960.5160241472977
SSP2_BaU_NoCC,2100,XSA,BIOCROP,2723.543906564341
SSP2_BaU_NoCC,2100,XSA,GRAZING,45214.39331715533
SSP2_BaU_NoCC,2100,XSA,GRASS,28137.183836174227
SSP2_BaU_NoCC,2100,XSA,URB,866.7895990753174
SSP2_BaU_NoCC,2100,CAN,OTH,283585.656
SSP2_BaU_NoCC,2100,CAN,CROP,35546.78713708389
SSP2_BaU_NoCC,2100,CAN,CROP_FLW,24173.57014365909
SSP2_BaU_NoCC,2100,CAN,PRM_FRS,262409.8972582911
SSP2_BaU_NoCC,2100,CAN,MNG_FRS,33180.69954930511
SSP2_BaU_NoCC,2100,CAN,BIOCROP,7499.468161198425
SSP2_BaU_NoCC,2100,CAN,GRAZING,15487.267449321504
SSP2_BaU_NoCC,2100,CAN,GRASS,7052.066844273597
SSP2_BaU_NoCC,2100,CAN,URB,785.9824775390625
SSP2_BaU_NoCC,2100,BRA,CROP,64085.88997636343
SSP2_BaU_NoCC,2100,BRA,CROP_FLW,1625.9571063786761
SSP2_BaU_NoCC,2100,BRA,PRM_FRS,412090.1491601193
SSP2_BaU_NoCC,2100,BRA,MNG_FRS,2939.2454722522725
SSP2_BaU_NoCC,2100,BRA,BIOCROP,12593.12998037633
SSP2_BaU_NoCC,2100,BRA,GRAZING,286143.77957879467
SSP2_BaU_NoCC,2100,BRA,GRASS,121036.41717943
SSP2_BaU_NoCC,2100,BRA,URB,3742.538360931397
SSP2_BaU_NoCC,2100,XLM,OTH,72183.21731250001
SSP2_BaU_NoCC,2100,XLM,CROP,76211.62424342311
SSP2_BaU_NoCC,2100,XLM,CROP_FLW,18493.08965156571
SSP2_BaU_NoCC,2100,XLM,PRM_FRS,400993.95688350213
SSP2_BaU_NoCC,2100,XLM,MNG_FRS,9890.047914172741
SSP2_BaU_NoCC,2100,XLM,BIOCROP,5785.739895172017
SSP2_BaU_NoCC,2100,XLM,GRAZING,426660.35595133074
SSP2_BaU_NoCC,2100,XLM,GRASS,215746.93017999144
SSP2_BaU_NoCC,2100,XLM,URB,4894.335314867021
SSP2_BaU_NoCC,2100,CIS,OTH,253974.9918984375
SSP2_BaU_NoCC,2100,CIS,CROP,60411.914319611584
SSP2_BaU_NoCC,2100,CIS,CROP_FLW,83297.67040356707
SSP2_BaU_NoCC,2100,CIS,PRM_FRS,870535.636627253
SSP2_BaU_NoCC,2100,CIS,MNG_FRS,19473.682019797336
SSP2_BaU_NoCC,2100,CIS,BIOCROP,14739.9151106186
SSP2_BaU_NoCC,2100,CIS,GRAZING,373500.28877689556
SSP2_BaU_NoCC,2100,CIS,GRASS,183338.7749760195
SSP2_BaU_NoCC,2100,CIS,URB,5880.5270887603765
SSP2_BaU_NoCC,2100,XME,OTH,281021.7655625
SSP2_BaU_NoCC,2100,XME,CROP,42421.830021557675
SSP2_BaU_NoCC,2100,XME,CROP_FLW,1187.195026353688
SSP2_BaU_NoCC,2100,XME,PRM_FRS,5665.264171363863
SSP2_BaU_NoCC,2100,XME,MNG_FRS,431.30859835487405
SSP2_BaU_NoCC,2100,XME,BIOCROP,9920.553393800446
SSP2_BaU_NoCC,2100,XME,GRAZING,276312.0072531331
SSP2_BaU_NoCC,2100,XME,GRASS,61056.11289151893
SSP2_BaU_NoCC,2100,XME,URB,2128.071955810547
SSP2_BaU_NoCC,2100,XNF,OTH,456890.6350624999
SSP2_BaU_NoCC,2100,XNF,CROP,34134.95287435296
SSP2_BaU_NoCC,2100,XNF,CROP_FLW,489.9391261850118
SSP2_BaU_NoCC,2100,XNF,PRM_FRS,1539.1304019755
SSP2_BaU_NoCC,2100,XNF,MNG_FRS,42.01959189071436
SSP2_BaU_NoCC,2100,XNF,BIOCROP,2186.1742494871005
SSP2_BaU_NoCC,2100,XNF,GRAZING,75860.76933691691
SSP2_BaU_NoCC,2100,XNF,GRASS,994.9818602582933
SSP2_BaU_NoCC,2100,XNF,URB,927.4797019042969
SSP2_BaU_NoCC,2100,XAF,OTH,399410.63371875
SSP2_BaU_NoCC,2100,XAF,CROP,604873.1805868782
SSP2_BaU_NoCC,2100,XAF,CROP_FLW,5237.940838516957
SSP2_BaU_NoCC,2100,XAF,PRM_FRS,274753.2748725611
SSP2_BaU_NoCC,2100,XAF,MNG_FRS,21488.75862097116
SSP2_BaU_NoCC,2100,XAF,BIOCROP,15822.860954534724
SSP2_BaU_NoCC,2100,XAF,GRAZING,1060892.6385238774
SSP2_BaU_NoCC,2100,XAF,GRASS,354204.1437699376
SSP2_BaU_NoCC,2100,XAF,URB,2896.931178625107
SSP2_BaU_NoCC,2100,ASIA2,OTH,312611.42105468747
SSP2_BaU_NoCC,2100,ASIA2,CROP,345863.84040599386
SSP2_BaU_NoCC,2100,ASIA2,CROP_FLW,14677.388763735558
SSP2_BaU_NoCC,2100,ASIA2,PRM_FRS,528525.4553194994
SSP2_BaU_NoCC,2100,ASIA2,MNG_FRS,24614.54595825244
SSP2_BaU_NoCC,2100,ASIA2,BIOCROP,66451.42606445102
SSP2_BaU_NoCC,2100,ASIA2,GRAZING,581238.2131417908
SSP2_BaU_NoCC,2100,ASIA2,GRASS,223948.55170172476
SSP2_BaU_NoCC,2100,ASIA2,URB,16641.596986114502
SSP2_BaU_NoCC,2100,World,OTH,2111196.772609375
SSP2_BaU_NoCC,2100,World,CROP,1531299.1203005537
SSP2_BaU_NoCC,2100,World,CROP_FLW,298240.54657242313
SSP2_BaU_NoCC,2100,World,PRM_FRS,3280454.8737632358
SSP2_BaU_NoCC,2100,World,MNG_FRS,192784.58693833405
SSP2_BaU_NoCC,2100,World,BIOCROP,212077.02253473017
SSP2_BaU_NoCC,2100,World,GRAZING,3818432.5165281454
SSP2_BaU_NoCC,2100,World,GRASS,1797297.009225687
SSP2_BaU_NoCC,2100,World,URB,61494.25336591386
SSP2_BaU_NoCC,2100,Non-OECD,OTH,1776092.664609375
SSP2_BaU_NoCC,2100,Non-OECD,CROP,1226577.1323562283
SSP2_BaU_NoCC,2100,Non-OECD,CROP_FLW,123929.63062941213
SSP2_BaU_NoCC,2100,Non-OECD,PRM_FRS,2469207.408859
SSP2_BaU_NoCC,2100,Non-OECD,MNG_FRS,78027.56716403016
SSP2_BaU_NoCC,2100,Non-OECD,BIOCROP,127262.37800318196
SSP2_BaU_NoCC,2100,Non-OECD,GRAZING,3080555.517279515
SSP2_BaU_NoCC,2100,Non-OECD,GRASS,1159507.6936855165
SSP2_BaU_NoCC,2100,Non-OECD,URB,35401.19061899567
SSP2_BaU_NoCC,2100,Industrial,OTH,321872.108
SSP2_BaU_NoCC,2100,Industrial,CROP,252648.6466035773
SSP2_BaU_NoCC,2100,Industrial,CROP_FLW,162220.45620114665
SSP2_BaU_NoCC,2100,Industrial,PRM_FRS,772094.7318084477
SSP2_BaU_NoCC,2100,Industrial,MNG_FRS,111181.90481403063
SSP2_BaU_NoCC,2100,Industrial,BIOCROP,76258.44211720496
SSP2_BaU_NoCC,2100,Industrial,GRAZING,706712.4174915213
SSP2_BaU_NoCC,2100,Industrial,GRASS,609944.8456803266
SSP2_BaU_NoCC,2100,Industrial,URB,24181.440413742544
SSP2_BaU_NoCC,2100,Transition,OTH,520635.75745312497
SSP2_BaU_NoCC,2100,Transition,CROP,401104.3266479864
SSP2_BaU_NoCC,2100,Transition,CROP_FLW,97014.08725181007
SSP2_BaU_NoCC,2100,Transition,PRM_FRS,1599768.4962465563
SSP2_BaU_NoCC,2100,Transition,MNG_FRS,41761.824201350675
SSP2_BaU_NoCC,2100,Transition,BIOCROP,82911.90253507953
SSP2_BaU_NoCC,2100,Transition,GRAZING,1085898.0289353007
SSP2_BaU_NoCC,2100,Transition,GRASS,454440.57620956097
SSP2_BaU_NoCC,2100,Transition,URB,22567.039569885255
SSP2_BaU_NoCC,2100,Developing,OTH,1268688.90715625
SSP2_BaU_NoCC,2100,Developing,CROP,877546.1470489901
SSP2_BaU_NoCC,2100,Developing,CROP_FLW,39006.0031194664
SSP2_BaU_NoCC,2100,Developing,PRM_FRS,908591.645708232
SSP2_BaU_NoCC,2100,Developing,MNG_FRS,39840.85792295283
SSP2_BaU_NoCC,2100,Developing,BIOCROP,52906.677882445656
SSP2_BaU_NoCC,2100,Developing,GRAZING,2025822.0701013233
SSP2_BaU_NoCC,2100,Developing,GRASS,732911.5873357995
SSP2_BaU_NoCC,2100,Developing,URB,14745.773382286072
SSP2_BaU_NoCC,2100,R5ASIA,OTH,312611.42105468747
SSP2_BaU_NoCC,2100,R5ASIA,CROP,344437.7403340413
SSP2_BaU_NoCC,2100,R5ASIA,CROP_FLW,13597.838476845027
SSP2_BaU_NoCC,2100,R5ASIA,PRM_FRS,503629.99674222514
SSP2_BaU_NoCC,2100,R5ASIA,MNG_FRS,23762.504946591067
SSP2_BaU_NoCC,2100,R5ASIA,BIOCROP,66214.00441919274
SSP2_BaU_NoCC,2100,R5ASIA,GRAZING,581185.6778585663
SSP2_BaU_NoCC,2100,R5ASIA,GRASS,223130.33282836076
SSP2_BaU_NoCC,2100,R5ASIA,URB,14931.307018096923
SSP2_BaU_NoCC,2100,R5OECD90+EU,OTH,335104.108
SSP2_BaU_NoCC,2100,R5OECD90+EU,CROP,304721.9879443255
SSP2_BaU_NoCC,2100,R5OECD90+EU,CROP_FLW,174310.91594301094
SSP2_BaU_NoCC,2100,R5OECD90+EU,PRM_FRS,811247.4649042361
SSP2_BaU_NoCC,2100,R5OECD90+EU,MNG_FRS,114757.01977430396
SSP2_BaU_NoCC,2100,R5OECD90+EU,BIOCROP,84814.6445315482
SSP2_BaU_NoCC,2100,R5OECD90+EU,GRAZING,737876.9992486307
SSP2_BaU_NoCC,2100,R5OECD90+EU,GRASS,637789.3155401704
SSP2_BaU_NoCC,2100,R5OECD90+EU,URB,26093.062746918204
SSP2_BaU_NoCC,2100,R5REF,OTH,253974.9918984375
SSP2_BaU_NoCC,2100,R5REF,CROP,60411.914319611584
SSP2_BaU_NoCC,2100,R5REF,CROP_FLW,83297.67040356707
SSP2_BaU_NoCC,2100,R5REF,PRM_FRS,870535.636627253
SSP2_BaU_NoCC,2100,R5REF,MNG_FRS,19473.682019797336
SSP2_BaU_NoCC,2100,R5REF,BIOCROP,14739.9151106186
SSP2_BaU_NoCC,2100,R5REF,GRAZING,373500.28877689556
SSP2_BaU_NoCC,2100,R5REF,GRASS,183338.7749760195
SSP2_BaU_NoCC,2100,R5REF,URB,5880.5270887603765
SSP2_BaU_NoCC,2100,R5MAF,OTH,1137323.0343437498
SSP2_BaU_NoCC,2100,R5MAF,CROP,681429.9634827889
SSP2_BaU_NoCC,2100,R5MAF,CROP_FLW,6915.074991055657
SSP2_BaU_NoCC,2100,R5MAF,PRM_FRS,281957.6694459005
SSP2_BaU_NoCC,2100,R5MAF,MNG_FRS,21962.086811216748
SSP2_BaU_NoCC,2100,R5MAF,BIOCROP,27929.588597822272
SSP2_BaU_NoCC,2100,R5MAF,GRAZING,1413065.4151139273
SSP2_BaU_NoCC,2100,R5MAF,GRASS,416255.23852171487
SSP2_BaU_NoCC,2100,R5MAF,URB,5952.48283633995
SSP2_BaU_NoCC,2100,R5LAM,OTH,72183.21731250001
SSP2_BaU_NoCC,2100,R5LAM,CROP,140297.51421978654
SSP2_BaU_NoCC,2100,R5LAM,CROP_FLW,20119.046757944387
SSP2_BaU_NoCC,2100,R5LAM,PRM_FRS,813084.1060436214
SSP2_BaU_NoCC,2100,R5LAM,MNG_FRS,12829.293386425014
SSP2_BaU_NoCC,2100,R5LAM,BIOCROP,18378.86987554835
SSP2_BaU_NoCC,2100,R5LAM,GRAZING,712804.1355301253
SSP2_BaU_NoCC,2100,R5LAM,GRASS,336783.34735942143
SSP2_BaU_NoCC,2100,R5LAM,URB,8636.873675798419
SSP2_500C_CACN_NoCC,base,USA,OTH,33613.452
SSP2_500C_CACN_NoCC,base,USA,URB,11695.345311309815
SSP2_500C_CACN_NoCC,base,XE25,OTH,3206.0
SSP2_500C_CACN_NoCC,base,XE25,URB,9106.496241195679
SSP2_500C_CACN_NoCC,base,XER,OTH,13232.0
SSP2_500C_CACN_NoCC,base,XER,URB,1090.242361709595
SSP2_500C_CACN_NoCC,base,TUR,URB,821.3799714660644
SSP2_500C_CACN_NoCC,base,XOC,OTH,1467.0
SSP2_500C_CACN_NoCC,base,XOC,URB,883.3264156804086
SSP2_500C_CACN_NoCC,base,CHN,OTH,239998.39534375
SSP2_500C_CACN_NoCC,base,CHN,URB,8006.078889526368
SSP2_500C_CACN_NoCC,base,IND,OTH,13430.3702109375
SSP2_500C_CACN_NoCC,base,IND,URB,3026.2728974914553
SSP2_500C_CACN_NoCC,base,JPN,URB,1710.2899680175783
SSP2_500C_CACN_NoCC,base,XSE,OTH,14506.901
SSP2_500C_CACN_NoCC,base,XSE,URB,3032.1656320037837
SSP2_500C_CACN_NoCC,base,XSA,OTH,44675.7545
SSP2_500C_CACN_NoCC,base,XSA,URB,866.7895990753174
SSP2_500C_CACN_NoCC,base,CAN,OTH,283585.656
SSP2_500C_CACN_NoCC,base,CAN,URB,785.9824775390625
SSP2_500C_CACN_NoCC,base,BRA,URB,3742.538360931397
SSP2_500C_CACN_NoCC,base,XLM,OTH,72183.21731250001
SSP2_500C_CACN_NoCC,base,XLM,URB,4894.335314867021
SSP2_500C_CACN_NoCC,base,CIS,OTH,253974.9918984375
SSP2_500C_CACN_NoCC,base,CIS,URB,5880.5270887603765
SSP2_500C_CACN_NoCC,base,XME,OTH,281021.7655625
SSP2_500C_CACN_NoCC,base,XME,URB,2128.071955810547
SSP2_500C_CACN_NoCC,base,XNF,OTH,456890.6350624999
SSP2_500C_CACN_NoCC,base,XNF,URB,927.4797019042969
SSP2_500C_CACN_NoCC,base,XAF,OTH,399410.63371875
SSP2_500C_CACN_NoCC,base,XAF,URB,2896.931178625107
SSP2_500C_CACN_NoCC,base,ASIA2,OTH,312611.42105468747
SSP2_500C_CACN_NoCC,base,ASIA2,URB,16641.596986114502
SSP2_500C_CACN_NoCC,base,World,OTH,2111196.772609375
SSP2_500C_CACN_NoCC,base,World,URB,61494.25336591386
SSP2_500C_CACN_NoCC,base,Non-OECD,OTH,1776092.664609375
SSP2_500C_CACN_NoCC,base,Non-OECD,URB,35401.19061899567
SSP2_500C_CACN_NoCC,base,Industrial,OTH,321872.108
SSP2_500C_CACN_NoCC,base,Industrial,URB,24181.440413742544
SSP2_500C_CACN_NoCC,base,Transition,OTH,520635.75745312497
SSP2_500C_CACN_NoCC,base,Transition,URB,22567.039569885255
SSP2_500C_CACN_NoCC,base,Developing,OTH,1268688.90715625
SSP2_500C_CACN_NoCC,base,Developing,URB,14745.773382286072
SSP2_500C_CACN_NoCC,base,R5ASIA,OTH,312611.42105468747
SSP2_500C_CACN_NoCC,base,R5ASIA,URB,14931.307018096923
SSP2_500C_CACN_NoCC,base,R5OECD90+EU,OTH,335104.108
SSP2_500C_CACN_NoCC,base,R5OECD90+EU,URB,26093.062746918204
SSP2_500C_CACN_NoCC,base,R5REF,OTH,253974.9918984375
SSP2_500C_CACN_NoCC,base,R5REF,URB,5880.5270887603765
SSP2_500C_CACN_NoCC,base,R5MAF,OTH,1137323.0343437498
SSP2_500C_CACN_NoCC,base,R5MAF,URB,5952.48283633995
SSP2_500C_CACN_NoCC,base,R5LAM,OTH,72183.21731250001
SSP2_500C_CACN_NoCC,base,R5LAM,URB,8636.873675798419
SSP2_500C_CACN_NoCC,1970,USA,OTH,33613.452
SSP2_500C_CACN_NoCC,1970,USA,URB,11695.345311309815
SSP2_500C_CACN_NoCC,1970,XE25,OTH,3206.0
SSP2_500C_CACN_NoCC,1970,XE25,URB,9106.496241195679
SSP2_500C_CACN_NoCC,1970,XER,OTH,13232.0
SSP2_500C_CACN_NoCC,1970,XER,URB,1090.242361709595
SSP2_500C_CACN_NoCC,1970,TUR,URB,821.3799714660644
SSP2_500C_CACN_NoCC,1970,XOC,OTH,1467.0
SSP2_500C_CACN_NoCC,1970,XOC,URB,883.3264156804086
SSP2_500C_CACN_NoCC,1970,CHN,OTH,239998.39534375
SSP2_500C_CACN_NoCC,1970,CHN,URB,8006.078889526368
SSP2_500C_CACN_NoCC,1970,IND,OTH,13430.3702109375
SSP2_500C_CACN_NoCC,1970,IND,URB,3026.2728974914553
SSP2_500C_CACN_NoCC,1970,JPN,URB,1710.2899680175783
SSP2_500C_CACN_NoCC,1970,XSE,OTH,14506.901
SSP2_500C_CACN_NoCC,1970,XSE,URB,3032.1656320037837
SSP2_500C_CACN_NoCC,1970,XSA,OTH,44675.7545
SSP2_500C_CACN_NoCC,1970,XSA,URB,866.7895990753174
SSP2_500C_CACN_NoCC,1970,CAN,OTH,283585.656
SSP2_500C_CACN_NoCC,1970,CAN,URB,785.9824775390625
SSP2_500C_CACN_NoCC,1970,BRA,URB,3742.538360931397
SSP2_500C_CACN_NoCC,1970,XLM,OTH,72183.21731250001
SSP2_500C_CACN_NoCC,1970,XLM,URB,4894.335314867021
SSP2_500C_CACN_NoCC,1970,CIS,OTH,253974.9918984375
SSP2_500C_CACN_NoCC,1970,CIS,URB,5880.5270887603765
SSP2_500C_CACN_NoCC,1970,XME,OTH,281021.7655625
SSP2_500C_CACN_NoCC,1970,XME,URB,2128.071955810547
SSP2_500C_CACN_NoCC,1970,XNF,OTH,456890.6350624999
SSP2_500C_CACN_NoCC,1970,XNF,URB,927.4797019042969
SSP2_500C_CACN_NoCC,1970,XAF,OTH,399410.63371875
SSP2_500C_CACN_NoCC,1970,XAF,URB,2896.931178625107
SSP2_500C_CACN_NoCC,1970,ASIA2,OTH,312611.42105468747
SSP2_500C_CACN_NoCC,1970,ASIA2,URB,16641.596986114502
SSP2_500C_CACN_NoCC,1970,World,OTH,2111196.772609375
SSP2_500C_CACN_NoCC,1970,World,URB,61494.25336591386
SSP2_500C_CACN_NoCC,1970,Non-OECD,OTH,1776092.664609375
SSP2_500C_CACN_NoCC,1970,Non-OECD,URB,35401.19061899567
SSP2_500C_CACN_NoCC,1970,Industrial,OTH,321872.108
SSP2_500C_CACN_NoCC,1970,Industrial,URB,24181.440413742544
SSP2_500C_CACN_NoCC,1970,Transition,OTH,520635.75745312497
SSP2_500C_CACN_NoCC,1970,Transition,URB,22567.039569885255
SSP2_500C_CACN_NoCC,1970,Developing,OTH,1268688.90715625
SSP2_500C_CACN_NoCC,1970,Developing,URB,14745.773382286072
SSP2_500C_CACN_NoCC,1970,R5ASIA,OTH,312611.42105468747
SSP2_500C_CACN_NoCC,1970,R5ASIA,URB,14931.307018096923
SSP2_500C_CACN_NoCC,1970,R5OECD90+EU,OTH,335104.108
SSP2_500C_CACN_NoCC,1970,R5OECD90+EU,URB,26093.062746918204
SSP2_500C_CACN_NoCC,1970,R5REF,OTH,253974.9918984375
SSP2_500C_CACN_NoCC,1970,R5REF,URB,5880.5270887603765
SSP2_500C_CACN_NoCC,1970,R5MAF,OTH,1137323.0343437498
SSP2_500C_CACN_NoCC,1970,R5MAF,URB,5952.48283633995
SSP2_500C_CACN_NoCC,1970,R5LAM,OTH,72183.21731250001
SSP2_500C_CACN_NoCC,1970,R5LAM,URB,8636.873675798419
SSP2_500C_CACN_NoCC,1971,USA,OTH,33613.452
SSP2_500C_CACN_NoCC,1971,USA,URB,11695.345311309815
SSP2_500C_CACN_NoCC,1971,XE25,OTH,3206.0
SSP2_500C_CACN_NoCC,1971,XE25,URB,9106.496241195679
SSP2_500C_CACN_NoCC,1971,XER,OTH,13232.0
SSP2_500C_CACN_NoCC,1971,XER,URB,1090.242361709595
SSP2_500C_CACN_NoCC,1971,TUR,URB,821.3799714660644
SSP2_500C_CACN_NoCC,1971,XOC,OTH,1467.0
SSP2_500C_CACN_NoCC,1971,XOC,URB,883.3264156804086
SSP2_500C_CACN_NoCC,1971,CHN,OTH,239998.39534375
SSP2_500C_CACN_NoCC,1971,CHN,URB,8006.078889526368
SSP2_500C_CACN_NoCC,1971,IND,OTH,13430.3702109375
SSP2_500C_CACN_NoCC,1971,IND,URB,3026.2728974914553
SSP2_500C_CACN_NoCC,1971,JPN,URB,1710.2899680175783
SSP2_500C_CACN_NoCC,1971,XSE,OTH,14506.901
SSP2_500C_CACN_NoCC,1971,XSE,URB,3032.1656320037837
SSP2_500C_CACN_NoCC,1971,XSA,OTH,44675.7545
SSP2_500C_CACN_NoCC,1971,XSA,URB,866.7895990753174
SSP2_500C_CACN_NoCC,1971,CAN,OTH,283585.656
SSP2_500C_CACN_NoCC,1971,CAN,URB,785.9824775390625
SSP2_500C_CACN_NoCC,1971,BRA,URB,3742.538360931397
SSP2_500C_CACN_NoCC,1971,XLM,OTH,72183.21731250001
SSP2_500C_CACN_NoCC,1971,XLM,URB,4894.335314867021
SSP2_500C_CACN_NoCC,1971,CIS,OTH,253974.9918984375
SSP2_500C_CACN_NoCC,1971,CIS,URB,5880.5270887603765
SSP2_500C_CACN_NoCC,1971,XME,OTH,281021.7655625
SSP2_500C_CACN_NoCC,1971,XME,URB,2128.071955810547
SSP2_500C_CACN_NoCC,1971,XNF,OTH,456890.6350624999
SSP2_500C_CACN_NoCC,1971,XNF,URB,927.4797019042969
SSP2_500C_CACN_NoCC,1971,XAF,OTH,399410.63371875
SSP2_500C_CACN_NoCC,1971,XAF,URB,2896.931178625107
SSP2_500C_CACN_NoCC,1971,ASIA2,OTH,312611.42105468747
SSP2_500C_CACN_NoCC,1971,ASIA2,URB,16641.596986114502
SSP2_500C_CACN_NoCC,1971,World,OTH,2111196.772609375
SSP2_500C_CACN_NoCC,1971,World,URB,61494.25336591386
SSP2_500C_CACN_NoCC,1971,Non-OECD,OTH,1776092.664609375
SSP2_500C_CACN_NoCC,1971,Non-OECD,URB,35401.19061899567
SSP2_500C_CACN_NoCC,1971,Industrial,OTH,321872.108
SSP2_500C_CACN_NoCC,1971,Industrial,URB,24181.440413742544
SSP2_500C_CACN_NoCC,1971,Transition,OTH,520635.75745312497
SSP2_500C_CACN_NoCC,1971,Transition,URB,22567.039569885255
SSP2_500C_CACN_NoCC,1971,Developing,OTH,1268688.90715625
SSP2_500C_CACN_NoCC,1971,Developing,URB,14745.773382286072
SSP2_500C_CACN_NoCC,1971,R5ASIA,OTH,312611.42105468747
SSP2_500C_CACN_NoCC,1971,R5ASIA,URB,14931.307018096923
SSP2_500C_CACN_NoCC,1971,R5OECD90+EU,OTH,335104.108
SSP2_500C_CACN_NoCC,1971,R5OECD90+EU,URB,26093.062746918204
SSP2_500C_CACN_NoCC,1971,R5REF,OTH,253974.9918984375
SSP2_500C_CACN_NoCC,1971,R5REF,URB,5880.5270887603765
SSP2_500C_CACN_NoCC,1971,R5MAF,OTH,1137323.0343437498
SSP2_500C_CACN_NoCC,1971,R5MAF,URB,5952.48283633995
SSP2_500C_CACN_NoCC,1971,R5LAM,OTH,72183.21731250001
SSP2_500C_CACN_NoCC,1971,R5LAM,URB,8636.873675798419
SSP2_500C_CACN_NoCC,1975,USA,OTH,33613.452
SSP2_500C_CACN_NoCC,1975,USA,URB,11695.345311309815
SSP2_500C_CACN_NoCC,1975,XE25,OTH,3206.0
SSP2_500C_CACN_NoCC,1975,XE25,URB,9106.496241195679
SSP2_500C_CACN_NoCC,1975,XER,OTH,13232.0
SSP2_500C_CACN_NoCC,1975,XER,URB,1090.242361709595
SSP2_500C_CACN_NoCC,1975,TUR,URB,821.3799714660644
SSP2_500C_CACN_NoCC,1975,XOC,OTH,1467.0
SSP2_500C_CACN_NoCC,1975,XOC,URB,883.3264156804086
SSP2_500C_CACN_NoCC,1975,CHN,OTH,239998.39534375
SSP2_500C_CACN_NoCC,1975,CHN,URB,8006.078889526368
SSP2_500C_CACN_NoCC,1975,IND,OTH,13430.3702109375
SSP2_500C_CACN_NoCC,1975,IND,URB,3026.2728974914553
SSP2_500C_CACN_NoCC,1975,JPN,URB,1710.2899680175783
SSP2_500C_CACN_NoCC,1975,XSE,OTH,14506.901
SSP2_500C_CACN_NoCC,1975,XSE,URB,3032.1656320037837
SSP2_500C_CACN_NoCC,1975,XSA,OTH,44675.7545
SSP2_500C_CACN_NoCC,1975,XSA,URB,866.7895990753174
SSP2_500C_CACN_NoCC,1975,CAN,OTH,283585.656
SSP2_500C_CACN_NoCC,1975,CAN,URB,785.9824775390625
SSP2_500C_CACN_NoCC,1975,BRA,URB,3742.538360931397
SSP2_500C_CACN_NoCC,1975,XLM,OTH,72183.21731250001
SSP2_500C_CACN_NoCC,1975,XLM,URB,4894.335314867021
SSP2_500C_CACN_NoCC,1975,CIS,OTH,253974.9918984375
SSP2_500C_CACN_NoCC,1975,CIS,URB,5880.5270887603765
SSP2_500C_CACN_NoCC,1975,XME,OTH,281021.7655625
SSP2_500C_CACN_NoCC,1975,XME,URB,2128.071955810547
SSP2_500C_CACN_NoCC,1975,XNF,OTH,456890.6350624999
SSP2_500C_CACN_NoCC,1975,XNF,URB,927.4797019042969
SSP2_500C_CACN_NoCC,1975,XAF,OTH,399410.63371875
SSP2_500C_CACN_NoCC,1975,XAF,URB,2896.931178625107
SSP2_500C_CACN_NoCC,1975,ASIA2,OTH,312611.42105468747
SSP2_500C_CACN_NoCC,1975,ASIA2,URB,16641.596986114502
SSP2_500C_CACN_NoCC,1975,World,OTH,2111196.772609375
SSP2_500C_CACN_NoCC,1975,World,URB,61494.25336591386
SSP2_500C_CACN_NoCC,1975,Non-OECD,OTH,1776092.664609375
SSP2_500C_CACN_NoCC,1975,Non-OECD,URB,35401.19061899567
SSP2_500C_CACN_NoCC,1975,Industrial,OTH,321872.108
SSP2_500C_CACN_NoCC,1975,Industrial,URB,24181.440413742544
SSP2_500C_CACN_NoCC,1975,Transition,OTH,520635.75745312497
SSP2_500C_CACN_NoCC,1975,Transition,URB,22567.039569885255
SSP2_500C_CACN_NoCC,1975,Developing,OTH,1268688.90715625
SSP2_500C_CACN_NoCC,1975,Developing,URB,14745.773382286072
SSP2_500C_CACN_NoCC,1975,R5ASIA,OTH,312611.42105468747
SSP2_500C_CACN_NoCC,1975,R5ASIA,URB,14931.307018096923
SSP2_500C_CACN_NoCC,1975,R5OECD90+EU,OTH,335104.108
SSP2_500C_CACN_NoCC,1975,R5OECD90+EU,URB,26093.062746918204
SSP2_500C_CACN_NoCC,1975,R5REF,OTH,253974.9918984375
SSP2_500C_CACN_NoCC,1975,R5REF,URB,5880.5270887603765
SSP2_500C_CACN_NoCC,1975,R5MAF,OTH,1137323.0343437498
SSP2_500C_CACN_NoCC,1975,R5MAF,URB,5952.48283633995
SSP2_500C_CACN_NoCC,1975,R5LAM,OTH,72183.21731250001
SSP2_500C_CACN_NoCC,1975,R5LAM,URB,8636.873675798419
SSP2_500C_CACN_NoCC,1980,USA,OTH,33613.452
SSP2_500C_CACN_NoCC,1980,USA,URB,11695.345311309815
SSP2_500C_CACN_NoCC,1980,XE25,OTH,3206.0
SSP2_500C_CACN_NoCC,1980,XE25,URB,9106.496241195679
SSP2_500C_CACN_NoCC,1980,XER,OTH,13232.0
SSP2_500C_CACN_NoCC,1980,XER,URB,1090.242361709595
SSP2_500C_CACN_NoCC,1980,TUR,URB,821.3799714660644
SSP2_500C_CACN_NoCC,1980,XOC,OTH,1467.0
SSP2_500C_CACN_NoCC,1980,XOC,URB,883.3264156804086
SSP2_500C_CACN_NoCC,1980,CHN,OTH,239998.39534375
SSP2_500C_CACN_NoCC,1980,CHN,URB,8006.078889526368
SSP2_500C_CACN_NoCC,1980,IND,OTH,13430.3702109375
SSP2_500C_CACN_NoCC,1980,IND,URB,3026.2728974914553
SSP2_500C_CACN_NoCC,1980,JPN,URB,1710.2899680175783
SSP2_500C_CACN_NoCC,1980,XSE,OTH,14506.901
SSP2_500C_CACN_NoCC,1980,XSE,URB,3032.1656320037837
SSP2_500C_CACN_NoCC,1980,XSA,OTH,44675.7545
SSP2_500C_CACN_NoCC,1980,XSA,URB,866.7895990753174
SSP2_500C_CACN_NoCC,1980,CAN,OTH,283585.656
SSP2_500C_CACN_NoCC,1980,CAN,URB,785.9824775390625
SSP2_500C_CACN_NoCC,1980,BRA,URB,3742.538360931397
SSP2_500C_CACN_NoCC,1980,XLM,OTH,72183.21731250001
SSP2_500C_CACN_NoCC,1980,XLM,URB,4894.335314867021
SSP2_500C_CACN_NoCC,1980,CIS,OTH,253974.9918984375
SSP2_500C_CACN_NoCC,1980,CIS,URB,5880.5270887603765
SSP2_500C_CACN_NoCC,1980,XME,OTH,281021.7655625
SSP2_500C_CACN_NoCC,1980,XME,URB,2128.071955810547
SSP2_500C_CACN_NoCC,1980,XNF,OTH,456890.6350624999
SSP2_500C_CACN_NoCC,1980,XNF,URB,927.4797019042969
SSP2_500C_CACN_NoCC,1980,XAF,OTH,399410.63371875
SSP2_500C_CACN_NoCC,1980,XAF,URB,2896.931178625107
SSP2_500C_CACN_NoCC,1980,ASIA2,OTH,312611.42105468747
SSP2_500C_CACN_NoCC,1980,ASIA2,URB,16641.596986114502
SSP2_500C_CACN_NoCC,1980,World,OTH,2111196.772609375
SSP2_500C_CACN_NoCC,1980,World,URB,61494.25336591386
SSP2_500C_CACN_NoCC,1980,Non-OECD,OTH,1776092.664609375
SSP2_500C_CACN_NoCC,1980,Non-OECD,URB,35401.19061899567
SSP2_500C_CACN_NoCC,1980,Industrial,OTH,321872.108
SSP2_500C_CACN_NoCC,1980,Industrial,URB,24181.440413742544
SSP2_500C_CACN_NoCC,1980,Transition,OTH,520635.75745312497
SSP2_500C_CACN_NoCC,1980,Transition,URB,22567.039569885255
SSP2_500C_CACN_NoCC,1980,Developing,OTH,1268688.90715625
SSP2_500C_CACN_NoCC,1980,Developing,URB,14745.773382286072
SSP2_500C_CACN_NoCC,1980,R5ASIA,OTH,312611.42105468747
SSP2_500C_CACN_NoCC,1980,R5ASIA,URB,14931.307018096923
SSP2_500C_CACN_NoCC,1980,R5OECD90+EU,OTH,335104.108
SSP2_500C_CACN_NoCC,1980,R5OECD90+EU,URB,26093.062746918204
SSP2_500C_CACN_NoCC,1980,R5REF,OTH,253974.9918984375
SSP2_500C_CACN_NoCC,1980,R5REF,URB,5880.5270887603765
SSP2_500C_CACN_NoCC,1980,R5MAF,OTH,1137323.0343437498
SSP2_500C_CACN_NoCC,1980,R5MAF,URB,5952.48283633995
SSP2_500C_CACN_NoCC,1980,R5LAM,OTH,72183.21731250001
SSP2_500C_CACN_NoCC,1980,R5LAM,URB,8636.873675798419
SSP2_500C_CACN_NoCC,1985,USA,OTH,33613.452
SSP2_500C_CACN_NoCC,1985,USA,URB,11695.345311309815
SSP2_500C_CACN_NoCC,1985,XE25,OTH,3206.0
SSP2_500C_CACN_NoCC,1985,XE25,URB,9106.496241195679
SSP2_500C_CACN_NoCC,1985,XER,OTH,13232.0
SSP2_500C_CACN_NoCC,1985,XER,URB,1090.242361709595
SSP2_500C_CACN_NoCC,1985,TUR,URB,821.3799714660644
SSP2_500C_CACN_NoCC,1985,XOC,OTH,1467.0
SSP2_500C_CACN_NoCC,1985,XOC,URB,883.3264156804086
SSP2_500C_CACN_NoCC,1985,CHN,OTH,239998.39534375
SSP2_500C_CACN_NoCC,1985,CHN,URB,8006.078889526368
SSP2_500C_CACN_NoCC,1985,IND,OTH,13430.3702109375
SSP2_500C_CACN_NoCC,1985,IND,URB,3026.2728974914553
SSP2_500C_CACN_NoCC,1985,JPN,URB,1710.2899680175783
SSP2_500C_CACN_NoCC,1985,XSE,OTH,14506.901
SSP2_500C_CACN_NoCC,1985,XSE,URB,3032.1656320037837
SSP2_500C_CACN_NoCC,1985,XSA,OTH,44675.7545
SSP2_500C_CACN_NoCC,1985,XSA,URB,866.7895990753174
SSP2_500C_CACN_NoCC,1985,CAN,OTH,283585.656
SSP2_500C_CACN_NoCC,1985,CAN,URB,785.9824775390625
SSP2_500C_CACN_NoCC,1985,BRA,URB,3742.538360931397
SSP2_500C_CACN_NoCC,1985,XLM,OTH,72183.21731250001
SSP2_500C_CACN_NoCC,1985,XLM,URB,4894.335314867021
SSP2_500C_CACN_NoCC,1985,CIS,OTH,253974.9918984375
SSP2_500C_CACN_NoCC,1985,CIS,URB,5880.5270887603765
SSP2_500C_CACN_NoCC,1985,XME,OTH,281021.7655625
SSP2_500C_CACN_NoCC,1985,XME,URB,2128.071955810547
SSP2_500C_CACN_NoCC,1985,XNF,OTH,456890.6350624999
SSP2_500C_CACN_NoCC,1985,XNF,URB,927.4797019042969
SSP2_500C_CACN_NoCC,1985,XAF,OTH,399410.63371875
SSP2_500C_CACN_NoCC,1985,XAF,URB,2896.931178625107
SSP2_500C_CACN_NoCC,1985,ASIA2,OTH,312611.42105468747
SSP2_500C_CACN_NoCC,1985,ASIA2,URB,16641.596986114502
SSP2_500C_CACN_NoCC,1985,World,OTH,2111196.772609375
SSP2_500C_CACN_NoCC,1985,World,URB,61494.25336591386
SSP2_500C_CACN_NoCC,1985,Non-OECD,OTH,1776092.664609375
SSP2_500C_CACN_NoCC,1985,Non-OECD,URB,35401.19061899567
SSP2_500C_CACN_NoCC,1985,Industrial,OTH,321872.108
SSP2_500C_CACN_NoCC,1985,Industrial,URB,24181.440413742544
SSP2_500C_CACN_NoCC,1985,Transition,OTH,520635.75745312497
SSP2_500C_CACN_NoCC,1985,Transition,URB,22567.039569885255
SSP2_500C_CACN_NoCC,1985,Developing,OTH,1268688.90715625
SSP2_500C_CACN_NoCC,1985,Developing,URB,14745.773382286072
SSP2_500C_CACN_NoCC,1985,R5ASIA,OTH,312611.42105468747
SSP2_500C_CACN_NoCC,1985,R5ASIA,URB,14931.307018096923
SSP2_500C_CACN_NoCC,1985,R5OECD90+EU,OTH,335104.108
SSP2_500C_CACN_NoCC,1985,R5OECD90+EU,URB,26093.062746918204
SSP2_500C_CACN_NoCC,1985,R5REF,OTH,253974.9918984375
SSP2_500C_CACN_NoCC,1985,R5REF,URB,5880.5270887603765
SSP2_500C_CACN_NoCC,1985,R5MAF,OTH,1137323.0343437498
SSP2_500C_CACN_NoCC,1985,R5MAF,URB,5952.48283633995
SSP2_500C_CACN_NoCC,1985,R5LAM,OTH,72183.21731250001
SSP2_500C_CACN_NoCC,1985,R5LAM,URB,8636.873675798419
SSP2_500C_CACN_NoCC,1990,USA,OTH,33613.452
SSP2_500C_CACN_NoCC,1990,USA,URB,11695.345311309815
SSP2_500C_CACN_NoCC,1990,XE25,OTH,3206.0
SSP2_500C_CACN_NoCC,1990,XE25,URB,9106.496241195679
SSP2_500C_CACN_NoCC,1990,XER,OTH,13232.0
SSP2_500C_CACN_NoCC,1990,XER,URB,1090.242361709595
SSP2_500C_CACN_NoCC,1990,TUR,URB,821.3799714660644
SSP2_500C_CACN_NoCC,1990,XOC,OTH,1467.0
SSP2_500C_CACN_NoCC,1990,XOC,URB,883.3264156804086
SSP2_500C_CACN_NoCC,1990,CHN,OTH,239998.39534375
SSP2_500C_CACN_NoCC,1990,CHN,URB,8006.078889526368
SSP2_500C_CACN_NoCC,1990,IND,OTH,13430.3702109375
SSP2_500C_CACN_NoCC,1990,IND,URB,3026.2728974914553
SSP2_500C_CACN_NoCC,1990,JPN,URB,1710.2899680175783
SSP2_500C_CACN_NoCC,1990,XSE,OTH,14506.901
SSP2_500C_CACN_NoCC,1990,XSE,URB,3032.1656320037837
SSP2_500C_CACN_NoCC,1990,XSA,OTH,44675.7545
SSP2_500C_CACN_NoCC,1990,XSA,URB,866.7895990753174
SSP2_500C_CACN_NoCC,1990,CAN,OTH,283585.656
SSP2_500C_CACN_NoCC,1990,CAN,URB,785.9824775390625
SSP2_500C_CACN_NoCC,1990,BRA,URB,3742.538360931397
SSP2_500C_CACN_NoCC,1990,XLM,OTH,72183.21731250001
SSP2_500C_CACN_NoCC,1990,XLM,URB,4894.335314867021
SSP2_500C_CACN_NoCC,1990,CIS,OTH,253974.9918984375
SSP2_500C_CACN_NoCC,1990,CIS,URB,5880.5270887603765
SSP2_500C_CACN_NoCC,1990,XME,OTH,281021.7655625
SSP2_500C_CACN_NoCC,1990,XME,URB,2128.071955810547
SSP2_500C_CACN_NoCC,1990,XNF,OTH,456890.6350624999
SSP2_500C_CACN_NoCC,1990,XNF,URB,927.4797019042969
SSP2_500C_CACN_NoCC,1990,XAF,OTH,399410.63371875
SSP2_500C_CACN_NoCC,1990,XAF,URB,2896.931178625107
SSP2_500C_CACN_NoCC,1990,ASIA2,OTH,312611.42105468747
SSP2_500C_CACN_NoCC,1990,ASIA2,URB,16641.596986114502
SSP2_500C_CACN_NoCC,1990,World,OTH,2111196.772609375
SSP2_500C_CACN_NoCC,1990,World,URB,61494.25336591386
SSP2_500C_CACN_NoCC,1990,Non-OECD,OTH,1776092.664609375
SSP2_500C_CACN_NoCC,1990,Non-OECD,URB,35401.19061899567
SSP2_500C_CACN_NoCC,1990,Industrial,OTH,321872.108
SSP2_500C_CACN_NoCC,1990,Industrial,URB,24181.440413742544
SSP2_500C_CACN_NoCC,1990,Transition,OTH,520635.75745312497
SSP2_500C_CACN_NoCC,1990,Transition,URB,22567.039569885255
SSP2_500C_CACN_NoCC,1990,Developing,OTH,1268688.90715625
SSP2_500C_CACN_NoCC,1990,Developing,URB,14745.773382286072
SSP2_500C_CACN_NoCC,1990,R5ASIA,OTH,312611.42105468747
SSP2_500C_CACN_NoCC,1990,R5ASIA,URB,14931.307018096923
SSP2_500C_CACN_NoCC,1990,R5OECD90+EU,OTH,335104.108
SSP2_500C_CACN_NoCC,1990,R5OECD90+EU,URB,26093.062746918204
SSP2_500C_CACN_NoCC,1990,R5REF,OTH,253974.9918984375
SSP2_500C_CACN_NoCC,1990,R5REF,URB,5880.5270887603765
SSP2_500C_CACN_NoCC,1990,R5MAF,OTH,1137323.0343437498
SSP2_500C_CACN_NoCC,1990,R5MAF,URB,5952.48283633995
SSP2_500C_CACN_NoCC,1990,R5LAM,OTH,72183.21731250001
SSP2_500C_CACN_NoCC,1990,R5LAM,URB,8636.873675798419
SSP2_500C_CACN_NoCC,1995,USA,OTH,33613.452
SSP2_500C_CACN_NoCC,1995,USA,URB,11695.345311309815
SSP2_500C_CACN_NoCC,1995,XE25,OTH,3206.0
SSP2_500C_CACN_NoCC,1995,XE25,URB,9106.496241195679
SSP2_500C_CACN_NoCC,1995,XER,OTH,13232.0
SSP2_500C_CACN_NoCC,1995,XER,URB,1090.242361709595
SSP2_500C_CACN_NoCC,1995,TUR,URB,821.3799714660644
SSP2_500C_CACN_NoCC,1995,XOC,OTH,1467.0
SSP2_500C_CACN_NoCC,1995,XOC,URB,883.3264156804086
SSP2_500C_CACN_NoCC,1995,CHN,OTH,239998.39534375
SSP2_500C_CACN_NoCC,1995,CHN,URB,8006.078889526368
SSP2_500C_CACN_NoCC,1995,IND,OTH,13430.3702109375
SSP2_500C_CACN_NoCC,1995,IND,URB,3026.2728974914553
SSP2_500C_CACN_NoCC,1995,JPN,URB,1710.2899680175783
SSP2_500C_CACN_NoCC,1995,XSE,OTH,14506.901
SSP2_500C_CACN_NoCC,1995,XSE,URB,3032.1656320037837
SSP2_500C_CACN_NoCC,1995,XSA,OTH,44675.7545
SSP2_500C_CACN_NoCC,1995,XSA,URB,866.7895990753174
SSP2_500C_CACN_NoCC,1995,CAN,OTH,283585.656
SSP2_500C_CACN_NoCC,1995,CAN,URB,785.9824775390625
SSP2_500C_CACN_NoCC,1995,BRA,URB,3742.538360931397
SSP2_500C_CACN_NoCC,1995,XLM,OTH,72183.21731250001
SSP2_500C_CACN_NoCC,1995,XLM,URB,4894.335314867021
SSP2_500C_CACN_NoCC,1995,CIS,OTH,253974.9918984375
SSP2_500C_CACN_NoCC,1995,CIS,URB,5880.5270887603765
SSP2_500C_CACN_NoCC,1995,XME,OTH,281021.7655625
SSP2_500C_CACN_NoCC,1995,XME,URB,2128.071955810547
SSP2_500C_CACN_NoCC,1995,XNF,OTH,456890.6350624999
SSP2_500C_CACN_NoCC,1995,XNF,URB,927.4797019042969
SSP2_500C_CACN_NoCC,1995,XAF,OTH,399410.63371875
SSP2_500C_CACN_NoCC,1995,XAF,URB,2896.931178625107
SSP2_500C_CACN_NoCC,1995,ASIA2,OTH,312611.42105468747
SSP2_500C_CACN_NoCC,1995,ASIA2,URB,16641.596986114502
SSP2_500C_CACN_NoCC,1995,World,OTH,2111196.772609375
SSP2_500C_CACN_NoCC,1995,World,URB,61494.25336591386
SSP2_500C_CACN_NoCC,1995,Non-OECD,OTH,1776092.664609375
SSP2_500C_CACN_NoCC,1995,Non-OECD,URB,35401.19061899567
SSP2_500C_CACN_NoCC,1995,Industrial,OTH,321872.108
SSP2_500C_CACN_NoCC,1995,Industrial,URB,24181.440413742544
SSP2_500C_CACN_NoCC,1995,Transition,OTH,520635.75745312497
SSP2_500C_CACN_NoCC,1995,Transition,URB,22567.039569885255
SSP2_500C_CACN_NoCC,1995,Developing,OTH,1268688.90715625
SSP2_500C_CACN_NoCC,1995,Developing,URB,14745.773382286072
SSP2_500C_CACN_NoCC,1995,R5ASIA,OTH,312611.42105468747
SSP2_500C_CACN_NoCC,1995,R5ASIA,URB,14931.307018096923
SSP2_500C_CACN_NoCC,1995,R5OECD90+EU,OTH,335104.108
SSP2_500C_CACN_NoCC,1995,R5OECD90+EU,URB,26093.062746918204
SSP2_500C_CACN_NoCC,1995,R5REF,OTH,253974.9918984375
SSP2_500C_CACN_NoCC,1995,R5REF,URB,5880.5270887603765
SSP2_500C_CACN_NoCC,1995,R5MAF,OTH,1137323.0343437498
SSP2_500C_CACN_NoCC,1995,R5MAF,URB,5952.48283633995
SSP2_500C_CACN_NoCC,1995,R5LAM,OTH,72183.21731250001
SSP2_500C_CACN_NoCC,1995,R5LAM,URB,8636.873675798419
SSP2_500C_CACN_NoCC,2000,USA,OTH,33613.452
SSP2_500C_CACN_NoCC,2000,USA,URB,11695.345311309815
SSP2_500C_CACN_NoCC,2000,XE25,OTH,3206.0
SSP2_500C_CACN_NoCC,2000,XE25,URB,9106.496241195679
SSP2_500C_CACN_NoCC,2000,XER,OTH,13232.0
SSP2_500C_CACN_NoCC,2000,XER,URB,1090.242361709595
SSP2_500C_CACN_NoCC,2000,TUR,URB,821.3799714660644
SSP2_500C_CACN_NoCC,2000,XOC,OTH,1467.0
SSP2_500C_CACN_NoCC,2000,XOC,URB,883.3264156804086
SSP2_500C_CACN_NoCC,2000,CHN,OTH,239998.39534375
SSP2_500C_CACN_NoCC,2000,CHN,URB,8006.078889526368
SSP2_500C_CACN_NoCC,2000,IND,OTH,13430.3702109375
SSP2_500C_CACN_NoCC,2000,IND,URB,3026.2728974914553
SSP2_500C_CACN_NoCC,2000,JPN,URB,1710.2899680175783
SSP2_500C_CACN_NoCC,2000,XSE,OTH,14506.901
SSP2_500C_CACN_NoCC,2000,XSE,URB,3032.1656320037837
SSP2_500C_CACN_NoCC,2000,XSA,OTH,44675.7545
SSP2_500C_CACN_NoCC,2000,XSA,URB,866.7895990753174
SSP2_500C_CACN_NoCC,2000,CAN,OTH,283585.656
SSP2_500C_CACN_NoCC,2000,CAN,URB,785.9824775390625
SSP2_500C_CACN_NoCC,2000,BRA,URB,3742.538360931397
SSP2_500C_CACN_NoCC,2000,XLM,OTH,72183.21731250001
SSP2_500C_CACN_NoCC,2000,XLM,URB,4894.335314867021
SSP2_500C_CACN_NoCC,2000,CIS,OTH,253974.9918984375
SSP2_500C_CACN_NoCC,2000,CIS,URB,5880.5270887603765
SSP2_500C_CACN_NoCC,2000,XME,OTH,281021.7655625
SSP2_500C_CACN_NoCC,2000,XME,URB,2128.071955810547
SSP2_500C_CACN_NoCC,2000,XNF,OTH,456890.6350624999
SSP2_500C_CACN_NoCC,2000,XNF,URB,927.4797019042969
SSP2_500C_CACN_NoCC,2000,XAF,OTH,399410.63371875
SSP2_500C_CACN_NoCC,2000,XAF,URB,2896.931178625107
SSP2_500C_CACN_NoCC,2000,ASIA2,OTH,312611.42105468747
SSP2_500C_CACN_NoCC,2000,ASIA2,URB,16641.596986114502
SSP2_500C_CACN_NoCC,2000,World,OTH,2111196.772609375
SSP2_500C_CACN_NoCC,2000,World,URB,61494.25336591386
SSP2_500C_CACN_NoCC,2000,Non-OECD,OTH,1776092.664609375
SSP2_500C_CACN_NoCC,2000,Non-OECD,URB,35401.19061899567
SSP2_500C_CACN_NoCC,2000,Industrial,OTH,321872.108
SSP2_500C_CACN_NoCC,2000,Industrial,URB,24181.440413742544
SSP2_500C_CACN_NoCC,2000,Transition,OTH,520635.75745312497
SSP2_500C_CACN_NoCC,2000,Transition,URB,22567.039569885255
SSP2_500C_CACN_NoCC,2000,Developing,OTH,1268688.90715625
SSP2_500C_CACN_NoCC,2000,Developing,URB,14745.773382286072
SSP2_500C_CACN_NoCC,2000,R5ASIA,OTH,312611.42105468747
SSP2_500C_CACN_NoCC,2000,R5ASIA,URB,14931.307018096923
SSP2_500C_CACN_NoCC,2000,R5OECD90+EU,OTH,335104.108
SSP2_500C_CACN_NoCC,2000,R5OECD90+EU,URB,26093.062746918204
SSP2_500C_CACN_NoCC,2000,R5REF,OTH,253974.9918984375
SSP2_500C_CACN_NoCC,2000,R5REF,URB,5880.5270887603765
SSP2_500C_CACN_NoCC,2000,R5MAF,OTH,1137323.0343437498
SSP2_500C_CACN_NoCC,2000,R5MAF,URB,5952.48283633995
SSP2_500C_CACN_NoCC,2000,R5LAM,OTH,72183.21731250001
SSP2_500C_CACN_NoCC,2000,R5LAM,URB,8636.873675798419
SSP2_500C_CACN_NoCC,2005,USA,OTH,33613.452
SSP2_500C_CACN_NoCC,2005,USA,CROP,94642.70312880125
SSP2_500C_CACN_NoCC,2005,USA,CROP_FLW,81622.63811459148
SSP2_500C_CACN_NoCC,2005,USA,PRM_FRS,242507.45654530247
SSP2_500C_CACN_NoCC,2005,USA,MNG_FRS,60581.5434546975
SSP2_500C_CACN_NoCC,2005,USA,GRAZING,237318.18665873658
SSP2_500C_CACN_NoCC,2005,USA,GRASS,117479.38098168658
SSP2_500C_CACN_NoCC,2005,USA,URB,11695.345311309815
SSP2_500C_CACN_NoCC,2005,XE25,OTH,3206.0
SSP2_500C_CACN_NoCC,2005,XE25,CROP,79553.85853715289
SSP2_500C_CACN_NoCC,2005,XE25,CROP_FLW,27002.3069212668
SSP2_500C_CACN_NoCC,2005,XE25,PRM_FRS,77971.50505280773
SSP2_500C_CACN_NoCC,2005,XE25,MNG_FRS,67553.15885961798
SSP2_500C_CACN_NoCC,2005,XE25,GRAZING,58837.337054252486
SSP2_500C_CACN_NoCC,2005,XE25,GRASS,32786.10163064816
SSP2_500C_CACN_NoCC,2005,XE25,URB,9106.496241195679
SSP2_500C_CACN_NoCC,2005,XER,OTH,13232.0
SSP2_500C_CACN_NoCC,2005,XER,CROP,51725.91610019929
SSP2_500C_CACN_NoCC,2005,XER,CROP_FLW,2030.223888096895
SSP2_500C_CACN_NoCC,2005,XER,PRM_FRS,19843.511989405495
SSP2_500C_CACN_NoCC,2005,XER,MNG_FRS,7786.678810744741
SSP2_500C_CACN_NoCC,2005,XER,GRAZING,14340.737367386038
SSP2_500C_CACN_NoCC,2005,XER,GRASS,3391.043605557056
SSP2_500C_CACN_NoCC,2005,XER,URB,1090.242361709595
SSP2_500C_CACN_NoCC,2005,TUR,CROP,20147.652949944695
SSP2_500C_CACN_NoCC,2005,TUR,CROP_FLW,6270.283135140101
SSP2_500C_CACN_NoCC,2005,TUR,PRM_FRS,8905.738701065311
SSP2_500C_CACN_NoCC,2005,TUR,MNG_FRS,1269.2612989346887
SSP2_500C_CACN_NoCC,2005,TUR,GRAZING,14496.02421725271
SSP2_500C_CACN_NoCC,2005,TUR,GRASS,24249.831106243728
SSP2_500C_CACN_NoCC,2005,TUR,URB,821.3799714660644
SSP2_500C_CACN_NoCC,2005,XOC,OTH,1467.0
SSP2_500C_CACN_NoCC,2005,XOC,CROP,21661.587131297358
SSP2_500C_CACN_NoCC,2005,XOC,CROP_FLW,29213.293323836377
SSP2_500C_CACN_NoCC,2005,XOC,PRM_FRS,167275.7669873254
SSP2_500C_CACN_NoCC,2005,XOC,MNG_FRS,4686.540878717308
SSP2_500C_CACN_NoCC,2005,XOC,GRAZING,407001.0000000001
SSP2_500C_CACN_NoCC,2005,XOC,GRASS,468655.9971627584
SSP2_500C_CACN_NoCC,2005,XOC,URB,883.3264156804086
SSP2_500C_CACN_NoCC,2005,CHN,OTH,239998.39534375
SSP2_500C_CACN_NoCC,2005,CHN,CROP,131932.9096482798
SSP2_500C_CACN_NoCC,2005,CHN,PRM_FRS,169284.80709920282
SSP2_500C_CACN_NoCC,2005,CHN,MNG_FRS,28005.192900797214
SSP2_500C_CACN_NoCC,2005,CHN,GRAZING,399640.0415174307
SSP2_500C_CACN_NoCC,2005,CHN,GRASS,93748.82837253771
SSP2_500C_CACN_NoCC,2005,CHN,URB,8006.078889526368
SSP2_500C_CACN_NoCC,2005,IND,OTH,13430.3702109375
SSP2_500C_CACN_NoCC,2005,IND,CROP,149855.42748986982
SSP2_500C_CACN_NoCC,2005,IND,PRM_FRS,53179.1409616348
SSP2_500C_CACN_NoCC,2005,IND,MNG_FRS,14521.8590383652
SSP2_500C_CACN_NoCC,2005,IND,GRAZING,10415.0
SSP2_500C_CACN_NoCC,2005,IND,GRASS,32046.68114207883
SSP2_500C_CACN_NoCC,2005,IND,URB,3026.2728974914553
SSP2_500C_CACN_NoCC,2005,JPN,CROP,2896.9210940380995
SSP2_500C_CACN_NoCC,2005,JPN,CROP_FLW,862.5823508315736
SSP2_500C_CACN_NoCC,2005,JPN,PRM_FRS,21960.133070402633
SSP2_500C_CACN_NoCC,2005,JPN,MNG_FRS,2907.8669295973646
SSP2_500C_CACN_NoCC,2005,JPN,GRAZING,49.87032459670535
SSP2_500C_CACN_NoCC,2005,JPN,GRASS,683.9519801590851
SSP2_500C_CACN_NoCC,2005,JPN,URB,1710.2899680175783
SSP2_500C_CACN_NoCC,2005,XSE,OTH,14506.901
SSP2_500C_CACN_NoCC,2005,XSE,CROP,86492.82976272554
SSP2_500C_CACN_NoCC,2005,XSE,CROP_FLW,12414.097435956868
SSP2_500C_CACN_NoCC,2005,XSE,PRM_FRS,215975.71110041416
SSP2_500C_CACN_NoCC,2005,XSE,MNG_FRS,10356.335718992324
SSP2_500C_CACN_NoCC,2005,XSE,GRAZING,130067.88071821834
SSP2_500C_CACN_NoCC,2005,XSE,GRASS,78958.4312715423
SSP2_500C_CACN_NoCC,2005,XSE,URB,3032.1656320037837
SSP2_500C_CACN_NoCC,2005,XSA,OTH,44675.7545
SSP2_500C_CACN_NoCC,2005,XSA,CROP,32370.31167093366
SSP2_500C_CACN_NoCC,2005,XSA,CROP_FLW,7675.9021077603375
SSP2_500C_CACN_NoCC,2005,XSA,PRM_FRS,8720.611815295257
SSP2_500C_CACN_NoCC,2005,XSA,MNG_FRS,4159.844877656197
SSP2_500C_CACN_NoCC,2005,XSA,GRAZING,38875.62142961343
SSP2_500C_CACN_NoCC,2005,XSA,GRASS,47260.62952651719
SSP2_500C_CACN_NoCC,2005,XSA,URB,866.7895990753174
SSP2_500C_CACN_NoCC,2005,CAN,OTH,283585.656
SSP2_500C_CACN_NoCC,2005,CAN,CROP,25884.178000088254
SSP2_500C_CACN_NoCC,2005,CAN,CROP_FLW,25523.512844024306
SSP2_500C_CACN_NoCC,2005,CAN,PRM_FRS,261618.50989653936
SSP2_500C_CACN_NoCC,2005,CAN,MNG_FRS,48515.49010346063
SSP2_500C_CACN_NoCC,2005,CAN,GRAZING,15322.669478146787
SSP2_500C_CACN_NoCC,2005,CAN,GRASS,8485.396220873323
SSP2_500C_CACN_NoCC,2005,CAN,URB,785.9824775390625
SSP2_500C_CACN_NoCC,2005,BRA,CROP,61826.71992204339
SSP2_500C_CACN_NoCC,2005,BRA,CROP_FLW,4031.8027951200825
SSP2_500C_CACN_NoCC,2005,BRA,PRM_FRS,470624.1668813751
SSP2_500C_CACN_NoCC,2005,BRA,MNG_FRS,7073.833118624849
SSP2_500C_CACN_NoCC,2005,BRA,GRAZING,197000.00000000006
SSP2_500C_CACN_NoCC,2005,BRA,GRASS,159958.04573655108
SSP2_500C_CACN_NoCC,2005,BRA,URB,3742.538360931397
SSP2_500C_CACN_NoCC,2005,XLM,OTH,72183.21731250001
SSP2_500C_CACN_NoCC,2005,XLM,CROP,69468.39136595798
SSP2_500C_CACN_NoCC,2005,XLM,CROP_FLW,24919.718678159035
SSP2_500C_CACN_NoCC,2005,XLM,PRM_FRS,427540.6754520419
SSP2_500C_CACN_NoCC,2005,XLM,MNG_FRS,17515.785545758645
SSP2_500C_CACN_NoCC,2005,XLM,GRAZING,352433.8290836653
SSP2_500C_CACN_NoCC,2005,XLM,GRASS,261903.34459357464
SSP2_500C_CACN_NoCC,2005,XLM,URB,4894.335314867021
SSP2_500C_CACN_NoCC,2005,CIS,OTH,253974.9918984375
SSP2_500C_CACN_NoCC,2005,CIS,CROP,115980.68632163315
SSP2_500C_CACN_NoCC,2005,CIS,CROP_FLW,92359.12717792591
SSP2_500C_CACN_NoCC,2005,CIS,PRM_FRS,786765.8375097129
SSP2_500C_CACN_NoCC,2005,CIS,MNG_FRS,52723.53808379956
SSP2_500C_CACN_NoCC,2005,CIS,GRAZING,361322.1605712376
SSP2_500C_CACN_NoCC,2005,CIS,GRASS,196146.53256945367
SSP2_500C_CACN_NoCC,2005,CIS,URB,5880.5270887603765
SSP2_500C_CACN_NoCC,2005,XME,OTH,281021.7655625
SSP2_500C_CACN_NoCC,2005,XME,CROP,28065.01485206794
SSP2_500C_CACN_NoCC,2005,XME,CROP_FLW,4924.484161397701
SSP2_500C_CACN_NoCC,2005,XME,PRM_FRS,11826.449340625002
SSP2_500C_CACN_NoCC,2005,XME,MNG_FRS,623.7515744230127
SSP2_500C_CACN_NoCC,2005,XME,GRAZING,237368.13575828768
SSP2_500C_CACN_NoCC,2005,XME,GRASS,114186.4356692811
SSP2_500C_CACN_NoCC,2005,XME,URB,2128.071955810547
SSP2_500C_CACN_NoCC,2005,XNF,OTH,456890.6350624999
SSP2_500C_CACN_NoCC,2005,XNF,CROP,20777.587248088657
SSP2_500C_CACN_NoCC,2005,XNF,CROP_FLW,7234.4544597706035
SSP2_500C_CACN_NoCC,2005,XNF,PRM_FRS,4292.090662500001
SSP2_500C_CACN_NoCC,2005,XNF,MNG_FRS,71.9093375
SSP2_500C_CACN_NoCC,2005,XNF,GRAZING,67864.57327495172
SSP2_500C_CACN_NoCC,2005,XNF,GRASS,15007.352458255664
SSP2_500C_CACN_NoCC,2005,XNF,URB,927.4797019042969
SSP2_500C_CACN_NoCC,2005,XAF,OTH,399410.63371875
SSP2_500C_CACN_NoCC,2005,XAF,CROP,173242.65868010602
SSP2_500C_CACN_NoCC,2005,XAF,CROP_FLW,34571.445443469915
SSP2_500C_CACN_NoCC,2005,XAF,PRM_FRS,608408.8926684535
SSP2_500C_CACN_NoCC,2005,XAF,MNG_FRS,18651.999046563822
SSP2_500C_CACN_NoCC,2005,XAF,GRAZING,833777.0000000002
SSP2_500C_CACN_NoCC,2005,XAF,GRASS,668620.802328684
SSP2_500C_CACN_NoCC,2005,XAF,URB,2896.931178625107
SSP2_500C_CACN_NoCC,2005,ASIA2,OTH,312611.42105468747
SSP2_500C_CACN_NoCC,2005,ASIA2,CROP,403548.399665847
SSP2_500C_CACN_NoCC,2005,ASIA2,CROP_FLW,20952.581894548777
SSP2_500C_CACN_NoCC,2005,ASIA2,PRM_FRS,469120.40404694964
SSP2_500C_CACN_NoCC,2005,ASIA2,MNG_FRS,59951.099465408304
SSP2_500C_CACN_NoCC,2005,ASIA2,GRAZING,579048.4139898592
SSP2_500C_CACN_NoCC,2005,ASIA2,GRASS,252698.5222928351
SSP2_500C_CACN_NoCC,2005,ASIA2,URB,16641.596986114502
SSP2_500C_CACN_NoCC,2005,World,OTH,2111196.772609375
SSP2_500C_CACN_NoCC,2005,World,CROP,1166525.3539032277
SSP2_500C_CACN_NoCC,2005,World,CROP_FLW,360655.87283734797
SSP2_500C_CACN_NoCC,2005,World,PRM_FRS,3556701.0057341037
SSP2_500C_CACN_NoCC,2005,World,MNG_FRS,347004.589578251
SSP2_500C_CACN_NoCC,2005,World,GRAZING,3376130.0674537765
SSP2_500C_CACN_NoCC,2005,World,GRASS,2323568.7863564026
SSP2_500C_CACN_NoCC,2005,World,URB,61494.25336591386
SSP2_500C_CACN_NoCC,2005,Non-OECD,OTH,1776092.664609375
SSP2_500C_CACN_NoCC,2005,Non-OECD,CROP,870012.536961706
SSP2_500C_CACN_NoCC,2005,Non-OECD,CROP_FLW,188131.03225956048
SSP2_500C_CACN_NoCC,2005,Non-OECD,PRM_FRS,2756618.3834912553
SSP2_500C_CACN_NoCC,2005,Non-OECD,MNG_FRS,153704.0492424808
SSP2_500C_CACN_NoCC,2005,Non-OECD,GRAZING,2628764.242353405
SSP2_500C_CACN_NoCC,2005,Non-OECD,GRASS,1667837.0836684762
SSP2_500C_CACN_NoCC,2005,Non-OECD,URB,35401.19061899567
SSP2_500C_CACN_NoCC,2005,Industrial,OTH,321872.108
SSP2_500C_CACN_NoCC,2005,Industrial,CROP,224639.24789137783
SSP2_500C_CACN_NoCC,2005,Industrial,CROP_FLW,164224.33355455054
SSP2_500C_CACN_NoCC,2005,Industrial,PRM_FRS,771333.3715523776
SSP2_500C_CACN_NoCC,2005,Industrial,MNG_FRS,184244.6002260908
SSP2_500C_CACN_NoCC,2005,Industrial,GRAZING,718529.0635157328
SSP2_500C_CACN_NoCC,2005,Industrial,GRASS,628090.8279761255
SSP2_500C_CACN_NoCC,2005,Industrial,URB,24181.440413742544
SSP2_500C_CACN_NoCC,2005,Transition,OTH,520635.75745312497
SSP2_500C_CACN_NoCC,2005,Transition,CROP,531469.3124319701
SSP2_500C_CACN_NoCC,2005,Transition,CROP_FLW,104691.436996283
SSP2_500C_CACN_NoCC,2005,Transition,PRM_FRS,1508603.2031423964
SSP2_500C_CACN_NoCC,2005,Transition,MNG_FRS,111380.36325126624
SSP2_500C_CACN_NoCC,2005,Transition,GRAZING,997213.9636733071
SSP2_500C_CACN_NoCC,2005,Transition,GRASS,509540.96253242216
SSP2_500C_CACN_NoCC,2005,Transition,URB,22567.039569885255
SSP2_500C_CACN_NoCC,2005,Developing,OTH,1268688.90715625
SSP2_500C_CACN_NoCC,2005,Developing,CROP,410416.7935798798
SSP2_500C_CACN_NoCC,2005,Developing,CROP_FLW,91740.10228651446
SSP2_500C_CACN_NoCC,2005,Developing,PRM_FRS,1276764.4310393299
SSP2_500C_CACN_NoCC,2005,Developing,MNG_FRS,51379.626100894006
SSP2_500C_CACN_NoCC,2005,Developing,GRAZING,1660387.0402647366
SSP2_500C_CACN_NoCC,2005,Developing,GRASS,1185936.9958478548
SSP2_500C_CACN_NoCC,2005,Developing,URB,14745.773382286072
SSP2_500C_CACN_NoCC,2005,R5ASIA,OTH,312611.42105468747
SSP2_500C_CACN_NoCC,2005,R5ASIA,CROP,400651.47857180884
SSP2_500C_CACN_NoCC,2005,R5ASIA,CROP_FLW,20089.999543717204
SSP2_500C_CACN_NoCC,2005,R5ASIA,PRM_FRS,447160.27097654704
SSP2_500C_CACN_NoCC,2005,R5ASIA,MNG_FRS,57043.23253581094
SSP2_500C_CACN_NoCC,2005,R5ASIA,GRAZING,578998.5436652625
SSP2_500C_CACN_NoCC,2005,R5ASIA,GRASS,252014.57031267602
SSP2_500C_CACN_NoCC,2005,R5ASIA,URB,14931.307018096923
SSP2_500C_CACN_NoCC,2005,R5OECD90+EU,OTH,335104.108
SSP2_500C_CACN_NoCC,2005,R5OECD90+EU,CROP,296512.8169415218
SSP2_500C_CACN_NoCC,2005,R5OECD90+EU,CROP_FLW,172524.84057778755
SSP2_500C_CACN_NoCC,2005,R5OECD90+EU,PRM_FRS,800082.6222428484
SSP2_500C_CACN_NoCC,2005,R5OECD90+EU,MNG_FRS,193300.54033577023
SSP2_500C_CACN_NoCC,2005,R5OECD90+EU,GRAZING,747365.8251003716
SSP2_500C_CACN_NoCC,2005,R5OECD90+EU,GRASS,655731.7026879262
SSP2_500C_CACN_NoCC,2005,R5OECD90+EU,URB,26093.062746918204
SSP2_500C_CACN_NoCC,2005,R5REF,OTH,253974.9918984375
SSP2_500C_CACN_NoCC,2005,R5REF,CROP,115980.68632163315
SSP2_500C_CACN_NoCC,2005,R5REF,CROP_FLW,92359.12717792591
SSP2_500C_CACN_NoCC,2005,R5REF,PRM_FRS,786765.8375097129
SSP2_500C_CACN_NoCC,2005,R5REF,MNG_FRS,52723.53808379956
SSP2_500C_CACN_NoCC,2005,R5REF,GRAZING,361322.1605712376
SSP2_500C_CACN_NoCC,2005,R5REF,GRASS,196146.53256945367
SSP2_500C_CACN_NoCC,2005,R5REF,URB,5880.5270887603765
SSP2_500C_CACN_NoCC,2005,R5MAF,OTH,1137323.0343437498
SSP2_500C_CACN_NoCC,2005,R5MAF,CROP,222085.26078026262
SSP2_500C_CACN_NoCC,2005,R5MAF,CROP_FLW,46730.384064638216
SSP2_500C_CACN_NoCC,2005,R5MAF,PRM_FRS,624527.4326715785
SSP2_500C_CACN_NoCC,2005,R5MAF,MNG_FRS,19347.659958486835
SSP2_500C_CACN_NoCC,2005,R5MAF,GRAZING,1139009.7090332396
SSP2_500C_CACN_NoCC,2005,R5MAF,GRASS,797814.5904562208
SSP2_500C_CACN_NoCC,2005,R5MAF,URB,5952.48283633995
SSP2_500C_CACN_NoCC,2005,R5LAM,OTH,72183.21731250001
SSP2_500C_CACN_NoCC,2005,R5LAM,CROP,131295.11128800138
SSP2_500C_CACN_NoCC,2005,R5LAM,CROP_FLW,28951.521473279117
SSP2_500C_CACN_NoCC,2005,R5LAM,PRM_FRS,898164.8423334169
SSP2_500C_CACN_NoCC,2005,R5LAM,MNG_FRS,24589.618664383495
SSP2_500C_CACN_NoCC,2005,R5LAM,GRAZING,549433.8290836653
SSP2_500C_CACN_NoCC,2005,R5LAM,GRASS,421861.3903301257
SSP2_500C_CACN_NoCC,2005,R5LAM,URB,8636.873675798419
SSP2_500C_CACN_NoCC,2010,USA,OTH,33613.452
SSP2_500C_CACN_NoCC,2010,USA,CROP,108750.52081510496
SSP2_500C_CACN_NoCC,2010,USA,CROP_FLW,81279.90284242839
SSP2_500C_CACN_NoCC,2010,USA,PRM_FRS,234862.78595165606
SSP2_500C_CACN_NoCC,2010,USA,MNG_FRS,60160.617859449056
SSP2_500C_CACN_NoCC,2010,USA,GRAZING,236212.05872600107
SSP2_500C_CACN_NoCC,2010,USA,GRASS,112886.02268917639
SSP2_500C_CACN_NoCC,2010,USA,URB,11695.345311309815
SSP2_500C_CACN_NoCC,2010,XE25,OTH,3206.0
SSP2_500C_CACN_NoCC,2010,XE25,CROP,79292.1230728669
SSP2_500C_CACN_NoCC,2010,XE25,CROP_FLW,27233.65996523443
SSP2_500C_CACN_NoCC,2010,XE25,PRM_FRS,79232.23170304194
SSP2_500C_CACN_NoCC,2010,XE25,MNG_FRS,66086.9320061447
SSP2_500C_CACN_NoCC,2010,XE25,GRAZING,58860.01855223403
SSP2_500C_CACN_NoCC,2010,XE25,GRASS,32999.302756224155
SSP2_500C_CACN_NoCC,2010,XE25,URB,9106.496241195679
SSP2_500C_CACN_NoCC,2010,XER,OTH,13232.0
SSP2_500C_CACN_NoCC,2010,XER,CROP,49690.373849325646
SSP2_500C_CACN_NoCC,2010,XER,CROP_FLW,2548.93115094111
SSP2_500C_CACN_NoCC,2010,XER,PRM_FRS,21029.51407849204
SSP2_500C_CACN_NoCC,2010,XER,MNG_FRS,7457.88145692854
SSP2_500C_CACN_NoCC,2010,XER,GRAZING,14605.499845494984
SSP2_500C_CACN_NoCC,2010,XER,GRASS,3785.9113802071524
SSP2_500C_CACN_NoCC,2010,XER,URB,1090.242361709595
SSP2_500C_CACN_NoCC,2010,TUR,CROP,20719.977712426044
SSP2_500C_CACN_NoCC,2010,TUR,CROP_FLW,6172.539516588997
SSP2_500C_CACN_NoCC,2010,TUR,PRM_FRS,8739.853002337235
SSP2_500C_CACN_NoCC,2010,TUR,MNG_FRS,1275.971232932779
SSP2_500C_CACN_NoCC,2010,TUR,GRAZING,14418.114117848494
SSP2_500C_CACN_NoCC,2010,TUR,GRASS,24012.335826447626
SSP2_500C_CACN_NoCC,2010,TUR,URB,821.3799714660644
SSP2_500C_CACN_NoCC,2010,XOC,OTH,1467.0
SSP2_500C_CACN_NoCC,2010,XOC,CROP,23481.22661633761
SSP2_500C_CACN_NoCC,2010,XOC,CROP_FLW,30192.939693206194
SSP2_500C_CACN_NoCC,2010,XOC,PRM_FRS,165883.77471476624
SSP2_500C_CACN_NoCC,2010,XOC,MNG_FRS,4724.962595137725
SSP2_500C_CACN_NoCC,2010,XOC,GRAZING,403488.56494081183
SSP2_500C_CACN_NoCC,2010,XOC,GRASS,470722.7169236755
SSP2_500C_CACN_NoCC,2010,XOC,URB,883.3264156804086
SSP2_500C_CACN_NoCC,2010,CHN,OTH,239998.39534375
SSP2_500C_CACN_NoCC,2010,CHN,CROP,132316.0123978845
SSP2_500C_CACN_NoCC,2010,CHN,PRM_FRS,169336.43979259863
SSP2_500C_CACN_NoCC,2010,CHN,MNG_FRS,27013.311555871478
SSP2_500C_CACN_NoCC,2010,CHN,GRAZING,401037.57190470194
SSP2_500C_CACN_NoCC,2010,CHN,GRASS,92908.44388719142
SSP2_500C_CACN_NoCC,2010,CHN,URB,8006.078889526368
SSP2_500C_CACN_NoCC,2010,IND,OTH,13430.3702109375
SSP2_500C_CACN_NoCC,2010,IND,CROP,159306.074497131
SSP2_500C_CACN_NoCC,2010,IND,PRM_FRS,47269.66637574903
SSP2_500C_CACN_NoCC,2010,IND,MNG_FRS,14812.31605230695
SSP2_500C_CACN_NoCC,2010,IND,GRAZING,9960.317159863283
SSP2_500C_CACN_NoCC,2010,IND,GRASS,28669.734546898195
SSP2_500C_CACN_NoCC,2010,IND,URB,3026.2728974914553
SSP2_500C_CACN_NoCC,2010,JPN,CROP,2794.2375234705755
SSP2_500C_CACN_NoCC,2010,JPN,CROP_FLW,885.7757407784337
SSP2_500C_CACN_NoCC,2010,JPN,PRM_FRS,22149.785684512943
SSP2_500C_CACN_NoCC,2010,JPN,MNG_FRS,2788.3130741603054
SSP2_500C_CACN_NoCC,2010,JPN,GRAZING,49.85839464028749
SSP2_500C_CACN_NoCC,2010,JPN,GRASS,693.3553320629233
SSP2_500C_CACN_NoCC,2010,JPN,URB,1710.2899680175783
SSP2_500C_CACN_NoCC,2010,XSE,OTH,14506.901
SSP2_500C_CACN_NoCC,2010,XSE,CROP,89765.75280076242
SSP2_500C_CACN_NoCC,2010,XSE,CROP_FLW,11873.0735174914
SSP2_500C_CACN_NoCC,2010,XSE,PRM_FRS,213316.2434540306
SSP2_500C_CACN_NoCC,2010,XSE,MNG_FRS,10410.626531358199
SSP2_500C_CACN_NoCC,2010,XSE,GRAZING,130534.96311345746
SSP2_500C_CACN_NoCC,2010,XSE,GRASS,78364.62659074966
SSP2_500C_CACN_NoCC,2010,XSE,URB,3032.1656320037837
SSP2_500C_CACN_NoCC,2010,XSA,OTH,44675.7545
SSP2_500C_CACN_NoCC,2010,XSA,CROP,34299.971221582906
SSP2_500C_CACN_NoCC,2010,XSA,CROP_FLW,7124.238312122499
SSP2_500C_CACN_NoCC,2010,XSA,PRM_FRS,8252.834017456498
SSP2_500C_CACN_NoCC,2010,XSA,MNG_FRS,4277.127169617067
SSP2_500C_CACN_NoCC,2010,XSA,GRAZING,39385.86240495034
SSP2_500C_CACN_NoCC,2010,XSA,GRASS,45722.888302046726
SSP2_500C_CACN_NoCC,2010,XSA,URB,866.7895990753174
SSP2_500C_CACN_NoCC,2010,CAN,OTH,283585.656
SSP2_500C_CACN_NoCC,2010,CAN,CROP,28081.501790946128
SSP2_500C_CACN_NoCC,2010,CAN,CROP_FLW,25515.15422896113
SSP2_500C_CACN_NoCC,2010,CAN,PRM_FRS,259609.92339059932
SSP2_500C_CACN_NoCC,2010,CAN,MNG_FRS,48586.02948019204
SSP2_500C_CACN_NoCC,2010,CAN,GRAZING,15293.09394861549
SSP2_500C_CACN_NoCC,2010,CAN,GRASS,8264.05370381863
SSP2_500C_CACN_NoCC,2010,CAN,URB,785.9824775390625
SSP2_500C_CACN_NoCC,2010,BRA,CROP,64571.86939993808
SSP2_500C_CACN_NoCC,2010,BRA,CROP_FLW,3818.51804493528
SSP2_500C_CACN_NoCC,2010,BRA,PRM_FRS,464131.9878740925
SSP2_500C_CACN_NoCC,2010,BRA,MNG_FRS,6998.3457922442785
SSP2_500C_CACN_NoCC,2010,BRA,GRAZING,201884.68804173678
SSP2_500C_CACN_NoCC,2010,BRA,GRASS,159109.15930076776
SSP2_500C_CACN_NoCC,2010,BRA,URB,3742.538360931397
SSP2_500C_CACN_NoCC,2010,XLM,OTH,72183.21731250001
SSP2_500C_CACN_NoCC,2010,XLM,CROP,71676.95187580276
SSP2_500C_CACN_NoCC,2010,XLM,CROP_FLW,24743.098629335913
SSP2_500C_CACN_NoCC,2010,XLM,PRM_FRS,423611.193887441
SSP2_500C_CACN_NoCC,2010,XLM,MNG_FRS,17666.47618329265
SSP2_500C_CACN_NoCC,2010,XLM,GRAZING,355366.971661196
SSP2_500C_CACN_NoCC,2010,XLM,GRASS,260717.05248208906
SSP2_500C_CACN_NoCC,2010,XLM,URB,4894.335314867021
SSP2_500C_CACN_NoCC,2010,CIS,OTH,253974.9918984375
SSP2_500C_CACN_NoCC,2010,CIS,CROP,112189.85047456683
SSP2_500C_CACN_NoCC,2010,CIS,CROP_FLW,91270.9554705556
SSP2_500C_CACN_NoCC,2010,CIS,PRM_FRS,792504.5751156982
SSP2_500C_CACN_NoCC,2010,CIS,MNG_FRS,51432.80125490762
SSP2_500C_CACN_NoCC,2010,CIS,GRAZING,364074.0906656825
SSP2_500C_CACN_NoCC,2010,CIS,GRASS,193825.609252352
SSP2_500C_CACN_NoCC,2010,CIS,URB,5880.5270887603765
SSP2_500C_CACN_NoCC,2010,XME,OTH,281021.7655625
SSP2_500C_CACN_NoCC,2010,XME,CROP,30341.655499258894
SSP2_500C_CACN_NoCC,2010,XME,CROP_FLW,4283.51456744733
SSP2_500C_CACN_NoCC,2010,XME,PRM_FRS,10925.507473155338
SSP2_500C_CACN_NoCC,2010,XME,MNG_FRS,642.5924689932318
SSP2_500C_CACN_NoCC,2010,XME,GRAZING,244546.43318751024
SSP2_500C_CACN_NoCC,2010,XME,GRASS,106254.5681597173
SSP2_500C_CACN_NoCC,2010,XME,URB,2128.071955810547
SSP2_500C_CACN_NoCC,2010,XNF,OTH,456890.6350624999
SSP2_500C_CACN_NoCC,2010,XNF,CROP,22642.49899242674
SSP2_500C_CACN_NoCC,2010,XNF,CROP_FLW,6457.673277759466
SSP2_500C_CACN_NoCC,2010,XNF,PRM_FRS,3957.5888867779026
SSP2_500C_CACN_NoCC,2010,XNF,MNG_FRS,73.21645837975626
SSP2_500C_CACN_NoCC,2010,XNF,GRAZING,69040.23986683719
SSP2_500C_CACN_NoCC,2010,XNF,GRASS,13076.749958885632
SSP2_500C_CACN_NoCC,2010,XNF,URB,927.4797019042969
SSP2_500C_CACN_NoCC,2010,XAF,OTH,399410.63371875
SSP2_500C_CACN_NoCC,2010,XAF,CROP,197869.4776633182
SSP2_500C_CACN_NoCC,2010,XAF,CROP_FLW,31583.689236231112
SSP2_500C_CACN_NoCC,2010,XAF,PRM_FRS,577759.8494292676
SSP2_500C_CACN_NoCC,2010,XAF,MNG_FRS,19800.771101114704
SSP2_500C_CACN_NoCC,2010,XAF,GRAZING,864972.3337933752
SSP2_500C_CACN_NoCC,2010,XAF,GRASS,645286.6769439708
SSP2_500C_CACN_NoCC,2010,XAF,URB,2896.931178625107
SSP2_500C_CACN_NoCC,2010,ASIA2,OTH,312611.42105468747
SSP2_500C_CACN_NoCC,2010,ASIA2,CROP,418482.0484408314
SSP2_500C_CACN_NoCC,2010,ASIA2,CROP_FLW,19883.087570392334
SSP2_500C_CACN_NoCC,2010,ASIA2,PRM_FRS,460324.9693243477
SSP2_500C_CACN_NoCC,2010,ASIA2,MNG_FRS,59301.694383314
SSP2_500C_CACN_NoCC,2010,ASIA2,GRAZING,580968.5729776133
SSP2_500C_CACN_NoCC,2010,ASIA2,GRASS,246359.04865894892
SSP2_500C_CACN_NoCC,2010,ASIA2,URB,16641.596986114502
SSP2_500C_CACN_NoCC,2010,World,OTH,2111196.772609375
SSP2_500C_CACN_NoCC,2010,World,CROP,1227790.0762031502
SSP2_500C_CACN_NoCC,2010,World,CROP_FLW,354983.6641940172
SSP2_500C_CACN_NoCC,2010,World,PRM_FRS,3502573.754831673
SSP2_500C_CACN_NoCC,2010,World,MNG_FRS,344208.2922730311
SSP2_500C_CACN_NoCC,2010,World,GRAZING,3423730.6803249577
SSP2_500C_CACN_NoCC,2010,World,GRASS,2277299.208036281
SSP2_500C_CACN_NoCC,2010,World,URB,61494.25336591386
SSP2_500C_CACN_NoCC,2010,Non-OECD,OTH,1776092.664609375
SSP2_500C_CACN_NoCC,2010,Non-OECD,CROP,914980.1148226723
SSP2_500C_CACN_NoCC,2010,Non-OECD,CROP_FLW,181154.7610558786
SSP2_500C_CACN_NoCC,2010,Non-OECD,PRM_FRS,2711065.8863062668
SSP2_500C_CACN_NoCC,2010,Non-OECD,MNG_FRS,153127.58456808596
SSP2_500C_CACN_NoCC,2010,Non-OECD,GRAZING,2680803.4717993103
SSP2_500C_CACN_NoCC,2010,Non-OECD,GRASS,1623935.5094246685
SSP2_500C_CACN_NoCC,2010,Non-OECD,URB,35401.19061899567
SSP2_500C_CACN_NoCC,2010,Industrial,OTH,321872.108
SSP2_500C_CACN_NoCC,2010,Industrial,CROP,242399.60981872617
SSP2_500C_CACN_NoCC,2010,Industrial,CROP_FLW,165107.43247060856
SSP2_500C_CACN_NoCC,2010,Industrial,PRM_FRS,761738.5014445765
SSP2_500C_CACN_NoCC,2010,Industrial,MNG_FRS,182346.8550150838
SSP2_500C_CACN_NoCC,2010,Industrial,GRAZING,713903.5945623027
SSP2_500C_CACN_NoCC,2010,Industrial,GRASS,625565.4514049576
SSP2_500C_CACN_NoCC,2010,Industrial,URB,24181.440413742544
SSP2_500C_CACN_NoCC,2010,Transition,OTH,520635.75745312497
SSP2_500C_CACN_NoCC,2010,Transition,CROP,538794.1583312721
SSP2_500C_CACN_NoCC,2010,Transition,CROP_FLW,103810.94418302098
SSP2_500C_CACN_NoCC,2010,Transition,PRM_FRS,1503012.0362389674
SSP2_500C_CACN_NoCC,2010,Transition,MNG_FRS,108990.62734519165
SSP2_500C_CACN_NoCC,2010,Transition,GRAZING,1005980.281735328
SSP2_500C_CACN_NoCC,2010,Transition,GRASS,502311.1941938641
SSP2_500C_CACN_NoCC,2010,Transition,URB,22567.039569885255
SSP2_500C_CACN_NoCC,2010,Developing,OTH,1268688.90715625
SSP2_500C_CACN_NoCC,2010,Developing,CROP,446596.30805315194
SSP2_500C_CACN_NoCC,2010,Developing,CROP_FLW,86065.28754038773
SSP2_500C_CACN_NoCC,2010,Developing,PRM_FRS,1237823.217148129
SSP2_500C_CACN_NoCC,2010,Developing,MNG_FRS,52870.809912755605
SSP2_500C_CACN_NoCC,2010,Developing,GRAZING,1703846.8040273264
SSP2_500C_CACN_NoCC,2010,Developing,GRASS,1149422.5624374594
SSP2_500C_CACN_NoCC,2010,Developing,URB,14745.773382286072
SSP2_500C_CACN_NoCC,2010,R5ASIA,OTH,312611.42105468747
SSP2_500C_CACN_NoCC,2010,R5ASIA,CROP,415687.8109173608
SSP2_500C_CACN_NoCC,2010,R5ASIA,CROP_FLW,18997.3118296139
SSP2_500C_CACN_NoCC,2010,R5ASIA,PRM_FRS,438175.18363983475
SSP2_500C_CACN_NoCC,2010,R5ASIA,MNG_FRS,56513.381309153694
SSP2_500C_CACN_NoCC,2010,R5ASIA,GRAZING,580918.714582973
SSP2_500C_CACN_NoCC,2010,R5ASIA,GRASS,245665.693326886
SSP2_500C_CACN_NoCC,2010,R5ASIA,URB,14931.307018096923
SSP2_500C_CACN_NoCC,2010,R5OECD90+EU,OTH,335104.108
SSP2_500C_CACN_NoCC,2010,R5OECD90+EU,CROP,312809.9613804779
SSP2_500C_CACN_NoCC,2010,R5OECD90+EU,CROP_FLW,173828.90313813867
SSP2_500C_CACN_NoCC,2010,R5OECD90+EU,PRM_FRS,791507.8685254058
SSP2_500C_CACN_NoCC,2010,R5OECD90+EU,MNG_FRS,191080.70770494518
SSP2_500C_CACN_NoCC,2010,R5OECD90+EU,GRAZING,742927.2085256462
SSP2_500C_CACN_NoCC,2010,R5OECD90+EU,GRASS,653363.6986116124
SSP2_500C_CACN_NoCC,2010,R5OECD90+EU,URB,26093.062746918204
SSP2_500C_CACN_NoCC,2010,R5REF,OTH,253974.9918984375
SSP2_500C_CACN_NoCC,2010,R5REF,CROP,112189.85047456683
SSP2_500C_CACN_NoCC,2010,R5REF,CROP_FLW,91270.9554705556
SSP2_500C_CACN_NoCC,2010,R5REF,PRM_FRS,792504.5751156982
SSP2_500C_CACN_NoCC,2010,R5REF,MNG_FRS,51432.80125490762
SSP2_500C_CACN_NoCC,2010,R5REF,GRAZING,364074.0906656825
SSP2_500C_CACN_NoCC,2010,R5REF,GRASS,193825.609252352
SSP2_500C_CACN_NoCC,2010,R5REF,URB,5880.5270887603765
SSP2_500C_CACN_NoCC,2010,R5MAF,OTH,1137323.0343437498
SSP2_500C_CACN_NoCC,2010,R5MAF,CROP,250853.63215500384
SSP2_500C_CACN_NoCC,2010,R5MAF,CROP_FLW,42324.87708143791
SSP2_500C_CACN_NoCC,2010,R5MAF,PRM_FRS,592642.9457892008
SSP2_500C_CACN_NoCC,2010,R5MAF,MNG_FRS,20516.580028487693
SSP2_500C_CACN_NoCC,2010,R5MAF,GRAZING,1178559.0068477225
SSP2_500C_CACN_NoCC,2010,R5MAF,GRASS,764617.9950625738
SSP2_500C_CACN_NoCC,2010,R5MAF,URB,5952.48283633995
SSP2_500C_CACN_NoCC,2010,R5LAM,OTH,72183.21731250001
SSP2_500C_CACN_NoCC,2010,R5LAM,CROP,136248.82127574083
SSP2_500C_CACN_NoCC,2010,R5LAM,CROP_FLW,28561.616674271194
SSP2_500C_CACN_NoCC,2010,R5LAM,PRM_FRS,887743.1817615335
SSP2_500C_CACN_NoCC,2010,R5LAM,MNG_FRS,24664.82197553693
SSP2_500C_CACN_NoCC,2010,R5LAM,GRAZING,557251.6597029327
SSP2_500C_CACN_NoCC,2010,R5LAM,GRASS,419826.21178285684
SSP2_500C_CACN_NoCC,2010,R5LAM,URB,8636.873675798419
SSP2_500C_CACN_NoCC,2015,USA,OTH,33613.452
SSP2_500C_CACN_NoCC,2015,USA,CROP,109710.5811053155
SSP2_500C_CACN_NoCC,2015,USA,CROP_FLW,81000.0558111396
SSP2_500C_CACN_NoCC,2015,USA,PRM_FRS,233368.09118402342
SSP2_500C_CACN_NoCC,2015,USA,MNG_FRS,59547.60970998339
SSP2_500C_CACN_NoCC,2015,USA,BIOCROP,2648.149934125867
SSP2_500C_CACN_NoCC,2015,USA,GRAZING,236293.00891117333
SSP2_500C_CACN_NoCC,2015,USA,GRASS,111584.41222805469
SSP2_500C_CACN_NoCC,2015,USA,URB,11695.345311309815
SSP2_500C_CACN_NoCC,2015,XE25,OTH,3206.0
SSP2_500C_CACN_NoCC,2015,XE25,CROP,77639.99210040743
SSP2_500C_CACN_NoCC,2015,XE25,CROP_FLW,27571.474026223204
SSP2_500C_CACN_NoCC,2015,XE25,PRM_FRS,80927.67773655978
SSP2_500C_CACN_NoCC,2015,XE25,MNG_FRS,64323.62162969572
SSP2_500C_CACN_NoCC,2015,XE25,BIOCROP,1045.4605181277368
SSP2_500C_CACN_NoCC,2015,XE25,GRAZING,58894.73231332308
SSP2_500C_CACN_NoCC,2015,XE25,GRASS,33301.309731409194
SSP2_500C_CACN_NoCC,2015,XE25,URB,9106.496241195679
SSP2_500C_CACN_NoCC,2015,XER,OTH,13232.0
SSP2_500C_CACN_NoCC,2015,XER,CROP,47463.67670018916
SSP2_500C_CACN_NoCC,2015,XER,CROP_FLW,3105.905583071481
SSP2_500C_CACN_NoCC,2015,XER,PRM_FRS,22221.394764550776
SSP2_500C_CACN_NoCC,2015,XER,MNG_FRS,7147.988353043231
SSP2_500C_CACN_NoCC,2015,XER,BIOCROP,194.43890750981586
SSP2_500C_CACN_NoCC,2015,XER,GRAZING,14819.97452916051
SSP2_500C_CACN_NoCC,2015,XER,GRASS,4164.732923864538
SSP2_500C_CACN_NoCC,2015,XER,URB,1090.242361709595
SSP2_500C_CACN_NoCC,2015,TUR,CROP,22436.20220185872
SSP2_500C_CACN_NoCC,2015,TUR,CROP_FLW,5718.574330755117
SSP2_500C_CACN_NoCC,2015,TUR,PRM_FRS,8189.283766786219
SSP2_500C_CACN_NoCC,2015,TUR,MNG_FRS,1304.304266881956
SSP2_500C_CACN_NoCC,2015,TUR,BIOCROP,118.72151426353123
SSP2_500C_CACN_NoCC,2015,TUR,GRAZING,14446.94032939617
SSP2_500C_CACN_NoCC,2015,TUR,GRASS,23124.764998639574
SSP2_500C_CACN_NoCC,2015,TUR,URB,821.3799714660644
SSP2_500C_CACN_NoCC,2015,XOC,OTH,1467.0
SSP2_500C_CACN_NoCC,2015,XOC,CROP,24341.465936057462
SSP2_500C_CACN_NoCC,2015,XOC,CROP_FLW,30818.93779732618
SSP2_500C_CACN_NoCC,2015,XOC,PRM_FRS,165039.050813585
SSP2_500C_CACN_NoCC,2015,XOC,MNG_FRS,4776.313446941906
SSP2_500C_CACN_NoCC,2015,XOC,BIOCROP,18.46041567938449
SSP2_500C_CACN_NoCC,2015,XOC,GRAZING,400102.25941791415
SSP2_500C_CACN_NoCC,2015,XOC,GRASS,473397.69765643077
SSP2_500C_CACN_NoCC,2015,XOC,URB,883.3264156804086
SSP2_500C_CACN_NoCC,2015,CHN,OTH,239998.39534375
SSP2_500C_CACN_NoCC,2015,CHN,CROP,132282.47895467567
SSP2_500C_CACN_NoCC,2015,CHN,PRM_FRS,170130.03727504628
SSP2_500C_CACN_NoCC,2015,CHN,MNG_FRS,25996.6072932421
SSP2_500C_CACN_NoCC,2015,CHN,BIOCROP,283.2616301806456
SSP2_500C_CACN_NoCC,2015,CHN,GRAZING,400430.977991755
SSP2_500C_CACN_NoCC,2015,CHN,GRASS,93488.41639334837
SSP2_500C_CACN_NoCC,2015,CHN,URB,8006.078889526368
SSP2_500C_CACN_NoCC,2015,IND,OTH,13430.3702109375
SSP2_500C_CACN_NoCC,2015,IND,CROP,167030.12326082613
SSP2_500C_CACN_NoCC,2015,IND,PRM_FRS,42560.68541198262
SSP2_500C_CACN_NoCC,2015,IND,MNG_FRS,14915.038408941014
SSP2_500C_CACN_NoCC,2015,IND,BIOCROP,45.71459299557534
SSP2_500C_CACN_NoCC,2015,IND,GRAZING,9558.82437654538
SSP2_500C_CACN_NoCC,2015,IND,GRASS,25907.722580658294
SSP2_500C_CACN_NoCC,2015,IND,URB,3026.2728974914553
SSP2_500C_CACN_NoCC,2015,JPN,CROP,2731.4670613051776
SSP2_500C_CACN_NoCC,2015,JPN,CROP_FLW,895.6828896113967
SSP2_500C_CACN_NoCC,2015,JPN,PRM_FRS,22300.466688232267
SSP2_500C_CACN_NoCC,2015,JPN,MNG_FRS,2657.746645407183
SSP2_500C_CACN_NoCC,2015,JPN,BIOCROP,28.74262381310841
SSP2_500C_CACN_NoCC,2015,JPN,GRAZING,49.83464842937395
SSP2_500C_CACN_NoCC,2015,JPN,GRASS,697.385192826959
SSP2_500C_CACN_NoCC,2015,JPN,URB,1710.2899680175783
SSP2_500C_CACN_NoCC,2015,XSE,OTH,14506.901
SSP2_500C_CACN_NoCC,2015,XSE,CROP,94075.03256965561
SSP2_500C_CACN_NoCC,2015,XSE,CROP_FLW,11264.019860906086
SSP2_500C_CACN_NoCC,2015,XSE,PRM_FRS,209849.51553086593
SSP2_500C_CACN_NoCC,2015,XSE,MNG_FRS,10444.219821509181
SSP2_500C_CACN_NoCC,2015,XSE,BIOCROP,56.75580481273439
SSP2_500C_CACN_NoCC,2015,XSE,GRAZING,130380.40560192149
SSP2_500C_CACN_NoCC,2015,XSE,GRASS,78195.33681817871
SSP2_500C_CACN_NoCC,2015,XSE,URB,3032.1656320037837
SSP2_500C_CACN_NoCC,2015,XSA,OTH,44675.7545
SSP2_500C_CACN_NoCC,2015,XSA,CROP,36538.13859462988
SSP2_500C_CACN_NoCC,2015,XSA,CROP_FLW,6546.580014372812
SSP2_500C_CACN_NoCC,2015,XSA,PRM_FRS,7784.692676410231
SSP2_500C_CACN_NoCC,2015,XSA,MNG_FRS,4373.531743480854
SSP2_500C_CACN_NoCC,2015,XSA,BIOCROP,10.743687728349686
SSP2_500C_CACN_NoCC,2015,XSA,GRAZING,39703.00380460277
SSP2_500C_CACN_NoCC,2015,XSA,GRASS,44106.230906551056
SSP2_500C_CACN_NoCC,2015,XSA,URB,866.7895990753174
SSP2_500C_CACN_NoCC,2015,CAN,OTH,283585.656
SSP2_500C_CACN_NoCC,2015,CAN,CROP,29174.651384770976
SSP2_500C_CACN_NoCC,2015,CAN,CROP_FLW,25460.450074425775
SSP2_500C_CACN_NoCC,2015,CAN,PRM_FRS,258324.66134335872
SSP2_500C_CACN_NoCC,2015,CAN,MNG_FRS,48543.083213436796
SSP2_500C_CACN_NoCC,2015,CAN,BIOCROP,437.40010592852883
SSP2_500C_CACN_NoCC,2015,CAN,GRAZING,15293.57879280204
SSP2_500C_CACN_NoCC,2015,CAN,GRASS,8115.931628409766
SSP2_500C_CACN_NoCC,2015,CAN,URB,785.9824775390625
SSP2_500C_CACN_NoCC,2015,BRA,CROP,64855.502264757764
SSP2_500C_CACN_NoCC,2015,BRA,CROP_FLW,3764.4948693536962
SSP2_500C_CACN_NoCC,2015,BRA,PRM_FRS,462642.2706491024
SSP2_500C_CACN_NoCC,2015,BRA,MNG_FRS,6928.2197970364505
SSP2_500C_CACN_NoCC,2015,BRA,BIOCROP,229.7282685471191
SSP2_500C_CACN_NoCC,2015,BRA,GRAZING,203361.24714832785
SSP2_500C_CACN_NoCC,2015,BRA,GRASS,158733.10545658914
SSP2_500C_CACN_NoCC,2015,BRA,URB,3742.538360931397
SSP2_500C_CACN_NoCC,2015,XLM,OTH,72183.21731250001
SSP2_500C_CACN_NoCC,2015,XLM,CROP,73205.37997292088
SSP2_500C_CACN_NoCC,2015,XLM,CROP_FLW,24947.980097898027
SSP2_500C_CACN_NoCC,2015,XLM,PRM_FRS,421558.1364074111
SSP2_500C_CACN_NoCC,2015,XLM,MNG_FRS,17743.58503773945
SSP2_500C_CACN_NoCC,2015,XLM,BIOCROP,45.45152503947381
SSP2_500C_CACN_NoCC,2015,XLM,GRAZING,354209.8174618597
SSP2_500C_CACN_NoCC,2015,XLM,GRASS,262071.3942162888
SSP2_500C_CACN_NoCC,2015,XLM,URB,4894.335314867021
SSP2_500C_CACN_NoCC,2015,CIS,OTH,253974.9918984375
SSP2_500C_CACN_NoCC,2015,CIS,CROP,109783.92627851773
SSP2_500C_CACN_NoCC,2015,CIS,CROP_FLW,91424.72696581969
SSP2_500C_CACN_NoCC,2015,CIS,PRM_FRS,796608.458419908
SSP2_500C_CACN_NoCC,2015,CIS,MNG_FRS,50276.91407166731
SSP2_500C_CACN_NoCC,2015,CIS,BIOCROP,56.20986505382778
SSP2_500C_CACN_NoCC,2015,CIS,GRAZING,362712.8916476895
SSP2_500C_CACN_NoCC,2015,CIS,GRASS,194434.7549851068
SSP2_500C_CACN_NoCC,2015,CIS,URB,5880.5270887603765
SSP2_500C_CACN_NoCC,2015,XME,OTH,281021.7655625
SSP2_500C_CACN_NoCC,2015,XME,CROP,32318.63860680272
SSP2_500C_CACN_NoCC,2015,XME,CROP_FLW,3973.5454537023697
SSP2_500C_CACN_NoCC,2015,XME,PRM_FRS,10290.605540926612
SSP2_500C_CACN_NoCC,2015,XME,MNG_FRS,655.5380948957973
SSP2_500C_CACN_NoCC,2015,XME,BIOCROP,226.09101974058228
SSP2_500C_CACN_NoCC,2015,XME,GRAZING,246279.55025530118
SSP2_500C_CACN_NoCC,2015,XME,GRASS,103250.30238471316
SSP2_500C_CACN_NoCC,2015,XME,URB,2128.071955810547
SSP2_500C_CACN_NoCC,2015,XNF,OTH,456890.6350624999
SSP2_500C_CACN_NoCC,2015,XNF,CROP,24907.466541164355
SSP2_500C_CACN_NoCC,2015,XNF,CROP_FLW,5666.790439927027
SSP2_500C_CACN_NoCC,2015,XNF,PRM_FRS,3561.349297706297
SSP2_500C_CACN_NoCC,2015,XNF,MNG_FRS,74.89675069990088
SSP2_500C_CACN_NoCC,2015,XNF,BIOCROP,601.2490175232559
SSP2_500C_CACN_NoCC,2015,XNF,GRAZING,68997.8834018525
SSP2_500C_CACN_NoCC,2015,XNF,GRASS,11438.331992193376
SSP2_500C_CACN_NoCC,2015,XNF,URB,927.4797019042969
SSP2_500C_CACN_NoCC,2015,XAF,OTH,399410.63371875
SSP2_500C_CACN_NoCC,2015,XAF,CROP,221206.180529975
SSP2_500C_CACN_NoCC,2015,XAF,CROP_FLW,29910.503422072292
SSP2_500C_CACN_NoCC,2015,XAF,PRM_FRS,553242.4172227031
SSP2_500C_CACN_NoCC,2015,XAF,MNG_FRS,21004.4500501485
SSP2_500C_CACN_NoCC,2015,XAF,BIOCROP,8.432139509428987
SSP2_500C_CACN_NoCC,2015,XAF,GRAZING,876188.9969336846
SSP2_500C_CACN_NoCC,2015,XAF,GRASS,635711.8178691848
SSP2_500C_CACN_NoCC,2015,XAF,URB,2896.931178625107
SSP2_500C_CACN_NoCC,2015,ASIA2,OTH,312611.42105468747
SSP2_500C_CACN_NoCC,2015,ASIA2,CROP,432657.2404410925
SSP2_500C_CACN_NoCC,2015,ASIA2,CROP_FLW,18706.282764890297
SSP2_500C_CACN_NoCC,2015,ASIA2,PRM_FRS,452625.3975825373
SSP2_500C_CACN_NoCC,2015,ASIA2,MNG_FRS,58387.14391258033
SSP2_500C_CACN_NoCC,2015,ASIA2,BIOCROP,425.21833953041346
SSP2_500C_CACN_NoCC,2015,ASIA2,GRAZING,580123.046423254
SSP2_500C_CACN_NoCC,2015,ASIA2,GRASS,242395.09189156338
SSP2_500C_CACN_NoCC,2015,ASIA2,URB,16641.596986114502
SSP2_500C_CACN_NoCC,2015,World,OTH,2111196.772609375
SSP2_500C_CACN_NoCC,2015,World,CROP,1269700.90406383
SSP2_500C_CACN_NoCC,2015,World,CROP_FLW,352069.7216366047
SSP2_500C_CACN_NoCC,2015,World,PRM_FRS,3468598.794729159
SSP2_500C_CACN_NoCC,2015,World,MNG_FRS,340713.6683347507
SSP2_500C_CACN_NoCC,2015,World,BIOCROP,6055.011570578966
SSP2_500C_CACN_NoCC,2015,World,GRAZING,3431723.927565739
SSP2_500C_CACN_NoCC,2015,World,GRASS,2261723.647962448
SSP2_500C_CACN_NoCC,2015,World,URB,61494.25336591386
SSP2_500C_CACN_NoCC,2015,Non-OECD,OTH,1776092.664609375
SSP2_500C_CACN_NoCC,2015,Non-OECD,CROP,956202.8675739256
SSP2_500C_CACN_NoCC,2015,Non-OECD,CROP_FLW,177498.641124052
SSP2_500C_CACN_NoCC,2015,Non-OECD,PRM_FRS,2678228.1684320625
SSP2_500C_CACN_NoCC,2015,Non-OECD,MNG_FRS,152413.00106936056
SSP2_500C_CACN_NoCC,2015,Non-OECD,BIOCROP,1563.637551130993
SSP2_500C_CACN_NoCC,2015,Non-OECD,GRAZING,2691823.5986235403
SSP2_500C_CACN_NoCC,2015,Non-OECD,GRASS,1607337.4136028124
SSP2_500C_CACN_NoCC,2015,Non-OECD,URB,35401.19061899567
SSP2_500C_CACN_NoCC,2015,Industrial,OTH,321872.108
SSP2_500C_CACN_NoCC,2015,Industrial,CROP,243598.15758785658
SSP2_500C_CACN_NoCC,2015,Industrial,CROP_FLW,165746.60059872616
SSP2_500C_CACN_NoCC,2015,Industrial,PRM_FRS,759959.9477657592
SSP2_500C_CACN_NoCC,2015,Industrial,MNG_FRS,179848.374645465
SSP2_500C_CACN_NoCC,2015,Industrial,BIOCROP,4178.213597674625
SSP2_500C_CACN_NoCC,2015,Industrial,GRAZING,710633.414083642
SSP2_500C_CACN_NoCC,2015,Industrial,GRASS,627096.7364371314
SSP2_500C_CACN_NoCC,2015,Industrial,URB,24181.440413742544
SSP2_500C_CACN_NoCC,2015,Transition,OTH,520635.75745312497
SSP2_500C_CACN_NoCC,2015,Transition,CROP,543851.9096608252
SSP2_500C_CACN_NoCC,2015,Transition,CROP_FLW,104013.70174899999
SSP2_500C_CACN_NoCC,2015,Transition,PRM_FRS,1502352.1302873762
SSP2_500C_CACN_NoCC,2015,Transition,MNG_FRS,106569.07219081206
SSP2_500C_CACN_NoCC,2015,Transition,BIOCROP,928.0747785505149
SSP2_500C_CACN_NoCC,2015,Transition,GRAZING,1005330.8560228745
SSP2_500C_CACN_NoCC,2015,Transition,GRASS,499853.49733820674
SSP2_500C_CACN_NoCC,2015,Transition,URB,22567.039569885255
SSP2_500C_CACN_NoCC,2015,Developing,OTH,1268688.90715625
SSP2_500C_CACN_NoCC,2015,Developing,CROP,482250.8368151485
SSP2_500C_CACN_NoCC,2015,Developing,CROP_FLW,82309.4192888786
SSP2_500C_CACN_NoCC,2015,Developing,PRM_FRS,1206286.7166760233
SSP2_500C_CACN_NoCC,2015,Developing,MNG_FRS,54296.221498473686
SSP2_500C_CACN_NoCC,2015,Developing,BIOCROP,948.7231943538251
SSP2_500C_CACN_NoCC,2015,Developing,GRAZING,1715759.6574592222
SSP2_500C_CACN_NoCC,2015,Developing,GRASS,1134773.4141871098
SSP2_500C_CACN_NoCC,2015,Developing,URB,14745.773382286072
SSP2_500C_CACN_NoCC,2015,R5ASIA,OTH,312611.42105468747
SSP2_500C_CACN_NoCC,2015,R5ASIA,CROP,429925.77337978734
SSP2_500C_CACN_NoCC,2015,R5ASIA,CROP_FLW,17810.5998752789
SSP2_500C_CACN_NoCC,2015,R5ASIA,PRM_FRS,430324.93089430506
SSP2_500C_CACN_NoCC,2015,R5ASIA,MNG_FRS,55729.397267173146
SSP2_500C_CACN_NoCC,2015,R5ASIA,BIOCROP,396.47571571730504
SSP2_500C_CACN_NoCC,2015,R5ASIA,GRAZING,580073.2117748247
SSP2_500C_CACN_NoCC,2015,R5ASIA,GRASS,241697.70669873644
SSP2_500C_CACN_NoCC,2015,R5ASIA,URB,14931.307018096923
SSP2_500C_CACN_NoCC,2015,R5OECD90+EU,OTH,335104.108
SSP2_500C_CACN_NoCC,2015,R5OECD90+EU,CROP,313498.03648990445
SSP2_500C_CACN_NoCC,2015,R5OECD90+EU,CROP_FLW,174571.08051255275
SSP2_500C_CACN_NoCC,2015,R5OECD90+EU,PRM_FRS,790370.6262970961
SSP2_500C_CACN_NoCC,2015,R5OECD90+EU,MNG_FRS,188300.66726539016
SSP2_500C_CACN_NoCC,2015,R5OECD90+EU,BIOCROP,4491.374019447972
SSP2_500C_CACN_NoCC,2015,R5OECD90+EU,GRAZING,739900.3289421988
SSP2_500C_CACN_NoCC,2015,R5OECD90+EU,GRASS,654386.2343596355
SSP2_500C_CACN_NoCC,2015,R5OECD90+EU,URB,26093.062746918204
SSP2_500C_CACN_NoCC,2015,R5REF,OTH,253974.9918984375
SSP2_500C_CACN_NoCC,2015,R5REF,CROP,109783.92627851773
SSP2_500C_CACN_NoCC,2015,R5REF,CROP_FLW,91424.72696581969
SSP2_500C_CACN_NoCC,2015,R5REF,PRM_FRS,796608.458419908
SSP2_500C_CACN_NoCC,2015,R5REF,MNG_FRS,50276.91407166731
SSP2_500C_CACN_NoCC,2015,R5REF,BIOCROP,56.20986505382778
SSP2_500C_CACN_NoCC,2015,R5REF,GRAZING,362712.8916476895
SSP2_500C_CACN_NoCC,2015,R5REF,GRASS,194434.7549851068
SSP2_500C_CACN_NoCC,2015,R5REF,URB,5880.5270887603765
SSP2_500C_CACN_NoCC,2015,R5MAF,OTH,1137323.0343437498
SSP2_500C_CACN_NoCC,2015,R5MAF,CROP,278432.2856779421
SSP2_500C_CACN_NoCC,2015,R5MAF,CROP_FLW,39550.83931570169
SSP2_500C_CACN_NoCC,2015,R5MAF,PRM_FRS,567094.3720613361
SSP2_500C_CACN_NoCC,2015,R5MAF,MNG_FRS,21734.8848957442
SSP2_500C_CACN_NoCC,2015,R5MAF,BIOCROP,835.7721767732672
SSP2_500C_CACN_NoCC,2015,R5MAF,GRAZING,1191466.4305908382
SSP2_500C_CACN_NoCC,2015,R5MAF,GRASS,750400.4522460913
SSP2_500C_CACN_NoCC,2015,R5MAF,URB,5952.48283633995
SSP2_500C_CACN_NoCC,2015,R5LAM,OTH,72183.21731250001
SSP2_500C_CACN_NoCC,2015,R5LAM,CROP,138060.88223767866
SSP2_500C_CACN_NoCC,2015,R5LAM,CROP_FLW,28712.474967251725
SSP2_500C_CACN_NoCC,2015,R5LAM,PRM_FRS,884200.4070565135
SSP2_500C_CACN_NoCC,2015,R5LAM,MNG_FRS,24671.8048347759
SSP2_500C_CACN_NoCC,2015,R5LAM,BIOCROP,275.1797935865929
SSP2_500C_CACN_NoCC,2015,R5LAM,GRAZING,557571.0646101875
SSP2_500C_CACN_NoCC,2015,R5LAM,GRASS,420804.49967287795
SSP2_500C_CACN_NoCC,2015,R5LAM,URB,8636.873675798419
SSP2_500C_CACN_NoCC,2020,USA,OTH,33613.452
SSP2_500C_CACN_NoCC,2020,USA,CROP,109280.07133079837
SSP2_500C_CACN_NoCC,2020,USA,CROP_FLW,80742.46445318231
SSP2_500C_CACN_NoCC,2020,USA,PRM_FRS,232334.54617394359
SSP2_500C_CACN_NoCC,2020,USA,MNG_FRS,59161.91829625902
SSP2_500C_CACN_NoCC,2020,USA,BIOCROP,5471.035595326799
SSP2_500C_CACN_NoCC,2020,USA,GRAZING,236495.82110251504
SSP2_500C_CACN_NoCC,2020,USA,GRASS,110666.0519317909
SSP2_500C_CACN_NoCC,2020,USA,URB,11695.345311309815
SSP2_500C_CACN_NoCC,2020,XE25,OTH,3206.0
SSP2_500C_CACN_NoCC,2020,XE25,CROP,77130.7024328562
SSP2_500C_CACN_NoCC,2020,XE25,CROP_FLW,27436.285525370415
SSP2_500C_CACN_NoCC,2020,XE25,PRM_FRS,81552.01632722557
SSP2_500C_CACN_NoCC,2020,XE25,MNG_FRS,62702.77457198624
SSP2_500C_CACN_NoCC,2020,XE25,BIOCROP,2845.846239215627
SSP2_500C_CACN_NoCC,2020,XE25,GRAZING,58858.72415375375
SSP2_500C_CACN_NoCC,2020,XE25,GRASS,33177.9188053382
SSP2_500C_CACN_NoCC,2020,XE25,URB,9106.496241195679
SSP2_500C_CACN_NoCC,2020,XER,OTH,13232.0
SSP2_500C_CACN_NoCC,2020,XER,CROP,46860.37021320123
SSP2_500C_CACN_NoCC,2020,XER,CROP_FLW,3114.2305283227934
SSP2_500C_CACN_NoCC,2020,XER,PRM_FRS,22459.7398766602
SSP2_500C_CACN_NoCC,2020,XER,MNG_FRS,6851.44476681604
SSP2_500C_CACN_NoCC,2020,XER,BIOCROP,803.7244932935083
SSP2_500C_CACN_NoCC,2020,XER,GRAZING,14854.2541464943
SSP2_500C_CACN_NoCC,2020,XER,GRASS,4174.347736601438
SSP2_500C_CACN_NoCC,2020,XER,URB,1090.242361709595
SSP2_500C_CACN_NoCC,2020,TUR,CROP,23227.545393303517
SSP2_500C_CACN_NoCC,2020,TUR,CROP_FLW,5539.145258692591
SSP2_500C_CACN_NoCC,2020,TUR,PRM_FRS,7962.981618139705
SSP2_500C_CACN_NoCC,2020,TUR,MNG_FRS,1298.0671400018475
SSP2_500C_CACN_NoCC,2020,TUR,BIOCROP,209.68052990265397
SSP2_500C_CACN_NoCC,2020,TUR,GRAZING,14356.3766812367
SSP2_500C_CACN_NoCC,2020,TUR,GRASS,22744.994787304295
SSP2_500C_CACN_NoCC,2020,TUR,URB,821.3799714660644
SSP2_500C_CACN_NoCC,2020,XOC,OTH,1467.0
SSP2_500C_CACN_NoCC,2020,XOC,CROP,25383.934670162533
SSP2_500C_CACN_NoCC,2020,XOC,CROP_FLW,31458.90135343049
SSP2_500C_CACN_NoCC,2020,XOC,PRM_FRS,164056.64376354823
SSP2_500C_CACN_NoCC,2020,XOC,MNG_FRS,4821.353610930324
SSP2_500C_CACN_NoCC,2020,XOC,BIOCROP,27.281370205879085
SSP2_500C_CACN_NoCC,2020,XOC,GRAZING,397307.13711491856
SSP2_500C_CACN_NoCC,2020,XOC,GRASS,475438.9336007392
SSP2_500C_CACN_NoCC,2020,XOC,URB,883.3264156804086
SSP2_500C_CACN_NoCC,2020,CHN,OTH,239998.39534375
SSP2_500C_CACN_NoCC,2020,CHN,CROP,131268.71699194115
SSP2_500C_CACN_NoCC,2020,CHN,PRM_FRS,171625.35330291008
SSP2_500C_CACN_NoCC,2020,CHN,MNG_FRS,24785.593882570844
SSP2_500C_CACN_NoCC,2020,CHN,BIOCROP,1043.9755577807118
SSP2_500C_CACN_NoCC,2020,CHN,GRAZING,399469.72191050055
SSP2_500C_CACN_NoCC,2020,CHN,GRASS,94418.41789254482
SSP2_500C_CACN_NoCC,2020,CHN,URB,8006.078889526368
SSP2_500C_CACN_NoCC,2020,IND,OTH,13430.3702109375
SSP2_500C_CACN_NoCC,2020,IND,CROP,173967.99541385123
SSP2_500C_CACN_NoCC,2020,IND,PRM_FRS,38300.79146184267
SSP2_500C_CACN_NoCC,2020,IND,MNG_FRS,15002.132537600357
SSP2_500C_CACN_NoCC,2020,IND,BIOCROP,222.07860537964547
SSP2_500C_CACN_NoCC,2020,IND,GRAZING,9153.961261344642
SSP2_500C_CACN_NoCC,2020,IND,GRASS,23371.14935193037
SSP2_500C_CACN_NoCC,2020,IND,URB,3026.2728974914553
SSP2_500C_CACN_NoCC,2020,JPN,CROP,2688.2039547271825
SSP2_500C_CACN_NoCC,2020,JPN,CROP_FLW,904.7461356058291
SSP2_500C_CACN_NoCC,2020,JPN,PRM_FRS,22447.330471552028
SSP2_500C_CACN_NoCC,2020,JPN,MNG_FRS,2530.1090507347417
SSP2_500C_CACN_NoCC,2020,JPN,BIOCROP,40.27894760453654
SSP2_500C_CACN_NoCC,2020,JPN,GRAZING,49.75508601860707
SSP2_500C_CACN_NoCC,2020,JPN,GRASS,700.9021033825372
SSP2_500C_CACN_NoCC,2020,JPN,URB,1710.2899680175783
SSP2_500C_CACN_NoCC,2020,XSE,OTH,14506.901
SSP2_500C_CACN_NoCC,2020,XSE,CROP,97437.07736031957
SSP2_500C_CACN_NoCC,2020,XSE,CROP_FLW,10811.20887638341
SSP2_500C_CACN_NoCC,2020,XSE,PRM_FRS,207181.59327730053
SSP2_500C_CACN_NoCC,2020,XSE,MNG_FRS,10369.181205667584
SSP2_500C_CACN_NoCC,2020,XSE,BIOCROP,182.9801893571043
SSP2_500C_CACN_NoCC,2020,XSE,GRAZING,130072.61607348155
SSP2_500C_CACN_NoCC,2020,XSE,GRASS,78210.62902533972
SSP2_500C_CACN_NoCC,2020,XSE,URB,3032.1656320037837
SSP2_500C_CACN_NoCC,2020,XSA,OTH,44675.7545
SSP2_500C_CACN_NoCC,2020,XSA,CROP,39065.16193407864
SSP2_500C_CACN_NoCC,2020,XSA,CROP_FLW,5955.1209527953815
SSP2_500C_CACN_NoCC,2020,XSA,PRM_FRS,7331.502744603293
SSP2_500C_CACN_NoCC,2020,XSA,MNG_FRS,4455.317383817484
SSP2_500C_CACN_NoCC,2020,XSA,BIOCROP,26.247188215111137
SSP2_500C_CACN_NoCC,2020,XSA,GRAZING,39786.546496108465
SSP2_500C_CACN_NoCC,2020,XSA,GRASS,42443.02472815763
SSP2_500C_CACN_NoCC,2020,XSA,URB,866.7895990753174
SSP2_500C_CACN_NoCC,2020,CAN,OTH,283585.656
SSP2_500C_CACN_NoCC,2020,CAN,CROP,30310.067856473524
SSP2_500C_CACN_NoCC,2020,CAN,CROP_FLW,25364.99962337375
SSP2_500C_CACN_NoCC,2020,CAN,PRM_FRS,256838.5757944914
SSP2_500C_CACN_NoCC,2020,CAN,MNG_FRS,48641.97352749809
SSP2_500C_CACN_NoCC,2020,CAN,BIOCROP,963.9495987578991
SSP2_500C_CACN_NoCC,2020,CAN,GRAZING,15273.229408791343
SSP2_500C_CACN_NoCC,2020,CAN,GRASS,7956.96073374664
SSP2_500C_CACN_NoCC,2020,CAN,URB,785.9824775390625
SSP2_500C_CACN_NoCC,2020,BRA,CROP,66063.26661262392
SSP2_500C_CACN_NoCC,2020,BRA,CROP_FLW,3592.538066174265
SSP2_500C_CACN_NoCC,2020,BRA,PRM_FRS,459016.79250366817
SSP2_500C_CACN_NoCC,2020,BRA,MNG_FRS,6802.213448034443
SSP2_500C_CACN_NoCC,2020,BRA,BIOCROP,312.9465047762972
SSP2_500C_CACN_NoCC,2020,BRA,GRAZING,207573.47468342131
SSP2_500C_CACN_NoCC,2020,BRA,GRASS,157153.33663501564
SSP2_500C_CACN_NoCC,2020,BRA,URB,3742.538360931397
SSP2_500C_CACN_NoCC,2020,XLM,OTH,72183.21731250001
SSP2_500C_CACN_NoCC,2020,XLM,CROP,75648.64823334244
SSP2_500C_CACN_NoCC,2020,XLM,CROP_FLW,24699.016316449535
SSP2_500C_CACN_NoCC,2020,XLM,PRM_FRS,417430.5370992345
SSP2_500C_CACN_NoCC,2020,XLM,MNG_FRS,17712.20731641678
SSP2_500C_CACN_NoCC,2020,XLM,BIOCROP,114.81549478563484
SSP2_500C_CACN_NoCC,2020,XLM,GRAZING,357649.1202877076
SSP2_500C_CACN_NoCC,2020,XLM,GRASS,260527.39997122108
SSP2_500C_CACN_NoCC,2020,XLM,URB,4894.335314867021
SSP2_500C_CACN_NoCC,2020,CIS,OTH,253974.9918984375
SSP2_500C_CACN_NoCC,2020,CIS,CROP,107388.74748862986
SSP2_500C_CACN_NoCC,2020,CIS,CROP_FLW,91263.47302201958
SSP2_500C_CACN_NoCC,2020,CIS,PRM_FRS,801007.7476662504
SSP2_500C_CACN_NoCC,2020,CIS,MNG_FRS,48283.23990683731
SSP2_500C_CACN_NoCC,2020,CIS,BIOCROP,213.834481170681
SSP2_500C_CACN_NoCC,2020,CIS,GRAZING,362814.34676771116
SSP2_500C_CACN_NoCC,2020,CIS,GRASS,194326.49290114333
SSP2_500C_CACN_NoCC,2020,CIS,URB,5880.5270887603765
SSP2_500C_CACN_NoCC,2020,XME,OTH,281021.7655625
SSP2_500C_CACN_NoCC,2020,XME,CROP,34731.81355458331
SSP2_500C_CACN_NoCC,2020,XME,CROP_FLW,3601.9183776641953
SSP2_500C_CACN_NoCC,2020,XME,PRM_FRS,9583.369766121039
SSP2_500C_CACN_NoCC,2020,XME,MNG_FRS,663.7037223556695
SSP2_500C_CACN_NoCC,2020,XME,BIOCROP,447.9585660768794
SSP2_500C_CACN_NoCC,2020,XME,GRAZING,248480.94354017932
SSP2_500C_CACN_NoCC,2020,XME,GRASS,99484.56382910212
SSP2_500C_CACN_NoCC,2020,XME,URB,2128.071955810547
SSP2_500C_CACN_NoCC,2020,XNF,OTH,456890.6350624999
SSP2_500C_CACN_NoCC,2020,XNF,CROP,27077.89278771017
SSP2_500C_CACN_NoCC,2020,XNF,CROP_FLW,4799.54732794883
SSP2_500C_CACN_NoCC,2020,XNF,PRM_FRS,3232.286521422998
SSP2_500C_CACN_NoCC,2020,XNF,MNG_FRS,74.87532669521788
SSP2_500C_CACN_NoCC,2020,XNF,BIOCROP,752.5760000288448
SSP2_500C_CACN_NoCC,2020,XNF,GRAZING,69647.05164208895
SSP2_500C_CACN_NoCC,2020,XNF,GRASS,9663.737835171727
SSP2_500C_CACN_NoCC,2020,XNF,URB,927.4797019042969
SSP2_500C_CACN_NoCC,2020,XAF,OTH,399410.63371875
SSP2_500C_CACN_NoCC,2020,XAF,CROP,246491.95278460043
SSP2_500C_CACN_NoCC,2020,XAF,CROP_FLW,28222.44001615264
SSP2_500C_CACN_NoCC,2020,XAF,PRM_FRS,529161.1044260642
SSP2_500C_CACN_NoCC,2020,XAF,MNG_FRS,21982.873390879824
SSP2_500C_CACN_NoCC,2020,XAF,BIOCROP,19.267005935215682
SSP2_500C_CACN_NoCC,2020,XAF,GRAZING,884833.209355916
SSP2_500C_CACN_NoCC,2020,XAF,GRASS,626561.9511877297
SSP2_500C_CACN_NoCC,2020,XAF,URB,2896.931178625107
SSP2_500C_CACN_NoCC,2020,ASIA2,OTH,312611.42105468747
SSP2_500C_CACN_NoCC,2020,ASIA2,CROP,444427.1556549177
SSP2_500C_CACN_NoCC,2020,ASIA2,CROP_FLW,17671.07596478462
SSP2_500C_CACN_NoCC,2020,ASIA2,PRM_FRS,446886.57125820866
SSP2_500C_CACN_NoCC,2020,ASIA2,MNG_FRS,57142.33406039101
SSP2_500C_CACN_NoCC,2020,ASIA2,BIOCROP,1515.5604883371095
SSP2_500C_CACN_NoCC,2020,ASIA2,GRAZING,578532.6008274539
SSP2_500C_CACN_NoCC,2020,ASIA2,GRASS,239144.12310135504
SSP2_500C_CACN_NoCC,2020,ASIA2,URB,16641.596986114502
SSP2_500C_CACN_NoCC,2020,World,OTH,2111196.772609375
SSP2_500C_CACN_NoCC,2020,World,CROP,1314022.1690132034
SSP2_500C_CACN_NoCC,2020,World,CROP_FLW,347506.035833566
SSP2_500C_CACN_NoCC,2020,World,PRM_FRS,3431522.912794979
SSP2_500C_CACN_NoCC,2020,World,MNG_FRS,336138.97908510186
SSP2_500C_CACN_NoCC,2020,World,BIOCROP,13698.476367813028
SSP2_500C_CACN_NoCC,2020,World,GRAZING,3446676.2897121874
SSP2_500C_CACN_NoCC,2020,World,GRASS,2241020.8130562594
SSP2_500C_CACN_NoCC,2020,World,URB,61494.25336591386
SSP2_500C_CACN_NoCC,2020,Non-OECD,OTH,1776092.664609375
SSP2_500C_CACN_NoCC,2020,Non-OECD,CROP,999141.2731616808
SSP2_500C_CACN_NoCC,2020,Non-OECD,CROP_FLW,172945.26295558782
SSP2_500C_CACN_NoCC,2020,Non-OECD,PRM_FRS,2643871.078769418
SSP2_500C_CACN_NoCC,2020,Non-OECD,MNG_FRS,150131.3381208755
SSP2_500C_CACN_NoCC,2020,Non-OECD,BIOCROP,3336.679593506126
SSP2_500C_CACN_NoCC,2020,Non-OECD,GRAZING,2709480.99201846
SSP2_500C_CACN_NoCC,2020,Non-OECD,GRASS,1586160.7033573561
SSP2_500C_CACN_NoCC,2020,Non-OECD,URB,35401.19061899567
SSP2_500C_CACN_NoCC,2020,Industrial,OTH,321872.108
SSP2_500C_CACN_NoCC,2020,Industrial,CROP,244792.98024501782
SSP2_500C_CACN_NoCC,2020,Industrial,CROP_FLW,165907.3970909628
SSP2_500C_CACN_NoCC,2020,Industrial,PRM_FRS,757229.1125307608
SSP2_500C_CACN_NoCC,2020,Industrial,MNG_FRS,177858.12905740843
SSP2_500C_CACN_NoCC,2020,Industrial,BIOCROP,9348.391751110741
SSP2_500C_CACN_NoCC,2020,Industrial,GRAZING,707984.6668659972
SSP2_500C_CACN_NoCC,2020,Industrial,GRASS,627940.7671749975
SSP2_500C_CACN_NoCC,2020,Industrial,URB,24181.440413742544
SSP2_500C_CACN_NoCC,2020,Transition,OTH,520635.75745312497
SSP2_500C_CACN_NoCC,2020,Transition,CROP,548776.6421135509
SSP2_500C_CACN_NoCC,2020,Transition,CROP_FLW,103509.38687520922
SSP2_500C_CACN_NoCC,2020,Transition,PRM_FRS,1500373.4064294712
SSP2_500C_CACN_NoCC,2020,Transition,MNG_FRS,103022.69168186086
SSP2_500C_CACN_NoCC,2020,Transition,BIOCROP,2806.240172303498
SSP2_500C_CACN_NoCC,2020,Transition,GRAZING,1008222.1354507087
SSP2_500C_CACN_NoCC,2020,Transition,GRASS,496188.7393045399
SSP2_500C_CACN_NoCC,2020,Transition,URB,22567.039569885255
SSP2_500C_CACN_NoCC,2020,Developing,OTH,1268688.90715625
SSP2_500C_CACN_NoCC,2020,Developing,CROP,520452.5466546346
SSP2_500C_CACN_NoCC,2020,Developing,CROP_FLW,78089.25186739399
SSP2_500C_CACN_NoCC,2020,Developing,PRM_FRS,1173920.3938347464
SSP2_500C_CACN_NoCC,2020,Developing,MNG_FRS,55258.15834583256
SSP2_500C_CACN_NoCC,2020,Developing,BIOCROP,1543.8444443987898
SSP2_500C_CACN_NoCC,2020,Developing,GRAZING,1730469.487395482
SSP2_500C_CACN_NoCC,2020,Developing,GRASS,1116891.3065767218
SSP2_500C_CACN_NoCC,2020,Developing,URB,14745.773382286072
SSP2_500C_CACN_NoCC,2020,R5ASIA,OTH,312611.42105468747
SSP2_500C_CACN_NoCC,2020,R5ASIA,CROP,441738.95170019055
SSP2_500C_CACN_NoCC,2020,R5ASIA,CROP_FLW,16766.329829178794
SSP2_500C_CACN_NoCC,2020,R5ASIA,PRM_FRS,424439.2407866566
SSP2_500C_CACN_NoCC,2020,R5ASIA,MNG_FRS,54612.22500965627
SSP2_500C_CACN_NoCC,2020,R5ASIA,BIOCROP,1475.281540732573
SSP2_500C_CACN_NoCC,2020,R5ASIA,GRAZING,578482.8457414352
SSP2_500C_CACN_NoCC,2020,R5ASIA,GRASS,238443.22099797253
SSP2_500C_CACN_NoCC,2020,R5ASIA,URB,14931.307018096923
SSP2_500C_CACN_NoCC,2020,R5OECD90+EU,OTH,335104.108
SSP2_500C_CACN_NoCC,2020,R5OECD90+EU,CROP,314880.89585152257
SSP2_500C_CACN_NoCC,2020,R5OECD90+EU,CROP_FLW,174560.7728779782
SSP2_500C_CACN_NoCC,2020,R5OECD90+EU,PRM_FRS,787651.8340255606
SSP2_500C_CACN_NoCC,2020,R5OECD90+EU,MNG_FRS,186007.64096422633
SSP2_500C_CACN_NoCC,2020,R5OECD90+EU,BIOCROP,10361.796774306904
SSP2_500C_CACN_NoCC,2020,R5OECD90+EU,GRAZING,737195.2976937284
SSP2_500C_CACN_NoCC,2020,R5OECD90+EU,GRASS,654860.1096989032
SSP2_500C_CACN_NoCC,2020,R5OECD90+EU,URB,26093.062746918204
SSP2_500C_CACN_NoCC,2020,R5REF,OTH,253974.9918984375
SSP2_500C_CACN_NoCC,2020,R5REF,CROP,107388.74748862986
SSP2_500C_CACN_NoCC,2020,R5REF,CROP_FLW,91263.47302201958
SSP2_500C_CACN_NoCC,2020,R5REF,PRM_FRS,801007.7476662504
SSP2_500C_CACN_NoCC,2020,R5REF,MNG_FRS,48283.23990683731
SSP2_500C_CACN_NoCC,2020,R5REF,BIOCROP,213.834481170681
SSP2_500C_CACN_NoCC,2020,R5REF,GRAZING,362814.34676771116
SSP2_500C_CACN_NoCC,2020,R5REF,GRASS,194326.49290114333
SSP2_500C_CACN_NoCC,2020,R5REF,URB,5880.5270887603765
SSP2_500C_CACN_NoCC,2020,R5MAF,OTH,1137323.0343437498
SSP2_500C_CACN_NoCC,2020,R5MAF,CROP,308301.6591268939
SSP2_500C_CACN_NoCC,2020,R5MAF,CROP_FLW,36623.90572176567
SSP2_500C_CACN_NoCC,2020,R5MAF,PRM_FRS,541976.7607136082
SSP2_500C_CACN_NoCC,2020,R5MAF,MNG_FRS,22721.452439930712
SSP2_500C_CACN_NoCC,2020,R5MAF,BIOCROP,1219.8015720409396
SSP2_500C_CACN_NoCC,2020,R5MAF,GRAZING,1202961.2045381842
SSP2_500C_CACN_NoCC,2020,R5MAF,GRASS,735710.2528520036
SSP2_500C_CACN_NoCC,2020,R5MAF,URB,5952.48283633995
SSP2_500C_CACN_NoCC,2020,R5LAM,OTH,72183.21731250001
SSP2_500C_CACN_NoCC,2020,R5LAM,CROP,141711.91484596636
SSP2_500C_CACN_NoCC,2020,R5LAM,CROP_FLW,28291.5543826238
SSP2_500C_CACN_NoCC,2020,R5LAM,PRM_FRS,876447.3296029028
SSP2_500C_CACN_NoCC,2020,R5LAM,MNG_FRS,24514.420764451224
SSP2_500C_CACN_NoCC,2020,R5LAM,BIOCROP,427.76199956193204
SSP2_500C_CACN_NoCC,2020,R5LAM,GRAZING,565222.594971129
SSP2_500C_CACN_NoCC,2020,R5LAM,GRASS,417680.7366062367
SSP2_500C_CACN_NoCC,2020,R5LAM,URB,8636.873675798419
SSP2_500C_CACN_NoCC,2025,USA,OTH,33613.452
SSP2_500C_CACN_NoCC,2025,USA,CROP,113151.87915769724
SSP2_500C_CACN_NoCC,2025,USA,CROP_FLW,79135.83964282341
SSP2_500C_CACN_NoCC,2025,USA,PRM_FRS,228155.05863333546
SSP2_500C_CACN_NoCC,2025,USA,MNG_FRS,58272.07644314511
SSP2_500C_CACN_NoCC,2025,USA,BIOCROP,14625.144191509717
SSP2_500C_CACN_NoCC,2025,USA,GRAZING,234290.73622582835
SSP2_500C_CACN_NoCC,2025,USA,GRASS,106521.17458947637
SSP2_500C_CACN_NoCC,2025,USA,URB,11695.345311309815
SSP2_500C_CACN_NoCC,2025,XE25,OTH,3206.0
SSP2_500C_CACN_NoCC,2025,XE25,CROP,75744.3480231803
SSP2_500C_CACN_NoCC,2025,XE25,CROP_FLW,26561.578408862635
SSP2_500C_CACN_NoCC,2025,XE25,PRM_FRS,81298.11975157876
SSP2_500C_CACN_NoCC,2025,XE25,MNG_FRS,60902.23398568289
SSP2_500C_CACN_NoCC,2025,XE25,BIOCROP,8104.843253033856
SSP2_500C_CACN_NoCC,2025,XE25,GRAZING,58700.79722711721
SSP2_500C_CACN_NoCC,2025,XE25,GRASS,32392.347406290424
SSP2_500C_CACN_NoCC,2025,XE25,URB,9106.496241195679
SSP2_500C_CACN_NoCC,2025,XER,OTH,13232.0
SSP2_500C_CACN_NoCC,2025,XER,CROP,45945.27242069159
SSP2_500C_CACN_NoCC,2025,XER,CROP_FLW,3221.0512074317726
SSP2_500C_CACN_NoCC,2025,XER,PRM_FRS,22863.706322572052
SSP2_500C_CACN_NoCC,2025,XER,MNG_FRS,6563.502017725968
SSP2_500C_CACN_NoCC,2025,XER,BIOCROP,1362.5834958413898
SSP2_500C_CACN_NoCC,2025,XER,GRAZING,14914.716145667253
SSP2_500C_CACN_NoCC,2025,XER,GRASS,4247.2801514595485
SSP2_500C_CACN_NoCC,2025,XER,URB,1090.242361709595
SSP2_500C_CACN_NoCC,2025,TUR,CROP,23584.601730559643
SSP2_500C_CACN_NoCC,2025,TUR,CROP_FLW,5378.457930862667
SSP2_500C_CACN_NoCC,2025,TUR,PRM_FRS,7891.175779509379
SSP2_500C_CACN_NoCC,2025,TUR,MNG_FRS,1284.1031705733333
SSP2_500C_CACN_NoCC,2025,TUR,BIOCROP,545.7101941914204
SSP2_500C_CACN_NoCC,2025,TUR,GRAZING,14261.22672872226
SSP2_500C_CACN_NoCC,2025,TUR,GRASS,22393.515874162502
SSP2_500C_CACN_NoCC,2025,TUR,URB,821.3799714660644
SSP2_500C_CACN_NoCC,2025,XOC,OTH,1467.0
SSP2_500C_CACN_NoCC,2025,XOC,CROP,27476.692205848394
SSP2_500C_CACN_NoCC,2025,XOC,CROP_FLW,33043.31837225547
SSP2_500C_CACN_NoCC,2025,XOC,PRM_FRS,163101.61273962527
SSP2_500C_CACN_NoCC,2025,XOC,MNG_FRS,4824.592054154102
SSP2_500C_CACN_NoCC,2025,XOC,BIOCROP,151.14773837727876
SSP2_500C_CACN_NoCC,2025,XOC,GRAZING,387598.88556573854
SSP2_500C_CACN_NoCC,2025,XOC,GRASS,482297.936807936
SSP2_500C_CACN_NoCC,2025,XOC,URB,883.3264156804086
SSP2_500C_CACN_NoCC,2025,CHN,OTH,239998.39534375
SSP2_500C_CACN_NoCC,2025,CHN,CROP,129806.93714096276
SSP2_500C_CACN_NoCC,2025,CHN,PRM_FRS,179340.4542915269
SSP2_500C_CACN_NoCC,2025,CHN,MNG_FRS,23273.957683698554
SSP2_500C_CACN_NoCC,2025,CHN,BIOCROP,5264.777658162079
SSP2_500C_CACN_NoCC,2025,CHN,GRAZING,389210.3788961935
SSP2_500C_CACN_NoCC,2025,CHN,GRASS,95715.27386770547
SSP2_500C_CACN_NoCC,2025,CHN,URB,8006.078889526368
SSP2_500C_CACN_NoCC,2025,IND,OTH,13430.3702109375
SSP2_500C_CACN_NoCC,2025,IND,CROP,177474.04318649648
SSP2_500C_CACN_NoCC,2025,IND,PRM_FRS,36514.68567474779
SSP2_500C_CACN_NoCC,2025,IND,MNG_FRS,15018.127447413992
SSP2_500C_CACN_NoCC,2025,IND,BIOCROP,1062.9035329473961
SSP2_500C_CACN_NoCC,2025,IND,GRAZING,8245.082992316637
SSP2_500C_CACN_NoCC,2025,IND,GRASS,21703.265798026514
SSP2_500C_CACN_NoCC,2025,IND,URB,3026.2728974914553
SSP2_500C_CACN_NoCC,2025,JPN,CROP,2569.6193569370157
SSP2_500C_CACN_NoCC,2025,JPN,CROP_FLW,921.3497194558474
SSP2_500C_CACN_NoCC,2025,JPN,PRM_FRS,22631.66032582509
SSP2_500C_CACN_NoCC,2025,JPN,MNG_FRS,2396.9210027977533
SSP2_500C_CACN_NoCC,2025,JPN,BIOCROP,83.2989520239562
SSP2_500C_CACN_NoCC,2025,JPN,GRAZING,49.85613012843162
SSP2_500C_CACN_NoCC,2025,JPN,GRASS,708.6202624573629
SSP2_500C_CACN_NoCC,2025,JPN,URB,1710.2899680175783
SSP2_500C_CACN_NoCC,2025,XSE,OTH,14506.901
SSP2_500C_CACN_NoCC,2025,XSE,CROP,95703.1691377953
SSP2_500C_CACN_NoCC,2025,XSE,CROP_FLW,9040.156947735142
SSP2_500C_CACN_NoCC,2025,XSE,PRM_FRS,213856.93835509932
SSP2_500C_CACN_NoCC,2025,XSE,MNG_FRS,9941.118212672101
SSP2_500C_CACN_NoCC,2025,XSE,BIOCROP,1081.2654421043178
SSP2_500C_CACN_NoCC,2025,XSE,GRAZING,127864.93617874873
SSP2_500C_CACN_NoCC,2025,XSE,GRASS,76777.70173369828
SSP2_500C_CACN_NoCC,2025,XSE,URB,3032.1656320037837
SSP2_500C_CACN_NoCC,2025,XSA,OTH,44675.7545
SSP2_500C_CACN_NoCC,2025,XSA,CROP,42547.199632086005
SSP2_500C_CACN_NoCC,2025,XSA,CROP_FLW,5513.41383602406
SSP2_500C_CACN_NoCC,2025,XSA,PRM_FRS,7513.236218568568
SSP2_500C_CACN_NoCC,2025,XSA,MNG_FRS,4479.782340249453
SSP2_500C_CACN_NoCC,2025,XSA,BIOCROP,138.66991509886165
SSP2_500C_CACN_NoCC,2025,XSA,GRAZING,37808.538325904025
SSP2_500C_CACN_NoCC,2025,XSA,GRASS,41062.08115984507
SSP2_500C_CACN_NoCC,2025,XSA,URB,866.7895990753174
SSP2_500C_CACN_NoCC,2025,CAN,OTH,283585.656
SSP2_500C_CACN_NoCC,2025,CAN,CROP,31657.025451517795
SSP2_500C_CACN_NoCC,2025,CAN,CROP_FLW,24976.406929048164
SSP2_500C_CACN_NoCC,2025,CAN,PRM_FRS,255071.45697066293
SSP2_500C_CACN_NoCC,2025,CAN,MNG_FRS,48413.15268511341
SSP2_500C_CACN_NoCC,2025,CAN,BIOCROP,2572.738060340866
SSP2_500C_CACN_NoCC,2025,CAN,GRAZING,15033.649460726903
SSP2_500C_CACN_NoCC,2025,CAN,GRASS,7625.326985722603
SSP2_500C_CACN_NoCC,2025,CAN,URB,785.9824775390625
SSP2_500C_CACN_NoCC,2025,BRA,CROP,66472.74635164352
SSP2_500C_CACN_NoCC,2025,BRA,CROP_FLW,3486.240976461814
SSP2_500C_CACN_NoCC,2025,BRA,PRM_FRS,481270.91520027915
SSP2_500C_CACN_NoCC,2025,BRA,MNG_FRS,6452.772688541344
SSP2_500C_CACN_NoCC,2025,BRA,BIOCROP,831.4974704570827
SSP2_500C_CACN_NoCC,2025,BRA,GRAZING,189527.7780628032
SSP2_500C_CACN_NoCC,2025,BRA,GRASS,152472.61770352835
SSP2_500C_CACN_NoCC,2025,BRA,URB,3742.538360931397
SSP2_500C_CACN_NoCC,2025,XLM,OTH,72183.21731250001
SSP2_500C_CACN_NoCC,2025,XLM,CROP,78593.61439207096
SSP2_500C_CACN_NoCC,2025,XLM,CROP_FLW,23508.564447346616
SSP2_500C_CACN_NoCC,2025,XLM,PRM_FRS,430406.5674412005
SSP2_500C_CACN_NoCC,2025,XLM,MNG_FRS,17428.879669308953
SSP2_500C_CACN_NoCC,2025,XLM,BIOCROP,630.5879983761577
SSP2_500C_CACN_NoCC,2025,XLM,GRAZING,347027.0220504468
SSP2_500C_CACN_NoCC,2025,XLM,GRASS,256186.50872040752
SSP2_500C_CACN_NoCC,2025,XLM,URB,4894.335314867021
SSP2_500C_CACN_NoCC,2025,CIS,OTH,253974.9918984375
SSP2_500C_CACN_NoCC,2025,CIS,CROP,103834.97814614081
SSP2_500C_CACN_NoCC,2025,CIS,CROP_FLW,92836.52947921939
SSP2_500C_CACN_NoCC,2025,CIS,PRM_FRS,807720.6016830038
SSP2_500C_CACN_NoCC,2025,CIS,MNG_FRS,46126.8482187612
SSP2_500C_CACN_NoCC,2025,CIS,BIOCROP,1409.396932969046
SSP2_500C_CACN_NoCC,2025,CIS,GRAZING,355062.63497584657
SSP2_500C_CACN_NoCC,2025,CIS,GRASS,198306.89279782178
SSP2_500C_CACN_NoCC,2025,CIS,URB,5880.5270887603765
SSP2_500C_CACN_NoCC,2025,XME,OTH,281021.7655625
SSP2_500C_CACN_NoCC,2025,XME,CROP,36054.64323972723
SSP2_500C_CACN_NoCC,2025,XME,CROP_FLW,3313.785735246721
SSP2_500C_CACN_NoCC,2025,XME,PRM_FRS,9102.026621016996
SSP2_500C_CACN_NoCC,2025,XME,MNG_FRS,667.2873067023827
SSP2_500C_CACN_NoCC,2025,XME,BIOCROP,2035.2034168612627
SSP2_500C_CACN_NoCC,2025,XME,GRAZING,248693.86169861341
SSP2_500C_CACN_NoCC,2025,XME,GRASS,97127.46333791438
SSP2_500C_CACN_NoCC,2025,XME,URB,2128.071955810547
SSP2_500C_CACN_NoCC,2025,XNF,OTH,456890.6350624999
SSP2_500C_CACN_NoCC,2025,XNF,CROP,28095.99985183923
SSP2_500C_CACN_NoCC,2025,XNF,CROP_FLW,4020.0305024236386
SSP2_500C_CACN_NoCC,2025,XNF,PRM_FRS,2996.6098208652293
SSP2_500C_CACN_NoCC,2025,XNF,MNG_FRS,74.9307573716535
SSP2_500C_CACN_NoCC,2025,XNF,BIOCROP,2334.920605791147
SSP2_500C_CACN_NoCC,2025,XNF,GRAZING,69473.78478215371
SSP2_500C_CACN_NoCC,2025,XNF,GRASS,8251.69112062204
SSP2_500C_CACN_NoCC,2025,XNF,URB,927.4797019042969
SSP2_500C_CACN_NoCC,2025,XAF,OTH,399410.63371875
SSP2_500C_CACN_NoCC,2025,XAF,CROP,276264.89183750236
SSP2_500C_CACN_NoCC,2025,XAF,CROP_FLW,32124.364341332755
SSP2_500C_CACN_NoCC,2025,XAF,PRM_FRS,542399.979139187
SSP2_500C_CACN_NoCC,2025,XAF,MNG_FRS,22573.241979508028
SSP2_500C_CACN_NoCC,2025,XAF,BIOCROP,148.9023096956307
SSP2_500C_CACN_NoCC,2025,XAF,GRAZING,789325.2179882692
SSP2_500C_CACN_NoCC,2025,XAF,GRASS,674436.2005717821
SSP2_500C_CACN_NoCC,2025,XAF,URB,2896.931178625107
SSP2_500C_CACN_NoCC,2025,ASIA2,OTH,312611.42105468747
SSP2_500C_CACN_NoCC,2025,ASIA2,CROP,448100.9684542775
SSP2_500C_CACN_NoCC,2025,ASIA2,CROP_FLW,15474.92050321505
SSP2_500C_CACN_NoCC,2025,ASIA2,PRM_FRS,459856.9748657677
SSP2_500C_CACN_NoCC,2025,ASIA2,MNG_FRS,55109.906686831855
SSP2_500C_CACN_NoCC,2025,ASIA2,BIOCROP,7630.915500336611
SSP2_500C_CACN_NoCC,2025,ASIA2,GRAZING,563178.7925232913
SSP2_500C_CACN_NoCC,2025,ASIA2,GRASS,235966.94282173266
SSP2_500C_CACN_NoCC,2025,ASIA2,URB,16641.596986114502
SSP2_500C_CACN_NoCC,2025,World,OTH,2111196.772609375
SSP2_500C_CACN_NoCC,2025,World,CROP,1354977.6612626966
SSP2_500C_CACN_NoCC,2025,World,CROP_FLW,347081.0884765301
SSP2_500C_CACN_NoCC,2025,World,PRM_FRS,3492134.804968604
SSP2_500C_CACN_NoCC,2025,World,MNG_FRS,328693.52766342025
SSP2_500C_CACN_NoCC,2025,World,BIOCROP,42383.591167781466
SSP2_500C_CACN_NoCC,2025,World,GRAZING,3287089.103435225
SSP2_500C_CACN_NoCC,2025,World,GRASS,2278225.898888856
SSP2_500C_CACN_NoCC,2025,World,URB,61494.25336591386
SSP2_500C_CACN_NoCC,2025,Non-OECD,OTH,1776092.664609375
SSP2_500C_CACN_NoCC,2025,Non-OECD,CROP,1034848.2229162647
SSP2_500C_CACN_NoCC,2025,Non-OECD,CROP_FLW,173843.08626579016
SSP2_500C_CACN_NoCC,2025,Non-OECD,PRM_FRS,2711122.0144454953
SSP2_500C_CACN_NoCC,2025,Non-OECD,MNG_FRS,146036.94630422766
SSP2_500C_CACN_NoCC,2025,Non-OECD,BIOCROP,14938.125282462981
SSP2_500C_CACN_NoCC,2025,Non-OECD,GRAZING,2562239.235951296
SSP2_500C_CACN_NoCC,2025,Non-OECD,GRASS,1622039.6968113515
SSP2_500C_CACN_NoCC,2025,Non-OECD,URB,35401.19061899567
SSP2_500C_CACN_NoCC,2025,Industrial,OTH,321872.108
SSP2_500C_CACN_NoCC,2025,Industrial,CROP,250599.56419518072
SSP2_500C_CACN_NoCC,2025,Industrial,CROP_FLW,164638.4930724455
SSP2_500C_CACN_NoCC,2025,Industrial,PRM_FRS,750257.9084210275
SSP2_500C_CACN_NoCC,2025,Industrial,MNG_FRS,174808.97617089326
SSP2_500C_CACN_NoCC,2025,Industrial,BIOCROP,25537.172195285675
SSP2_500C_CACN_NoCC,2025,Industrial,GRAZING,695673.9246095394
SSP2_500C_CACN_NoCC,2025,Industrial,GRASS,629545.4060518829
SSP2_500C_CACN_NoCC,2025,Industrial,URB,24181.440413742544
SSP2_500C_CACN_NoCC,2025,Transition,OTH,520635.75745312497
SSP2_500C_CACN_NoCC,2025,Transition,CROP,547118.5789764947
SSP2_500C_CACN_NoCC,2025,Transition,CROP_FLW,104922.27959397565
SSP2_500C_CACN_NoCC,2025,Transition,PRM_FRS,1535601.538951639
SSP2_500C_CACN_NoCC,2025,Transition,MNG_FRS,98719.3112267144
SSP2_500C_CACN_NoCC,2025,Transition,BIOCROP,10476.869284568415
SSP2_500C_CACN_NoCC,2025,Transition,GRAZING,971221.8178015496
SSP2_500C_CACN_NoCC,2025,Transition,GRASS,494838.84619270416
SSP2_500C_CACN_NoCC,2025,Transition,URB,22567.039569885255
SSP2_500C_CACN_NoCC,2025,Developing,OTH,1268688.90715625
SSP2_500C_CACN_NoCC,2025,Developing,CROP,557259.5180910211
SSP2_500C_CACN_NoCC,2025,Developing,CROP_FLW,77520.31581010892
SSP2_500C_CACN_NoCC,2025,Developing,PRM_FRS,1206275.3575959378
SSP2_500C_CACN_NoCC,2025,Developing,MNG_FRS,55165.24026581257
SSP2_500C_CACN_NoCC,2025,Developing,BIOCROP,6369.549687927377
SSP2_500C_CACN_NoCC,2025,Developing,GRAZING,1620193.3610241357
SSP2_500C_CACN_NoCC,2025,Developing,GRASS,1153841.6466442693
SSP2_500C_CACN_NoCC,2025,Developing,URB,14745.773382286072
SSP2_500C_CACN_NoCC,2025,R5ASIA,OTH,312611.42105468747
SSP2_500C_CACN_NoCC,2025,R5ASIA,CROP,445531.3490973405
SSP2_500C_CACN_NoCC,2025,R5ASIA,CROP_FLW,14553.570783759202
SSP2_500C_CACN_NoCC,2025,R5ASIA,PRM_FRS,437225.3145399426
SSP2_500C_CACN_NoCC,2025,R5ASIA,MNG_FRS,52712.9856840341
SSP2_500C_CACN_NoCC,2025,R5ASIA,BIOCROP,7547.616548312655
SSP2_500C_CACN_NoCC,2025,R5ASIA,GRAZING,563128.9363931629
SSP2_500C_CACN_NoCC,2025,R5ASIA,GRASS,235258.32255927532
SSP2_500C_CACN_NoCC,2025,R5ASIA,URB,14931.307018096923
SSP2_500C_CACN_NoCC,2025,R5OECD90+EU,OTH,335104.108
SSP2_500C_CACN_NoCC,2025,R5OECD90+EU,CROP,320129.43834643194
SSP2_500C_CACN_NoCC,2025,R5OECD90+EU,CROP_FLW,173238.00221073994
SSP2_500C_CACN_NoCC,2025,R5OECD90+EU,PRM_FRS,781012.7905231089
SSP2_500C_CACN_NoCC,2025,R5OECD90+EU,MNG_FRS,182656.58135919255
SSP2_500C_CACN_NoCC,2025,R5OECD90+EU,BIOCROP,27445.465885318485
SSP2_500C_CACN_NoCC,2025,R5OECD90+EU,GRAZING,724849.8674839289
SSP2_500C_CACN_NoCC,2025,R5OECD90+EU,GRASS,656186.2020775048
SSP2_500C_CACN_NoCC,2025,R5OECD90+EU,URB,26093.062746918204
SSP2_500C_CACN_NoCC,2025,R5REF,OTH,253974.9918984375
SSP2_500C_CACN_NoCC,2025,R5REF,CROP,103834.97814614081
SSP2_500C_CACN_NoCC,2025,R5REF,CROP_FLW,92836.52947921939
SSP2_500C_CACN_NoCC,2025,R5REF,PRM_FRS,807720.6016830038
SSP2_500C_CACN_NoCC,2025,R5REF,MNG_FRS,46126.8482187612
SSP2_500C_CACN_NoCC,2025,R5REF,BIOCROP,1409.396932969046
SSP2_500C_CACN_NoCC,2025,R5REF,GRAZING,355062.63497584657
SSP2_500C_CACN_NoCC,2025,R5REF,GRASS,198306.89279782178
SSP2_500C_CACN_NoCC,2025,R5REF,URB,5880.5270887603765
SSP2_500C_CACN_NoCC,2025,R5MAF,OTH,1137323.0343437498
SSP2_500C_CACN_NoCC,2025,R5MAF,CROP,340415.5349290688
SSP2_500C_CACN_NoCC,2025,R5MAF,CROP_FLW,39458.180579003114
SSP2_500C_CACN_NoCC,2025,R5MAF,PRM_FRS,554498.6155810693
SSP2_500C_CACN_NoCC,2025,R5MAF,MNG_FRS,23315.460043582065
SSP2_500C_CACN_NoCC,2025,R5MAF,BIOCROP,4519.02633234804
SSP2_500C_CACN_NoCC,2025,R5MAF,GRAZING,1107492.8644690362
SSP2_500C_CACN_NoCC,2025,R5MAF,GRASS,779815.3550303185
SSP2_500C_CACN_NoCC,2025,R5MAF,URB,5952.48283633995
SSP2_500C_CACN_NoCC,2025,R5LAM,OTH,72183.21731250001
SSP2_500C_CACN_NoCC,2025,R5LAM,CROP,145066.3607437145
SSP2_500C_CACN_NoCC,2025,R5LAM,CROP_FLW,26994.80542380843
SSP2_500C_CACN_NoCC,2025,R5LAM,PRM_FRS,911677.4826414797
SSP2_500C_CACN_NoCC,2025,R5LAM,MNG_FRS,23881.652357850297
SSP2_500C_CACN_NoCC,2025,R5LAM,BIOCROP,1462.0854688332404
SSP2_500C_CACN_NoCC,2025,R5LAM,GRAZING,536554.80011325
SSP2_500C_CACN_NoCC,2025,R5LAM,GRASS,408659.1264239359
SSP2_500C_CACN_NoCC,2025,R5LAM,URB,8636.873675798419
SSP2_500C_CACN_NoCC,2030,USA,OTH,33613.452
SSP2_500C_CACN_NoCC,2030,USA,CROP,116450.304297191
SSP2_500C_CACN_NoCC,2030,USA,CROP_FLW,75500.02759950221
SSP2_500C_CACN_NoCC,2030,USA,PRM_FRS,228338.53778360144
SSP2_500C_CACN_NoCC,2030,USA,MNG_FRS,56996.39329426803
SSP2_500C_CACN_NoCC,2030,USA,BIOCROP,23682.384662823973
SSP2_500C_CACN_NoCC,2030,USA,GRAZING,232211.5370627028
SSP2_500C_CACN_NoCC,2030,USA,GRASS,100972.72418372899
SSP2_500C_CACN_NoCC,2030,USA,URB,11695.345311309815
SSP2_500C_CACN_NoCC,2030,XE25,OTH,3206.0
SSP2_500C_CACN_NoCC,2030,XE25,CROP,74259.76377016735
SSP2_500C_CACN_NoCC,2030,XE25,CROP_FLW,25280.000193305113
SSP2_500C_CACN_NoCC,2030,XE25,PRM_FRS,81525.7244133781
SSP2_500C_CACN_NoCC,2030,XE25,MNG_FRS,59235.21801212533
SSP2_500C_CACN_NoCC,2030,XE25,BIOCROP,13618.062850888475
SSP2_500C_CACN_NoCC,2030,XE25,GRAZING,58533.9144742388
SSP2_500C_CACN_NoCC,2030,XE25,GRASS,31251.584341642818
SSP2_500C_CACN_NoCC,2030,XE25,URB,9106.496241195679
SSP2_500C_CACN_NoCC,2030,XER,OTH,13232.0
SSP2_500C_CACN_NoCC,2030,XER,CROP,44704.30399887369
SSP2_500C_CACN_NoCC,2030,XER,CROP_FLW,3265.811663006538
SSP2_500C_CACN_NoCC,2030,XER,PRM_FRS,23721.62073946988
SSP2_500C_CACN_NoCC,2030,XER,MNG_FRS,6299.904550152532
SSP2_500C_CACN_NoCC,2030,XER,BIOCROP,1878.6584375145874
SSP2_500C_CACN_NoCC,2030,XER,GRAZING,14971.131140626852
SSP2_500C_CACN_NoCC,2030,XER,GRASS,4276.68123174543
SSP2_500C_CACN_NoCC,2030,XER,URB,1090.242361709595
SSP2_500C_CACN_NoCC,2030,TUR,CROP,23730.77284251691
SSP2_500C_CACN_NoCC,2030,TUR,CROP_FLW,4988.109002486481
SSP2_500C_CACN_NoCC,2030,TUR,PRM_FRS,8610.799511716756
SSP2_500C_CACN_NoCC,2030,TUR,MNG_FRS,1243.4024067222754
SSP2_500C_CACN_NoCC,2030,TUR,BIOCROP,1101.726795166989
SSP2_500C_CACN_NoCC,2030,TUR,GRAZING,14149.519533488996
SSP2_500C_CACN_NoCC,2030,TUR,GRASS,21514.461316482808
SSP2_500C_CACN_NoCC,2030,TUR,URB,821.3799714660644
SSP2_500C_CACN_NoCC,2030,XOC,OTH,1467.0
SSP2_500C_CACN_NoCC,2030,XOC,CROP,29255.837701497065
SSP2_500C_CACN_NoCC,2030,XOC,CROP_FLW,31933.938000054957
SSP2_500C_CACN_NoCC,2030,XOC,PRM_FRS,179838.8996545565
SSP2_500C_CACN_NoCC,2030,XOC,MNG_FRS,4488.181066438751
SSP2_500C_CACN_NoCC,2030,XOC,BIOCROP,422.1555954337276
SSP2_500C_CACN_NoCC,2030,XOC,GRAZING,380968.6464099963
SSP2_500C_CACN_NoCC,2030,XOC,GRASS,471586.5270559576
SSP2_500C_CACN_NoCC,2030,XOC,URB,883.3264156804086
SSP2_500C_CACN_NoCC,2030,CHN,OTH,239998.39534375
SSP2_500C_CACN_NoCC,2030,CHN,CROP,126424.238472272
SSP2_500C_CACN_NoCC,2030,CHN,PRM_FRS,193318.57691020877
SSP2_500C_CACN_NoCC,2030,CHN,MNG_FRS,21350.36231834313
SSP2_500C_CACN_NoCC,2030,CHN,BIOCROP,10685.820889246628
SSP2_500C_CACN_NoCC,2030,CHN,GRAZING,380318.8868716359
SSP2_500C_CACN_NoCC,2030,CHN,GRASS,90513.89407654227
SSP2_500C_CACN_NoCC,2030,CHN,URB,8006.078889526368
SSP2_500C_CACN_NoCC,2030,IND,OTH,13430.3702109375
SSP2_500C_CACN_NoCC,2030,IND,CROP,178140.92936742588
SSP2_500C_CACN_NoCC,2030,IND,PRM_FRS,36703.51481635861
SSP2_500C_CACN_NoCC,2030,IND,MNG_FRS,14735.218951961027
SSP2_500C_CACN_NoCC,2030,IND,BIOCROP,2607.022188243201
SSP2_500C_CACN_NoCC,2030,IND,GRAZING,7859.7119694016355
SSP2_500C_CACN_NoCC,2030,IND,GRASS,19971.711338558056
SSP2_500C_CACN_NoCC,2030,IND,URB,3026.2728974914553
SSP2_500C_CACN_NoCC,2030,JPN,CROP,2442.7109652213603
SSP2_500C_CACN_NoCC,2030,JPN,CROP_FLW,838.0018840579431
SSP2_500C_CACN_NoCC,2030,JPN,PRM_FRS,23002.974216313247
SSP2_500C_CACN_NoCC,2030,JPN,MNG_FRS,2221.1996827027656
SSP2_500C_CACN_NoCC,2030,JPN,BIOCROP,143.43750022151318
SSP2_500C_CACN_NoCC,2030,JPN,GRAZING,49.563686263523884
SSP2_500C_CACN_NoCC,2030,JPN,GRASS,663.4378148450966
SSP2_500C_CACN_NoCC,2030,JPN,URB,1710.2899680175783
SSP2_500C_CACN_NoCC,2030,XSE,OTH,14506.901
SSP2_500C_CACN_NoCC,2030,XSE,CROP,92079.25286870035
SSP2_500C_CACN_NoCC,2030,XSE,CROP_FLW,6212.477273796524
SSP2_500C_CACN_NoCC,2030,XSE,PRM_FRS,224468.75252598626
SSP2_500C_CACN_NoCC,2030,XSE,MNG_FRS,9205.122618188352
SSP2_500C_CACN_NoCC,2030,XSE,BIOCROP,3558.8314100841244
SSP2_500C_CACN_NoCC,2030,XSE,GRAZING,126126.99660299552
SSP2_500C_CACN_NoCC,2030,XSE,GRASS,72613.8527080985
SSP2_500C_CACN_NoCC,2030,XSE,URB,3032.1656320037837
SSP2_500C_CACN_NoCC,2030,XSA,OTH,44675.7545
SSP2_500C_CACN_NoCC,2030,XSA,CROP,44565.98772756712
SSP2_500C_CACN_NoCC,2030,XSA,CROP_FLW,4855.369400206072
SSP2_500C_CACN_NoCC,2030,XSA,PRM_FRS,8265.424657629725
SSP2_500C_CACN_NoCC,2030,XSA,MNG_FRS,4409.564854388752
SSP2_500C_CACN_NoCC,2030,XSA,BIOCROP,428.26038794862626
SSP2_500C_CACN_NoCC,2030,XSA,GRAZING,37325.79440559466
SSP2_500C_CACN_NoCC,2030,XSA,GRASS,39212.51999444118
SSP2_500C_CACN_NoCC,2030,XSA,URB,866.7895990753174
SSP2_500C_CACN_NoCC,2030,CAN,OTH,283585.656
SSP2_500C_CACN_NoCC,2030,CAN,CROP,32593.887466398603
SSP2_500C_CACN_NoCC,2030,CAN,CROP_FLW,22679.13244076619
SSP2_500C_CACN_NoCC,2030,CAN,PRM_FRS,256438.02127383178
SSP2_500C_CACN_NoCC,2030,CAN,MNG_FRS,47313.83981194971
SSP2_500C_CACN_NoCC,2030,CAN,BIOCROP,4811.326428183782
SSP2_500C_CACN_NoCC,2030,CAN,GRAZING,14773.264784935142
SSP2_500C_CACN_NoCC,2030,CAN,GRASS,6740.284337067467
SSP2_500C_CACN_NoCC,2030,CAN,URB,785.9824775390625
SSP2_500C_CACN_NoCC,2030,BRA,CROP,65402.855222091624
SSP2_500C_CACN_NoCC,2030,BRA,CROP_FLW,1812.1131290011438
SSP2_500C_CACN_NoCC,2030,BRA,PRM_FRS,531361.9786111232
SSP2_500C_CACN_NoCC,2030,BRA,MNG_FRS,5663.3671051458205
SSP2_500C_CACN_NoCC,2030,BRA,BIOCROP,2009.8391590079416
SSP2_500C_CACN_NoCC,2030,BRA,GRAZING,180661.8038517317
SSP2_500C_CACN_NoCC,2030,BRA,GRASS,113602.61137561302
SSP2_500C_CACN_NoCC,2030,BRA,URB,3742.538360931397
SSP2_500C_CACN_NoCC,2030,XLM,OTH,72183.21731250001
SSP2_500C_CACN_NoCC,2030,XLM,CROP,80943.32301794397
SSP2_500C_CACN_NoCC,2030,XLM,CROP_FLW,19301.00965011617
SSP2_500C_CACN_NoCC,2030,XLM,PRM_FRS,461882.8133681789
SSP2_500C_CACN_NoCC,2030,XLM,MNG_FRS,16731.9654905855
SSP2_500C_CACN_NoCC,2030,XLM,BIOCROP,1808.8416488752614
SSP2_500C_CACN_NoCC,2030,XLM,GRAZING,340159.5047386159
SSP2_500C_CACN_NoCC,2030,XLM,GRASS,232954.2868048421
SSP2_500C_CACN_NoCC,2030,XLM,URB,4894.335314867021
SSP2_500C_CACN_NoCC,2030,CIS,OTH,253974.9918984375
SSP2_500C_CACN_NoCC,2030,CIS,CROP,100064.67166756206
SSP2_500C_CACN_NoCC,2030,CIS,CROP_FLW,92768.07276005115
SSP2_500C_CACN_NoCC,2030,CIS,PRM_FRS,812190.9775410411
SSP2_500C_CACN_NoCC,2030,CIS,MNG_FRS,44750.42864970806
SSP2_500C_CACN_NoCC,2030,CIS,BIOCROP,3662.199265329188
SSP2_500C_CACN_NoCC,2030,CIS,GRAZING,352928.03942695993
SSP2_500C_CACN_NoCC,2030,CIS,GRASS,198933.49292311075
SSP2_500C_CACN_NoCC,2030,CIS,URB,5880.5270887603765
SSP2_500C_CACN_NoCC,2030,XME,OTH,281021.7655625
SSP2_500C_CACN_NoCC,2030,XME,CROP,36395.653351851994
SSP2_500C_CACN_NoCC,2030,XME,CROP_FLW,3027.2090236378444
SSP2_500C_CACN_NoCC,2030,XME,PRM_FRS,9102.026621016996
SSP2_500C_CACN_NoCC,2030,XME,MNG_FRS,662.8608511276278
SSP2_500C_CACN_NoCC,2030,XME,BIOCROP,4709.640969733367
SSP2_500C_CACN_NoCC,2030,XME,GRAZING,248386.16209461624
SSP2_500C_CACN_NoCC,2030,XME,GRASS,94710.71844409834
SSP2_500C_CACN_NoCC,2030,XME,URB,2128.071955810547
SSP2_500C_CACN_NoCC,2030,XNF,OTH,456890.6350624999
SSP2_500C_CACN_NoCC,2030,XNF,CROP,28651.582315297874
SSP2_500C_CACN_NoCC,2030,XNF,CROP_FLW,3407.878982997574
SSP2_500C_CACN_NoCC,2030,XNF,PRM_FRS,2996.6098208652293
SSP2_500C_CACN_NoCC,2030,XNF,MNG_FRS,73.9099315999123
SSP2_500C_CACN_NoCC,2030,XNF,BIOCROP,3632.186282351312
SSP2_500C_CACN_NoCC,2030,XNF,GRAZING,69346.74990868202
SSP2_500C_CACN_NoCC,2030,XNF,GRASS,7139.050199272744
SSP2_500C_CACN_NoCC,2030,XNF,URB,927.4797019042969
SSP2_500C_CACN_NoCC,2030,XAF,OTH,399410.63371875
SSP2_500C_CACN_NoCC,2030,XAF,CROP,301036.71717889135
SSP2_500C_CACN_NoCC,2030,XAF,CROP_FLW,26264.39777750005
SSP2_500C_CACN_NoCC,2030,XAF,PRM_FRS,598015.9156717462
SSP2_500C_CACN_NoCC,2030,XAF,MNG_FRS,21948.023880181325
SSP2_500C_CACN_NoCC,2030,XAF,BIOCROP,529.0126223850592
SSP2_500C_CACN_NoCC,2030,XAF,GRAZING,775155.5955837981
SSP2_500C_CACN_NoCC,2030,XAF,GRASS,614323.1354527761
SSP2_500C_CACN_NoCC,2030,XAF,URB,2896.931178625107
SSP2_500C_CACN_NoCC,2030,ASIA2,OTH,312611.42105468747
SSP2_500C_CACN_NoCC,2030,ASIA2,CROP,443653.1194011867
SSP2_500C_CACN_NoCC,2030,ASIA2,CROP_FLW,11905.84855806054
SSP2_500C_CACN_NoCC,2030,ASIA2,PRM_FRS,485759.2431264966
SSP2_500C_CACN_NoCC,2030,ASIA2,MNG_FRS,51921.46842558403
SSP2_500C_CACN_NoCC,2030,ASIA2,BIOCROP,17423.372375744093
SSP2_500C_CACN_NoCC,2030,ASIA2,GRAZING,551680.9535358913
SSP2_500C_CACN_NoCC,2030,ASIA2,GRASS,222975.4159324851
SSP2_500C_CACN_NoCC,2030,ASIA2,URB,16641.596986114502
SSP2_500C_CACN_NoCC,2030,World,OTH,2111196.772609375
SSP2_500C_CACN_NoCC,2030,World,CROP,1377142.7922314703
SSP2_500C_CACN_NoCC,2030,World,CROP_FLW,322133.54878048593
SSP2_500C_CACN_NoCC,2030,World,PRM_FRS,3679783.1681370228
SSP2_500C_CACN_NoCC,2030,World,MNG_FRS,317328.96347558894
SSP2_500C_CACN_NoCC,2030,World,BIOCROP,79289.40709343775
SSP2_500C_CACN_NoCC,2030,World,GRAZING,3233926.8225462846
SSP2_500C_CACN_NoCC,2030,World,GRASS,2120980.973598823
SSP2_500C_CACN_NoCC,2030,World,URB,61494.25336591386
SSP2_500C_CACN_NoCC,2030,Non-OECD,OTH,1776092.664609375
SSP2_500C_CACN_NoCC,2030,Non-OECD,CROP,1053705.2111896044
SSP2_500C_CACN_NoCC,2030,Non-OECD,CROP_FLW,157648.52799730652
SSP2_500C_CACN_NoCC,2030,Non-OECD,PRM_FRS,2878306.5905441553
SSP2_500C_CACN_NoCC,2030,Non-OECD,MNG_FRS,139530.82465122952
SSP2_500C_CACN_NoCC,2030,Non-OECD,BIOCROP,33631.65482320471
SSP2_500C_CACN_NoCC,2030,Non-OECD,GRAZING,2518269.245454032
SSP2_500C_CACN_NoCC,2030,Non-OECD,GRASS,1483975.2733173529
SSP2_500C_CACN_NoCC,2030,Non-OECD,URB,35401.19061899567
SSP2_500C_CACN_NoCC,2030,Industrial,OTH,321872.108
SSP2_500C_CACN_NoCC,2030,Industrial,CROP,255002.50420047538
SSP2_500C_CACN_NoCC,2030,Industrial,CROP_FLW,156231.10011768644
SSP2_500C_CACN_NoCC,2030,Industrial,PRM_FRS,769144.157341681
SSP2_500C_CACN_NoCC,2030,Industrial,MNG_FRS,170254.83186748458
SSP2_500C_CACN_NoCC,2030,Industrial,BIOCROP,42677.36703755148
SSP2_500C_CACN_NoCC,2030,Industrial,GRAZING,686536.9264181366
SSP2_500C_CACN_NoCC,2030,Industrial,GRASS,611214.557733242
SSP2_500C_CACN_NoCC,2030,Industrial,URB,24181.440413742544
SSP2_500C_CACN_NoCC,2030,Transition,OTH,520635.75745312497
SSP2_500C_CACN_NoCC,2030,Transition,CROP,538467.7715707421
SSP2_500C_CACN_NoCC,2030,Transition,CROP_FLW,102834.1065545453
SSP2_500C_CACN_NoCC,2030,Transition,PRM_FRS,1605907.4681299182
SSP2_500C_CACN_NoCC,2030,Transition,MNG_FRS,94042.68398203285
SSP2_500C_CACN_NoCC,2030,Transition,BIOCROP,21945.266734508536
SSP2_500C_CACN_NoCC,2030,Transition,GRAZING,950889.092793845
SSP2_500C_CACN_NoCC,2030,Transition,GRASS,448812.85226205236
SSP2_500C_CACN_NoCC,2030,Transition,URB,22567.039569885255
SSP2_500C_CACN_NoCC,2030,Developing,OTH,1268688.90715625
SSP2_500C_CACN_NoCC,2030,Developing,CROP,583672.5164602527
SSP2_500C_CACN_NoCC,2030,Developing,CROP_FLW,63068.34210825423
SSP2_500C_CACN_NoCC,2030,Developing,PRM_FRS,1304731.5426654234
SSP2_500C_CACN_NoCC,2030,Developing,MNG_FRS,53031.44762607147
SSP2_500C_CACN_NoCC,2030,Developing,BIOCROP,14666.773321377748
SSP2_500C_CACN_NoCC,2030,Developing,GRAZING,1596500.8033343025
SSP2_500C_CACN_NoCC,2030,Developing,GRASS,1060953.563603529
SSP2_500C_CACN_NoCC,2030,Developing,URB,14745.773382286072
SSP2_500C_CACN_NoCC,2030,R5ASIA,OTH,312611.42105468747
SSP2_500C_CACN_NoCC,2030,R5ASIA,CROP,441210.4084359654
SSP2_500C_CACN_NoCC,2030,R5ASIA,CROP_FLW,11067.846674002596
SSP2_500C_CACN_NoCC,2030,R5ASIA,PRM_FRS,462756.2689101834
SSP2_500C_CACN_NoCC,2030,R5ASIA,MNG_FRS,49700.268742881264
SSP2_500C_CACN_NoCC,2030,R5ASIA,BIOCROP,17279.93487552258
SSP2_500C_CACN_NoCC,2030,R5ASIA,GRAZING,551631.3898496277
SSP2_500C_CACN_NoCC,2030,R5ASIA,GRASS,222311.97811764
SSP2_500C_CACN_NoCC,2030,R5ASIA,URB,14931.307018096923
SSP2_500C_CACN_NoCC,2030,R5OECD90+EU,OTH,335104.108
SSP2_500C_CACN_NoCC,2030,R5OECD90+EU,CROP,323437.5810418659
SSP2_500C_CACN_NoCC,2030,R5OECD90+EU,CROP_FLW,164485.02078317944
SSP2_500C_CACN_NoCC,2030,R5OECD90+EU,PRM_FRS,801476.5775928677
SSP2_500C_CACN_NoCC,2030,R5OECD90+EU,MNG_FRS,177798.1388243594
SSP2_500C_CACN_NoCC,2030,R5OECD90+EU,BIOCROP,45657.75227023305
SSP2_500C_CACN_NoCC,2030,R5OECD90+EU,GRAZING,715657.5770922524
SSP2_500C_CACN_NoCC,2030,R5OECD90+EU,GRASS,637005.7002814702
SSP2_500C_CACN_NoCC,2030,R5OECD90+EU,URB,26093.062746918204
SSP2_500C_CACN_NoCC,2030,R5REF,OTH,253974.9918984375
SSP2_500C_CACN_NoCC,2030,R5REF,CROP,100064.67166756206
SSP2_500C_CACN_NoCC,2030,R5REF,CROP_FLW,92768.07276005115
SSP2_500C_CACN_NoCC,2030,R5REF,PRM_FRS,812190.9775410411
SSP2_500C_CACN_NoCC,2030,R5REF,MNG_FRS,44750.42864970806
SSP2_500C_CACN_NoCC,2030,R5REF,BIOCROP,3662.199265329188
SSP2_500C_CACN_NoCC,2030,R5REF,GRAZING,352928.03942695993
SSP2_500C_CACN_NoCC,2030,R5REF,GRASS,198933.49292311075
SSP2_500C_CACN_NoCC,2030,R5REF,URB,5880.5270887603765
SSP2_500C_CACN_NoCC,2030,R5MAF,OTH,1137323.0343437498
SSP2_500C_CACN_NoCC,2030,R5MAF,CROP,366083.95284604124
SSP2_500C_CACN_NoCC,2030,R5MAF,CROP_FLW,32699.485784135468
SSP2_500C_CACN_NoCC,2030,R5MAF,PRM_FRS,610114.5521136285
SSP2_500C_CACN_NoCC,2030,R5MAF,MNG_FRS,22684.794662908866
SSP2_500C_CACN_NoCC,2030,R5MAF,BIOCROP,8870.839874469737
SSP2_500C_CACN_NoCC,2030,R5MAF,GRAZING,1092888.5075870964
SSP2_500C_CACN_NoCC,2030,R5MAF,GRASS,716172.9040961472
SSP2_500C_CACN_NoCC,2030,R5MAF,URB,5952.48283633995
SSP2_500C_CACN_NoCC,2030,R5LAM,OTH,72183.21731250001
SSP2_500C_CACN_NoCC,2030,R5LAM,CROP,146346.1782400356
SSP2_500C_CACN_NoCC,2030,R5LAM,CROP_FLW,21113.122779117315
SSP2_500C_CACN_NoCC,2030,R5LAM,PRM_FRS,993244.7919793021
SSP2_500C_CACN_NoCC,2030,R5LAM,MNG_FRS,22395.33259573132
SSP2_500C_CACN_NoCC,2030,R5LAM,BIOCROP,3818.6808078832028
SSP2_500C_CACN_NoCC,2030,R5LAM,GRAZING,520821.3085903476
SSP2_500C_CACN_NoCC,2030,R5LAM,GRASS,346556.8981804551
SSP2_500C_CACN_NoCC,2030,R5LAM,URB,8636.873675798419
SSP2_500C_CACN_NoCC,2035,USA,OTH,33613.452
SSP2_500C_CACN_NoCC,2035,USA,CROP,116670.78569896489
SSP2_500C_CACN_NoCC,2035,USA,CROP_FLW,71593.02897344048
SSP2_500C_CACN_NoCC,2035,USA,PRM_FRS,228537.37987857775
SSP2_500C_CACN_NoCC,2035,USA,MNG_FRS,55672.318757258596
SSP2_500C_CACN_NoCC,2035,USA,BIOCROP,35283.31477355078
SSP2_500C_CACN_NoCC,2035,USA,GRAZING,230721.0200831595
SSP2_500C_CACN_NoCC,2035,USA,GRASS,95674.06071886375
SSP2_500C_CACN_NoCC,2035,USA,URB,11695.345311309815
SSP2_500C_CACN_NoCC,2035,XE25,OTH,3206.0
SSP2_500C_CACN_NoCC,2035,XE25,CROP,72426.78477097364
SSP2_500C_CACN_NoCC,2035,XE25,CROP_FLW,22803.10017418609
SSP2_500C_CACN_NoCC,2035,XE25,PRM_FRS,81639.9479786745
SSP2_500C_CACN_NoCC,2035,XE25,MNG_FRS,57427.9184831576
SSP2_500C_CACN_NoCC,2035,XE25,BIOCROP,22062.943504708808
SSP2_500C_CACN_NoCC,2035,XE25,GRAZING,58239.880066869
SSP2_500C_CACN_NoCC,2035,XE25,GRASS,29103.69307717636
SSP2_500C_CACN_NoCC,2035,XE25,URB,9106.496241195679
SSP2_500C_CACN_NoCC,2035,XER,OTH,13232.0
SSP2_500C_CACN_NoCC,2035,XER,CROP,42696.2739178107
SSP2_500C_CACN_NoCC,2035,XER,CROP_FLW,2919.1298491993984
SSP2_500C_CACN_NoCC,2035,XER,PRM_FRS,25851.948248925648
SSP2_500C_CACN_NoCC,2035,XER,MNG_FRS,5857.752175138821
SSP2_500C_CACN_NoCC,2035,XER,BIOCROP,2958.39854483931
SSP2_500C_CACN_NoCC,2035,XER,GRAZING,14911.31814973032
SSP2_500C_CACN_NoCC,2035,XER,GRASS,3923.2908757452956
SSP2_500C_CACN_NoCC,2035,XER,URB,1090.242361709595
SSP2_500C_CACN_NoCC,2035,TUR,CROP,23762.34212923919
SSP2_500C_CACN_NoCC,2035,TUR,CROP_FLW,4533.851764909769
SSP2_500C_CACN_NoCC,2035,TUR,PRM_FRS,9213.61481231462
SSP2_500C_CACN_NoCC,2035,TUR,MNG_FRS,1197.6854237383827
SSP2_500C_CACN_NoCC,2035,TUR,BIOCROP,2048.149785882581
SSP2_500C_CACN_NoCC,2035,TUR,GRAZING,14056.808928875045
SSP2_500C_CACN_NoCC,2035,TUR,GRASS,20526.33856362166
SSP2_500C_CACN_NoCC,2035,TUR,URB,821.3799714660644
SSP2_500C_CACN_NoCC,2035,XOC,OTH,1467.0
SSP2_500C_CACN_NoCC,2035,XOC,CROP,30241.770377691017
SSP2_500C_CACN_NoCC,2035,XOC,CROP_FLW,31697.91363524553
SSP2_500C_CACN_NoCC,2035,XOC,PRM_FRS,187157.46487917964
SSP2_500C_CACN_NoCC,2035,XOC,MNG_FRS,4323.530808681352
SSP2_500C_CACN_NoCC,2035,XOC,BIOCROP,1167.2341311998878
SSP2_500C_CACN_NoCC,2035,XOC,GRAZING,377621.0777870261
SSP2_500C_CACN_NoCC,2035,XOC,GRASS,466285.1938649111
SSP2_500C_CACN_NoCC,2035,XOC,URB,883.3264156804086
SSP2_500C_CACN_NoCC,2035,CHN,OTH,239998.39534375
SSP2_500C_CACN_NoCC,2035,CHN,CROP,117541.08889650808
SSP2_500C_CACN_NoCC,2035,CHN,PRM_FRS,208751.55375827115
SSP2_500C_CACN_NoCC,2035,CHN,MNG_FRS,19344.456844677923
SSP2_500C_CACN_NoCC,2035,CHN,BIOCROP,19951.683170198998
SSP2_500C_CACN_NoCC,2035,CHN,GRAZING,373783.9793595338
SSP2_500C_CACN_NoCC,2035,CHN,GRASS,83239.01750906037
SSP2_500C_CACN_NoCC,2035,CHN,URB,8006.078889526368
SSP2_500C_CACN_NoCC,2035,IND,OTH,13430.3702109375
SSP2_500C_CACN_NoCC,2035,IND,CROP,176986.76268484496
SSP2_500C_CACN_NoCC,2035,IND,PRM_FRS,36890.957507530664
SSP2_500C_CACN_NoCC,2035,IND,MNG_FRS,14378.838385554167
SSP2_500C_CACN_NoCC,2035,IND,BIOCROP,5748.117790737572
SSP2_500C_CACN_NoCC,2035,IND,GRAZING,7627.835620579256
SSP2_500C_CACN_NoCC,2035,IND,GRASS,18385.596642701952
SSP2_500C_CACN_NoCC,2035,IND,URB,3026.2728974914553
SSP2_500C_CACN_NoCC,2035,JPN,CROP,2295.35429964303
SSP2_500C_CACN_NoCC,2035,JPN,CROP_FLW,785.873689041288
SSP2_500C_CACN_NoCC,2035,JPN,PRM_FRS,23291.170861584844
SSP2_500C_CACN_NoCC,2035,JPN,MNG_FRS,2072.4856066361367
SSP2_500C_CACN_NoCC,2035,JPN,BIOCROP,232.35550956291863
SSP2_500C_CACN_NoCC,2035,JPN,GRAZING,49.37623483879611
SSP2_500C_CACN_NoCC,2035,JPN,GRASS,634.7095483184484
SSP2_500C_CACN_NoCC,2035,JPN,URB,1710.2899680175783
SSP2_500C_CACN_NoCC,2035,XSE,OTH,14506.901
SSP2_500C_CACN_NoCC,2035,XSE,CROP,86998.25809354565
SSP2_500C_CACN_NoCC,2035,XSE,CROP_FLW,4547.636214714294
SSP2_500C_CACN_NoCC,2035,XSE,PRM_FRS,229551.04498901023
SSP2_500C_CACN_NoCC,2035,XSE,MNG_FRS,8601.485549144798
SSP2_500C_CACN_NoCC,2035,XSE,BIOCROP,11074.202482501587
SSP2_500C_CACN_NoCC,2035,XSE,GRAZING,124961.00526380396
SSP2_500C_CACN_NoCC,2035,XSE,GRASS,68531.65341506372
SSP2_500C_CACN_NoCC,2035,XSE,URB,3032.1656320037837
SSP2_500C_CACN_NoCC,2035,XSA,OTH,44675.7545
SSP2_500C_CACN_NoCC,2035,XSA,CROP,45541.897406756194
SSP2_500C_CACN_NoCC,2035,XSA,CROP_FLW,4176.272358825238
SSP2_500C_CACN_NoCC,2035,XSA,PRM_FRS,9095.901473586124
SSP2_500C_CACN_NoCC,2035,XSA,MNG_FRS,4299.349716044644
SSP2_500C_CACN_NoCC,2035,XSA,BIOCROP,1292.1473085515797
SSP2_500C_CACN_NoCC,2035,XSA,GRAZING,37417.13553372625
SSP2_500C_CACN_NoCC,2035,XSA,GRASS,37240.21763028613
SSP2_500C_CACN_NoCC,2035,XSA,URB,866.7895990753174
SSP2_500C_CACN_NoCC,2035,CAN,OTH,283585.656
SSP2_500C_CACN_NoCC,2035,CAN,CROP,32675.355415595168
SSP2_500C_CACN_NoCC,2035,CAN,CROP_FLW,17607.184370783
SSP2_500C_CACN_NoCC,2035,CAN,PRM_FRS,262612.9212924275
SSP2_500C_CACN_NoCC,2035,CAN,MNG_FRS,44791.39925433164
SSP2_500C_CACN_NoCC,2035,CAN,BIOCROP,8002.766026481055
SSP2_500C_CACN_NoCC,2035,CAN,GRAZING,14435.154868344298
SSP2_500C_CACN_NoCC,2035,CAN,GRASS,5224.97531516995
SSP2_500C_CACN_NoCC,2035,CAN,URB,785.9824775390625
SSP2_500C_CACN_NoCC,2035,BRA,CROP,62034.94633932526
SSP2_500C_CACN_NoCC,2035,BRA,CROP_FLW,620.4650944533162
SSP2_500C_CACN_NoCC,2035,BRA,PRM_FRS,586166.8206735738
SSP2_500C_CACN_NoCC,2035,BRA,MNG_FRS,4698.869765073808
SSP2_500C_CACN_NoCC,2035,BRA,BIOCROP,5172.819776133749
SSP2_500C_CACN_NoCC,2035,BRA,GRAZING,170341.93710520866
SSP2_500C_CACN_NoCC,2035,BRA,GRASS,71478.70969994596
SSP2_500C_CACN_NoCC,2035,BRA,URB,3742.538360931397
SSP2_500C_CACN_NoCC,2035,XLM,OTH,72183.21731250001
SSP2_500C_CACN_NoCC,2035,XLM,CROP,83163.51869732942
SSP2_500C_CACN_NoCC,2035,XLM,CROP_FLW,17213.80204317434
SSP2_500C_CACN_NoCC,2035,XLM,PRM_FRS,475793.56802218984
SSP2_500C_CACN_NoCC,2035,XLM,MNG_FRS,16001.415467538056
SSP2_500C_CACN_NoCC,2035,XLM,BIOCROP,4885.793837145215
SSP2_500C_CACN_NoCC,2035,XLM,GRAZING,338548.0956636612
SSP2_500C_CACN_NoCC,2035,XLM,GRASS,218175.55098811936
SSP2_500C_CACN_NoCC,2035,XLM,URB,4894.335314867021
SSP2_500C_CACN_NoCC,2035,CIS,OTH,253974.9918984375
SSP2_500C_CACN_NoCC,2035,CIS,CROP,96463.8359806608
SSP2_500C_CACN_NoCC,2035,CIS,CROP_FLW,90255.68781380694
SSP2_500C_CACN_NoCC,2035,CIS,PRM_FRS,817481.3023441951
SSP2_500C_CACN_NoCC,2035,CIS,MNG_FRS,43266.44870698104
SSP2_500C_CACN_NoCC,2035,CIS,BIOCROP,9447.838604213766
SSP2_500C_CACN_NoCC,2035,CIS,GRAZING,352961.2007508319
SSP2_500C_CACN_NoCC,2035,CIS,GRASS,195421.5680330733
SSP2_500C_CACN_NoCC,2035,CIS,URB,5880.5270887603765
SSP2_500C_CACN_NoCC,2035,XME,OTH,281021.7655625
SSP2_500C_CACN_NoCC,2035,XME,CROP,35808.42649312496
SSP2_500C_CACN_NoCC,2035,XME,CROP_FLW,2604.3195470382498
SSP2_500C_CACN_NoCC,2035,XME,PRM_FRS,9102.026621016996
SSP2_500C_CACN_NoCC,2035,XME,MNG_FRS,650.1635191734756
SSP2_500C_CACN_NoCC,2035,XME,BIOCROP,9607.049129532486
SSP2_500C_CACN_NoCC,2035,XME,GRAZING,248771.03134080066
SSP2_500C_CACN_NoCC,2035,XME,GRASS,90451.25470539553
SSP2_500C_CACN_NoCC,2035,XME,URB,2128.071955810547
SSP2_500C_CACN_NoCC,2035,XNF,OTH,456890.6350624999
SSP2_500C_CACN_NoCC,2035,XNF,CROP,28913.357521166006
SSP2_500C_CACN_NoCC,2035,XNF,CROP_FLW,2835.6448198146645
SSP2_500C_CACN_NoCC,2035,XNF,PRM_FRS,2996.6098208652293
SSP2_500C_CACN_NoCC,2035,XNF,MNG_FRS,72.30918179597774
SSP2_500C_CACN_NoCC,2035,XNF,BIOCROP,4805.813147418646
SSP2_500C_CACN_NoCC,2035,XNF,GRAZING,69585.51788501545
SSP2_500C_CACN_NoCC,2035,XNF,GRASS,6038.71506499075
SSP2_500C_CACN_NoCC,2035,XNF,URB,927.4797019042969
SSP2_500C_CACN_NoCC,2035,XAF,OTH,399410.63371875
SSP2_500C_CACN_NoCC,2035,XAF,CROP,323471.7312725793
SSP2_500C_CACN_NoCC,2035,XAF,CROP_FLW,19509.57196990461
SSP2_500C_CACN_NoCC,2035,XAF,PRM_FRS,658669.4316194808
SSP2_500C_CACN_NoCC,2035,XAF,MNG_FRS,20962.74331564804
SSP2_500C_CACN_NoCC,2035,XAF,BIOCROP,1686.7012460516214
SSP2_500C_CACN_NoCC,2035,XAF,GRAZING,779040.9119964545
SSP2_500C_CACN_NoCC,2035,XAF,GRASS,533931.7067471588
SSP2_500C_CACN_NoCC,2035,XAF,URB,2896.931178625107
SSP2_500C_CACN_NoCC,2035,ASIA2,OTH,312611.42105468747
SSP2_500C_CACN_NoCC,2035,ASIA2,CROP,429363.36138129793
SSP2_500C_CACN_NoCC,2035,ASIA2,CROP_FLW,9509.78226258082
SSP2_500C_CACN_NoCC,2035,ASIA2,PRM_FRS,507580.628589983
SSP2_500C_CACN_NoCC,2035,ASIA2,MNG_FRS,48696.61610205767
SSP2_500C_CACN_NoCC,2035,ASIA2,BIOCROP,38298.50626155266
SSP2_500C_CACN_NoCC,2035,ASIA2,GRAZING,543839.332012482
SSP2_500C_CACN_NoCC,2035,ASIA2,GRASS,208031.1947454306
SSP2_500C_CACN_NoCC,2035,ASIA2,URB,16641.596986114502
SSP2_500C_CACN_NoCC,2035,World,OTH,2111196.772609375
SSP2_500C_CACN_NoCC,2035,World,CROP,1377692.489995758
SSP2_500C_CACN_NoCC,2035,World,CROP_FLW,293703.48231853714
SSP2_500C_CACN_NoCC,2035,World,PRM_FRS,3852803.664781404
SSP2_500C_CACN_NoCC,2035,World,MNG_FRS,303619.17096057447
SSP2_500C_CACN_NoCC,2035,World,BIOCROP,145427.32876871052
SSP2_500C_CACN_NoCC,2035,World,GRAZING,3213073.2866384587
SSP2_500C_CACN_NoCC,2035,World,GRASS,1944266.2523996024
SSP2_500C_CACN_NoCC,2035,World,URB,61494.25336591386
SSP2_500C_CACN_NoCC,2035,Non-OECD,OTH,1776092.664609375
SSP2_500C_CACN_NoCC,2035,Non-OECD,CROP,1056923.8233858407
SSP2_500C_CACN_NoCC,2035,Non-OECD,CROP_FLW,141763.39986173165
SSP2_500C_CACN_NoCC,2035,Non-OECD,PRM_FRS,3034499.21682972
SSP2_500C_CACN_NoCC,2035,Non-OECD,MNG_FRS,132276.08045163195
SSP2_500C_CACN_NoCC,2035,Non-OECD,BIOCROP,73672.16649248522
SSP2_500C_CACN_NoCC,2035,Non-OECD,GRAZING,2503038.6505196155
SSP2_500C_CACN_NoCC,2035,Non-OECD,GRASS,1322893.9904357959
SSP2_500C_CACN_NoCC,2035,Non-OECD,URB,35401.19061899567
SSP2_500C_CACN_NoCC,2035,Industrial,OTH,321872.108
SSP2_500C_CACN_NoCC,2035,Industrial,CROP,254310.05056286772
SSP2_500C_CACN_NoCC,2035,Industrial,CROP_FLW,144487.10084269638
SSP2_500C_CACN_NoCC,2035,Industrial,PRM_FRS,783238.8848904443
SSP2_500C_CACN_NoCC,2035,Industrial,MNG_FRS,164287.6529100653
SSP2_500C_CACN_NoCC,2035,Industrial,BIOCROP,66748.61394550346
SSP2_500C_CACN_NoCC,2035,Industrial,GRAZING,681066.5090402376
SSP2_500C_CACN_NoCC,2035,Industrial,GRASS,596922.6325244395
SSP2_500C_CACN_NoCC,2035,Industrial,URB,24181.440413742544
SSP2_500C_CACN_NoCC,2035,Transition,OTH,520635.75745312497
SSP2_500C_CACN_NoCC,2035,Transition,CROP,519485.249948389
SSP2_500C_CACN_NoCC,2035,Transition,CROP_FLW,98329.13452236942
SSP2_500C_CACN_NoCC,2035,Transition,PRM_FRS,1684356.197344811
SSP2_500C_CACN_NoCC,2035,Transition,MNG_FRS,88744.05130116415
SSP2_500C_CACN_NoCC,2035,Transition,BIOCROP,45327.00767200597
SSP2_500C_CACN_NoCC,2035,Transition,GRAZING,933683.0799147589
SSP2_500C_CACN_NoCC,2035,Transition,GRASS,392974.5213241485
SSP2_500C_CACN_NoCC,2035,Transition,URB,22567.039569885255
SSP2_500C_CACN_NoCC,2035,Developing,OTH,1268688.90715625
SSP2_500C_CACN_NoCC,2035,Developing,CROP,603897.1894845015
SSP2_500C_CACN_NoCC,2035,Developing,CROP_FLW,50887.24695347139
SSP2_500C_CACN_NoCC,2035,Developing,PRM_FRS,1385208.5825461494
SSP2_500C_CACN_NoCC,2035,Developing,MNG_FRS,50587.466749344996
SSP2_500C_CACN_NoCC,2035,Developing,BIOCROP,33351.70715120113
SSP2_500C_CACN_NoCC,2035,Developing,GRAZING,1598323.697683462
SSP2_500C_CACN_NoCC,2035,Developing,GRASS,954369.0985510142
SSP2_500C_CACN_NoCC,2035,Developing,URB,14745.773382286072
SSP2_500C_CACN_NoCC,2035,R5ASIA,OTH,312611.42105468747
SSP2_500C_CACN_NoCC,2035,R5ASIA,CROP,427068.00708165485
SSP2_500C_CACN_NoCC,2035,R5ASIA,CROP_FLW,8723.908573539531
SSP2_500C_CACN_NoCC,2035,R5ASIA,PRM_FRS,484289.45772839815
SSP2_500C_CACN_NoCC,2035,R5ASIA,MNG_FRS,46624.13049542153
SSP2_500C_CACN_NoCC,2035,R5ASIA,BIOCROP,38066.150751989735
SSP2_500C_CACN_NoCC,2035,R5ASIA,GRAZING,543789.9557776432
SSP2_500C_CACN_NoCC,2035,R5ASIA,GRASS,207396.4851971122
SSP2_500C_CACN_NoCC,2035,R5ASIA,URB,14931.307018096923
SSP2_500C_CACN_NoCC,2035,R5OECD90+EU,OTH,335104.108
SSP2_500C_CACN_NoCC,2035,R5OECD90+EU,CROP,320768.6666099176
SSP2_500C_CACN_NoCC,2035,R5OECD90+EU,CROP_FLW,151940.08245680557
SSP2_500C_CACN_NoCC,2035,R5OECD90+EU,PRM_FRS,818304.4479516845
SSP2_500C_CACN_NoCC,2035,R5OECD90+EU,MNG_FRS,171343.09050894255
SSP2_500C_CACN_NoCC,2035,R5OECD90+EU,BIOCROP,71755.16227622534
SSP2_500C_CACN_NoCC,2035,R5OECD90+EU,GRAZING,710034.636118843
SSP2_500C_CACN_NoCC,2035,R5OECD90+EU,GRASS,621372.2619638065
SSP2_500C_CACN_NoCC,2035,R5OECD90+EU,URB,26093.062746918204
SSP2_500C_CACN_NoCC,2035,R5REF,OTH,253974.9918984375
SSP2_500C_CACN_NoCC,2035,R5REF,CROP,96463.8359806608
SSP2_500C_CACN_NoCC,2035,R5REF,CROP_FLW,90255.68781380694
SSP2_500C_CACN_NoCC,2035,R5REF,PRM_FRS,817481.3023441951
SSP2_500C_CACN_NoCC,2035,R5REF,MNG_FRS,43266.44870698104
SSP2_500C_CACN_NoCC,2035,R5REF,BIOCROP,9447.838604213766
SSP2_500C_CACN_NoCC,2035,R5REF,GRAZING,352961.2007508319
SSP2_500C_CACN_NoCC,2035,R5REF,GRASS,195421.5680330733
SSP2_500C_CACN_NoCC,2035,R5REF,URB,5880.5270887603765
SSP2_500C_CACN_NoCC,2035,R5MAF,OTH,1137323.0343437498
SSP2_500C_CACN_NoCC,2035,R5MAF,CROP,388193.51528687024
SSP2_500C_CACN_NoCC,2035,R5MAF,CROP_FLW,24949.536336757523
SSP2_500C_CACN_NoCC,2035,R5MAF,PRM_FRS,670768.0680613631
SSP2_500C_CACN_NoCC,2035,R5MAF,MNG_FRS,21685.216016617494
SSP2_500C_CACN_NoCC,2035,R5MAF,BIOCROP,16099.563523002753
SSP2_500C_CACN_NoCC,2035,R5MAF,GRAZING,1097397.4612222705
SSP2_500C_CACN_NoCC,2035,R5MAF,GRASS,630421.676517545
SSP2_500C_CACN_NoCC,2035,R5MAF,URB,5952.48283633995
SSP2_500C_CACN_NoCC,2035,R5LAM,OTH,72183.21731250001
SSP2_500C_CACN_NoCC,2035,R5LAM,CROP,145198.46503665467
SSP2_500C_CACN_NoCC,2035,R5LAM,CROP_FLW,17834.267137627656
SSP2_500C_CACN_NoCC,2035,R5LAM,PRM_FRS,1061960.3886957637
SSP2_500C_CACN_NoCC,2035,R5LAM,MNG_FRS,20700.285232611863
SSP2_500C_CACN_NoCC,2035,R5LAM,BIOCROP,10058.613613278963
SSP2_500C_CACN_NoCC,2035,R5LAM,GRAZING,508890.0327688699
SSP2_500C_CACN_NoCC,2035,R5LAM,GRASS,289654.2606880653
SSP2_500C_CACN_NoCC,2035,R5LAM,URB,8636.873675798419
SSP2_500C_CACN_NoCC,2040,USA,OTH,33613.452
SSP2_500C_CACN_NoCC,2040,USA,CROP,116268.03762658584
SSP2_500C_CACN_NoCC,2040,USA,CROP_FLW,69664.07180479189
SSP2_500C_CACN_NoCC,2040,USA,PRM_FRS,228537.37987857775
SSP2_500C_CACN_NoCC,2040,USA,MNG_FRS,54613.71099152311
SSP2_500C_CACN_NoCC,2040,USA,BIOCROP,41182.62053869243
SSP2_500C_CACN_NoCC,2040,USA,GRAZING,230737.6292486587
SSP2_500C_CACN_NoCC,2040,USA,GRASS,93148.45879498657
SSP2_500C_CACN_NoCC,2040,USA,URB,11695.345311309815
SSP2_500C_CACN_NoCC,2040,XE25,OTH,3206.0
SSP2_500C_CACN_NoCC,2040,XE25,CROP,70163.10629604835
SSP2_500C_CACN_NoCC,2040,XE25,CROP_FLW,20276.60303385387
SSP2_500C_CACN_NoCC,2040,XE25,PRM_FRS,81722.83850103454
SSP2_500C_CACN_NoCC,2040,XE25,MNG_FRS,55571.41337209062
SSP2_500C_CACN_NoCC,2040,XE25,BIOCROP,31016.62887054978
SSP2_500C_CACN_NoCC,2040,XE25,GRAZING,57985.313397998325
SSP2_500C_CACN_NoCC,2040,XE25,GRASS,26968.36458417065
SSP2_500C_CACN_NoCC,2040,XE25,URB,9106.496241195679
SSP2_500C_CACN_NoCC,2040,XER,OTH,13232.0
SSP2_500C_CACN_NoCC,2040,XER,CROP,40757.82256599693
SSP2_500C_CACN_NoCC,2040,XER,CROP_FLW,2640.9716870298953
SSP2_500C_CACN_NoCC,2040,XER,PRM_FRS,27747.982069272144
SSP2_500C_CACN_NoCC,2040,XER,MNG_FRS,5487.52154169896
SSP2_500C_CACN_NoCC,2040,XER,BIOCROP,3932.03776775305
SSP2_500C_CACN_NoCC,2040,XER,GRAZING,14877.44580310965
SSP2_500C_CACN_NoCC,2040,XER,GRASS,3674.330326528908
SSP2_500C_CACN_NoCC,2040,XER,URB,1090.242361709595
SSP2_500C_CACN_NoCC,2040,TUR,CROP,23710.274902694015
SSP2_500C_CACN_NoCC,2040,TUR,CROP_FLW,4279.747810514532
SSP2_500C_CACN_NoCC,2040,TUR,PRM_FRS,9378.695580262784
SSP2_500C_CACN_NoCC,2040,TUR,MNG_FRS,1159.8893790259378
SSP2_500C_CACN_NoCC,2040,TUR,BIOCROP,2763.2018441396667
SSP2_500C_CACN_NoCC,2040,TUR,GRAZING,14047.08025870942
SSP2_500C_CACN_NoCC,2040,TUR,GRASS,19999.901633234887
SSP2_500C_CACN_NoCC,2040,TUR,URB,821.3799714660644
SSP2_500C_CACN_NoCC,2040,XOC,OTH,1467.0
SSP2_500C_CACN_NoCC,2040,XOC,CROP,31188.616885871677
SSP2_500C_CACN_NoCC,2040,XOC,CROP_FLW,31862.72085696041
SSP2_500C_CACN_NoCC,2040,XOC,PRM_FRS,188645.88981458588
SSP2_500C_CACN_NoCC,2040,XOC,MNG_FRS,4280.442469469065
SSP2_500C_CACN_NoCC,2040,XOC,BIOCROP,1573.36911864188
SSP2_500C_CACN_NoCC,2040,XOC,GRAZING,377736.82242189645
SSP2_500C_CACN_NoCC,2040,XOC,GRASS,463206.32391650963
SSP2_500C_CACN_NoCC,2040,XOC,URB,883.3264156804086
SSP2_500C_CACN_NoCC,2040,CHN,OTH,239998.39534375
SSP2_500C_CACN_NoCC,2040,CHN,CROP,106299.76717685159
SSP2_500C_CACN_NoCC,2040,CHN,PRM_FRS,225790.80723244688
SSP2_500C_CACN_NoCC,2040,CHN,MNG_FRS,17455.62381719768
SSP2_500C_CACN_NoCC,2040,CHN,BIOCROP,26268.852541749584
SSP2_500C_CACN_NoCC,2040,CHN,GRAZING,371226.88430161914
SSP2_500C_CACN_NoCC,2040,CHN,GRASS,75569.84446838136
SSP2_500C_CACN_NoCC,2040,CHN,URB,8006.078889526368
SSP2_500C_CACN_NoCC,2040,IND,OTH,13430.3702109375
SSP2_500C_CACN_NoCC,2040,IND,CROP,175652.2231857232
SSP2_500C_CACN_NoCC,2040,IND,PRM_FRS,36890.957507530664
SSP2_500C_CACN_NoCC,2040,IND,MNG_FRS,13948.533108237729
SSP2_500C_CACN_NoCC,2040,IND,BIOCROP,9065.264309673332
SSP2_500C_CACN_NoCC,2040,IND,GRAZING,7544.251517621407
SSP2_500C_CACN_NoCC,2040,IND,GRASS,16916.879003162
SSP2_500C_CACN_NoCC,2040,IND,URB,3026.2728974914553
SSP2_500C_CACN_NoCC,2040,JPN,CROP,2170.7749831027327
SSP2_500C_CACN_NoCC,2040,JPN,CROP_FLW,820.7369245971987
SSP2_500C_CACN_NoCC,2040,JPN,PRM_FRS,23388.271077742713
SSP2_500C_CACN_NoCC,2040,JPN,MNG_FRS,1970.0769325618846
SSP2_500C_CACN_NoCC,2040,JPN,BIOCROP,309.80578899957385
SSP2_500C_CACN_NoCC,2040,JPN,GRAZING,49.56840935262549
SSP2_500C_CACN_NoCC,2040,JPN,GRASS,652.0916332687298
SSP2_500C_CACN_NoCC,2040,JPN,URB,1710.2899680175783
SSP2_500C_CACN_NoCC,2040,XSE,OTH,14506.901
SSP2_500C_CACN_NoCC,2040,XSE,CROP,81898.62382529987
SSP2_500C_CACN_NoCC,2040,XSE,CROP_FLW,3585.9553329264563
SSP2_500C_CACN_NoCC,2040,XSE,PRM_FRS,230536.95132609745
SSP2_500C_CACN_NoCC,2040,XSE,MNG_FRS,8161.7470699631285
SSP2_500C_CACN_NoCC,2040,XSE,BIOCROP,19029.298366379284
SSP2_500C_CACN_NoCC,2040,XSE,GRAZING,125358.92811981
SSP2_500C_CACN_NoCC,2040,XSE,GRASS,65693.78196748666
SSP2_500C_CACN_NoCC,2040,XSE,URB,3032.1656320037837
SSP2_500C_CACN_NoCC,2040,XSA,OTH,44675.7545
SSP2_500C_CACN_NoCC,2040,XSA,CROP,46070.71913480945
SSP2_500C_CACN_NoCC,2040,XSA,CROP_FLW,3618.3715463204594
SSP2_500C_CACN_NoCC,2040,XSA,PRM_FRS,9631.832062967987
SSP2_500C_CACN_NoCC,2040,XSA,MNG_FRS,4188.021833454402
SSP2_500C_CACN_NoCC,2040,XSA,BIOCROP,1918.2227016131626
SSP2_500C_CACN_NoCC,2040,XSA,GRAZING,38084.7767535902
SSP2_500C_CACN_NoCC,2040,XSA,GRASS,35550.97739502031
SSP2_500C_CACN_NoCC,2040,XSA,URB,866.7895990753174
SSP2_500C_CACN_NoCC,2040,CAN,OTH,283585.656
SSP2_500C_CACN_NoCC,2040,CAN,CROP,33350.51082692527
SSP2_500C_CACN_NoCC,2040,CAN,CROP_FLW,16340.503933079253
SSP2_500C_CACN_NoCC,2040,CAN,PRM_FRS,262701.6106954372
SSP2_500C_CACN_NoCC,2040,CAN,MNG_FRS,43958.94319941791
SSP2_500C_CACN_NoCC,2040,CAN,BIOCROP,9805.37000801459
SSP2_500C_CACN_NoCC,2040,CAN,GRAZING,14382.86297957886
SSP2_500C_CACN_NoCC,2040,CAN,GRASS,4809.954900679672
SSP2_500C_CACN_NoCC,2040,CAN,URB,785.9824775390625
SSP2_500C_CACN_NoCC,2040,BRA,CROP,63185.62171329211
SSP2_500C_CACN_NoCC,2040,BRA,CROP_FLW,513.2466735990503
SSP2_500C_CACN_NoCC,2040,BRA,PRM_FRS,586166.8206735925
SSP2_500C_CACN_NoCC,2040,BRA,MNG_FRS,4484.899549169354
SSP2_500C_CACN_NoCC,2040,BRA,BIOCROP,6458.79291196766
SSP2_500C_CACN_NoCC,2040,BRA,GRAZING,172175.97252198923
SSP2_500C_CACN_NoCC,2040,BRA,GRASS,67529.21441010424
SSP2_500C_CACN_NoCC,2040,BRA,URB,3742.538360931397
SSP2_500C_CACN_NoCC,2040,XLM,OTH,72183.21731250001
SSP2_500C_CACN_NoCC,2040,XLM,CROP,85362.33223977502
SSP2_500C_CACN_NoCC,2040,XLM,CROP_FLW,15587.26543269645
SSP2_500C_CACN_NoCC,2040,XLM,PRM_FRS,483113.89213291486
SSP2_500C_CACN_NoCC,2040,XLM,MNG_FRS,15304.391282640605
SSP2_500C_CACN_NoCC,2040,XLM,BIOCROP,6239.506011826527
SSP2_500C_CACN_NoCC,2040,XLM,GRAZING,341642.2209567588
SSP2_500C_CACN_NoCC,2040,XLM,GRASS,206532.1366625453
SSP2_500C_CACN_NoCC,2040,XLM,URB,4894.335314867021
SSP2_500C_CACN_NoCC,2040,CIS,OTH,253974.9918984375
SSP2_500C_CACN_NoCC,2040,CIS,CROP,92593.5646751572
SSP2_500C_CACN_NoCC,2040,CIS,CROP_FLW,86330.66523768072
SSP2_500C_CACN_NoCC,2040,CIS,PRM_FRS,823205.6872745766
SSP2_500C_CACN_NoCC,2040,CIS,MNG_FRS,41117.57235589858
SSP2_500C_CACN_NoCC,2040,CIS,BIOCROP,19870.641359211404
SSP2_500C_CACN_NoCC,2040,CIS,GRAZING,354469.1067888437
SSP2_500C_CACN_NoCC,2040,CIS,GRASS,187710.64454239464
SSP2_500C_CACN_NoCC,2040,CIS,URB,5880.5270887603765
SSP2_500C_CACN_NoCC,2040,XME,OTH,281021.7655625
SSP2_500C_CACN_NoCC,2040,XME,CROP,34930.988153657105
SSP2_500C_CACN_NoCC,2040,XME,CROP_FLW,2251.9395345788616
SSP2_500C_CACN_NoCC,2040,XME,PRM_FRS,9102.026621016996
SSP2_500C_CACN_NoCC,2040,XME,MNG_FRS,637.5318351413259
SSP2_500C_CACN_NoCC,2040,XME,BIOCROP,13551.598209496626
SSP2_500C_CACN_NoCC,2040,XME,GRAZING,250743.15890435938
SSP2_500C_CACN_NoCC,2040,XME,GRASS,85777.02809783202
SSP2_500C_CACN_NoCC,2040,XME,URB,2128.071955810547
SSP2_500C_CACN_NoCC,2040,XNF,OTH,456890.6350624999
SSP2_500C_CACN_NoCC,2040,XNF,CROP,29118.47256007194
SSP2_500C_CACN_NoCC,2040,XNF,CROP_FLW,2450.822673643707
SSP2_500C_CACN_NoCC,2040,XNF,PRM_FRS,2996.6098208652297
SSP2_500C_CACN_NoCC,2040,XNF,MNG_FRS,70.6550599404193
SSP2_500C_CACN_NoCC,2040,XNF,BIOCROP,4770.786383226484
SSP2_500C_CACN_NoCC,2040,XNF,GRAZING,70679.34497912425
SSP2_500C_CACN_NoCC,2040,XNF,GRASS,5161.275964194472
SSP2_500C_CACN_NoCC,2040,XNF,URB,927.4797019042969
SSP2_500C_CACN_NoCC,2040,XAF,OTH,399410.63371875
SSP2_500C_CACN_NoCC,2040,XAF,CROP,347121.06917712133
SSP2_500C_CACN_NoCC,2040,XAF,CROP_FLW,15902.017964998735
SSP2_500C_CACN_NoCC,2040,XAF,PRM_FRS,658882.9021554518
SSP2_500C_CACN_NoCC,2040,XAF,MNG_FRS,20961.927566154376
SSP2_500C_CACN_NoCC,2040,XAF,BIOCROP,2550.6058856758827
SSP2_500C_CACN_NoCC,2040,XAF,GRAZING,801367.8164443905
SSP2_500C_CACN_NoCC,2040,XAF,GRASS,490486.4589734845
SSP2_500C_CACN_NoCC,2040,XAF,URB,2896.931178625107
SSP2_500C_CACN_NoCC,2040,ASIA2,OTH,312611.42105468747
SSP2_500C_CACN_NoCC,2040,ASIA2,CROP,412092.10830578685
SSP2_500C_CACN_NoCC,2040,ASIA2,CROP_FLW,8025.063803844114
SSP2_500C_CACN_NoCC,2040,ASIA2,PRM_FRS,526238.8192067856
SSP2_500C_CACN_NoCC,2040,ASIA2,MNG_FRS,45724.00276141483
SSP2_500C_CACN_NoCC,2040,ASIA2,BIOCROP,56591.44370841494
SSP2_500C_CACN_NoCC,2040,ASIA2,GRAZING,542264.4091019933
SSP2_500C_CACN_NoCC,2040,ASIA2,GRASS,194383.57446731906
SSP2_500C_CACN_NoCC,2040,ASIA2,URB,16641.596986114502
SSP2_500C_CACN_NoCC,2040,World,OTH,2111196.772609375
SSP2_500C_CACN_NoCC,2040,World,CROP,1379842.5259289835
SSP2_500C_CACN_NoCC,2040,World,CROP_FLW,276125.64044727146
SSP2_500C_CACN_NoCC,2040,World,PRM_FRS,3888441.1544243745
SSP2_500C_CACN_NoCC,2040,World,MNG_FRS,293372.901363585
SSP2_500C_CACN_NoCC,2040,World,BIOCROP,200306.6026176109
SSP2_500C_CACN_NoCC,2040,World,GRAZING,3243109.1838074103
SSP2_500C_CACN_NoCC,2040,World,GRASS,1849387.6672739848
SSP2_500C_CACN_NoCC,2040,World,URB,61494.25336591386
SSP2_500C_CACN_NoCC,2040,Non-OECD,OTH,1776092.664609375
SSP2_500C_CACN_NoCC,2040,Non-OECD,CROP,1062233.3818417587
SSP2_500C_CACN_NoCC,2040,Non-OECD,CROP_FLW,130240.28439644445
SSP2_500C_CACN_NoCC,2040,Non-OECD,PRM_FRS,3066318.486807461
SSP2_500C_CACN_NoCC,2040,Non-OECD,MNG_FRS,126330.9034777976
SSP2_500C_CACN_NoCC,2040,Non-OECD,BIOCROP,109723.56868081997
SSP2_500C_CACN_NoCC,2040,Non-OECD,GRAZING,2533292.4612881066
SSP2_500C_CACN_NoCC,2040,Non-OECD,GRASS,1236928.2414846055
SSP2_500C_CACN_NoCC,2040,Non-OECD,URB,35401.19061899567
SSP2_500C_CACN_NoCC,2040,Industrial,OTH,321872.108
SSP2_500C_CACN_NoCC,2040,Industrial,CROP,253141.0466185339
SSP2_500C_CACN_NoCC,2040,Industrial,CROP_FLW,138964.63655328262
SSP2_500C_CACN_NoCC,2040,Industrial,PRM_FRS,784995.9899673781
SSP2_500C_CACN_NoCC,2040,Industrial,MNG_FRS,160394.5869650626
SSP2_500C_CACN_NoCC,2040,Industrial,BIOCROP,83887.79432489826
SSP2_500C_CACN_NoCC,2040,Industrial,GRAZING,680892.196457485
SSP2_500C_CACN_NoCC,2040,Industrial,GRASS,588785.1938296153
SSP2_500C_CACN_NoCC,2040,Industrial,URB,24181.440413742544
SSP2_500C_CACN_NoCC,2040,Transition,OTH,520635.75745312497
SSP2_500C_CACN_NoCC,2040,Transition,CROP,502199.27421971504
SSP2_500C_CACN_NoCC,2040,Transition,CROP_FLW,93764.63140882419
SSP2_500C_CACN_NoCC,2040,Transition,PRM_FRS,1709180.9503376815
SSP2_500C_CACN_NoCC,2040,Transition,MNG_FRS,83654.03975122824
SSP2_500C_CACN_NoCC,2040,Transition,BIOCROP,68358.79073449469
SSP2_500C_CACN_NoCC,2040,Transition,GRAZING,934340.7411918924
SSP2_500C_CACN_NoCC,2040,Transition,GRASS,371400.8143838061
SSP2_500C_CACN_NoCC,2040,Transition,URB,22567.039569885255
SSP2_500C_CACN_NoCC,2040,Developing,OTH,1268688.90715625
SSP2_500C_CACN_NoCC,2040,Developing,CROP,624502.2050907346
SSP2_500C_CACN_NoCC,2040,Developing,CROP_FLW,43396.37248516467
SSP2_500C_CACN_NoCC,2040,Developing,PRM_FRS,1394264.2141193142
SSP2_500C_CACN_NoCC,2040,Developing,MNG_FRS,49324.27464729425
SSP2_500C_CACN_NoCC,2040,Developing,BIOCROP,48060.017558217965
SSP2_500C_CACN_NoCC,2040,Developing,GRAZING,1627876.2461580331
SSP2_500C_CACN_NoCC,2040,Developing,GRASS,889201.6590605632
SSP2_500C_CACN_NoCC,2040,Developing,URB,14745.773382286072
SSP2_500C_CACN_NoCC,2040,R5ASIA,OTH,312611.42105468747
SSP2_500C_CACN_NoCC,2040,R5ASIA,CROP,409921.33332268416
SSP2_500C_CACN_NoCC,2040,R5ASIA,CROP_FLW,7204.326879246915
SSP2_500C_CACN_NoCC,2040,R5ASIA,PRM_FRS,502850.548129043
SSP2_500C_CACN_NoCC,2040,R5ASIA,MNG_FRS,43753.925828852945
SSP2_500C_CACN_NoCC,2040,R5ASIA,BIOCROP,56281.63791941536
SSP2_500C_CACN_NoCC,2040,R5ASIA,GRAZING,542214.8406926407
SSP2_500C_CACN_NoCC,2040,R5ASIA,GRASS,193731.48283405032
SSP2_500C_CACN_NoCC,2040,R5ASIA,URB,14931.307018096923
SSP2_500C_CACN_NoCC,2040,R5OECD90+EU,OTH,335104.108
SSP2_500C_CACN_NoCC,2040,R5OECD90+EU,CROP,317609.14408722485
SSP2_500C_CACN_NoCC,2040,R5OECD90+EU,CROP_FLW,145885.35605082705
SSP2_500C_CACN_NoCC,2040,R5OECD90+EU,PRM_FRS,822122.667616913
SSP2_500C_CACN_NoCC,2040,R5OECD90+EU,MNG_FRS,167041.99788578748
SSP2_500C_CACN_NoCC,2040,R5OECD90+EU,BIOCROP,90583.03393679096
SSP2_500C_CACN_NoCC,2040,R5OECD90+EU,GRAZING,709816.7225193041
SSP2_500C_CACN_NoCC,2040,R5OECD90+EU,GRASS,612459.425789379
SSP2_500C_CACN_NoCC,2040,R5OECD90+EU,URB,26093.062746918204
SSP2_500C_CACN_NoCC,2040,R5REF,OTH,253974.9918984375
SSP2_500C_CACN_NoCC,2040,R5REF,CROP,92593.5646751572
SSP2_500C_CACN_NoCC,2040,R5REF,CROP_FLW,86330.66523768072
SSP2_500C_CACN_NoCC,2040,R5REF,PRM_FRS,823205.6872745766
SSP2_500C_CACN_NoCC,2040,R5REF,MNG_FRS,41117.57235589858
SSP2_500C_CACN_NoCC,2040,R5REF,BIOCROP,19870.641359211404
SSP2_500C_CACN_NoCC,2040,R5REF,GRAZING,354469.1067888437
SSP2_500C_CACN_NoCC,2040,R5REF,GRASS,187710.64454239464
SSP2_500C_CACN_NoCC,2040,R5REF,URB,5880.5270887603765
SSP2_500C_CACN_NoCC,2040,R5MAF,OTH,1137323.0343437498
SSP2_500C_CACN_NoCC,2040,R5MAF,CROP,411170.52989085036
SSP2_500C_CACN_NoCC,2040,R5MAF,CROP_FLW,20604.780173221305
SSP2_500C_CACN_NoCC,2040,R5MAF,PRM_FRS,670981.5385973341
SSP2_500C_CACN_NoCC,2040,R5MAF,MNG_FRS,21670.11446123612
SSP2_500C_CACN_NoCC,2040,R5MAF,BIOCROP,20872.99047839899
SSP2_500C_CACN_NoCC,2040,R5MAF,GRAZING,1122790.320327874
SSP2_500C_CACN_NoCC,2040,R5MAF,GRASS,581424.763035511
SSP2_500C_CACN_NoCC,2040,R5MAF,URB,5952.48283633995
SSP2_500C_CACN_NoCC,2040,R5LAM,OTH,72183.21731250001
SSP2_500C_CACN_NoCC,2040,R5LAM,CROP,148547.95395306713
SSP2_500C_CACN_NoCC,2040,R5LAM,CROP_FLW,16100.5121062955
SSP2_500C_CACN_NoCC,2040,R5LAM,PRM_FRS,1069280.7128065075
SSP2_500C_CACN_NoCC,2040,R5LAM,MNG_FRS,19789.290831809958
SSP2_500C_CACN_NoCC,2040,R5LAM,BIOCROP,12698.298923794187
SSP2_500C_CACN_NoCC,2040,R5LAM,GRAZING,513818.1934787481
SSP2_500C_CACN_NoCC,2040,R5LAM,GRASS,274061.35107264953
SSP2_500C_CACN_NoCC,2040,R5LAM,URB,8636.873675798419
SSP2_500C_CACN_NoCC,2045,USA,OTH,33613.452
SSP2_500C_CACN_NoCC,2045,USA,CROP,114992.77961972414
SSP2_500C_CACN_NoCC,2045,USA,CROP_FLW,63836.33216129589
SSP2_500C_CACN_NoCC,2045,USA,PRM_FRS,231506.07168741082
SSP2_500C_CACN_NoCC,2045,USA,MNG_FRS,52777.920683953846
SSP2_500C_CACN_NoCC,2045,USA,BIOCROP,55515.69429416188
SSP2_500C_CACN_NoCC,2045,USA,GRAZING,228889.87725202655
SSP2_500C_CACN_NoCC,2045,USA,GRASS,86633.23318524292
SSP2_500C_CACN_NoCC,2045,USA,URB,11695.345311309815
SSP2_500C_CACN_NoCC,2045,XE25,OTH,3206.0
SSP2_500C_CACN_NoCC,2045,XE25,CROP,67299.08000760792
SSP2_500C_CACN_NoCC,2045,XE25,CROP_FLW,16885.73221270288
SSP2_500C_CACN_NoCC,2045,XE25,PRM_FRS,81814.35633553949
SSP2_500C_CACN_NoCC,2045,XE25,MNG_FRS,53503.552604861536
SSP2_500C_CACN_NoCC,2045,XE25,BIOCROP,42606.77838226246
SSP2_500C_CACN_NoCC,2045,XE25,GRAZING,57486.712309339986
SSP2_500C_CACN_NoCC,2045,XE25,GRASS,24108.056203431774
SSP2_500C_CACN_NoCC,2045,XE25,URB,9106.496241195679
SSP2_500C_CACN_NoCC,2045,XER,OTH,13232.0
SSP2_500C_CACN_NoCC,2045,XER,CROP,38620.093595608785
SSP2_500C_CACN_NoCC,2045,XER,CROP_FLW,2079.8589845715883
SSP2_500C_CACN_NoCC,2045,XER,PRM_FRS,29957.577975614593
SSP2_500C_CACN_NoCC,2045,XER,MNG_FRS,5051.256113370347
SSP2_500C_CACN_NoCC,2045,XER,BIOCROP,5554.833418234718
SSP2_500C_CACN_NoCC,2045,XER,GRAZING,14689.249903478909
SSP2_500C_CACN_NoCC,2045,XER,GRASS,3165.2417705104726
SSP2_500C_CACN_NoCC,2045,XER,URB,1090.242361709595
SSP2_500C_CACN_NoCC,2045,TUR,CROP,23596.770633467055
SSP2_500C_CACN_NoCC,2045,TUR,CROP_FLW,3846.546367022137
SSP2_500C_CACN_NoCC,2045,TUR,PRM_FRS,9457.351461106025
SSP2_500C_CACN_NoCC,2045,TUR,MNG_FRS,1112.866327845481
SSP2_500C_CACN_NoCC,2045,TUR,BIOCROP,4264.213874803913
SSP2_500C_CACN_NoCC,2045,TUR,GRAZING,13964.080253733922
SSP2_500C_CACN_NoCC,2045,TUR,GRASS,19096.96249060273
SSP2_500C_CACN_NoCC,2045,TUR,URB,821.3799714660644
SSP2_500C_CACN_NoCC,2045,XOC,OTH,1467.0
SSP2_500C_CACN_NoCC,2045,XOC,CROP,32218.333194946877
SSP2_500C_CACN_NoCC,2045,XOC,CROP_FLW,32124.321029773222
SSP2_500C_CACN_NoCC,2045,XOC,PRM_FRS,192076.59918043122
SSP2_500C_CACN_NoCC,2045,XOC,MNG_FRS,4174.317288294809
SSP2_500C_CACN_NoCC,2045,XOC,BIOCROP,2865.2425988112495
SSP2_500C_CACN_NoCC,2045,XOC,GRAZING,375297.3702953501
SSP2_500C_CACN_NoCC,2045,XOC,GRASS,459738.00189632777
SSP2_500C_CACN_NoCC,2045,XOC,URB,883.3264156804086
SSP2_500C_CACN_NoCC,2045,CHN,OTH,239998.39534375
SSP2_500C_CACN_NoCC,2045,CHN,CROP,96860.55436844981
SSP2_500C_CACN_NoCC,2045,CHN,PRM_FRS,242886.60496578764
SSP2_500C_CACN_NoCC,2045,CHN,MNG_FRS,15682.343297447065
SSP2_500C_CACN_NoCC,2045,CHN,BIOCROP,33307.91499238944
SSP2_500C_CACN_NoCC,2045,CHN,GRAZING,365586.1552190023
SSP2_500C_CACN_NoCC,2045,CHN,GRASS,68288.20669517256
SSP2_500C_CACN_NoCC,2045,CHN,URB,8006.078889526368
SSP2_500C_CACN_NoCC,2045,IND,OTH,13430.3702109375
SSP2_500C_CACN_NoCC,2045,IND,CROP,173728.4769821449
SSP2_500C_CACN_NoCC,2045,IND,PRM_FRS,36890.957507530664
SSP2_500C_CACN_NoCC,2045,IND,MNG_FRS,13508.073578243977
SSP2_500C_CACN_NoCC,2045,IND,BIOCROP,12830.290164762258
SSP2_500C_CACN_NoCC,2045,IND,GRAZING,7366.670090386234
SSP2_500C_CACN_NoCC,2045,IND,GRASS,15693.640308880327
SSP2_500C_CACN_NoCC,2045,IND,URB,3026.2728974914553
SSP2_500C_CACN_NoCC,2045,JPN,CROP,2044.9175182619988
SSP2_500C_CACN_NoCC,2045,JPN,CROP_FLW,750.7342875288604
SSP2_500C_CACN_NoCC,2045,JPN,PRM_FRS,23654.198939632573
SSP2_500C_CACN_NoCC,2045,JPN,MNG_FRS,1823.3259536611258
SSP2_500C_CACN_NoCC,2045,JPN,BIOCROP,423.53635515610756
SSP2_500C_CACN_NoCC,2045,JPN,GRAZING,49.35236861445135
SSP2_500C_CACN_NoCC,2045,JPN,GRASS,615.2603267703521
SSP2_500C_CACN_NoCC,2045,JPN,URB,1710.2899680175783
SSP2_500C_CACN_NoCC,2045,XSE,OTH,14506.901
SSP2_500C_CACN_NoCC,2045,XSE,CROP,76868.64508813423
SSP2_500C_CACN_NoCC,2045,XSE,CROP_FLW,2813.70267258287
SSP2_500C_CACN_NoCC,2045,XSE,PRM_FRS,231274.99759525753
SSP2_500C_CACN_NoCC,2045,XSE,MNG_FRS,7722.881706526098
SSP2_500C_CACN_NoCC,2045,XSE,BIOCROP,27088.460810299915
SSP2_500C_CACN_NoCC,2045,XSE,GRAZING,124923.7769794842
SSP2_500C_CACN_NoCC,2045,XSE,GRASS,63572.82115553001
SSP2_500C_CACN_NoCC,2045,XSE,URB,3032.1656320037837
SSP2_500C_CACN_NoCC,2045,XSA,OTH,44675.7545
SSP2_500C_CACN_NoCC,2045,XSA,CROP,46782.593328269744
SSP2_500C_CACN_NoCC,2045,XSA,CROP_FLW,3160.2246394942235
SSP2_500C_CACN_NoCC,2045,XSA,PRM_FRS,10047.887173123187
SSP2_500C_CACN_NoCC,2045,XSA,MNG_FRS,4072.18803860513
SSP2_500C_CACN_NoCC,2045,XSA,BIOCROP,2735.2054482017993
SSP2_500C_CACN_NoCC,2045,XSA,GRAZING,38224.501278527205
SSP2_500C_CACN_NoCC,2045,XSA,GRASS,34040.32152155474
SSP2_500C_CACN_NoCC,2045,XSA,URB,866.7895990753174
SSP2_500C_CACN_NoCC,2045,CAN,OTH,283585.656
SSP2_500C_CACN_NoCC,2045,CAN,CROP,33255.625322229804
SSP2_500C_CACN_NoCC,2045,CAN,CROP_FLW,13016.29088250362
SSP2_500C_CACN_NoCC,2045,CAN,PRM_FRS,263662.53955363337
SSP2_500C_CACN_NoCC,2045,CAN,MNG_FRS,42310.173806595674
SSP2_500C_CACN_NoCC,2045,CAN,BIOCROP,15172.49423942962
SSP2_500C_CACN_NoCC,2045,CAN,GRAZING,14077.017447586493
SSP2_500C_CACN_NoCC,2045,CAN,GRASS,3855.615291154081
SSP2_500C_CACN_NoCC,2045,CAN,URB,785.9824775390625
SSP2_500C_CACN_NoCC,2045,BRA,CROP,64515.89126178349
SSP2_500C_CACN_NoCC,2045,BRA,CROP_FLW,429.43919677426425
SSP2_500C_CACN_NoCC,2045,BRA,PRM_FRS,586166.8206735925
SSP2_500C_CACN_NoCC,2045,BRA,MNG_FRS,4252.283264020359
SSP2_500C_CACN_NoCC,2045,BRA,BIOCROP,8706.88486638356
SSP2_500C_CACN_NoCC,2045,BRA,GRAZING,171993.82841708057
SSP2_500C_CACN_NoCC,2045,BRA,GRASS,64449.420774079736
SSP2_500C_CACN_NoCC,2045,BRA,URB,3742.538360931397
SSP2_500C_CACN_NoCC,2045,XLM,OTH,72183.21731250001
SSP2_500C_CACN_NoCC,2045,XLM,CROP,87058.4352718207
SSP2_500C_CACN_NoCC,2045,XLM,CROP_FLW,14225.257640803215
SSP2_500C_CACN_NoCC,2045,XLM,PRM_FRS,491392.0156575513
SSP2_500C_CACN_NoCC,2045,XLM,MNG_FRS,14569.006964098913
SSP2_500C_CACN_NoCC,2045,XLM,BIOCROP,8690.925364512217
SSP2_500C_CACN_NoCC,2045,XLM,GRAZING,341185.7731650416
SSP2_500C_CACN_NoCC,2045,XLM,GRASS,196660.33065532977
SSP2_500C_CACN_NoCC,2045,XLM,URB,4894.335314867021
SSP2_500C_CACN_NoCC,2045,CIS,OTH,253974.9918984375
SSP2_500C_CACN_NoCC,2045,CIS,CROP,88655.53689381102
SSP2_500C_CACN_NoCC,2045,CIS,CROP_FLW,81940.50707653626
SSP2_500C_CACN_NoCC,2045,CIS,PRM_FRS,829533.030795587
SSP2_500C_CACN_NoCC,2045,CIS,MNG_FRS,38831.173692541925
SSP2_500C_CACN_NoCC,2045,CIS,BIOCROP,34283.86537267874
SSP2_500C_CACN_NoCC,2045,CIS,GRAZING,353184.55033358716
SSP2_500C_CACN_NoCC,2045,CIS,GRASS,178869.2180690205
SSP2_500C_CACN_NoCC,2045,CIS,URB,5880.5270887603765
SSP2_500C_CACN_NoCC,2045,XME,OTH,281021.7655625
SSP2_500C_CACN_NoCC,2045,XME,CROP,33931.21642991551
SSP2_500C_CACN_NoCC,2045,XME,CROP_FLW,1880.825925654267
SSP2_500C_CACN_NoCC,2045,XME,PRM_FRS,9102.026621016996
SSP2_500C_CACN_NoCC,2045,XME,MNG_FRS,617.9998832418045
SSP2_500C_CACN_NoCC,2045,XME,BIOCROP,19104.165880252986
SSP2_500C_CACN_NoCC,2045,XME,GRAZING,251395.42461886586
SSP2_500C_CACN_NoCC,2045,XME,GRASS,80962.61199713509
SSP2_500C_CACN_NoCC,2045,XME,URB,2128.071955810547
SSP2_500C_CACN_NoCC,2045,XNF,OTH,456890.6350624999
SSP2_500C_CACN_NoCC,2045,XNF,CROP,28616.9084006195
SSP2_500C_CACN_NoCC,2045,XNF,CROP_FLW,1984.51409987046
SSP2_500C_CACN_NoCC,2045,XNF,PRM_FRS,2996.6098208652297
SSP2_500C_CACN_NoCC,2045,XNF,MNG_FRS,68.33345071317012
SSP2_500C_CACN_NoCC,2045,XNF,BIOCROP,6582.190021543591
SSP2_500C_CACN_NoCC,2045,XNF,GRAZING,70726.16492824463
SSP2_500C_CACN_NoCC,2045,XNF,GRASS,4273.246719210087
SSP2_500C_CACN_NoCC,2045,XNF,URB,927.4797019042969
SSP2_500C_CACN_NoCC,2045,XAF,OTH,399410.63371875
SSP2_500C_CACN_NoCC,2045,XAF,CROP,371799.3243952308
SSP2_500C_CACN_NoCC,2045,XAF,CROP_FLW,13371.765652146712
SSP2_500C_CACN_NoCC,2045,XAF,PRM_FRS,658882.9021554518
SSP2_500C_CACN_NoCC,2045,XAF,MNG_FRS,20861.353623472336
SSP2_500C_CACN_NoCC,2045,XAF,BIOCROP,6583.221537516094
SSP2_500C_CACN_NoCC,2045,XAF,GRAZING,807041.063347268
SSP2_500C_CACN_NoCC,2045,XAF,GRASS,458733.1674561918
SSP2_500C_CACN_NoCC,2045,XAF,URB,2896.931178625107
SSP2_500C_CACN_NoCC,2045,ASIA2,OTH,312611.42105468747
SSP2_500C_CACN_NoCC,2045,ASIA2,CROP,396285.18728526065
SSP2_500C_CACN_NoCC,2045,ASIA2,CROP_FLW,6724.661599605954
SSP2_500C_CACN_NoCC,2045,ASIA2,PRM_FRS,544754.6461813316
SSP2_500C_CACN_NoCC,2045,ASIA2,MNG_FRS,42808.812574483396
SSP2_500C_CACN_NoCC,2045,ASIA2,BIOCROP,76385.40777080951
SSP2_500C_CACN_NoCC,2045,ASIA2,GRAZING,536150.4559360144
SSP2_500C_CACN_NoCC,2045,ASIA2,GRASS,182210.25000790798
SSP2_500C_CACN_NoCC,2045,ASIA2,URB,16641.596986114502
SSP2_500C_CACN_NoCC,2045,World,OTH,2111196.772609375
SSP2_500C_CACN_NoCC,2045,World,CROP,1380845.1823120266
SSP2_500C_CACN_NoCC,2045,World,CROP_FLW,252346.05282926047
SSP2_500C_CACN_NoCC,2045,World,PRM_FRS,3931302.5480991323
SSP2_500C_CACN_NoCC,2045,World,MNG_FRS,280939.0502774936
SSP2_500C_CACN_NoCC,2045,World,BIOCROP,286315.91762140056
SSP2_500C_CACN_NoCC,2045,World,GRAZING,3236081.5682076174
SSP2_500C_CACN_NoCC,2045,World,GRASS,1762755.3565161447
SSP2_500C_CACN_NoCC,2045,World,URB,61494.25336591386
SSP2_500C_CACN_NoCC,2045,Non-OECD,OTH,1776092.664609375
SSP2_500C_CACN_NoCC,2045,Non-OECD,CROP,1068817.5824201799
SSP2_500C_CACN_NoCC,2045,Non-OECD,CROP_FLW,119806.23690386227
SSP2_500C_CACN_NoCC,2045,Non-OECD,PRM_FRS,3099173.852965764
SSP2_500C_CACN_NoCC,2045,Non-OECD,MNG_FRS,120185.63749891077
SSP2_500C_CACN_NoCC,2045,Non-OECD,BIOCROP,159913.1244585406
SSP2_500C_CACN_NoCC,2045,Non-OECD,GRAZING,2531627.9083774877
SSP2_500C_CACN_NoCC,2045,Non-OECD,GRASS,1165542.9853521045
SSP2_500C_CACN_NoCC,2045,Non-OECD,URB,35401.19061899567
SSP2_500C_CACN_NoCC,2045,Industrial,OTH,321872.108
SSP2_500C_CACN_NoCC,2045,Industrial,CROP,249810.73566277075
SSP2_500C_CACN_NoCC,2045,Industrial,CROP_FLW,126613.41057380447
SSP2_500C_CACN_NoCC,2045,Industrial,PRM_FRS,792713.7656966476
SSP2_500C_CACN_NoCC,2045,Industrial,MNG_FRS,154589.29033736698
SSP2_500C_CACN_NoCC,2045,Industrial,BIOCROP,116583.74586982132
SSP2_500C_CACN_NoCC,2045,Industrial,GRAZING,675800.3296729176
SSP2_500C_CACN_NoCC,2045,Industrial,GRASS,574950.166902927
SSP2_500C_CACN_NoCC,2045,Industrial,URB,24181.440413742544
SSP2_500C_CACN_NoCC,2045,Transition,OTH,520635.75745312497
SSP2_500C_CACN_NoCC,2045,Transition,CROP,485977.32373526506
SSP2_500C_CACN_NoCC,2045,Transition,CROP_FLW,88296.35162490424
SSP2_500C_CACN_NoCC,2045,Transition,PRM_FRS,1734892.3433792186
SSP2_500C_CACN_NoCC,2045,Transition,MNG_FRS,78437.99627346915
SSP2_500C_CACN_NoCC,2045,Transition,BIOCROP,98948.00268925262
SSP2_500C_CACN_NoCC,2045,Transition,GRAZING,926784.5342172692
SSP2_500C_CACN_NoCC,2045,Transition,GRASS,349562.6901082663
SSP2_500C_CACN_NoCC,2045,Transition,URB,22567.039569885255
SSP2_500C_CACN_NoCC,2045,Developing,OTH,1268688.90715625
SSP2_500C_CACN_NoCC,2045,Developing,CROP,645057.1229139904
SSP2_500C_CACN_NoCC,2045,Developing,CROP_FLW,37436.290630551746
SSP2_500C_CACN_NoCC,2045,Developing,PRM_FRS,1403696.439023266
SSP2_500C_CACN_NoCC,2045,Developing,MNG_FRS,47911.763666657454
SSP2_500C_CACN_NoCC,2045,Developing,BIOCROP,70784.1690623266
SSP2_500C_CACN_NoCC,2045,Developing,GRAZING,1633496.7043174314
SSP2_500C_CACN_NoCC,2045,Developing,GRASS,838242.4995049515
SSP2_500C_CACN_NoCC,2045,Developing,URB,14745.773382286072
SSP2_500C_CACN_NoCC,2045,R5ASIA,OTH,312611.42105468747
SSP2_500C_CACN_NoCC,2045,R5ASIA,CROP,394240.26976699865
SSP2_500C_CACN_NoCC,2045,R5ASIA,CROP_FLW,5973.927312077094
SSP2_500C_CACN_NoCC,2045,R5ASIA,PRM_FRS,521100.44724169903
SSP2_500C_CACN_NoCC,2045,R5ASIA,MNG_FRS,40985.48662082227
SSP2_500C_CACN_NoCC,2045,R5ASIA,BIOCROP,75961.87141565341
SSP2_500C_CACN_NoCC,2045,R5ASIA,GRAZING,536101.1035673999
SSP2_500C_CACN_NoCC,2045,R5ASIA,GRASS,181594.9896811376
SSP2_500C_CACN_NoCC,2045,R5ASIA,URB,14931.307018096923
SSP2_500C_CACN_NoCC,2045,R5OECD90+EU,OTH,335104.108
SSP2_500C_CACN_NoCC,2045,R5OECD90+EU,CROP,312027.5998918466
SSP2_500C_CACN_NoCC,2045,R5OECD90+EU,CROP_FLW,132539.8159253982
SSP2_500C_CACN_NoCC,2045,R5OECD90+EU,PRM_FRS,832128.6951333683
SSP2_500C_CACN_NoCC,2045,R5OECD90+EU,MNG_FRS,160753.41277858283
SSP2_500C_CACN_NoCC,2045,R5OECD90+EU,BIOCROP,126402.79316285995
SSP2_500C_CACN_NoCC,2045,R5OECD90+EU,GRAZING,704453.6598301303
SSP2_500C_CACN_NoCC,2045,R5OECD90+EU,GRASS,597212.3711640402
SSP2_500C_CACN_NoCC,2045,R5OECD90+EU,URB,26093.062746918204
SSP2_500C_CACN_NoCC,2045,R5REF,OTH,253974.9918984375
SSP2_500C_CACN_NoCC,2045,R5REF,CROP,88655.53689381102
SSP2_500C_CACN_NoCC,2045,R5REF,CROP_FLW,81940.50707653626
SSP2_500C_CACN_NoCC,2045,R5REF,PRM_FRS,829533.030795587
SSP2_500C_CACN_NoCC,2045,R5REF,MNG_FRS,38831.173692541925
SSP2_500C_CACN_NoCC,2045,R5REF,BIOCROP,34283.86537267874
SSP2_500C_CACN_NoCC,2045,R5REF,GRAZING,353184.55033358716
SSP2_500C_CACN_NoCC,2045,R5REF,GRASS,178869.2180690205
SSP2_500C_CACN_NoCC,2045,R5REF,URB,5880.5270887603765
SSP2_500C_CACN_NoCC,2045,R5MAF,OTH,1137323.0343437498
SSP2_500C_CACN_NoCC,2045,R5MAF,CROP,434347.4492257658
SSP2_500C_CACN_NoCC,2045,R5MAF,CROP_FLW,17237.10567767144
SSP2_500C_CACN_NoCC,2045,R5MAF,PRM_FRS,670981.5385973341
SSP2_500C_CACN_NoCC,2045,R5MAF,MNG_FRS,21547.68695742731
SSP2_500C_CACN_NoCC,2045,R5MAF,BIOCROP,32269.57743931267
SSP2_500C_CACN_NoCC,2045,R5MAF,GRAZING,1129162.6528943786
SSP2_500C_CACN_NoCC,2045,R5MAF,GRASS,543969.026172537
SSP2_500C_CACN_NoCC,2045,R5MAF,URB,5952.48283633995
SSP2_500C_CACN_NoCC,2045,R5LAM,OTH,72183.21731250001
SSP2_500C_CACN_NoCC,2045,R5LAM,CROP,151574.32653360418
SSP2_500C_CACN_NoCC,2045,R5LAM,CROP_FLW,14654.69683757748
SSP2_500C_CACN_NoCC,2045,R5LAM,PRM_FRS,1077558.8363311437
SSP2_500C_CACN_NoCC,2045,R5LAM,MNG_FRS,18821.290228119273
SSP2_500C_CACN_NoCC,2045,R5LAM,BIOCROP,17397.810230895775
SSP2_500C_CACN_NoCC,2045,R5LAM,GRAZING,513179.60158212215
SSP2_500C_CACN_NoCC,2045,R5LAM,GRASS,261109.75142940952
SSP2_500C_CACN_NoCC,2045,R5LAM,URB,8636.873675798419
SSP2_500C_CACN_NoCC,2050,USA,OTH,33613.452
SSP2_500C_CACN_NoCC,2050,USA,CROP,114099.70533174032
SSP2_500C_CACN_NoCC,2050,USA,CROP_FLW,55521.193379110264
SSP2_500C_CACN_NoCC,2050,USA,PRM_FRS,247774.81519231838
SSP2_500C_CACN_NoCC,2050,USA,MNG_FRS,50290.87959459257
SSP2_500C_CACN_NoCC,2050,USA,BIOCROP,60553.03774156315
SSP2_500C_CACN_NoCC,2050,USA,GRAZING,226955.46276614835
SSP2_500C_CACN_NoCC,2050,USA,GRASS,78956.81487834292
SSP2_500C_CACN_NoCC,2050,USA,URB,11695.345311309815
SSP2_500C_CACN_NoCC,2050,XE25,OTH,3206.0
SSP2_500C_CACN_NoCC,2050,XE25,CROP,64683.94234843919
SSP2_500C_CACN_NoCC,2050,XE25,CROP_FLW,13945.406017270856
SSP2_500C_CACN_NoCC,2050,XE25,PRM_FRS,86701.52902213027
SSP2_500C_CACN_NoCC,2050,XE25,MNG_FRS,51037.059408578905
SSP2_500C_CACN_NoCC,2050,XE25,BIOCROP,48904.757840539336
SSP2_500C_CACN_NoCC,2050,XE25,GRAZING,56967.972138760444
SSP2_500C_CACN_NoCC,2050,XE25,GRASS,21463.60128002703
SSP2_500C_CACN_NoCC,2050,XE25,URB,9106.496241195679
SSP2_500C_CACN_NoCC,2050,XER,OTH,13232.0
SSP2_500C_CACN_NoCC,2050,XER,CROP,36654.9283607118
SSP2_500C_CACN_NoCC,2050,XER,CROP_FLW,1641.337261464833
SSP2_500C_CACN_NoCC,2050,XER,PRM_FRS,32862.90167460795
SSP2_500C_CACN_NoCC,2050,XER,MNG_FRS,4581.205435123573
SSP2_500C_CACN_NoCC,2050,XER,BIOCROP,6213.545755651491
SSP2_500C_CACN_NoCC,2050,XER,GRAZING,14513.629299094571
SSP2_500C_CACN_NoCC,2050,XER,GRASS,2650.563974735297
SSP2_500C_CACN_NoCC,2050,XER,URB,1090.242361709595
SSP2_500C_CACN_NoCC,2050,TUR,CROP,23418.12129444931
SSP2_500C_CACN_NoCC,2050,TUR,CROP_FLW,3398.613900850597
SSP2_500C_CACN_NoCC,2050,TUR,PRM_FRS,10225.907273602566
SSP2_500C_CACN_NoCC,2050,TUR,MNG_FRS,1055.522485343987
SSP2_500C_CACN_NoCC,2050,TUR,BIOCROP,5278.521129126305
SSP2_500C_CACN_NoCC,2050,TUR,GRAZING,13893.480861135442
SSP2_500C_CACN_NoCC,2050,TUR,GRASS,18068.62446407306
SSP2_500C_CACN_NoCC,2050,TUR,URB,821.3799714660644
SSP2_500C_CACN_NoCC,2050,XOC,OTH,1467.0
SSP2_500C_CACN_NoCC,2050,XOC,CROP,32918.419834584834
SSP2_500C_CACN_NoCC,2050,XOC,CROP_FLW,31578.240793861245
SSP2_500C_CACN_NoCC,2050,XOC,PRM_FRS,200121.65220410985
SSP2_500C_CACN_NoCC,2050,XOC,MNG_FRS,3926.354422320084
SSP2_500C_CACN_NoCC,2050,XOC,BIOCROP,6108.0045908113725
SSP2_500C_CACN_NoCC,2050,XOC,GRAZING,374295.5378069222
SSP2_500C_CACN_NoCC,2050,XOC,GRASS,449545.97583132563
SSP2_500C_CACN_NoCC,2050,XOC,URB,883.3264156804086
SSP2_500C_CACN_NoCC,2050,CHN,OTH,239998.39534375
SSP2_500C_CACN_NoCC,2050,CHN,CROP,87651.47387390275
SSP2_500C_CACN_NoCC,2050,CHN,PRM_FRS,258454.9014992328
SSP2_500C_CACN_NoCC,2050,CHN,MNG_FRS,14165.756772272214
SSP2_500C_CACN_NoCC,2050,CHN,BIOCROP,37462.47313807855
SSP2_500C_CACN_NoCC,2050,CHN,GRAZING,362352.7311351962
SSP2_500C_CACN_NoCC,2050,CHN,GRASS,62524.44311956563
SSP2_500C_CACN_NoCC,2050,CHN,URB,8006.078889526368
SSP2_500C_CACN_NoCC,2050,IND,OTH,13430.3702109375
SSP2_500C_CACN_NoCC,2050,IND,CROP,171732.98742761635
SSP2_500C_CACN_NoCC,2050,IND,PRM_FRS,36890.957507530664
SSP2_500C_CACN_NoCC,2050,IND,MNG_FRS,13038.796640201726
SSP2_500C_CACN_NoCC,2050,IND,BIOCROP,16427.875908774568
SSP2_500C_CACN_NoCC,2050,IND,GRAZING,7280.498436329382
SSP2_500C_CACN_NoCC,2050,IND,GRASS,14646.992711495921
SSP2_500C_CACN_NoCC,2050,IND,URB,3026.2728974914553
SSP2_500C_CACN_NoCC,2050,JPN,CROP,1923.9789160382238
SSP2_500C_CACN_NoCC,2050,JPN,CROP_FLW,646.0916675079652
SSP2_500C_CACN_NoCC,2050,JPN,PRM_FRS,24043.69118876516
SSP2_500C_CACN_NoCC,2050,JPN,MNG_FRS,1673.8138978720826
SSP2_500C_CACN_NoCC,2050,JPN,BIOCROP,465.70232571409133
SSP2_500C_CACN_NoCC,2050,JPN,GRAZING,48.96535159292191
SSP2_500C_CACN_NoCC,2050,JPN,GRASS,559.0824021350419
SSP2_500C_CACN_NoCC,2050,JPN,URB,1710.2899680175783
SSP2_500C_CACN_NoCC,2050,XSE,OTH,14506.901
SSP2_500C_CACN_NoCC,2050,XSE,CROP,72340.60077360108
SSP2_500C_CACN_NoCC,2050,XSE,CROP_FLW,2197.4274607055227
SSP2_500C_CACN_NoCC,2050,XSE,PRM_FRS,233167.37084935125
SSP2_500C_CACN_NoCC,2050,XSE,MNG_FRS,7279.200614523009
SSP2_500C_CACN_NoCC,2050,XSE,BIOCROP,33830.94428738497
SSP2_500C_CACN_NoCC,2050,XSE,GRAZING,124687.54230622058
SSP2_500C_CACN_NoCC,2050,XSE,GRASS,60762.199716063136
SSP2_500C_CACN_NoCC,2050,XSE,URB,3032.1656320037837
SSP2_500C_CACN_NoCC,2050,XSA,OTH,44675.7545
SSP2_500C_CACN_NoCC,2050,XSA,CROP,46939.2637680108
SSP2_500C_CACN_NoCC,2050,XSA,CROP_FLW,2697.252641948459
SSP2_500C_CACN_NoCC,2050,XSA,PRM_FRS,10848.552878774555
SSP2_500C_CACN_NoCC,2050,XSA,MNG_FRS,3914.943313079241
SSP2_500C_CACN_NoCC,2050,XSA,BIOCROP,3723.519450431796
SSP2_500C_CACN_NoCC,2050,XSA,GRAZING,38600.06420927216
SSP2_500C_CACN_NoCC,2050,XSA,GRASS,32339.325166259063
SSP2_500C_CACN_NoCC,2050,XSA,URB,866.7895990753174
SSP2_500C_CACN_NoCC,2050,CAN,OTH,283585.656
SSP2_500C_CACN_NoCC,2050,CAN,CROP,33215.00669084894
SSP2_500C_CACN_NoCC,2050,CAN,CROP_FLW,9785.269788263684
SSP2_500C_CACN_NoCC,2050,CAN,PRM_FRS,269000.03437895724
SSP2_500C_CACN_NoCC,2050,CAN,MNG_FRS,40382.37907278981
SSP2_500C_CACN_NoCC,2050,CAN,BIOCROP,16220.15276343669
SSP2_500C_CACN_NoCC,2050,CAN,GRAZING,13774.18414534139
SSP2_500C_CACN_NoCC,2050,CAN,GRASS,2972.7297034949506
SSP2_500C_CACN_NoCC,2050,CAN,URB,785.9824775390625
SSP2_500C_CACN_NoCC,2050,BRA,CROP,64110.78525914022
SSP2_500C_CACN_NoCC,2050,BRA,CROP_FLW,268.96898501091783
SSP2_500C_CACN_NoCC,2050,BRA,PRM_FRS,593829.5976276015
SSP2_500C_CACN_NoCC,2050,BRA,MNG_FRS,3883.1309355834364
SSP2_500C_CACN_NoCC,2050,BRA,BIOCROP,13054.979424979183
SSP2_500C_CACN_NoCC,2050,BRA,GRAZING,170653.7427373686
SSP2_500C_CACN_NoCC,2050,BRA,GRASS,54713.3634840303
SSP2_500C_CACN_NoCC,2050,BRA,URB,3742.538360931397
SSP2_500C_CACN_NoCC,2050,XLM,OTH,72183.21731250001
SSP2_500C_CACN_NoCC,2050,XLM,CROP,87281.20990771886
SSP2_500C_CACN_NoCC,2050,XLM,CROP_FLW,11715.354405941518
SSP2_500C_CACN_NoCC,2050,XLM,PRM_FRS,510211.4470454593
SSP2_500C_CACN_NoCC,2050,XLM,MNG_FRS,13664.942005945766
SSP2_500C_CACN_NoCC,2050,XLM,BIOCROP,12617.991707485578
SSP2_500C_CACN_NoCC,2050,XLM,GRAZING,341246.6125830178
SSP2_500C_CACN_NoCC,2050,XLM,GRASS,177044.18706358894
SSP2_500C_CACN_NoCC,2050,XLM,URB,4894.335314867021
SSP2_500C_CACN_NoCC,2050,CIS,OTH,253974.9918984375
SSP2_500C_CACN_NoCC,2050,CIS,CROP,84954.86943087142
SSP2_500C_CACN_NoCC,2050,CIS,CROP_FLW,64458.456620195975
SSP2_500C_CACN_NoCC,2050,CIS,PRM_FRS,911872.8798582519
SSP2_500C_CACN_NoCC,2050,CIS,MNG_FRS,33566.41261779263
SSP2_500C_CACN_NoCC,2050,CIS,BIOCROP,40610.45538322455
SSP2_500C_CACN_NoCC,2050,CIS,GRAZING,341980.5777158977
SSP2_500C_CACN_NoCC,2050,CIS,GRASS,127854.23060752849
SSP2_500C_CACN_NoCC,2050,CIS,URB,5880.5270887603765
SSP2_500C_CACN_NoCC,2050,XME,OTH,281021.7655625
SSP2_500C_CACN_NoCC,2050,XME,CROP,32594.46426393086
SSP2_500C_CACN_NoCC,2050,XME,CROP_FLW,1610.940915862001
SSP2_500C_CACN_NoCC,2050,XME,PRM_FRS,9102.026621016996
SSP2_500C_CACN_NoCC,2050,XME,MNG_FRS,600.2068881335027
SSP2_500C_CACN_NoCC,2050,XME,BIOCROP,23596.69014783362
SSP2_500C_CACN_NoCC,2050,XME,GRAZING,252976.84147999503
SSP2_500C_CACN_NoCC,2050,XME,GRASS,76513.10103931036
SSP2_500C_CACN_NoCC,2050,XME,URB,2128.071955810547
SSP2_500C_CACN_NoCC,2050,XNF,OTH,456890.6350624999
SSP2_500C_CACN_NoCC,2050,XNF,CROP,28639.537204537748
SSP2_500C_CACN_NoCC,2050,XNF,CROP_FLW,1767.401210098443
SSP2_500C_CACN_NoCC,2050,XNF,PRM_FRS,2996.6098208652284
SSP2_500C_CACN_NoCC,2050,XNF,MNG_FRS,66.53061883771251
SSP2_500C_CACN_NoCC,2050,XNF,BIOCROP,6493.338167884727
SSP2_500C_CACN_NoCC,2050,XNF,GRAZING,71523.96952851272
SSP2_500C_CACN_NoCC,2050,XNF,GRASS,3760.580890330145
SSP2_500C_CACN_NoCC,2050,XNF,URB,927.4797019042969
SSP2_500C_CACN_NoCC,2050,XAF,OTH,399410.63371875
SSP2_500C_CACN_NoCC,2050,XAF,CROP,394185.32162588165
SSP2_500C_CACN_NoCC,2050,XAF,CROP_FLW,10838.572486844821
SSP2_500C_CACN_NoCC,2050,XAF,PRM_FRS,658882.9021554522
SSP2_500C_CACN_NoCC,2050,XAF,MNG_FRS,20636.872499456586
SSP2_500C_CACN_NoCC,2050,XAF,BIOCROP,11408.935816300738
SSP2_500C_CACN_NoCC,2050,XAF,GRAZING,820081.9612581942
SSP2_500C_CACN_NoCC,2050,XAF,GRASS,421238.2323251479
SSP2_500C_CACN_NoCC,2050,XAF,URB,2896.931178625107
SSP2_500C_CACN_NoCC,2050,ASIA2,OTH,312611.42105468747
SSP2_500C_CACN_NoCC,2050,ASIA2,CROP,380588.30475916923
SSP2_500C_CACN_NoCC,2050,ASIA2,CROP_FLW,5540.771770161947
SSP2_500C_CACN_NoCC,2050,ASIA2,PRM_FRS,563405.4739236544
SSP2_500C_CACN_NoCC,2050,ASIA2,MNG_FRS,40072.511237948274
SSP2_500C_CACN_NoCC,2050,ASIA2,BIOCROP,91910.51511038397
SSP2_500C_CACN_NoCC,2050,ASIA2,GRAZING,532969.8014386112
SSP2_500C_CACN_NoCC,2050,ASIA2,GRASS,170832.0431155188
SSP2_500C_CACN_NoCC,2050,ASIA2,URB,16641.596986114502
SSP2_500C_CACN_NoCC,2050,World,OTH,2111196.772609375
SSP2_500C_CACN_NoCC,2050,World,CROP,1377344.6163120242
SSP2_500C_CACN_NoCC,2050,World,CROP_FLW,212070.5275349371
SSP2_500C_CACN_NoCC,2050,World,PRM_FRS,4096987.7767980276
SSP2_500C_CACN_NoCC,2050,World,MNG_FRS,263764.00722244685
SSP2_500C_CACN_NoCC,2050,World,BIOCROP,342970.9255792207
SSP2_500C_CACN_NoCC,2050,World,GRAZING,3231833.773759
SSP2_500C_CACN_NoCC,2050,World,GRASS,1605614.0486574539
SSP2_500C_CACN_NoCC,2050,World,URB,61494.25336591386
SSP2_500C_CACN_NoCC,2050,Non-OECD,OTH,1776092.664609375
SSP2_500C_CACN_NoCC,2050,Non-OECD,CROP,1070430.5135352116
SSP2_500C_CACN_NoCC,2050,Non-OECD,CROP_FLW,95554.37472660765
SSP2_500C_CACN_NoCC,2050,Non-OECD,PRM_FRS,3226257.2458635364
SSP2_500C_CACN_NoCC,2050,Non-OECD,MNG_FRS,110816.79290582583
SSP2_500C_CACN_NoCC,2050,Non-OECD,BIOCROP,199227.20343237827
SSP2_500C_CACN_NoCC,2050,Non-OECD,GRAZING,2531384.5413900046
SSP2_500C_CACN_NoCC,2050,Non-OECD,GRASS,1031396.6561233199
SSP2_500C_CACN_NoCC,2050,Non-OECD,URB,35401.19061899567
SSP2_500C_CACN_NoCC,2050,Industrial,OTH,321872.108
SSP2_500C_CACN_NoCC,2050,Industrial,CROP,246841.05312165152
SSP2_500C_CACN_NoCC,2050,Industrial,CROP_FLW,111476.20164601401
SSP2_500C_CACN_NoCC,2050,Industrial,PRM_FRS,827641.7219862809
SSP2_500C_CACN_NoCC,2050,Industrial,MNG_FRS,147310.48639615346
SSP2_500C_CACN_NoCC,2050,Industrial,BIOCROP,132251.65526206465
SSP2_500C_CACN_NoCC,2050,Industrial,GRAZING,672042.1222087654
SSP2_500C_CACN_NoCC,2050,Industrial,GRASS,553498.2040953255
SSP2_500C_CACN_NoCC,2050,Industrial,URB,24181.440413742544
SSP2_500C_CACN_NoCC,2050,Transition,OTH,520635.75745312497
SSP2_500C_CACN_NoCC,2050,Transition,CROP,468523.1656466918
SSP2_500C_CACN_NoCC,2050,Transition,CROP_FLW,69767.37676752232
SSP2_500C_CACN_NoCC,2050,Transition,PRM_FRS,1844137.1454408274
SSP2_500C_CACN_NoCC,2050,Transition,MNG_FRS,70290.82488631757
SSP2_500C_CACN_NoCC,2050,Transition,BIOCROP,119047.85073983466
SSP2_500C_CACN_NoCC,2050,Transition,GRAZING,910674.6601850219
SSP2_500C_CACN_NoCC,2050,Transition,GRASS,280458.2183614287
SSP2_500C_CACN_NoCC,2050,Transition,URB,22567.039569885255
SSP2_500C_CACN_NoCC,2050,Developing,OTH,1268688.90715625
SSP2_500C_CACN_NoCC,2050,Developing,CROP,661980.3975436811
SSP2_500C_CACN_NoCC,2050,Developing,CROP_FLW,30826.949121400765
SSP2_500C_CACN_NoCC,2050,Developing,PRM_FRS,1425208.9093709195
SSP2_500C_CACN_NoCC,2050,Developing,MNG_FRS,46162.69593997582
SSP2_500C_CACN_NoCC,2050,Developing,BIOCROP,91671.41957732143
SSP2_500C_CACN_NoCC,2050,Developing,GRAZING,1649116.9913652125
SSP2_500C_CACN_NoCC,2050,Developing,GRASS,771657.6262006995
SSP2_500C_CACN_NoCC,2050,Developing,URB,14745.773382286072
SSP2_500C_CACN_NoCC,2050,R5ASIA,OTH,312611.42105468747
SSP2_500C_CACN_NoCC,2050,R5ASIA,CROP,378664.32584313094
SSP2_500C_CACN_NoCC,2050,R5ASIA,CROP_FLW,4894.6801026539815
SSP2_500C_CACN_NoCC,2050,R5ASIA,PRM_FRS,539361.7827348893
SSP2_500C_CACN_NoCC,2050,R5ASIA,MNG_FRS,38398.69734007619
SSP2_500C_CACN_NoCC,2050,R5ASIA,BIOCROP,91444.81278466988
SSP2_500C_CACN_NoCC,2050,R5ASIA,GRAZING,532920.8360870184
SSP2_500C_CACN_NoCC,2050,R5ASIA,GRASS,170272.96071338374
SSP2_500C_CACN_NoCC,2050,R5ASIA,URB,14931.307018096923
SSP2_500C_CACN_NoCC,2050,R5OECD90+EU,OTH,335104.108
SSP2_500C_CACN_NoCC,2050,R5OECD90+EU,CROP,306914.1027768126
SSP2_500C_CACN_NoCC,2050,R5OECD90+EU,CROP_FLW,116516.15280832945
SSP2_500C_CACN_NoCC,2050,R5OECD90+EU,PRM_FRS,870730.5309344913
SSP2_500C_CACN_NoCC,2050,R5OECD90+EU,MNG_FRS,152947.21431662102
SSP2_500C_CACN_NoCC,2050,R5OECD90+EU,BIOCROP,143743.72214684245
SSP2_500C_CACN_NoCC,2050,R5OECD90+EU,GRAZING,700449.2323689953
SSP2_500C_CACN_NoCC,2050,R5OECD90+EU,GRASS,574217.3925341339
SSP2_500C_CACN_NoCC,2050,R5OECD90+EU,URB,26093.062746918204
SSP2_500C_CACN_NoCC,2050,R5REF,OTH,253974.9918984375
SSP2_500C_CACN_NoCC,2050,R5REF,CROP,84954.86943087142
SSP2_500C_CACN_NoCC,2050,R5REF,CROP_FLW,64458.456620195975
SSP2_500C_CACN_NoCC,2050,R5REF,PRM_FRS,911872.8798582519
SSP2_500C_CACN_NoCC,2050,R5REF,MNG_FRS,33566.41261779263
SSP2_500C_CACN_NoCC,2050,R5REF,BIOCROP,40610.45538322455
SSP2_500C_CACN_NoCC,2050,R5REF,GRAZING,341980.5777158977
SSP2_500C_CACN_NoCC,2050,R5REF,GRASS,127854.23060752849
SSP2_500C_CACN_NoCC,2050,R5REF,URB,5880.5270887603765
SSP2_500C_CACN_NoCC,2050,R5MAF,OTH,1137323.0343437498
SSP2_500C_CACN_NoCC,2050,R5MAF,CROP,455419.3230943503
SSP2_500C_CACN_NoCC,2050,R5MAF,CROP_FLW,14216.914612805265
SSP2_500C_CACN_NoCC,2050,R5MAF,PRM_FRS,670981.5385973344
SSP2_500C_CACN_NoCC,2050,R5MAF,MNG_FRS,21303.6100064278
SSP2_500C_CACN_NoCC,2050,R5MAF,BIOCROP,41498.964132019086
SSP2_500C_CACN_NoCC,2050,R5MAF,GRAZING,1144582.7722667018
SSP2_500C_CACN_NoCC,2050,R5MAF,GRASS,501511.9142547884
SSP2_500C_CACN_NoCC,2050,R5MAF,URB,5952.48283633995
SSP2_500C_CACN_NoCC,2050,R5LAM,OTH,72183.21731250001
SSP2_500C_CACN_NoCC,2050,R5LAM,CROP,151391.99516685907
SSP2_500C_CACN_NoCC,2050,R5LAM,CROP_FLW,11984.323390952435
SSP2_500C_CACN_NoCC,2050,R5LAM,PRM_FRS,1104041.0446730608
SSP2_500C_CACN_NoCC,2050,R5LAM,MNG_FRS,17548.0729415292
SSP2_500C_CACN_NoCC,2050,R5LAM,BIOCROP,25672.97113246476
SSP2_500C_CACN_NoCC,2050,R5LAM,GRAZING,511900.35532038636
SSP2_500C_CACN_NoCC,2050,R5LAM,GRASS,231757.55054761923
SSP2_500C_CACN_NoCC,2050,R5LAM,URB,8636.873675798419
SSP2_500C_CACN_NoCC,2055,USA,OTH,33613.452
SSP2_500C_CACN_NoCC,2055,USA,CROP,114994.8124415337
SSP2_500C_CACN_NoCC,2055,USA,CROP_FLW,47617.2268282269
SSP2_500C_CACN_NoCC,2055,USA,PRM_FRS,270566.515883118
SSP2_500C_CACN_NoCC,2055,USA,MNG_FRS,47087.73189632854
SSP2_500C_CACN_NoCC,2055,USA,BIOCROP,58231.49196978888
SSP2_500C_CACN_NoCC,2055,USA,GRAZING,224740.3510751148
SSP2_500C_CACN_NoCC,2055,USA,GRASS,70913.77878970507
SSP2_500C_CACN_NoCC,2055,USA,URB,11695.345311309815
SSP2_500C_CACN_NoCC,2055,XE25,OTH,3206.0
SSP2_500C_CACN_NoCC,2055,XE25,CROP,64116.17763265347
SSP2_500C_CACN_NoCC,2055,XE25,CROP_FLW,11955.252583171032
SSP2_500C_CACN_NoCC,2055,XE25,PRM_FRS,94624.59088122334
SSP2_500C_CACN_NoCC,2055,XE25,MNG_FRS,48808.75309150433
SSP2_500C_CACN_NoCC,2055,XE25,BIOCROP,48168.51456939807
SSP2_500C_CACN_NoCC,2055,XE25,GRAZING,56547.0971669876
SSP2_500C_CACN_NoCC,2055,XE25,GRASS,19483.88213080815
SSP2_500C_CACN_NoCC,2055,XE25,URB,9106.496241195679
SSP2_500C_CACN_NoCC,2055,XER,OTH,13232.0
SSP2_500C_CACN_NoCC,2055,XER,CROP,35294.72550777854
SSP2_500C_CACN_NoCC,2055,XER,CROP_FLW,1359.9688437497953
SSP2_500C_CACN_NoCC,2055,XER,PRM_FRS,35818.858426543215
SSP2_500C_CACN_NoCC,2055,XER,MNG_FRS,4205.8228471932125
SSP2_500C_CACN_NoCC,2055,XER,BIOCROP,5793.318955025683
SSP2_500C_CACN_NoCC,2055,XER,GRAZING,14364.81399375478
SSP2_500C_CACN_NoCC,2055,XER,GRASS,2280.6031873443126
SSP2_500C_CACN_NoCC,2055,XER,URB,1090.242361709595
SSP2_500C_CACN_NoCC,2055,TUR,CROP,23350.725475629322
SSP2_500C_CACN_NoCC,2055,TUR,CROP_FLW,3001.416771521234
SSP2_500C_CACN_NoCC,2055,TUR,PRM_FRS,11290.227916087844
SSP2_500C_CACN_NoCC,2055,TUR,MNG_FRS,997.143064370254
SSP2_500C_CACN_NoCC,2055,TUR,BIOCROP,5800.6540115859625
SSP2_500C_CACN_NoCC,2055,TUR,GRAZING,13820.146322038869
SSP2_500C_CACN_NoCC,2055,TUR,GRASS,17078.47784734776
SSP2_500C_CACN_NoCC,2055,TUR,URB,821.3799714660644
SSP2_500C_CACN_NoCC,2055,XOC,OTH,1467.0
SSP2_500C_CACN_NoCC,2055,XOC,CROP,33820.22235233473
SSP2_500C_CACN_NoCC,2055,XOC,CROP_FLW,30975.31872912326
SSP2_500C_CACN_NoCC,2055,XOC,PRM_FRS,207924.42732874234
SSP2_500C_CACN_NoCC,2055,XOC,MNG_FRS,3656.205603238531
SSP2_500C_CACN_NoCC,2055,XOC,BIOCROP,11108.497686635024
SSP2_500C_CACN_NoCC,2055,XOC,GRAZING,372750.566462262
SSP2_500C_CACN_NoCC,2055,XOC,GRASS,438258.9473215993
SSP2_500C_CACN_NoCC,2055,XOC,URB,883.3264156804086
SSP2_500C_CACN_NoCC,2055,CHN,OTH,239998.39534375
SSP2_500C_CACN_NoCC,2055,CHN,CROP,81675.95528810518
SSP2_500C_CACN_NoCC,2055,CHN,PRM_FRS,276768.96631352766
SSP2_500C_CACN_NoCC,2055,CHN,MNG_FRS,12726.538321899596
SSP2_500C_CACN_NoCC,2055,CHN,BIOCROP,37289.7173392443
SSP2_500C_CACN_NoCC,2055,CHN,GRAZING,357472.10600177414
SSP2_500C_CACN_NoCC,2055,CHN,GRASS,56678.49627369694
SSP2_500C_CACN_NoCC,2055,CHN,URB,8006.078889526368
SSP2_500C_CACN_NoCC,2055,IND,OTH,13430.3702109375
SSP2_500C_CACN_NoCC,2055,IND,CROP,172486.3608945397
SSP2_500C_CACN_NoCC,2055,IND,PRM_FRS,37168.5403415026
SSP2_500C_CACN_NoCC,2055,IND,MNG_FRS,12600.990916255
SSP2_500C_CACN_NoCC,2055,IND,BIOCROP,16575.125574567468
SSP2_500C_CACN_NoCC,2055,IND,GRAZING,7226.218358716179
SSP2_500C_CACN_NoCC,2055,IND,GRASS,13960.872546367582
SSP2_500C_CACN_NoCC,2055,IND,URB,3026.2728974914553
SSP2_500C_CACN_NoCC,2055,JPN,CROP,1831.7252414858935
SSP2_500C_CACN_NoCC,2055,JPN,CROP_FLW,521.8299569085843
SSP2_500C_CACN_NoCC,2055,JPN,PRM_FRS,24490.911466850037
SSP2_500C_CACN_NoCC,2055,JPN,MNG_FRS,1529.0597035854976
SSP2_500C_CACN_NoCC,2055,JPN,BIOCROP,447.54185336066155
SSP2_500C_CACN_NoCC,2055,JPN,GRAZING,48.449593765824595
SSP2_500C_CACN_NoCC,2055,JPN,GRASS,491.8079336689762
SSP2_500C_CACN_NoCC,2055,JPN,URB,1710.2899680175783
SSP2_500C_CACN_NoCC,2055,XSE,OTH,14506.901
SSP2_500C_CACN_NoCC,2055,XSE,CROP,69057.96155666537
SSP2_500C_CACN_NoCC,2055,XSE,CROP_FLW,1635.2835735848516
SSP2_500C_CACN_NoCC,2055,XSE,PRM_FRS,242813.00518767463
SSP2_500C_CACN_NoCC,2055,XSE,MNG_FRS,6714.558131786827
SSP2_500C_CACN_NoCC,2055,XSE,BIOCROP,32839.862622299785
SSP2_500C_CACN_NoCC,2055,XSE,GRAZING,124113.4133607603
SSP2_500C_CACN_NoCC,2055,XSE,GRASS,57091.2015750775
SSP2_500C_CACN_NoCC,2055,XSE,URB,3032.1656320037837
SSP2_500C_CACN_NoCC,2055,XSA,OTH,44675.7545
SSP2_500C_CACN_NoCC,2055,XSA,CROP,47317.63789276456
SSP2_500C_CACN_NoCC,2055,XSA,CROP_FLW,2192.885429083661
SSP2_500C_CACN_NoCC,2055,XSA,PRM_FRS,11947.88375475629
SSP2_500C_CACN_NoCC,2055,XSA,MNG_FRS,3717.9795383246797
SSP2_500C_CACN_NoCC,2055,XSA,BIOCROP,4900.168673232762
SSP2_500C_CACN_NoCC,2055,XSA,GRAZING,38765.3269065006
SSP2_500C_CACN_NoCC,2055,XSA,GRASS,30221.039233113454
SSP2_500C_CACN_NoCC,2055,XSA,URB,866.7895990753174
SSP2_500C_CACN_NoCC,2055,CAN,OTH,283585.656
SSP2_500C_CACN_NoCC,2055,CAN,CROP,31560.963435393864
SSP2_500C_CACN_NoCC,2055,CAN,CROP_FLW,4709.658749470686
SSP2_500C_CACN_NoCC,2055,CAN,PRM_FRS,286052.67833783675
SSP2_500C_CACN_NoCC,2055,CAN,MNG_FRS,36030.56632163033
SSP2_500C_CACN_NoCC,2055,CAN,BIOCROP,12699.54312501919
SSP2_500C_CACN_NoCC,2055,CAN,GRAZING,12873.274289842735
SSP2_500C_CACN_NoCC,2055,CAN,GRASS,1423.072283939149
SSP2_500C_CACN_NoCC,2055,CAN,URB,785.9824775390625
SSP2_500C_CACN_NoCC,2055,BRA,CROP,61949.79142480845
SSP2_500C_CACN_NoCC,2055,BRA,CROP_FLW,159.82546735310066
SSP2_500C_CACN_NoCC,2055,BRA,PRM_FRS,605757.1177459506
SSP2_500C_CACN_NoCC,2055,BRA,MNG_FRS,3497.541181555356
SSP2_500C_CACN_NoCC,2055,BRA,BIOCROP,16839.689906664404
SSP2_500C_CACN_NoCC,2055,BRA,GRAZING,167571.0683647878
SSP2_500C_CACN_NoCC,2055,BRA,GRASS,44739.5343625947
SSP2_500C_CACN_NoCC,2055,BRA,URB,3742.538360931397
SSP2_500C_CACN_NoCC,2055,XLM,OTH,72183.21731250001
SSP2_500C_CACN_NoCC,2055,XLM,CROP,86054.48308349792
SSP2_500C_CACN_NoCC,2055,XLM,CROP_FLW,8970.914585974791
SSP2_500C_CACN_NoCC,2055,XLM,PRM_FRS,536924.838300094
SSP2_500C_CACN_NoCC,2055,XLM,MNG_FRS,12710.529120378356
SSP2_500C_CACN_NoCC,2055,XLM,BIOCROP,15632.90141567288
SSP2_500C_CACN_NoCC,2055,XLM,GRAZING,339144.67714112427
SSP2_500C_CACN_NoCC,2055,XLM,GRASS,154343.4010724165
SSP2_500C_CACN_NoCC,2055,XLM,URB,4894.335314867021
SSP2_500C_CACN_NoCC,2055,CIS,OTH,253974.9918984375
SSP2_500C_CACN_NoCC,2055,CIS,CROP,81843.76273913942
SSP2_500C_CACN_NoCC,2055,CIS,CROP_FLW,46555.221519969826
SSP2_500C_CACN_NoCC,2055,CIS,PRM_FRS,1006781.341610196
SSP2_500C_CACN_NoCC,2055,CIS,MNG_FRS,27793.91166973756
SSP2_500C_CACN_NoCC,2055,CIS,BIOCROP,37845.28355293814
SSP2_500C_CACN_NoCC,2055,CIS,GRAZING,324501.7963173345
SSP2_500C_CACN_NoCC,2055,CIS,GRASS,79976.56482444756
SSP2_500C_CACN_NoCC,2055,CIS,URB,5880.5270887603765
SSP2_500C_CACN_NoCC,2055,XME,OTH,281021.7655625
SSP2_500C_CACN_NoCC,2055,XME,CROP,32981.159904247696
SSP2_500C_CACN_NoCC,2055,XME,CROP_FLW,1482.4273520723189
SSP2_500C_CACN_NoCC,2055,XME,PRM_FRS,9102.026621016996
SSP2_500C_CACN_NoCC,2055,XME,MNG_FRS,587.2602599715916
SSP2_500C_CACN_NoCC,2055,XME,BIOCROP,24261.23790124035
SSP2_500C_CACN_NoCC,2055,XME,GRAZING,254823.04243572615
SSP2_500C_CACN_NoCC,2055,XME,GRASS,73757.11688180736
SSP2_500C_CACN_NoCC,2055,XME,URB,2128.071955810547
SSP2_500C_CACN_NoCC,2055,XNF,OTH,456890.6350624999
SSP2_500C_CACN_NoCC,2055,XNF,CROP,29582.80685209214
SSP2_500C_CACN_NoCC,2055,XNF,CROP_FLW,1463.1144152101517
SSP2_500C_CACN_NoCC,2055,XNF,PRM_FRS,2996.6098208652284
SSP2_500C_CACN_NoCC,2055,XNF,MNG_FRS,64.25176712213666
SSP2_500C_CACN_NoCC,2055,XNF,BIOCROP,6249.275610608323
SSP2_500C_CACN_NoCC,2055,XNF,GRAZING,71742.93431250135
SSP2_500C_CACN_NoCC,2055,XNF,GRASS,3148.974662667337
SSP2_500C_CACN_NoCC,2055,XNF,URB,927.4797019042969
SSP2_500C_CACN_NoCC,2055,XAF,OTH,399410.63371875
SSP2_500C_CACN_NoCC,2055,XAF,CROP,415095.69354752376
SSP2_500C_CACN_NoCC,2055,XAF,CROP_FLW,8199.306530813428
SSP2_500C_CACN_NoCC,2055,XAF,PRM_FRS,676293.3928899431
SSP2_500C_CACN_NoCC,2055,XAF,MNG_FRS,19922.06411098452
SSP2_500C_CACN_NoCC,2055,XAF,BIOCROP,18478.32660827986
SSP2_500C_CACN_NoCC,2055,XAF,GRAZING,826239.8697528953
SSP2_500C_CACN_NoCC,2055,XAF,GRASS,373044.1447268374
SSP2_500C_CACN_NoCC,2055,XAF,URB,2896.931178625107
SSP2_500C_CACN_NoCC,2055,ASIA2,OTH,312611.42105468747
SSP2_500C_CACN_NoCC,2055,ASIA2,CROP,372369.6408735607
SSP2_500C_CACN_NoCC,2055,ASIA2,CROP_FLW,4349.998959577097
SSP2_500C_CACN_NoCC,2055,ASIA2,PRM_FRS,593189.3070643112
SSP2_500C_CACN_NoCC,2055,ASIA2,MNG_FRS,37289.12661185161
SSP2_500C_CACN_NoCC,2055,ASIA2,BIOCROP,92052.41606270497
SSP2_500C_CACN_NoCC,2055,ASIA2,GRAZING,527625.514221517
SSP2_500C_CACN_NoCC,2055,ASIA2,GRASS,158443.41756192446
SSP2_500C_CACN_NoCC,2055,ASIA2,URB,16641.596986114502
SSP2_500C_CACN_NoCC,2055,World,OTH,2111196.772609375
SSP2_500C_CACN_NoCC,2055,World,CROP,1383014.9652701938
SSP2_500C_CACN_NoCC,2055,World,CROP_FLW,170799.65133623363
SSP2_500C_CACN_NoCC,2055,World,PRM_FRS,4337321.9328259295
SSP2_500C_CACN_NoCC,2055,World,MNG_FRS,242650.90754586633
SSP2_500C_CACN_NoCC,2055,World,BIOCROP,353161.1513755617
SSP2_500C_CACN_NoCC,2055,World,GRAZING,3206745.151855888
SSP2_500C_CACN_NoCC,2055,World,GRASS,1436891.9156534388
SSP2_500C_CACN_NoCC,2055,World,URB,61494.25336591386
SSP2_500C_CACN_NoCC,2055,Non-OECD,OTH,1776092.664609375
SSP2_500C_CACN_NoCC,2055,Non-OECD,CROP,1078045.6131833843
SSP2_500C_CACN_NoCC,2055,Non-OECD,CROP_FLW,70658.97887406213
SSP2_500C_CACN_NoCC,2055,Non-OECD,PRM_FRS,3406553.7225855268
SSP2_500C_CACN_NoCC,2055,Non-OECD,MNG_FRS,100335.62501801562
SSP2_500C_CACN_NoCC,2055,Non-OECD,BIOCROP,210911.58920474828
SSP2_500C_CACN_NoCC,2055,Non-OECD,GRAZING,2511600.4529521205
SSP2_500C_CACN_NoCC,2055,Non-OECD,GRASS,886961.3461590263
SSP2_500C_CACN_NoCC,2055,Non-OECD,URB,35401.19061899567
SSP2_500C_CACN_NoCC,2055,Industrial,OTH,321872.108
SSP2_500C_CACN_NoCC,2055,Industrial,CROP,246323.90110340167
SSP2_500C_CACN_NoCC,2055,Industrial,CROP_FLW,95779.28684690046
SSP2_500C_CACN_NoCC,2055,Industrial,PRM_FRS,883659.1238977704
SSP2_500C_CACN_NoCC,2055,Industrial,MNG_FRS,137112.31661628722
SSP2_500C_CACN_NoCC,2055,Industrial,BIOCROP,130655.58920420182
SSP2_500C_CACN_NoCC,2055,Industrial,GRAZING,666959.7385879728
SSP2_500C_CACN_NoCC,2055,Industrial,GRASS,530571.4884597206
SSP2_500C_CACN_NoCC,2055,Industrial,URB,24181.440413742544
SSP2_500C_CACN_NoCC,2055,Transition,OTH,520635.75745312497
SSP2_500C_CACN_NoCC,2055,Transition,CROP,456601.3213300006
SSP2_500C_CACN_NoCC,2055,Transition,CROP_FLW,51076.43260259395
SSP2_500C_CACN_NoCC,2055,Transition,PRM_FRS,1973585.052353808
SSP2_500C_CACN_NoCC,2055,Transition,MNG_FRS,61821.948001010984
SSP2_500C_CACN_NoCC,2055,Transition,BIOCROP,120143.78934002595
SSP2_500C_CACN_NoCC,2055,Transition,GRAZING,884956.1493584062
SSP2_500C_CACN_NoCC,2055,Transition,GRASS,214714.54904179886
SSP2_500C_CACN_NoCC,2055,Transition,URB,22567.039569885255
SSP2_500C_CACN_NoCC,2055,Developing,OTH,1268688.90715625
SSP2_500C_CACN_NoCC,2055,Developing,CROP,680089.7428367914
SSP2_500C_CACN_NoCC,2055,Developing,CROP_FLW,23943.931886739203
SSP2_500C_CACN_NoCC,2055,Developing,PRM_FRS,1480077.7565743504
SSP2_500C_CACN_NoCC,2055,Developing,MNG_FRS,43716.64292856811
SSP2_500C_CACN_NoCC,2055,Developing,BIOCROP,102361.77283133398
SSP2_500C_CACN_NoCC,2055,Developing,GRAZING,1654829.263909508
SSP2_500C_CACN_NoCC,2055,Developing,GRASS,691605.8781519195
SSP2_500C_CACN_NoCC,2055,Developing,URB,14745.773382286072
SSP2_500C_CACN_NoCC,2055,R5ASIA,OTH,312611.42105468747
SSP2_500C_CACN_NoCC,2055,R5ASIA,CROP,370537.9156320748
SSP2_500C_CACN_NoCC,2055,R5ASIA,CROP_FLW,3828.169002668513
SSP2_500C_CACN_NoCC,2055,R5ASIA,PRM_FRS,568698.3955974611
SSP2_500C_CACN_NoCC,2055,R5ASIA,MNG_FRS,35760.066908266104
SSP2_500C_CACN_NoCC,2055,R5ASIA,BIOCROP,91604.87420934431
SSP2_500C_CACN_NoCC,2055,R5ASIA,GRAZING,527577.0646277512
SSP2_500C_CACN_NoCC,2055,R5ASIA,GRASS,157951.60962825548
SSP2_500C_CACN_NoCC,2055,R5ASIA,URB,14931.307018096923
SSP2_500C_CACN_NoCC,2055,R5OECD90+EU,OTH,335104.108
SSP2_500C_CACN_NoCC,2055,R5OECD90+EU,CROP,304969.35208680946
SSP2_500C_CACN_NoCC,2055,R5OECD90+EU,CROP_FLW,100140.67246217148
SSP2_500C_CACN_NoCC,2055,R5OECD90+EU,PRM_FRS,930768.2102404016
SSP2_500C_CACN_NoCC,2055,R5OECD90+EU,MNG_FRS,142315.28252785068
SSP2_500C_CACN_NoCC,2055,R5OECD90+EU,BIOCROP,142249.56217081347
SSP2_500C_CACN_NoCC,2055,R5OECD90+EU,GRAZING,695144.6989037666
SSP2_500C_CACN_NoCC,2055,R5OECD90+EU,GRASS,549930.5694944126
SSP2_500C_CACN_NoCC,2055,R5OECD90+EU,URB,26093.062746918204
SSP2_500C_CACN_NoCC,2055,R5REF,OTH,253974.9918984375
SSP2_500C_CACN_NoCC,2055,R5REF,CROP,81843.76273913942
SSP2_500C_CACN_NoCC,2055,R5REF,CROP_FLW,46555.221519969826
SSP2_500C_CACN_NoCC,2055,R5REF,PRM_FRS,1006781.341610196
SSP2_500C_CACN_NoCC,2055,R5REF,MNG_FRS,27793.91166973756
SSP2_500C_CACN_NoCC,2055,R5REF,BIOCROP,37845.28355293814
SSP2_500C_CACN_NoCC,2055,R5REF,GRAZING,324501.7963173345
SSP2_500C_CACN_NoCC,2055,R5REF,GRASS,79976.56482444756
SSP2_500C_CACN_NoCC,2055,R5REF,URB,5880.5270887603765
SSP2_500C_CACN_NoCC,2055,R5MAF,OTH,1137323.0343437498
SSP2_500C_CACN_NoCC,2055,R5MAF,CROP,477659.6603038636
SSP2_500C_CACN_NoCC,2055,R5MAF,CROP_FLW,11144.848298095898
SSP2_500C_CACN_NoCC,2055,R5MAF,PRM_FRS,688392.0293318253
SSP2_500C_CACN_NoCC,2055,R5MAF,MNG_FRS,20573.57613807825
SSP2_500C_CACN_NoCC,2055,R5MAF,BIOCROP,48988.84012012853
SSP2_500C_CACN_NoCC,2055,R5MAF,GRAZING,1152805.8465011227
SSP2_500C_CACN_NoCC,2055,R5MAF,GRASS,449950.2362713121
SSP2_500C_CACN_NoCC,2055,R5MAF,URB,5952.48283633995
SSP2_500C_CACN_NoCC,2055,R5LAM,OTH,72183.21731250001
SSP2_500C_CACN_NoCC,2055,R5LAM,CROP,148004.27450830638
SSP2_500C_CACN_NoCC,2055,R5LAM,CROP_FLW,9130.740053327892
SSP2_500C_CACN_NoCC,2055,R5LAM,PRM_FRS,1142681.9560460446
SSP2_500C_CACN_NoCC,2055,R5LAM,MNG_FRS,16208.070301933712
SSP2_500C_CACN_NoCC,2055,R5LAM,BIOCROP,32472.591322337285
SSP2_500C_CACN_NoCC,2055,R5LAM,GRAZING,506715.74550591205
SSP2_500C_CACN_NoCC,2055,R5LAM,GRASS,199082.93543501123
SSP2_500C_CACN_NoCC,2055,R5LAM,URB,8636.873675798419
SSP2_500C_CACN_NoCC,2060,USA,OTH,33613.452
SSP2_500C_CACN_NoCC,2060,USA,CROP,114165.9776808015
SSP2_500C_CACN_NoCC,2060,USA,CROP_FLW,39941.905617310986
SSP2_500C_CACN_NoCC,2060,USA,PRM_FRS,297992.33584346663
SSP2_500C_CACN_NoCC,2060,USA,MNG_FRS,43209.71112562182
SSP2_500C_CACN_NoCC,2060,USA,BIOCROP,54087.377252954175
SSP2_500C_CACN_NoCC,2060,USA,GRAZING,222264.8621344558
SSP2_500C_CACN_NoCC,2060,USA,GRASS,62489.739229205086
SSP2_500C_CACN_NoCC,2060,USA,URB,11695.345311309815
SSP2_500C_CACN_NoCC,2060,XE25,OTH,3206.0
SSP2_500C_CACN_NoCC,2060,XE25,CROP,63307.113485554386
SSP2_500C_CACN_NoCC,2060,XE25,CROP_FLW,10082.119844829223
SSP2_500C_CACN_NoCC,2060,XE25,PRM_FRS,104130.93779043661
SSP2_500C_CACN_NoCC,2060,XE25,MNG_FRS,46445.13983580623
SSP2_500C_CACN_NoCC,2060,XE25,BIOCROP,46306.29311761109
SSP2_500C_CACN_NoCC,2060,XE25,GRAZING,56060.80608666074
SSP2_500C_CACN_NoCC,2060,XE25,GRASS,17371.857894847737
SSP2_500C_CACN_NoCC,2060,XE25,URB,9106.496241195679
SSP2_500C_CACN_NoCC,2060,XER,OTH,13232.0
SSP2_500C_CACN_NoCC,2060,XER,CROP,34002.7166595006
SSP2_500C_CACN_NoCC,2060,XER,CROP_FLW,1159.6552522564991
SSP2_500C_CACN_NoCC,2060,XER,PRM_FRS,38737.61349640622
SSP2_500C_CACN_NoCC,2060,XER,MNG_FRS,3894.4711142041356
SSP2_500C_CACN_NoCC,2060,XER,BIOCROP,5082.091230256522
SSP2_500C_CACN_NoCC,2060,XER,GRAZING,14231.528884493775
SSP2_500C_CACN_NoCC,2060,XER,GRASS,2010.0351242717459
SSP2_500C_CACN_NoCC,2060,XER,URB,1090.242361709595
SSP2_500C_CACN_NoCC,2060,TUR,CROP,23126.193849978943
SSP2_500C_CACN_NoCC,2060,TUR,CROP_FLW,2613.7006344426904
SSP2_500C_CACN_NoCC,2060,TUR,PRM_FRS,12465.32390590533
SSP2_500C_CACN_NoCC,2060,TUR,MNG_FRS,936.4190867330447
SSP2_500C_CACN_NoCC,2060,TUR,BIOCROP,6403.827562651641
SSP2_500C_CACN_NoCC,2060,TUR,GRAZING,13740.698950485963
SSP2_500C_CACN_NoCC,2060,TUR,GRASS,16052.6274183836
SSP2_500C_CACN_NoCC,2060,TUR,URB,821.3799714660644
SSP2_500C_CACN_NoCC,2060,XOC,OTH,1467.0
SSP2_500C_CACN_NoCC,2060,XOC,CROP,34790.95691072085
SSP2_500C_CACN_NoCC,2060,XOC,CROP_FLW,30451.274280810452
SSP2_500C_CACN_NoCC,2060,XOC,PRM_FRS,212911.7437958685
SSP2_500C_CACN_NoCC,2060,XOC,MNG_FRS,3450.8593148048144
SSP2_500C_CACN_NoCC,2060,XOC,BIOCROP,15779.396059001318
SSP2_500C_CACN_NoCC,2060,XOC,GRAZING,371623.9164778397
SSP2_500C_CACN_NoCC,2060,XOC,GRASS,429486.0386448895
SSP2_500C_CACN_NoCC,2060,XOC,URB,883.3264156804086
SSP2_500C_CACN_NoCC,2060,CHN,OTH,239998.39534375
SSP2_500C_CACN_NoCC,2060,CHN,CROP,75808.2508958046
SSP2_500C_CACN_NoCC,2060,CHN,PRM_FRS,292238.8274830106
SSP2_500C_CACN_NoCC,2060,CHN,MNG_FRS,11481.22327040994
SSP2_500C_CACN_NoCC,2060,CHN,BIOCROP,37115.519241103786
SSP2_500C_CACN_NoCC,2060,CHN,GRAZING,353510.1789851628
SSP2_500C_CACN_NoCC,2060,CHN,GRASS,52457.77966275558
SSP2_500C_CACN_NoCC,2060,CHN,URB,8006.078889526368
SSP2_500C_CACN_NoCC,2060,IND,OTH,13430.3702109375
SSP2_500C_CACN_NoCC,2060,IND,CROP,172703.4022117315
SSP2_500C_CACN_NoCC,2060,IND,PRM_FRS,38837.80980530135
SSP2_500C_CACN_NoCC,2060,IND,MNG_FRS,12069.491327868072
SSP2_500C_CACN_NoCC,2060,IND,BIOCROP,15738.61965696155
SSP2_500C_CACN_NoCC,2060,IND,GRAZING,7204.575651014231
SSP2_500C_CACN_NoCC,2060,IND,GRASS,13464.209979071824
SSP2_500C_CACN_NoCC,2060,IND,URB,3026.2728974914553
SSP2_500C_CACN_NoCC,2060,JPN,CROP,1747.5717500335638
SSP2_500C_CACN_NoCC,2060,JPN,CROP_FLW,439.8580961730979
SSP2_500C_CACN_NoCC,2060,JPN,PRM_FRS,24860.721171105124
SSP2_500C_CACN_NoCC,2060,JPN,MNG_FRS,1406.075821938883
SSP2_500C_CACN_NoCC,2060,JPN,BIOCROP,413.14589954015906
SSP2_500C_CACN_NoCC,2060,JPN,GRAZING,48.11212381874385
SSP2_500C_CACN_NoCC,2060,JPN,GRASS,445.8408870158995
SSP2_500C_CACN_NoCC,2060,JPN,URB,1710.2899680175783
SSP2_500C_CACN_NoCC,2060,XSE,OTH,14506.901
SSP2_500C_CACN_NoCC,2060,XSE,CROP,65325.425841106255
SSP2_500C_CACN_NoCC,2060,XSE,CROP_FLW,1252.2680863125506
SSP2_500C_CACN_NoCC,2060,XSE,PRM_FRS,252546.8435440821
SSP2_500C_CACN_NoCC,2060,XSE,MNG_FRS,6188.425038546161
SSP2_500C_CACN_NoCC,2060,XSE,BIOCROP,31526.308657372363
SSP2_500C_CACN_NoCC,2060,XSE,GRAZING,123622.57844268676
SSP2_500C_CACN_NoCC,2060,XSE,GRASS,53803.43639774545
SSP2_500C_CACN_NoCC,2060,XSE,URB,3032.1656320037837
SSP2_500C_CACN_NoCC,2060,XSA,OTH,44675.7545
SSP2_500C_CACN_NoCC,2060,XSA,CROP,47369.39905225999
SSP2_500C_CACN_NoCC,2060,XSA,CROP_FLW,1807.0146547457866
SSP2_500C_CACN_NoCC,2060,XSA,PRM_FRS,13039.787817805625
SSP2_500C_CACN_NoCC,2060,XSA,MNG_FRS,3516.3049130928543
SSP2_500C_CACN_NoCC,2060,XSA,BIOCROP,6038.935736768983
SSP2_500C_CACN_NoCC,2060,XSA,GRAZING,38917.580590067366
SSP2_500C_CACN_NoCC,2060,XSA,GRASS,28373.898663035572
SSP2_500C_CACN_NoCC,2060,XSA,URB,866.7895990753174
SSP2_500C_CACN_NoCC,2060,CAN,OTH,283585.656
SSP2_500C_CACN_NoCC,2060,CAN,CROP,29863.13371161662
SSP2_500C_CACN_NoCC,2060,CAN,CROP_FLW,2516.4122127750943
SSP2_500C_CACN_NoCC,2060,CAN,PRM_FRS,297313.4572474475
SSP2_500C_CACN_NoCC,2060,CAN,MNG_FRS,33120.54982569973
SSP2_500C_CACN_NoCC,2060,CAN,BIOCROP,9717.762616547332
SSP2_500C_CACN_NoCC,2060,CAN,GRAZING,12087.597854119942
SSP2_500C_CACN_NoCC,2060,CAN,GRASS,730.8430749266462
SSP2_500C_CACN_NoCC,2060,CAN,URB,785.9824775390625
SSP2_500C_CACN_NoCC,2060,BRA,CROP,59709.56301360867
SSP2_500C_CACN_NoCC,2060,BRA,CROP_FLW,106.76107005874354
SSP2_500C_CACN_NoCC,2060,BRA,PRM_FRS,614489.2844492735
SSP2_500C_CACN_NoCC,2060,BRA,MNG_FRS,3191.8519696792846
SSP2_500C_CACN_NoCC,2060,BRA,BIOCROP,19488.1865403753
SSP2_500C_CACN_NoCC,2060,BRA,GRAZING,165199.83937640302
SSP2_500C_CACN_NoCC,2060,BRA,GRASS,38329.08203431603
SSP2_500C_CACN_NoCC,2060,BRA,URB,3742.538360931397
SSP2_500C_CACN_NoCC,2060,XLM,OTH,72183.21731250001
SSP2_500C_CACN_NoCC,2060,XLM,CROP,84232.95517559418
SSP2_500C_CACN_NoCC,2060,XLM,CROP_FLW,7018.763228259087
SSP2_500C_CACN_NoCC,2060,XLM,PRM_FRS,561587.8173530174
SSP2_500C_CACN_NoCC,2060,XLM,MNG_FRS,11809.630056318016
SSP2_500C_CACN_NoCC,2060,XLM,BIOCROP,17056.066195446165
SSP2_500C_CACN_NoCC,2060,XLM,GRAZING,337249.38018607156
SSP2_500C_CACN_NoCC,2060,XLM,GRASS,134827.13252445095
SSP2_500C_CACN_NoCC,2060,XLM,URB,4894.335314867021
SSP2_500C_CACN_NoCC,2060,CIS,OTH,253974.9918984375
SSP2_500C_CACN_NoCC,2060,CIS,CROP,79227.91264505907
SSP2_500C_CACN_NoCC,2060,CIS,CROP_FLW,37379.30822429887
SSP2_500C_CACN_NoCC,2060,CIS,PRM_FRS,1056919.7557844445
SSP2_500C_CACN_NoCC,2060,CIS,MNG_FRS,24241.757228568422
SSP2_500C_CACN_NoCC,2060,CIS,BIOCROP,35112.40391726421
SSP2_500C_CACN_NoCC,2060,CIS,GRAZING,313547.325135431
SSP2_500C_CACN_NoCC,2060,CIS,GRASS,58869.4192986959
SSP2_500C_CACN_NoCC,2060,CIS,URB,5880.5270887603765
SSP2_500C_CACN_NoCC,2060,XME,OTH,281021.7655625
SSP2_500C_CACN_NoCC,2060,XME,CROP,33464.142214475454
SSP2_500C_CACN_NoCC,2060,XME,CROP_FLW,1462.9695895801376
SSP2_500C_CACN_NoCC,2060,XME,PRM_FRS,9102.026621016996
SSP2_500C_CACN_NoCC,2060,XME,MNG_FRS,577.4945422748496
SSP2_500C_CACN_NoCC,2060,XME,BIOCROP,22812.130423780553
SSP2_500C_CACN_NoCC,2060,XME,GRAZING,257059.5386185368
SSP2_500C_CACN_NoCC,2060,XME,GRASS,72515.96934641773
SSP2_500C_CACN_NoCC,2060,XME,URB,2128.071955810547
SSP2_500C_CACN_NoCC,2060,XNF,OTH,456890.6350624999
SSP2_500C_CACN_NoCC,2060,XNF,CROP,30464.612024402406
SSP2_500C_CACN_NoCC,2060,XNF,CROP_FLW,1256.8929580412644
SSP2_500C_CACN_NoCC,2060,XNF,PRM_FRS,3037.3592528726554
SSP2_500C_CACN_NoCC,2060,XNF,MNG_FRS,61.905321763721
SSP2_500C_CACN_NoCC,2060,XNF,BIOCROP,5640.98537602576
SSP2_500C_CACN_NoCC,2060,XNF,GRAZING,72075.66367627168
SSP2_500C_CACN_NoCC,2060,XNF,GRASS,2710.5488316890674
SSP2_500C_CACN_NoCC,2060,XNF,URB,927.4797019042969
SSP2_500C_CACN_NoCC,2060,XAF,OTH,399410.63371875
SSP2_500C_CACN_NoCC,2060,XAF,CROP,433337.7593817802
SSP2_500C_CACN_NoCC,2060,XAF,CROP_FLW,6257.670012476198
SSP2_500C_CACN_NoCC,2060,XAF,PRM_FRS,688805.3910408302
SSP2_500C_CACN_NoCC,2060,XAF,MNG_FRS,19230.196813250925
SSP2_500C_CACN_NoCC,2060,XAF,BIOCROP,27077.831268344806
SSP2_500C_CACN_NoCC,2060,XAF,GRAZING,831265.9236418147
SSP2_500C_CACN_NoCC,2060,XAF,GRASS,331298.0260087802
SSP2_500C_CACN_NoCC,2060,XAF,URB,2896.931178625107
SSP2_500C_CACN_NoCC,2060,ASIA2,OTH,312611.42105468747
SSP2_500C_CACN_NoCC,2060,ASIA2,CROP,362954.04975093587
SSP2_500C_CACN_NoCC,2060,ASIA2,CROP_FLW,3499.1408372314354
SSP2_500C_CACN_NoCC,2060,ASIA2,PRM_FRS,621523.9898213048
SSP2_500C_CACN_NoCC,2060,ASIA2,MNG_FRS,34661.52037185591
SSP2_500C_CACN_NoCC,2060,ASIA2,BIOCROP,90832.52919174684
SSP2_500C_CACN_NoCC,2060,ASIA2,GRAZING,523303.0257927499
SSP2_500C_CACN_NoCC,2060,ASIA2,GRASS,148545.16558962432
SSP2_500C_CACN_NoCC,2060,ASIA2,URB,16641.596986114502
SSP2_500C_CACN_NoCC,2060,World,OTH,2111196.772609375
SSP2_500C_CACN_NoCC,2060,World,CROP,1382647.0865040289
SSP2_500C_CACN_NoCC,2060,World,CROP_FLW,143746.57376237065
SSP2_500C_CACN_NoCC,2060,World,PRM_FRS,4519017.036402292
SSP2_500C_CACN_NoCC,2060,World,MNG_FRS,224831.50660658092
SSP2_500C_CACN_NoCC,2060,World,BIOCROP,355396.88075200573
SSP2_500C_CACN_NoCC,2060,World,GRAZING,3189710.106815335
SSP2_500C_CACN_NoCC,2060,World,GRASS,1315236.4850204983
SSP2_500C_CACN_NoCC,2060,World,URB,61494.25336591386
SSP2_500C_CACN_NoCC,2060,Non-OECD,OTH,1776092.664609375
SSP2_500C_CACN_NoCC,2060,Non-OECD,CROP,1081643.4224558224
SSP2_500C_CACN_NoCC,2060,Non-OECD,CROP_FLW,56541.64782377263
SSP2_500C_CACN_NoCC,2060,Non-OECD,PRM_FRS,3530604.9031516556
SSP2_500C_CACN_NoCC,2060,Non-OECD,MNG_FRS,92368.28048177224
SSP2_500C_CACN_NoCC,2060,Non-OECD,BIOCROP,217606.98701344346
SSP2_500C_CACN_NoCC,2060,Non-OECD,GRAZING,2499652.58430346
SSP2_500C_CACN_NoCC,2060,Non-OECD,GRASS,786649.5027469583
SSP2_500C_CACN_NoCC,2060,Non-OECD,URB,35401.19061899567
SSP2_500C_CACN_NoCC,2060,Industrial,OTH,321872.108
SSP2_500C_CACN_NoCC,2060,Industrial,CROP,243874.75353872692
SSP2_500C_CACN_NoCC,2060,Industrial,CROP_FLW,83431.57005189885
SSP2_500C_CACN_NoCC,2060,Industrial,PRM_FRS,937209.1958483243
SSP2_500C_CACN_NoCC,2060,Industrial,MNG_FRS,127632.33592387146
SSP2_500C_CACN_NoCC,2060,Industrial,BIOCROP,126303.97494565407
SSP2_500C_CACN_NoCC,2060,Industrial,GRAZING,662085.2946768949
SSP2_500C_CACN_NoCC,2060,Industrial,GRASS,510524.31973088486
SSP2_500C_CACN_NoCC,2060,Industrial,URB,24181.440413742544
SSP2_500C_CACN_NoCC,2060,Transition,OTH,520635.75745312497
SSP2_500C_CACN_NoCC,2060,Transition,CROP,444578.03927568335
SSP2_500C_CACN_NoCC,2060,Transition,CROP_FLW,41259.4251810568
SSP2_500C_CACN_NoCC,2060,Transition,PRM_FRS,2053688.6149243414
SSP2_500C_CACN_NoCC,2060,Transition,MNG_FRS,55815.2139974629
SSP2_500C_CACN_NoCC,2060,Transition,BIOCROP,118940.648148613
SSP2_500C_CACN_NoCC,2060,Transition,GRAZING,867434.1469829908
SSP2_500C_CACN_NoCC,2060,Transition,GRASS,181183.15351749468
SSP2_500C_CACN_NoCC,2060,Transition,URB,22567.039569885255
SSP2_500C_CACN_NoCC,2060,Developing,OTH,1268688.90715625
SSP2_500C_CACN_NoCC,2060,Developing,CROP,694194.2936896186
SSP2_500C_CACN_NoCC,2060,Developing,CROP_FLW,19055.578529415023
SSP2_500C_CACN_NoCC,2060,Developing,PRM_FRS,1528119.225629625
SSP2_500C_CACN_NoCC,2060,Developing,MNG_FRS,41383.95668524652
SSP2_500C_CACN_NoCC,2060,Developing,BIOCROP,110152.2576577386
SSP2_500C_CACN_NoCC,2060,Developing,GRAZING,1660190.665155449
SSP2_500C_CACN_NoCC,2060,Developing,GRASS,623529.011772119
SSP2_500C_CACN_NoCC,2060,Developing,URB,14745.773382286072
SSP2_500C_CACN_NoCC,2060,R5ASIA,OTH,312611.42105468747
SSP2_500C_CACN_NoCC,2060,R5ASIA,CROP,361206.47800090234
SSP2_500C_CACN_NoCC,2060,R5ASIA,CROP_FLW,3059.2827410583373
SSP2_500C_CACN_NoCC,2060,R5ASIA,PRM_FRS,596663.2686501998
SSP2_500C_CACN_NoCC,2060,R5ASIA,MNG_FRS,33255.444549917025
SSP2_500C_CACN_NoCC,2060,R5ASIA,BIOCROP,90419.38329220668
SSP2_500C_CACN_NoCC,2060,R5ASIA,GRAZING,523254.91366893117
SSP2_500C_CACN_NoCC,2060,R5ASIA,GRASS,148099.32470260843
SSP2_500C_CACN_NoCC,2060,R5ASIA,URB,14931.307018096923
SSP2_500C_CACN_NoCC,2060,R5OECD90+EU,OTH,335104.108
SSP2_500C_CACN_NoCC,2060,R5OECD90+EU,CROP,301003.66404820647
SSP2_500C_CACN_NoCC,2060,R5OECD90+EU,CROP_FLW,87204.92593859803
SSP2_500C_CACN_NoCC,2060,R5OECD90+EU,PRM_FRS,988412.133250636
SSP2_500C_CACN_NoCC,2060,R5OECD90+EU,MNG_FRS,132463.22612480866
SSP2_500C_CACN_NoCC,2060,R5OECD90+EU,BIOCROP,137789.89373856224
SSP2_500C_CACN_NoCC,2060,R5OECD90+EU,GRAZING,690057.5225118747
SSP2_500C_CACN_NoCC,2060,R5OECD90+EU,GRASS,528586.9822735402
SSP2_500C_CACN_NoCC,2060,R5OECD90+EU,URB,26093.062746918204
SSP2_500C_CACN_NoCC,2060,R5REF,OTH,253974.9918984375
SSP2_500C_CACN_NoCC,2060,R5REF,CROP,79227.91264505907
SSP2_500C_CACN_NoCC,2060,R5REF,CROP_FLW,37379.30822429887
SSP2_500C_CACN_NoCC,2060,R5REF,PRM_FRS,1056919.7557844445
SSP2_500C_CACN_NoCC,2060,R5REF,MNG_FRS,24241.757228568422
SSP2_500C_CACN_NoCC,2060,R5REF,BIOCROP,35112.40391726421
SSP2_500C_CACN_NoCC,2060,R5REF,GRAZING,313547.325135431
SSP2_500C_CACN_NoCC,2060,R5REF,GRASS,58869.4192986959
SSP2_500C_CACN_NoCC,2060,R5REF,URB,5880.5270887603765
SSP2_500C_CACN_NoCC,2060,R5MAF,OTH,1137323.0343437498
SSP2_500C_CACN_NoCC,2060,R5MAF,CROP,497266.5136206581
SSP2_500C_CACN_NoCC,2060,R5MAF,CROP_FLW,8977.5325600976
SSP2_500C_CACN_NoCC,2060,R5MAF,PRM_FRS,700944.7769147198
SSP2_500C_CACN_NoCC,2060,R5MAF,MNG_FRS,19869.596677289494
SSP2_500C_CACN_NoCC,2060,R5MAF,BIOCROP,55530.947068151116
SSP2_500C_CACN_NoCC,2060,R5MAF,GRAZING,1160401.1259366232
SSP2_500C_CACN_NoCC,2060,R5MAF,GRASS,406524.544186887
SSP2_500C_CACN_NoCC,2060,R5MAF,URB,5952.48283633995
SSP2_500C_CACN_NoCC,2060,R5LAM,OTH,72183.21731250001
SSP2_500C_CACN_NoCC,2060,R5LAM,CROP,143942.51818920285
SSP2_500C_CACN_NoCC,2060,R5LAM,CROP_FLW,7125.5242983178305
SSP2_500C_CACN_NoCC,2060,R5LAM,PRM_FRS,1176077.1018022909
SSP2_500C_CACN_NoCC,2060,R5LAM,MNG_FRS,15001.4820259973
SSP2_500C_CACN_NoCC,2060,R5LAM,BIOCROP,36544.252735821465
SSP2_500C_CACN_NoCC,2060,R5LAM,GRAZING,502449.2195624746
SSP2_500C_CACN_NoCC,2060,R5LAM,GRASS,173156.21455876698
SSP2_500C_CACN_NoCC,2060,R5LAM,URB,8636.873675798419
SSP2_500C_CACN_NoCC,2065,USA,OTH,33613.452
SSP2_500C_CACN_NoCC,2065,USA,CROP,113116.62021734647
SSP2_500C_CACN_NoCC,2065,USA,CROP_FLW,32769.87082803533
SSP2_500C_CACN_NoCC,2065,USA,PRM_FRS,323179.6920077498
SSP2_500C_CACN_NoCC,2065,USA,MNG_FRS,40009.85160390772
SSP2_500C_CACN_NoCC,2065,USA,BIOCROP,50545.56265069194
SSP2_500C_CACN_NoCC,2065,USA,GRAZING,219537.57133905933
SSP2_500C_CACN_NoCC,2065,USA,GRASS,54992.74023702528
SSP2_500C_CACN_NoCC,2065,USA,URB,11695.345311309815
SSP2_500C_CACN_NoCC,2065,XE25,OTH,3206.0
SSP2_500C_CACN_NoCC,2065,XE25,CROP,62704.73372875018
SSP2_500C_CACN_NoCC,2065,XE25,CROP_FLW,8267.630669576152
SSP2_500C_CACN_NoCC,2065,XE25,PRM_FRS,114968.9694336345
SSP2_500C_CACN_NoCC,2065,XE25,MNG_FRS,43897.02309797034
SSP2_500C_CACN_NoCC,2065,XE25,BIOCROP,43265.13770985557
SSP2_500C_CACN_NoCC,2065,XE25,GRAZING,55474.25717972494
SSP2_500C_CACN_NoCC,2065,XE25,GRASS,15126.516236234409
SSP2_500C_CACN_NoCC,2065,XE25,URB,9106.496241195679
SSP2_500C_CACN_NoCC,2065,XER,OTH,13232.0
SSP2_500C_CACN_NoCC,2065,XER,CROP,32558.049649258315
SSP2_500C_CACN_NoCC,2065,XER,CROP_FLW,939.476044234732
SSP2_500C_CACN_NoCC,2065,XER,PRM_FRS,41841.46316322432
SSP2_500C_CACN_NoCC,2065,XER,MNG_FRS,3585.0035775331535
SSP2_500C_CACN_NoCC,2065,XER,BIOCROP,4444.458260064161
SSP2_500C_CACN_NoCC,2065,XER,GRAZING,14035.329642629944
SSP2_500C_CACN_NoCC,2065,XER,GRASS,1714.331424444898
SSP2_500C_CACN_NoCC,2065,XER,URB,1090.242361709595
SSP2_500C_CACN_NoCC,2065,TUR,CROP,22854.077129480207
SSP2_500C_CACN_NoCC,2065,TUR,CROP_FLW,2339.773741215026
SSP2_500C_CACN_NoCC,2065,TUR,PRM_FRS,13734.68518282906
SSP2_500C_CACN_NoCC,2065,TUR,MNG_FRS,879.2592205919931
SSP2_500C_CACN_NoCC,2065,TUR,BIOCROP,6600.729490248243
SSP2_500C_CACN_NoCC,2065,TUR,GRAZING,13684.351768455068
SSP2_500C_CACN_NoCC,2065,TUR,GRASS,15245.914875761639
SSP2_500C_CACN_NoCC,2065,TUR,URB,821.3799714660644
SSP2_500C_CACN_NoCC,2065,XOC,OTH,1467.0
SSP2_500C_CACN_NoCC,2065,XOC,CROP,35761.82245218945
SSP2_500C_CACN_NoCC,2065,XOC,CROP_FLW,29776.81549055166
SSP2_500C_CACN_NoCC,2065,XOC,PRM_FRS,217237.71787717278
SSP2_500C_CACN_NoCC,2065,XOC,MNG_FRS,3246.6016056556628
SSP2_500C_CACN_NoCC,2065,XOC,BIOCROP,20921.610563388567
SSP2_500C_CACN_NoCC,2065,XOC,GRAZING,370605.80439010984
SSP2_500C_CACN_NoCC,2065,XOC,GRASS,420943.8131048674
SSP2_500C_CACN_NoCC,2065,XOC,URB,883.3264156804086
SSP2_500C_CACN_NoCC,2065,CHN,OTH,239998.39534375
SSP2_500C_CACN_NoCC,2065,CHN,CROP,70316.48406274851
SSP2_500C_CACN_NoCC,2065,CHN,PRM_FRS,307420.9908680527
SSP2_500C_CACN_NoCC,2065,CHN,MNG_FRS,10352.265843850913
SSP2_500C_CACN_NoCC,2065,CHN,BIOCROP,36596.98932921054
SSP2_500C_CACN_NoCC,2065,CHN,GRAZING,349446.46363773063
SSP2_500C_CACN_NoCC,2065,CHN,GRASS,48478.58579665394
SSP2_500C_CACN_NoCC,2065,CHN,URB,8006.078889526368
SSP2_500C_CACN_NoCC,2065,IND,OTH,13430.3702109375
SSP2_500C_CACN_NoCC,2065,IND,CROP,171392.5060913527
SSP2_500C_CACN_NoCC,2065,IND,PRM_FRS,41141.61360933297
SSP2_500C_CACN_NoCC,2065,IND,MNG_FRS,11477.525272040355
SSP2_500C_CACN_NoCC,2065,IND,BIOCROP,15842.362051313426
SSP2_500C_CACN_NoCC,2065,IND,GRAZING,7171.755941537094
SSP2_500C_CACN_NoCC,2065,IND,GRASS,12992.345666372208
SSP2_500C_CACN_NoCC,2065,IND,URB,3026.2728974914553
SSP2_500C_CACN_NoCC,2065,JPN,CROP,1661.46696467692
SSP2_500C_CACN_NoCC,2065,JPN,CROP_FLW,367.4442582662419
SSP2_500C_CACN_NoCC,2065,JPN,PRM_FRS,25219.39017768941
SSP2_500C_CACN_NoCC,2065,JPN,MNG_FRS,1285.4583184368335
SSP2_500C_CACN_NoCC,2065,JPN,BIOCROP,375.5309239812142
SSP2_500C_CACN_NoCC,2065,JPN,GRAZING,47.80019054833953
SSP2_500C_CACN_NoCC,2065,JPN,GRASS,404.23491602650864
SSP2_500C_CACN_NoCC,2065,JPN,URB,1710.2899680175783
SSP2_500C_CACN_NoCC,2065,XSE,OTH,14506.901
SSP2_500C_CACN_NoCC,2065,XSE,CROP,61683.257822468826
SSP2_500C_CACN_NoCC,2065,XSE,CROP_FLW,958.2973452647051
SSP2_500C_CACN_NoCC,2065,XSE,PRM_FRS,262103.6737852021
SSP2_500C_CACN_NoCC,2065,XSE,MNG_FRS,5682.160647736577
SSP2_500C_CACN_NoCC,2065,XSE,BIOCROP,30193.203995217904
SSP2_500C_CACN_NoCC,2065,XSE,GRAZING,123018.84239636853
SSP2_500C_CACN_NoCC,2065,XSE,GRASS,50625.85001559098
SSP2_500C_CACN_NoCC,2065,XSE,URB,3032.1656320037837
SSP2_500C_CACN_NoCC,2065,XSA,OTH,44675.7545
SSP2_500C_CACN_NoCC,2065,XSA,CROP,47208.0601554124
SSP2_500C_CACN_NoCC,2065,XSA,CROP_FLW,1507.6116325974454
SSP2_500C_CACN_NoCC,2065,XSA,PRM_FRS,14170.582777920861
SSP2_500C_CACN_NoCC,2065,XSA,MNG_FRS,3311.686917713154
SSP2_500C_CACN_NoCC,2065,XSA,BIOCROP,7077.406748485315
SSP2_500C_CACN_NoCC,2065,XSA,GRAZING,39043.47110852155
SSP2_500C_CACN_NoCC,2065,XSA,GRASS,26744.102087125266
SSP2_500C_CACN_NoCC,2065,XSA,URB,866.7895990753174
SSP2_500C_CACN_NoCC,2065,CAN,OTH,283585.656
SSP2_500C_CACN_NoCC,2065,CAN,CROP,28466.098018290562
SSP2_500C_CACN_NoCC,2065,CAN,CROP_FLW,1544.6319533127407
SSP2_500C_CACN_NoCC,2065,CAN,PRM_FRS,304760.96728071873
SSP2_500C_CACN_NoCC,2065,CAN,MNG_FRS,30789.674307203506
SSP2_500C_CACN_NoCC,2065,CAN,BIOCROP,7844.981584994743
SSP2_500C_CACN_NoCC,2065,CAN,GRAZING,11510.240250016655
SSP2_500C_CACN_NoCC,2065,CAN,GRASS,433.16314859585924
SSP2_500C_CACN_NoCC,2065,CAN,URB,785.9824775390625
SSP2_500C_CACN_NoCC,2065,BRA,CROP,57283.84451800621
SSP2_500C_CACN_NoCC,2065,BRA,CROP_FLW,72.30722166172443
SSP2_500C_CACN_NoCC,2065,BRA,PRM_FRS,622856.0099866877
SSP2_500C_CACN_NoCC,2065,BRA,MNG_FRS,2909.148507444819
SSP2_500C_CACN_NoCC,2065,BRA,BIOCROP,21741.72802591791
SSP2_500C_CACN_NoCC,2065,BRA,GRAZING,162669.1740800043
SSP2_500C_CACN_NoCC,2065,BRA,GRASS,32982.35611399173
SSP2_500C_CACN_NoCC,2065,BRA,URB,3742.538360931397
SSP2_500C_CACN_NoCC,2065,XLM,OTH,72183.21731250001
SSP2_500C_CACN_NoCC,2065,XLM,CROP,81781.59224544346
SSP2_500C_CACN_NoCC,2065,XLM,CROP_FLW,5384.407013507544
SSP2_500C_CACN_NoCC,2065,XLM,PRM_FRS,586908.7245923453
SSP2_500C_CACN_NoCC,2065,XLM,MNG_FRS,10915.556856867264
SSP2_500C_CACN_NoCC,2065,XLM,BIOCROP,18223.711692965342
SSP2_500C_CACN_NoCC,2065,XLM,GRAZING,334587.24626769824
SSP2_500C_CACN_NoCC,2065,XLM,GRASS,115980.50605033059
SSP2_500C_CACN_NoCC,2065,XLM,URB,4894.335314867021
SSP2_500C_CACN_NoCC,2065,CIS,OTH,253974.9918984375
SSP2_500C_CACN_NoCC,2065,CIS,CROP,76769.88420767302
SSP2_500C_CACN_NoCC,2065,CIS,CROP_FLW,31878.422507279254
SSP2_500C_CACN_NoCC,2065,CIS,PRM_FRS,1087491.8799904953
SSP2_500C_CACN_NoCC,2065,CIS,MNG_FRS,21861.17505134074
SSP2_500C_CACN_NoCC,2065,CIS,BIOCROP,33361.70488509432
SSP2_500C_CACN_NoCC,2065,CIS,GRAZING,306426.4592024037
SSP2_500C_CACN_NoCC,2065,CIS,GRASS,47508.35638947612
SSP2_500C_CACN_NoCC,2065,CIS,URB,5880.5270887603765
SSP2_500C_CACN_NoCC,2065,XME,OTH,281021.7655625
SSP2_500C_CACN_NoCC,2065,XME,CROP,33615.12561996204
SSP2_500C_CACN_NoCC,2065,XME,CROP_FLW,1357.4554626342954
SSP2_500C_CACN_NoCC,2065,XME,PRM_FRS,9102.026621016996
SSP2_500C_CACN_NoCC,2065,XME,MNG_FRS,560.1840797150014
SSP2_500C_CACN_NoCC,2065,XME,BIOCROP,23522.562681407482
SSP2_500C_CACN_NoCC,2065,XME,GRAZING,258763.11918428467
SSP2_500C_CACN_NoCC,2065,XME,GRASS,70073.797707062
SSP2_500C_CACN_NoCC,2065,XME,URB,2128.071955810547
SSP2_500C_CACN_NoCC,2065,XNF,OTH,456890.6350624999
SSP2_500C_CACN_NoCC,2065,XNF,CROP,31142.382638855248
SSP2_500C_CACN_NoCC,2065,XNF,CROP_FLW,1094.3132656315393
SSP2_500C_CACN_NoCC,2065,XNF,PRM_FRS,3120.4949241658796
SSP2_500C_CACN_NoCC,2065,XNF,MNG_FRS,59.41358250797249
SSP2_500C_CACN_NoCC,2065,XNF,BIOCROP,5090.469016111872
SSP2_500C_CACN_NoCC,2065,XNF,GRAZING,72381.73674657707
SSP2_500C_CACN_NoCC,2065,XNF,GRASS,2359.1572672170796
SSP2_500C_CACN_NoCC,2065,XNF,URB,927.4797019042969
SSP2_500C_CACN_NoCC,2065,XAF,OTH,399410.63371875
SSP2_500C_CACN_NoCC,2065,XAF,CROP,448651.6419502769
SSP2_500C_CACN_NoCC,2065,XAF,CROP_FLW,4768.661375731198
SSP2_500C_CACN_NoCC,2065,XAF,PRM_FRS,700233.3061901373
SSP2_500C_CACN_NoCC,2065,XAF,MNG_FRS,18504.882263379117
SSP2_500C_CACN_NoCC,2065,XAF,BIOCROP,38056.58736814978
SSP2_500C_CACN_NoCC,2065,XAF,GRAZING,833705.5703972896
SSP2_500C_CACN_NoCC,2065,XAF,GRASS,293352.1486223131
SSP2_500C_CACN_NoCC,2065,XAF,URB,2896.931178625107
SSP2_500C_CACN_NoCC,2065,ASIA2,OTH,312611.42105468747
SSP2_500C_CACN_NoCC,2065,ASIA2,CROP,352261.7750966594
SSP2_500C_CACN_NoCC,2065,ASIA2,CROP_FLW,2833.3532361283924
SSP2_500C_CACN_NoCC,2065,ASIA2,PRM_FRS,650056.2512181981
SSP2_500C_CACN_NoCC,2065,ASIA2,MNG_FRS,32109.09699977783
SSP2_500C_CACN_NoCC,2065,ASIA2,BIOCROP,90085.49304820839
SSP2_500C_CACN_NoCC,2065,ASIA2,GRAZING,518728.33327470615
SSP2_500C_CACN_NoCC,2065,ASIA2,GRASS,139245.1184817689
SSP2_500C_CACN_NoCC,2065,ASIA2,URB,16641.596986114502
SSP2_500C_CACN_NoCC,2065,World,OTH,2111196.772609375
SSP2_500C_CACN_NoCC,2065,World,CROP,1376967.6474721914
SSP2_500C_CACN_NoCC,2065,World,CROP_FLW,123027.11880949959
SSP2_500C_CACN_NoCC,2065,World,PRM_FRS,4675492.188468376
SSP2_500C_CACN_NoCC,2065,World,MNG_FRS,209326.87075389514
SSP2_500C_CACN_NoCC,2065,World,BIOCROP,363704.73697709834
SSP2_500C_CACN_NoCC,2065,World,GRAZING,3172109.193722959
SSP2_500C_CACN_NoCC,2065,World,GRASS,1209957.919659089
SSP2_500C_CACN_NoCC,2065,World,URB,61494.25336591386
SSP2_500C_CACN_NoCC,2065,Non-OECD,OTH,1776092.664609375
SSP2_500C_CACN_NoCC,2065,Non-OECD,CROP,1079844.7793121994
SSP2_500C_CACN_NoCC,2065,Non-OECD,CROP_FLW,47021.47582430771
SSP2_500C_CACN_NoCC,2065,Non-OECD,PRM_FRS,3634549.303345357
SSP2_500C_CACN_NoCC,2065,Non-OECD,MNG_FRS,85633.9990225959
SSP2_500C_CACN_NoCC,2065,Non-OECD,BIOCROP,229706.7257938739
SSP2_500C_CACN_NoCC,2065,Non-OECD,GRAZING,2487213.8389624157
SSP2_500C_CACN_NoCC,2065,Non-OECD,GRASS,701097.2057161329
SSP2_500C_CACN_NoCC,2065,Non-OECD,URB,35401.19061899567
SSP2_500C_CACN_NoCC,2065,Industrial,OTH,321872.108
SSP2_500C_CACN_NoCC,2065,Industrial,CROP,241710.74138125358
SSP2_500C_CACN_NoCC,2065,Industrial,CROP_FLW,72726.39319974213
SSP2_500C_CACN_NoCC,2065,Industrial,PRM_FRS,985366.7367769652
SSP2_500C_CACN_NoCC,2065,Industrial,MNG_FRS,119228.60893317407
SSP2_500C_CACN_NoCC,2065,Industrial,BIOCROP,122952.82343291205
SSP2_500C_CACN_NoCC,2065,Industrial,GRAZING,657175.6733494591
SSP2_500C_CACN_NoCC,2065,Industrial,GRASS,491900.4676427495
SSP2_500C_CACN_NoCC,2065,Industrial,URB,24181.440413742544
SSP2_500C_CACN_NoCC,2065,Transition,OTH,520635.75745312497
SSP2_500C_CACN_NoCC,2065,Transition,CROP,431174.84565851896
SSP2_500C_CACN_NoCC,2065,Transition,CROP_FLW,35229.97951439074
SSP2_500C_CACN_NoCC,2065,Transition,PRM_FRS,2114486.642800622
SSP2_500C_CACN_NoCC,2065,Transition,MNG_FRS,51064.37747280197
SSP2_500C_CACN_NoCC,2065,Transition,BIOCROP,118587.97204184861
SSP2_500C_CACN_NoCC,2065,Transition,GRAZING,853433.5342727609
SSP2_500C_CACN_NoCC,2065,Transition,GRASS,158921.89026670053
SSP2_500C_CACN_NoCC,2065,Transition,URB,22567.039569885255
SSP2_500C_CACN_NoCC,2065,Developing,OTH,1268688.90715625
SSP2_500C_CACN_NoCC,2065,Developing,CROP,704082.060432419
SSP2_500C_CACN_NoCC,2065,Developing,CROP_FLW,15070.746095366729
SSP2_500C_CACN_NoCC,2065,Developing,PRM_FRS,1575638.8088907884
SSP2_500C_CACN_NoCC,2065,Developing,MNG_FRS,39033.884347919084
SSP2_500C_CACN_NoCC,2065,Developing,BIOCROP,122163.9415023377
SSP2_500C_CACN_NoCC,2065,Developing,GRAZING,1661499.9861007398
SSP2_500C_CACN_NoCC,2065,Developing,GRASS,559135.561749639
SSP2_500C_CACN_NoCC,2065,Developing,URB,14745.773382286072
SSP2_500C_CACN_NoCC,2065,R5ASIA,OTH,312611.42105468747
SSP2_500C_CACN_NoCC,2065,R5ASIA,CROP,350600.30813198246
SSP2_500C_CACN_NoCC,2065,R5ASIA,CROP_FLW,2465.9089778621506
SSP2_500C_CACN_NoCC,2065,R5ASIA,PRM_FRS,624836.8610405086
SSP2_500C_CACN_NoCC,2065,R5ASIA,MNG_FRS,30823.638681341
SSP2_500C_CACN_NoCC,2065,R5ASIA,BIOCROP,89709.96212422718
SSP2_500C_CACN_NoCC,2065,R5ASIA,GRAZING,518680.53308415785
SSP2_500C_CACN_NoCC,2065,R5ASIA,GRASS,138840.8835657424
SSP2_500C_CACN_NoCC,2065,R5ASIA,URB,14931.307018096923
SSP2_500C_CACN_NoCC,2065,R5OECD90+EU,OTH,335104.108
SSP2_500C_CACN_NoCC,2065,R5OECD90+EU,CROP,297122.86815999204
SSP2_500C_CACN_NoCC,2065,R5OECD90+EU,CROP_FLW,76005.64298519188
SSP2_500C_CACN_NoCC,2065,R5OECD90+EU,PRM_FRS,1040942.8851230185
SSP2_500C_CACN_NoCC,2065,R5OECD90+EU,MNG_FRS,123692.87173129921
SSP2_500C_CACN_NoCC,2065,R5OECD90+EU,BIOCROP,133998.01118322444
SSP2_500C_CACN_NoCC,2065,R5OECD90+EU,GRAZING,684895.3547605441
SSP2_500C_CACN_NoCC,2065,R5OECD90+EU,GRASS,508860.713942956
SSP2_500C_CACN_NoCC,2065,R5OECD90+EU,URB,26093.062746918204
SSP2_500C_CACN_NoCC,2065,R5REF,OTH,253974.9918984375
SSP2_500C_CACN_NoCC,2065,R5REF,CROP,76769.88420767302
SSP2_500C_CACN_NoCC,2065,R5REF,CROP_FLW,31878.422507279254
SSP2_500C_CACN_NoCC,2065,R5REF,PRM_FRS,1087491.8799904953
SSP2_500C_CACN_NoCC,2065,R5REF,MNG_FRS,21861.17505134074
SSP2_500C_CACN_NoCC,2065,R5REF,BIOCROP,33361.70488509432
SSP2_500C_CACN_NoCC,2065,R5REF,GRAZING,306426.4592024037
SSP2_500C_CACN_NoCC,2065,R5REF,GRASS,47508.35638947612
SSP2_500C_CACN_NoCC,2065,R5REF,URB,5880.5270887603765
SSP2_500C_CACN_NoCC,2065,R5MAF,OTH,1137323.0343437498
SSP2_500C_CACN_NoCC,2065,R5MAF,CROP,513409.1502090942
SSP2_500C_CACN_NoCC,2065,R5MAF,CROP_FLW,7220.430103997032
SSP2_500C_CACN_NoCC,2065,R5MAF,PRM_FRS,712455.8277353202
SSP2_500C_CACN_NoCC,2065,R5MAF,MNG_FRS,19124.479925602092
SSP2_500C_CACN_NoCC,2065,R5MAF,BIOCROP,66669.61906566913
SSP2_500C_CACN_NoCC,2065,R5MAF,GRAZING,1164850.4263281513
SSP2_500C_CACN_NoCC,2065,R5MAF,GRASS,365785.1035965922
SSP2_500C_CACN_NoCC,2065,R5MAF,URB,5952.48283633995
SSP2_500C_CACN_NoCC,2065,R5LAM,OTH,72183.21731250001
SSP2_500C_CACN_NoCC,2065,R5LAM,CROP,139065.4367634497
SSP2_500C_CACN_NoCC,2065,R5LAM,CROP_FLW,5456.714235169269
SSP2_500C_CACN_NoCC,2065,R5LAM,PRM_FRS,1209764.734579033
SSP2_500C_CACN_NoCC,2065,R5LAM,MNG_FRS,13824.705364312083
SSP2_500C_CACN_NoCC,2065,R5LAM,BIOCROP,39965.43971888325
SSP2_500C_CACN_NoCC,2065,R5LAM,GRAZING,497256.4203477026
SSP2_500C_CACN_NoCC,2065,R5LAM,GRASS,148962.86216432232
SSP2_500C_CACN_NoCC,2065,R5LAM,URB,8636.873675798419
SSP2_500C_CACN_NoCC,2070,USA,OTH,33613.452
SSP2_500C_CACN_NoCC,2070,USA,CROP,113675.82431339109
SSP2_500C_CACN_NoCC,2070,USA,CROP_FLW,30193.049396760704
SSP2_500C_CACN_NoCC,2070,USA,PRM_FRS,332902.7250052848
SSP2_500C_CACN_NoCC,2070,USA,MNG_FRS,38287.319312120766
SSP2_500C_CACN_NoCC,2070,USA,BIOCROP,48746.51218691664
SSP2_500C_CACN_NoCC,2070,USA,GRAZING,218477.88508966315
SSP2_500C_CACN_NoCC,2070,USA,GRASS,51868.593579678745
SSP2_500C_CACN_NoCC,2070,USA,URB,11695.345311309815
SSP2_500C_CACN_NoCC,2070,XE25,OTH,3206.0
SSP2_500C_CACN_NoCC,2070,XE25,CROP,61705.50526720401
SSP2_500C_CACN_NoCC,2070,XE25,CROP_FLW,6903.888579228086
SSP2_500C_CACN_NoCC,2070,XE25,PRM_FRS,126278.44348121317
SSP2_500C_CACN_NoCC,2070,XE25,MNG_FRS,41143.62590286223
SSP2_500C_CACN_NoCC,2070,XE25,BIOCROP,39411.59393796335
SSP2_500C_CACN_NoCC,2070,XE25,GRAZING,54921.17417970817
SSP2_500C_CACN_NoCC,2070,XE25,GRASS,13340.036707567006
SSP2_500C_CACN_NoCC,2070,XE25,URB,9106.496241195679
SSP2_500C_CACN_NoCC,2070,XER,OTH,13232.0
SSP2_500C_CACN_NoCC,2070,XER,CROP,31002.3985274858
SSP2_500C_CACN_NoCC,2070,XER,CROP_FLW,757.5747798690468
SSP2_500C_CACN_NoCC,2070,XER,PRM_FRS,45069.60230654151
SSP2_500C_CACN_NoCC,2070,XER,MNG_FRS,3289.84401782311
SSP2_500C_CACN_NoCC,2070,XER,BIOCROP,3723.4240133686944
SSP2_500C_CACN_NoCC,2070,XER,GRAZING,13811.894330720079
SSP2_500C_CACN_NoCC,2070,XER,GRASS,1463.3737855812988
SSP2_500C_CACN_NoCC,2070,XER,URB,1090.242361709595
SSP2_500C_CACN_NoCC,2070,TUR,CROP,22525.911460683456
SSP2_500C_CACN_NoCC,2070,TUR,CROP_FLW,2221.20677664424
SSP2_500C_CACN_NoCC,2070,TUR,PRM_FRS,14628.43544735222
SSP2_500C_CACN_NoCC,2070,TUR,MNG_FRS,829.794667786542
SSP2_500C_CACN_NoCC,2070,TUR,BIOCROP,6606.415241328412
SSP2_500C_CACN_NoCC,2070,TUR,GRAZING,13669.44870146884
SSP2_500C_CACN_NoCC,2070,TUR,GRASS,14857.57911331754
SSP2_500C_CACN_NoCC,2070,TUR,URB,821.3799714660644
SSP2_500C_CACN_NoCC,2070,XOC,OTH,1467.0
SSP2_500C_CACN_NoCC,2070,XOC,CROP,36507.15319144531
SSP2_500C_CACN_NoCC,2070,XOC,CROP_FLW,29347.598229979445
SSP2_500C_CACN_NoCC,2070,XOC,PRM_FRS,218295.7442258775
SSP2_500C_CACN_NoCC,2070,XOC,MNG_FRS,3118.849292435057
SSP2_500C_CACN_NoCC,2070,XOC,BIOCROP,25941.70017522519
SSP2_500C_CACN_NoCC,2070,XOC,GRAZING,370203.7703648363
SSP2_500C_CACN_NoCC,2070,XOC,GRASS,415079.37000413623
SSP2_500C_CACN_NoCC,2070,XOC,URB,883.3264156804086
SSP2_500C_CACN_NoCC,2070,CHN,OTH,239998.39534375
SSP2_500C_CACN_NoCC,2070,CHN,CROP,65192.58488974445
SSP2_500C_CACN_NoCC,2070,CHN,PRM_FRS,318155.81250491965
SSP2_500C_CACN_NoCC,2070,CHN,MNG_FRS,9393.608517773358
SSP2_500C_CACN_NoCC,2070,CHN,BIOCROP,36951.73960561618
SSP2_500C_CACN_NoCC,2070,CHN,GRAZING,347027.80156714737
SSP2_500C_CACN_NoCC,2070,CHN,GRASS,45890.23245304685
SSP2_500C_CACN_NoCC,2070,CHN,URB,8006.078889526368
SSP2_500C_CACN_NoCC,2070,IND,OTH,13430.3702109375
SSP2_500C_CACN_NoCC,2070,IND,CROP,170609.99503173342
SSP2_500C_CACN_NoCC,2070,IND,PRM_FRS,42400.402244543904
SSP2_500C_CACN_NoCC,2070,IND,MNG_FRS,10965.75969298091
SSP2_500C_CACN_NoCC,2070,IND,BIOCROP,16087.050839745729
SSP2_500C_CACN_NoCC,2070,IND,GRAZING,7179.098550630793
SSP2_500C_CACN_NoCC,2070,IND,GRASS,12775.802272313744
SSP2_500C_CACN_NoCC,2070,IND,URB,3026.2728974914553
SSP2_500C_CACN_NoCC,2070,JPN,CROP,1585.3269452236489
SSP2_500C_CACN_NoCC,2070,JPN,CROP_FLW,356.6128855766737
SSP2_500C_CACN_NoCC,2070,JPN,PRM_FRS,25424.43918530092
SSP2_500C_CACN_NoCC,2070,JPN,MNG_FRS,1194.8559144945161
SSP2_500C_CACN_NoCC,2070,JPN,BIOCROP,356.1277622169939
SSP2_500C_CACN_NoCC,2070,JPN,GRAZING,47.87040848097506
SSP2_500C_CACN_NoCC,2070,JPN,GRASS,396.09264833172057
SSP2_500C_CACN_NoCC,2070,JPN,URB,1710.2899680175783
SSP2_500C_CACN_NoCC,2070,XSE,OTH,14506.901
SSP2_500C_CACN_NoCC,2070,XSE,CROP,59133.74755284878
SSP2_500C_CACN_NoCC,2070,XSE,CROP_FLW,887.3146630682729
SSP2_500C_CACN_NoCC,2070,XSE,PRM_FRS,267180.28974323854
SSP2_500C_CACN_NoCC,2070,XSE,MNG_FRS,5347.762581081401
SSP2_500C_CACN_NoCC,2070,XSE,BIOCROP,30311.365043119986
SSP2_500C_CACN_NoCC,2070,XSE,GRAZING,122805.5041273175
SSP2_500C_CACN_NoCC,2070,XSE,GRASS,48599.30229717522
SSP2_500C_CACN_NoCC,2070,XSE,URB,3032.1656320037837
SSP2_500C_CACN_NoCC,2070,XSA,OTH,44675.7545
SSP2_500C_CACN_NoCC,2070,XSA,CROP,47099.942436665406
SSP2_500C_CACN_NoCC,2070,XSA,CROP_FLW,1335.9431125810195
SSP2_500C_CACN_NoCC,2070,XSA,PRM_FRS,14984.466827964347
SSP2_500C_CACN_NoCC,2070,XSA,MNG_FRS,3130.3726586678076
SSP2_500C_CACN_NoCC,2070,XSA,BIOCROP,7474.489558059028
SSP2_500C_CACN_NoCC,2070,XSA,GRAZING,39299.93704083477
SSP2_500C_CACN_NoCC,2070,XSA,GRASS,25737.769793003667
SSP2_500C_CACN_NoCC,2070,XSA,URB,866.7895990753174
SSP2_500C_CACN_NoCC,2070,CAN,OTH,283585.656
SSP2_500C_CACN_NoCC,2070,CAN,CROP,28095.953406367516
SSP2_500C_CACN_NoCC,2070,CAN,CROP_FLW,1361.9626695121915
SSP2_500C_CACN_NoCC,2070,CAN,PRM_FRS,307249.64170275937
SSP2_500C_CACN_NoCC,2070,CAN,MNG_FRS,29682.83933329783
SSP2_500C_CACN_NoCC,2070,CAN,BIOCROP,7206.559840601682
SSP2_500C_CACN_NoCC,2070,CAN,GRAZING,11376.452649093373
SSP2_500C_CACN_NoCC,2070,CAN,GRASS,376.3469415006777
SSP2_500C_CACN_NoCC,2070,CAN,URB,785.9824775390625
SSP2_500C_CACN_NoCC,2070,BRA,CROP,55670.665811872255
SSP2_500C_CACN_NoCC,2070,BRA,CROP_FLW,58.76475492996581
SSP2_500C_CACN_NoCC,2070,BRA,PRM_FRS,624767.338967652
SSP2_500C_CACN_NoCC,2070,BRA,MNG_FRS,2705.9823543030666
SSP2_500C_CACN_NoCC,2070,BRA,BIOCROP,24082.79579283433
SSP2_500C_CACN_NoCC,2070,BRA,GRAZING,162690.17928314337
SSP2_500C_CACN_NoCC,2070,BRA,GRASS,30538.841488919286
SSP2_500C_CACN_NoCC,2070,BRA,URB,3742.538360931397
SSP2_500C_CACN_NoCC,2070,XLM,OTH,72183.21731250001
SSP2_500C_CACN_NoCC,2070,XLM,CROP,79395.50226996465
SSP2_500C_CACN_NoCC,2070,XLM,CROP_FLW,4586.63724296126
SSP2_500C_CACN_NoCC,2070,XLM,PRM_FRS,600330.8532554363
SSP2_500C_CACN_NoCC,2070,XLM,MNG_FRS,10143.287467612594
SSP2_500C_CACN_NoCC,2070,XLM,BIOCROP,19280.84810712449
SSP2_500C_CACN_NoCC,2070,XLM,GRAZING,334315.4438314274
SSP2_500C_CACN_NoCC,2070,XLM,GRASS,105729.17254463104
SSP2_500C_CACN_NoCC,2070,XLM,URB,4894.335314867021
SSP2_500C_CACN_NoCC,2070,CIS,OTH,253974.9918984375
SSP2_500C_CACN_NoCC,2070,CIS,CROP,74228.73085096537
SSP2_500C_CACN_NoCC,2070,CIS,CROP_FLW,29511.443329396196
SSP2_500C_CACN_NoCC,2070,CIS,PRM_FRS,1100688.2918272363
SSP2_500C_CACN_NoCC,2070,CIS,MNG_FRS,20428.335230155863
SSP2_500C_CACN_NoCC,2070,CIS,BIOCROP,33295.878241802326
SSP2_500C_CACN_NoCC,2070,CIS,GRAZING,304143.43916023767
SSP2_500C_CACN_NoCC,2070,CIS,GRASS,43001.76359396931
SSP2_500C_CACN_NoCC,2070,CIS,URB,5880.5270887603765
SSP2_500C_CACN_NoCC,2070,XME,OTH,281021.7655625
SSP2_500C_CACN_NoCC,2070,XME,CROP,33577.225703595584
SSP2_500C_CACN_NoCC,2070,XME,CROP_FLW,1289.2680843166825
SSP2_500C_CACN_NoCC,2070,XME,PRM_FRS,9102.026621016996
SSP2_500C_CACN_NoCC,2070,XME,MNG_FRS,541.7244847273263
SSP2_500C_CACN_NoCC,2070,XME,BIOCROP,23703.456862943145
SSP2_500C_CACN_NoCC,2070,XME,GRAZING,260661.71200887838
SSP2_500C_CACN_NoCC,2070,XME,GRASS,68118.8575906043
SSP2_500C_CACN_NoCC,2070,XME,URB,2128.071955810547
SSP2_500C_CACN_NoCC,2070,XNF,OTH,456890.6350624999
SSP2_500C_CACN_NoCC,2070,XNF,CROP,31469.653527154678
SSP2_500C_CACN_NoCC,2070,XNF,CROP_FLW,983.2214212822726
SSP2_500C_CACN_NoCC,2070,XNF,PRM_FRS,3145.0117244684848
SSP2_500C_CACN_NoCC,2070,XNF,MNG_FRS,56.84307259605501
SSP2_500C_CACN_NoCC,2070,XNF,BIOCROP,4675.867267150639
SSP2_500C_CACN_NoCC,2070,XNF,GRAZING,72815.26852318505
SSP2_500C_CACN_NoCC,2070,XNF,GRASS,2102.1019052296415
SSP2_500C_CACN_NoCC,2070,XNF,URB,927.4797019042969
SSP2_500C_CACN_NoCC,2070,XAF,OTH,399410.63371875
SSP2_500C_CACN_NoCC,2070,XAF,CROP,461899.5614576853
SSP2_500C_CACN_NoCC,2070,XAF,CROP_FLW,3750.1047716777316
SSP2_500C_CACN_NoCC,2070,XAF,PRM_FRS,702362.7338542856
SSP2_500C_CACN_NoCC,2070,XAF,MNG_FRS,17909.253865442264
SSP2_500C_CACN_NoCC,2070,XAF,BIOCROP,50090.342670200276
SSP2_500C_CACN_NoCC,2070,XAF,GRAZING,837745.1986063779
SSP2_500C_CACN_NoCC,2070,XAF,GRASS,263515.60294160794
SSP2_500C_CACN_NoCC,2070,XAF,URB,2896.931178625107
SSP2_500C_CACN_NoCC,2070,ASIA2,OTH,312611.42105468747
SSP2_500C_CACN_NoCC,2070,ASIA2,CROP,343621.59685621574
SSP2_500C_CACN_NoCC,2070,ASIA2,CROP_FLW,2579.870661225966
SSP2_500C_CACN_NoCC,2070,ASIA2,PRM_FRS,668145.4105059673
SSP2_500C_CACN_NoCC,2070,ASIA2,MNG_FRS,30032.359364997996
SSP2_500C_CACN_NoCC,2070,ASIA2,BIOCROP,91180.77280875792
SSP2_500C_CACN_NoCC,2070,ASIA2,GRAZING,516360.2116944114
SSP2_500C_CACN_NoCC,2070,ASIA2,GRASS,133399.1994638712
SSP2_500C_CACN_NoCC,2070,ASIA2,URB,16641.596986114502
SSP2_500C_CACN_NoCC,2070,World,OTH,2111196.772609375
SSP2_500C_CACN_NoCC,2070,World,CROP,1373375.6826440308
SSP2_500C_CACN_NoCC,2070,World,CROP_FLW,113544.5906977838
SSP2_500C_CACN_NoCC,2070,World,PRM_FRS,4752966.2589250915
SSP2_500C_CACN_NoCC,2070,World,MNG_FRS,198170.05836616072
SSP2_500C_CACN_NoCC,2070,World,BIOCROP,377946.16714621714
SSP2_500C_CACN_NoCC,2070,World,GRAZING,3171192.0784231513
SSP2_500C_CACN_NoCC,2070,World,GRASS,1143390.8396606143
SSP2_500C_CACN_NoCC,2070,World,URB,61494.25336591386
SSP2_500C_CACN_NoCC,2070,Non-OECD,OTH,1776092.664609375
SSP2_500C_CACN_NoCC,2070,Non-OECD,CROP,1078277.60953223
SSP2_500C_CACN_NoCC,2070,Non-OECD,CROP_FLW,42402.6973802134
SSP2_500C_CACN_NoCC,2070,Non-OECD,PRM_FRS,3683117.227570762
SSP2_500C_CACN_NoCC,2070,Non-OECD,MNG_FRS,80622.92992534065
SSP2_500C_CACN_NoCC,2070,Non-OECD,BIOCROP,245953.83398859613
SSP2_500C_CACN_NoCC,2070,Non-OECD,GRAZING,2488683.58269918
SSP2_500C_CACN_NoCC,2070,Non-OECD,GRASS,646009.446880501
SSP2_500C_CACN_NoCC,2070,Non-OECD,URB,35401.19061899567
SSP2_500C_CACN_NoCC,2070,Industrial,OTH,321872.108
SSP2_500C_CACN_NoCC,2070,Industrial,CROP,241569.76312363156
SSP2_500C_CACN_NoCC,2070,Industrial,CROP_FLW,68163.11176105711
SSP2_500C_CACN_NoCC,2070,Industrial,PRM_FRS,1010150.9936004358
SSP2_500C_CACN_NoCC,2070,Industrial,MNG_FRS,113427.4897552104
SSP2_500C_CACN_NoCC,2070,Industrial,BIOCROP,121662.49390292384
SSP2_500C_CACN_NoCC,2070,Industrial,GRAZING,655027.152691782
SSP2_500C_CACN_NoCC,2070,Industrial,GRASS,481060.43988121435
SSP2_500C_CACN_NoCC,2070,Industrial,URB,24181.440413742544
SSP2_500C_CACN_NoCC,2070,Transition,OTH,520635.75745312497
SSP2_500C_CACN_NoCC,2070,Transition,CROP,419230.28657248477
SSP2_500C_CACN_NoCC,2070,Transition,CROP_FLW,32548.98964083945
SSP2_500C_CACN_NoCC,2070,Transition,PRM_FRS,2145709.8832982453
SSP2_500C_CACN_NoCC,2070,Transition,MNG_FRS,47613.32448082285
SSP2_500C_CACN_NoCC,2070,Transition,BIOCROP,120747.30373469568
SSP2_500C_CACN_NoCC,2070,Transition,GRAZING,848521.8615933481
SSP2_500C_CACN_NoCC,2070,Transition,GRASS,148527.59270714803
SSP2_500C_CACN_NoCC,2070,Transition,URB,22567.039569885255
SSP2_500C_CACN_NoCC,2070,Developing,OTH,1268688.90715625
SSP2_500C_CACN_NoCC,2070,Developing,CROP,712575.6329479144
SSP2_500C_CACN_NoCC,2070,Developing,CROP_FLW,12832.489295887239
SSP2_500C_CACN_NoCC,2070,Developing,PRM_FRS,1597105.3820264102
SSP2_500C_CACN_NoCC,2070,Developing,MNG_FRS,37129.244130127445
SSP2_500C_CACN_NoCC,2070,Developing,BIOCROP,135536.36950859756
SSP2_500C_CACN_NoCC,2070,Developing,GRAZING,1667643.0641380209
SSP2_500C_CACN_NoCC,2070,Developing,GRASS,513802.8070722518
SSP2_500C_CACN_NoCC,2070,Developing,URB,14745.773382286072
SSP2_500C_CACN_NoCC,2070,R5ASIA,OTH,312611.42105468747
SSP2_500C_CACN_NoCC,2070,R5ASIA,CROP,342036.26991099206
SSP2_500C_CACN_NoCC,2070,R5ASIA,CROP_FLW,2223.2577756492924
SSP2_500C_CACN_NoCC,2070,R5ASIA,PRM_FRS,642720.9713206664
SSP2_500C_CACN_NoCC,2070,R5ASIA,MNG_FRS,28837.50345050348
SSP2_500C_CACN_NoCC,2070,R5ASIA,BIOCROP,90824.64504654091
SSP2_500C_CACN_NoCC,2070,R5ASIA,GRAZING,516312.3412859304
SSP2_500C_CACN_NoCC,2070,R5ASIA,GRASS,133003.10681553948
SSP2_500C_CACN_NoCC,2070,R5ASIA,URB,14931.307018096923
SSP2_500C_CACN_NoCC,2070,R5OECD90+EU,OTH,335104.108
SSP2_500C_CACN_NoCC,2070,R5OECD90+EU,CROP,295098.0731118008
SSP2_500C_CACN_NoCC,2070,R5OECD90+EU,CROP_FLW,71141.89331757039
SSP2_500C_CACN_NoCC,2070,R5OECD90+EU,PRM_FRS,1069849.0313543295
SSP2_500C_CACN_NoCC,2070,R5OECD90+EU,MNG_FRS,117547.12844082004
SSP2_500C_CACN_NoCC,2070,R5OECD90+EU,BIOCROP,131992.33315762097
SSP2_500C_CACN_NoCC,2070,R5OECD90+EU,GRAZING,682508.4957239708
SSP2_500C_CACN_NoCC,2070,R5OECD90+EU,GRASS,497381.3927801132
SSP2_500C_CACN_NoCC,2070,R5OECD90+EU,URB,26093.062746918204
SSP2_500C_CACN_NoCC,2070,R5REF,OTH,253974.9918984375
SSP2_500C_CACN_NoCC,2070,R5REF,CROP,74228.73085096537
SSP2_500C_CACN_NoCC,2070,R5REF,CROP_FLW,29511.443329396196
SSP2_500C_CACN_NoCC,2070,R5REF,PRM_FRS,1100688.2918272363
SSP2_500C_CACN_NoCC,2070,R5REF,MNG_FRS,20428.335230155863
SSP2_500C_CACN_NoCC,2070,R5REF,BIOCROP,33295.878241802326
SSP2_500C_CACN_NoCC,2070,R5REF,GRAZING,304143.43916023767
SSP2_500C_CACN_NoCC,2070,R5REF,GRASS,43001.76359396931
SSP2_500C_CACN_NoCC,2070,R5REF,URB,5880.5270887603765
SSP2_500C_CACN_NoCC,2070,R5MAF,OTH,1137323.0343437498
SSP2_500C_CACN_NoCC,2070,R5MAF,CROP,526946.4406884356
SSP2_500C_CACN_NoCC,2070,R5MAF,CROP_FLW,6022.594277276687
SSP2_500C_CACN_NoCC,2070,R5MAF,PRM_FRS,714609.772199771
SSP2_500C_CACN_NoCC,2070,R5MAF,MNG_FRS,18507.821422765646
SSP2_500C_CACN_NoCC,2070,R5MAF,BIOCROP,78469.66680029406
SSP2_500C_CACN_NoCC,2070,R5MAF,GRAZING,1171222.1791384413
SSP2_500C_CACN_NoCC,2070,R5MAF,GRASS,333736.5624374419
SSP2_500C_CACN_NoCC,2070,R5MAF,URB,5952.48283633995
SSP2_500C_CACN_NoCC,2070,R5LAM,OTH,72183.21731250001
SSP2_500C_CACN_NoCC,2070,R5LAM,CROP,135066.1680818369
SSP2_500C_CACN_NoCC,2070,R5LAM,CROP_FLW,4645.401997891226
SSP2_500C_CACN_NoCC,2070,R5LAM,PRM_FRS,1225098.1922230884
SSP2_500C_CACN_NoCC,2070,R5LAM,MNG_FRS,12849.269821915661
SSP2_500C_CACN_NoCC,2070,R5LAM,BIOCROP,43363.64389995882
SSP2_500C_CACN_NoCC,2070,R5LAM,GRAZING,497005.62311457074
SSP2_500C_CACN_NoCC,2070,R5LAM,GRASS,136268.01403355034
SSP2_500C_CACN_NoCC,2070,R5LAM,URB,8636.873675798419
SSP2_500C_CACN_NoCC,2075,USA,OTH,33613.452
SSP2_500C_CACN_NoCC,2075,USA,CROP,114695.10566536956
SSP2_500C_CACN_NoCC,2075,USA,CROP_FLW,29733.72992281154
SSP2_500C_CACN_NoCC,2075,USA,PRM_FRS,335355.4480806884
SSP2_500C_CACN_NoCC,2075,USA,MNG_FRS,37237.731127841806
SSP2_500C_CACN_NoCC,2075,USA,BIOCROP,47809.36129987736
SSP2_500C_CACN_NoCC,2075,USA,GRAZING,218460.0025084481
SSP2_500C_CACN_NoCC,2075,USA,GRASS,50860.5302787791
SSP2_500C_CACN_NoCC,2075,USA,URB,11695.345311309815
SSP2_500C_CACN_NoCC,2075,XE25,OTH,3206.0
SSP2_500C_CACN_NoCC,2075,XE25,CROP,60870.219501964144
SSP2_500C_CACN_NoCC,2075,XE25,CROP_FLW,6919.7217881382385
SSP2_500C_CACN_NoCC,2075,XE25,PRM_FRS,130236.07725153642
SSP2_500C_CACN_NoCC,2075,XE25,MNG_FRS,39017.67688097025
SSP2_500C_CACN_NoCC,2075,XE25,BIOCROP,38229.299178151356
SSP2_500C_CACN_NoCC,2075,XE25,GRAZING,55109.941428173646
SSP2_500C_CACN_NoCC,2075,XE25,GRASS,13321.332026812053
SSP2_500C_CACN_NoCC,2075,XE25,URB,9106.496241195679
SSP2_500C_CACN_NoCC,2075,XER,OTH,13232.0
SSP2_500C_CACN_NoCC,2075,XER,CROP,29868.60166118705
SSP2_500C_CACN_NoCC,2075,XER,CROP_FLW,766.3494820779739
SSP2_500C_CACN_NoCC,2075,XER,PRM_FRS,46597.68442059906
SSP2_500C_CACN_NoCC,2075,XER,MNG_FRS,3096.7870339987867
SSP2_500C_CACN_NoCC,2075,XER,BIOCROP,3504.002247764005
SSP2_500C_CACN_NoCC,2075,XER,GRAZING,13845.054254193372
SSP2_500C_CACN_NoCC,2075,XER,GRASS,1439.632661569271
SSP2_500C_CACN_NoCC,2075,XER,URB,1090.242361709595
SSP2_500C_CACN_NoCC,2075,TUR,CROP,22146.8712710337
SSP2_500C_CACN_NoCC,2075,TUR,CROP_FLW,2286.8959983088016
SSP2_500C_CACN_NoCC,2075,TUR,PRM_FRS,14651.438292618019
SSP2_500C_CACN_NoCC,2075,TUR,MNG_FRS,792.0949891435259
SSP2_500C_CACN_NoCC,2075,TUR,BIOCROP,6720.31898634678
SSP2_500C_CACN_NoCC,2075,TUR,GRAZING,13711.75355850362
SSP2_500C_CACN_NoCC,2075,TUR,GRASS,15029.418312626785
SSP2_500C_CACN_NoCC,2075,TUR,URB,821.3799714660644
SSP2_500C_CACN_NoCC,2075,XOC,OTH,1467.0
SSP2_500C_CACN_NoCC,2075,XOC,CROP,36879.18113496961
SSP2_500C_CACN_NoCC,2075,XOC,CROP_FLW,28901.525395403507
SSP2_500C_CACN_NoCC,2075,XOC,PRM_FRS,218327.10778115434
SSP2_500C_CACN_NoCC,2075,XOC,MNG_FRS,3006.9578724533776
SSP2_500C_CACN_NoCC,2075,XOC,BIOCROP,30995.485305235838
SSP2_500C_CACN_NoCC,2075,XOC,GRAZING,370399.222596372
SSP2_500C_CACN_NoCC,2075,XOC,GRASS,409984.7053983467
SSP2_500C_CACN_NoCC,2075,XOC,URB,883.3264156804086
SSP2_500C_CACN_NoCC,2075,CHN,OTH,239998.39534375
SSP2_500C_CACN_NoCC,2075,CHN,CROP,60240.10041242782
SSP2_500C_CACN_NoCC,2075,CHN,PRM_FRS,326300.3425892086
SSP2_500C_CACN_NoCC,2075,CHN,MNG_FRS,8547.215694071338
SSP2_500C_CACN_NoCC,2075,CHN,BIOCROP,37924.10459464337
SSP2_500C_CACN_NoCC,2075,CHN,GRAZING,345710.59694027004
SSP2_500C_CACN_NoCC,2075,CHN,GRASS,43889.41930762752
SSP2_500C_CACN_NoCC,2075,CHN,URB,8006.078889526368
SSP2_500C_CACN_NoCC,2075,IND,OTH,13430.3702109375
SSP2_500C_CACN_NoCC,2075,IND,CROP,169990.30863488428
SSP2_500C_CACN_NoCC,2075,IND,PRM_FRS,42479.662487860114
SSP2_500C_CACN_NoCC,2075,IND,MNG_FRS,10511.926966913685
SSP2_500C_CACN_NoCC,2075,IND,BIOCROP,16975.73506935563
SSP2_500C_CACN_NoCC,2075,IND,GRAZING,7235.000781774606
SSP2_500C_CACN_NoCC,2075,IND,GRASS,12825.474691159867
SSP2_500C_CACN_NoCC,2075,IND,URB,3026.2728974914553
SSP2_500C_CACN_NoCC,2075,JPN,CROP,1519.5536484231816
SSP2_500C_CACN_NoCC,2075,JPN,CROP_FLW,403.1206883011071
SSP2_500C_CACN_NoCC,2075,JPN,PRM_FRS,25476.277926428957
SSP2_500C_CACN_NoCC,2075,JPN,MNG_FRS,1133.4133161039667
SSP2_500C_CACN_NoCC,2075,JPN,BIOCROP,360.89099177493773
SSP2_500C_CACN_NoCC,2075,JPN,GRAZING,48.33046314158958
SSP2_500C_CACN_NoCC,2075,JPN,GRASS,419.73871545172597
SSP2_500C_CACN_NoCC,2075,JPN,URB,1710.2899680175783
SSP2_500C_CACN_NoCC,2075,XSE,OTH,14506.901
SSP2_500C_CACN_NoCC,2075,XSE,CROP,57222.078120829334
SSP2_500C_CACN_NoCC,2075,XSE,CROP_FLW,932.6151421840311
SSP2_500C_CACN_NoCC,2075,XSE,PRM_FRS,269697.28830392275
SSP2_500C_CACN_NoCC,2075,XSE,MNG_FRS,5108.17803082789
SSP2_500C_CACN_NoCC,2075,XSE,BIOCROP,31235.568641300717
SSP2_500C_CACN_NoCC,2075,XSE,GRAZING,122862.4939946498
SSP2_500C_CACN_NoCC,2075,XSE,GRASS,47207.06377413521
SSP2_500C_CACN_NoCC,2075,XSE,URB,3032.1656320037837
SSP2_500C_CACN_NoCC,2075,XSA,OTH,44675.7545
SSP2_500C_CACN_NoCC,2075,XSA,CROP,47102.50627161352
SSP2_500C_CACN_NoCC,2075,XSA,CROP_FLW,1270.6056441997243
SSP2_500C_CACN_NoCC,2075,XSA,PRM_FRS,15102.64025097104
SSP2_500C_CACN_NoCC,2075,XSA,MNG_FRS,3007.0230161564064
SSP2_500C_CACN_NoCC,2075,XSA,BIOCROP,7567.947530165116
SSP2_500C_CACN_NoCC,2075,XSA,GRAZING,39698.93505658056
SSP2_500C_CACN_NoCC,2075,XSA,GRASS,25313.263658089647
SSP2_500C_CACN_NoCC,2075,XSA,URB,866.7895990753174
SSP2_500C_CACN_NoCC,2075,CAN,OTH,283585.656
SSP2_500C_CACN_NoCC,2075,CAN,CROP,28233.23649932653
SSP2_500C_CACN_NoCC,2075,CAN,CROP_FLW,1440.5930705417181
SSP2_500C_CACN_NoCC,2075,CAN,PRM_FRS,307402.25826898613
SSP2_500C_CACN_NoCC,2075,CAN,MNG_FRS,29132.36977710773
SSP2_500C_CACN_NoCC,2075,CAN,BIOCROP,7279.952181852938
SSP2_500C_CACN_NoCC,2075,CAN,GRAZING,11464.131421121807
SSP2_500C_CACN_NoCC,2075,CAN,GRASS,397.2153241958455
SSP2_500C_CACN_NoCC,2075,CAN,URB,785.9824775390625
SSP2_500C_CACN_NoCC,2075,BRA,CROP,54298.19634014396
SSP2_500C_CACN_NoCC,2075,BRA,CROP_FLW,51.37826747304375
SSP2_500C_CACN_NoCC,2075,BRA,PRM_FRS,624767.3389680814
SSP2_500C_CACN_NoCC,2075,BRA,MNG_FRS,2532.1030600612658
SSP2_500C_CACN_NoCC,2075,BRA,BIOCROP,25907.088446069993
SSP2_500C_CACN_NoCC,2075,BRA,GRAZING,164014.00008742383
SSP2_500C_CACN_NoCC,2075,BRA,GRASS,28944.463284460995
SSP2_500C_CACN_NoCC,2075,BRA,URB,3742.538360931397
SSP2_500C_CACN_NoCC,2075,XLM,OTH,72183.21731250001
SSP2_500C_CACN_NoCC,2075,XLM,CROP,77414.55531688586
SSP2_500C_CACN_NoCC,2075,XLM,CROP_FLW,4195.910535181797
SSP2_500C_CACN_NoCC,2075,XLM,PRM_FRS,606516.5491740974
SSP2_500C_CACN_NoCC,2075,XLM,MNG_FRS,9474.289569475965
SSP2_500C_CACN_NoCC,2075,XLM,BIOCROP,20044.51644550657
SSP2_500C_CACN_NoCC,2075,XLM,GRAZING,336584.0069175838
SSP2_500C_CACN_NoCC,2075,XLM,GRASS,99551.91676052062
SSP2_500C_CACN_NoCC,2075,XLM,URB,4894.335314867021
SSP2_500C_CACN_NoCC,2075,CIS,OTH,253974.9918984375
SSP2_500C_CACN_NoCC,2075,CIS,CROP,71448.10959146502
SSP2_500C_CACN_NoCC,2075,CIS,CROP_FLW,28384.91371796315
SSP2_500C_CACN_NoCC,2075,CIS,PRM_FRS,1106755.52775332
SSP2_500C_CACN_NoCC,2075,CIS,MNG_FRS,19345.012128734466
SSP2_500C_CACN_NoCC,2075,CIS,BIOCROP,34133.81169923989
SSP2_500C_CACN_NoCC,2075,CIS,GRAZING,304183.2195323919
SSP2_500C_CACN_NoCC,2075,CIS,GRASS,41047.28781064855
SSP2_500C_CACN_NoCC,2075,CIS,URB,5880.5270887603765
SSP2_500C_CACN_NoCC,2075,XME,OTH,281021.7655625
SSP2_500C_CACN_NoCC,2075,XME,CROP,33331.714652013725
SSP2_500C_CACN_NoCC,2075,XME,CROP_FLW,1244.9925970394072
SSP2_500C_CACN_NoCC,2075,XME,PRM_FRS,9102.026621016996
SSP2_500C_CACN_NoCC,2075,XME,MNG_FRS,522.0210621479231
SSP2_500C_CACN_NoCC,2075,XME,BIOCROP,23554.213675243947
SSP2_500C_CACN_NoCC,2075,XME,GRAZING,262764.1462266382
SSP2_500C_CACN_NoCC,2075,XME,GRASS,66475.15652198215
SSP2_500C_CACN_NoCC,2075,XME,URB,2128.071955810547
SSP2_500C_CACN_NoCC,2075,XNF,OTH,456890.6350624999
SSP2_500C_CACN_NoCC,2075,XNF,CROP,31454.51158128632
SSP2_500C_CACN_NoCC,2075,XNF,CROP_FLW,901.7243835566856
SSP2_500C_CACN_NoCC,2075,XNF,PRM_FRS,3145.0117244684848
SSP2_500C_CACN_NoCC,2075,XNF,MNG_FRS,54.16904536356639
SSP2_500C_CACN_NoCC,2075,XNF,BIOCROP,4459.146747485441
SSP2_500C_CACN_NoCC,2075,XNF,GRAZING,73331.89741556362
SSP2_500C_CACN_NoCC,2075,XNF,GRASS,1901.5065433428358
SSP2_500C_CACN_NoCC,2075,XNF,URB,927.4797019042969
SSP2_500C_CACN_NoCC,2075,XAF,OTH,399410.63371875
SSP2_500C_CACN_NoCC,2075,XAF,CROP,472662.89473093214
SSP2_500C_CACN_NoCC,2075,XAF,CROP_FLW,2985.5607592452566
SSP2_500C_CACN_NoCC,2075,XAF,PRM_FRS,702362.7338542856
SSP2_500C_CACN_NoCC,2075,XAF,MNG_FRS,17322.934029642252
SSP2_500C_CACN_NoCC,2075,XAF,BIOCROP,61645.69079198205
SSP2_500C_CACN_NoCC,2075,XAF,GRAZING,843218.7367717581
SSP2_500C_CACN_NoCC,2075,XAF,GRASS,237074.24722943196
SSP2_500C_CACN_NoCC,2075,XAF,URB,2896.931178625107
SSP2_500C_CACN_NoCC,2075,ASIA2,OTH,312611.42105468747
SSP2_500C_CACN_NoCC,2075,ASIA2,CROP,336074.5470881781
SSP2_500C_CACN_NoCC,2075,ASIA2,CROP_FLW,2606.3414746848625
SSP2_500C_CACN_NoCC,2075,ASIA2,PRM_FRS,679056.2115583916
SSP2_500C_CACN_NoCC,2075,ASIA2,MNG_FRS,28307.75702407329
SSP2_500C_CACN_NoCC,2075,ASIA2,BIOCROP,94064.24682723977
SSP2_500C_CACN_NoCC,2075,ASIA2,GRAZING,515555.3572364166
SSP2_500C_CACN_NoCC,2075,ASIA2,GRASS,129654.96014646397
SSP2_500C_CACN_NoCC,2075,ASIA2,URB,16641.596986114502
SSP2_500C_CACN_NoCC,2075,World,OTH,2111196.772609375
SSP2_500C_CACN_NoCC,2075,World,CROP,1369377.7450347557
SSP2_500C_CACN_NoCC,2075,World,CROP_FLW,110419.637392426
SSP2_500C_CACN_NoCC,2075,World,PRM_FRS,4784275.413749244
SSP2_500C_CACN_NoCC,2075,World,MNG_FRS,189841.9036010142
SSP2_500C_CACN_NoCC,2075,World,BIOCROP,398347.133831996
SSP2_500C_CACN_NoCC,2075,World,GRAZING,3182641.4699545885
SSP2_500C_CACN_NoCC,2075,World,GRASS,1095682.3722991808
SSP2_500C_CACN_NoCC,2075,World,URB,61494.25336591386
SSP2_500C_CACN_NoCC,2075,Non-OECD,OTH,1776092.664609375
SSP2_500C_CACN_NoCC,2075,Non-OECD,CROP,1075164.975652482
SSP2_500C_CACN_NoCC,2075,Non-OECD,CROP_FLW,39967.7010468431
SSP2_500C_CACN_NoCC,2075,Non-OECD,PRM_FRS,3706229.1217272324
SSP2_500C_CACN_NoCC,2075,Non-OECD,MNG_FRS,76424.87260339476
SSP2_500C_CACN_NoCC,2075,Non-OECD,BIOCROP,263447.82364099275
SSP2_500C_CACN_NoCC,2075,Non-OECD,GRAZING,2499603.0337246344
SSP2_500C_CACN_NoCC,2075,Non-OECD,GRASS,604229.7995813994
SSP2_500C_CACN_NoCC,2075,Non-OECD,URB,35401.19061899567
SSP2_500C_CACN_NoCC,2075,Industrial,OTH,321872.108
SSP2_500C_CACN_NoCC,2075,Industrial,CROP,242197.29645005302
SSP2_500C_CACN_NoCC,2075,Industrial,CROP_FLW,67398.69086519611
SSP2_500C_CACN_NoCC,2075,Industrial,PRM_FRS,1016797.1693087942
SSP2_500C_CACN_NoCC,2075,Industrial,MNG_FRS,109528.14897447712
SSP2_500C_CACN_NoCC,2075,Industrial,BIOCROP,124674.98895689243
SSP2_500C_CACN_NoCC,2075,Industrial,GRAZING,655481.6284172571
SSP2_500C_CACN_NoCC,2075,Industrial,GRASS,474983.5217435855
SSP2_500C_CACN_NoCC,2075,Industrial,URB,24181.440413742544
SSP2_500C_CACN_NoCC,2075,Transition,OTH,520635.75745312497
SSP2_500C_CACN_NoCC,2075,Transition,CROP,407992.18791114184
SSP2_500C_CACN_NoCC,2075,Transition,CROP_FLW,31489.53746582297
SSP2_500C_CACN_NoCC,2075,Transition,PRM_FRS,2161551.994511687
SSP2_500C_CACN_NoCC,2075,Transition,MNG_FRS,44825.139872923064
SSP2_500C_CACN_NoCC,2075,Transition,BIOCROP,125165.06104341967
SSP2_500C_CACN_NoCC,2075,Transition,GRAZING,848699.6251545573
SSP2_500C_CACN_NoCC,2075,Transition,GRASS,143175.696068093
SSP2_500C_CACN_NoCC,2075,Transition,URB,22567.039569885255
SSP2_500C_CACN_NoCC,2075,Developing,OTH,1268688.90715625
SSP2_500C_CACN_NoCC,2075,Developing,CROP,719188.2606735609
SSP2_500C_CACN_NoCC,2075,Developing,CROP_FLW,11531.409061406901
SSP2_500C_CACN_NoCC,2075,Developing,PRM_FRS,1605926.2499287622
SSP2_500C_CACN_NoCC,2075,Developing,MNG_FRS,35488.614753614005
SSP2_500C_CACN_NoCC,2075,Developing,BIOCROP,148507.08383168385
SSP2_500C_CACN_NoCC,2075,Developing,GRAZING,1678460.216382774
SSP2_500C_CACN_NoCC,2075,Developing,GRASS,477523.1544875024
SSP2_500C_CACN_NoCC,2075,Developing,URB,14745.773382286072
SSP2_500C_CACN_NoCC,2075,R5ASIA,OTH,312611.42105468747
SSP2_500C_CACN_NoCC,2075,R5ASIA,CROP,334554.99343975494
SSP2_500C_CACN_NoCC,2075,R5ASIA,CROP_FLW,2203.2207863837557
SSP2_500C_CACN_NoCC,2075,R5ASIA,PRM_FRS,653579.9336319626
SSP2_500C_CACN_NoCC,2075,R5ASIA,MNG_FRS,27174.34370796932
SSP2_500C_CACN_NoCC,2075,R5ASIA,BIOCROP,93703.35583546483
SSP2_500C_CACN_NoCC,2075,R5ASIA,GRAZING,515507.026773275
SSP2_500C_CACN_NoCC,2075,R5ASIA,GRASS,129235.22143101225
SSP2_500C_CACN_NoCC,2075,R5ASIA,URB,14931.307018096923
SSP2_500C_CACN_NoCC,2075,R5OECD90+EU,OTH,335104.108
SSP2_500C_CACN_NoCC,2075,R5OECD90+EU,CROP,294212.7693822738
SSP2_500C_CACN_NoCC,2075,R5OECD90+EU,CROP_FLW,70451.93634558289
SSP2_500C_CACN_NoCC,2075,R5OECD90+EU,PRM_FRS,1078046.2920220112
SSP2_500C_CACN_NoCC,2075,R5OECD90+EU,MNG_FRS,113417.03099761944
SSP2_500C_CACN_NoCC,2075,R5OECD90+EU,BIOCROP,134899.31019100323
SSP2_500C_CACN_NoCC,2075,R5OECD90+EU,GRAZING,683038.4362299541
SSP2_500C_CACN_NoCC,2075,R5OECD90+EU,GRASS,491452.5727177815
SSP2_500C_CACN_NoCC,2075,R5OECD90+EU,URB,26093.062746918204
SSP2_500C_CACN_NoCC,2075,R5REF,OTH,253974.9918984375
SSP2_500C_CACN_NoCC,2075,R5REF,CROP,71448.10959146502
SSP2_500C_CACN_NoCC,2075,R5REF,CROP_FLW,28384.91371796315
SSP2_500C_CACN_NoCC,2075,R5REF,PRM_FRS,1106755.52775332
SSP2_500C_CACN_NoCC,2075,R5REF,MNG_FRS,19345.012128734466
SSP2_500C_CACN_NoCC,2075,R5REF,BIOCROP,34133.81169923989
SSP2_500C_CACN_NoCC,2075,R5REF,GRAZING,304183.2195323919
SSP2_500C_CACN_NoCC,2075,R5REF,GRASS,41047.28781064855
SSP2_500C_CACN_NoCC,2075,R5REF,URB,5880.5270887603765
SSP2_500C_CACN_NoCC,2075,R5MAF,OTH,1137323.0343437498
SSP2_500C_CACN_NoCC,2075,R5MAF,CROP,537449.1209642321
SSP2_500C_CACN_NoCC,2075,R5MAF,CROP_FLW,5132.277739841349
SSP2_500C_CACN_NoCC,2075,R5MAF,PRM_FRS,714609.772199771
SSP2_500C_CACN_NoCC,2075,R5MAF,MNG_FRS,17899.124137153744
SSP2_500C_CACN_NoCC,2075,R5MAF,BIOCROP,89659.05121471144
SSP2_500C_CACN_NoCC,2075,R5MAF,GRAZING,1179314.7804139599
SSP2_500C_CACN_NoCC,2075,R5MAF,GRASS,305450.91029475693
SSP2_500C_CACN_NoCC,2075,R5MAF,URB,5952.48283633995
SSP2_500C_CACN_NoCC,2075,R5LAM,OTH,72183.21731250001
SSP2_500C_CACN_NoCC,2075,R5LAM,CROP,131712.75165702982
SSP2_500C_CACN_NoCC,2075,R5LAM,CROP_FLW,4247.288802654841
SSP2_500C_CACN_NoCC,2075,R5LAM,PRM_FRS,1231283.8881421788
SSP2_500C_CACN_NoCC,2075,R5LAM,MNG_FRS,12006.39262953723
SSP2_500C_CACN_NoCC,2075,R5LAM,BIOCROP,45951.604891576564
SSP2_500C_CACN_NoCC,2075,R5LAM,GRAZING,500598.00700500765
SSP2_500C_CACN_NoCC,2075,R5LAM,GRASS,128496.3800449816
SSP2_500C_CACN_NoCC,2075,R5LAM,URB,8636.873675798419
SSP2_500C_CACN_NoCC,2080,USA,OTH,33613.452
SSP2_500C_CACN_NoCC,2080,USA,CROP,115415.3411498552
SSP2_500C_CACN_NoCC,2080,USA,CROP_FLW,29273.106712255343
SSP2_500C_CACN_NoCC,2080,USA,PRM_FRS,338062.84114703804
SSP2_500C_CACN_NoCC,2080,USA,MNG_FRS,36114.0180579551
SSP2_500C_CACN_NoCC,2080,USA,BIOCROP,47094.57489886835
SSP2_500C_CACN_NoCC,2080,USA,GRAZING,218378.96999796655
SSP2_500C_CACN_NoCC,2080,USA,GRASS,49813.05691987701
SSP2_500C_CACN_NoCC,2080,USA,URB,11695.345311309815
SSP2_500C_CACN_NoCC,2080,XE25,OTH,3206.0
SSP2_500C_CACN_NoCC,2080,XE25,CROP,59951.71817509521
SSP2_500C_CACN_NoCC,2080,XE25,CROP_FLW,7189.531012951496
SSP2_500C_CACN_NoCC,2080,XE25,PRM_FRS,132460.56588445048
SSP2_500C_CACN_NoCC,2080,XE25,MNG_FRS,36993.22672703545
SSP2_500C_CACN_NoCC,2080,XE25,BIOCROP,38029.47015072896
SSP2_500C_CACN_NoCC,2080,XE25,GRAZING,55454.998283621775
SSP2_500C_CACN_NoCC,2080,XE25,GRASS,13624.757821862695
SSP2_500C_CACN_NoCC,2080,XE25,URB,9106.496241195679
SSP2_500C_CACN_NoCC,2080,XER,OTH,13232.0
SSP2_500C_CACN_NoCC,2080,XER,CROP,28916.633264549324
SSP2_500C_CACN_NoCC,2080,XER,CROP_FLW,855.0813720061907
SSP2_500C_CACN_NoCC,2080,XER,PRM_FRS,47264.24231671956
SSP2_500C_CACN_NoCC,2080,XER,MNG_FRS,2951.497830947946
SSP2_500C_CACN_NoCC,2080,XER,BIOCROP,3632.8334298617656
SSP2_500C_CACN_NoCC,2080,XER,GRAZING,13994.608560638764
SSP2_500C_CACN_NoCC,2080,XER,GRASS,1503.214986665974
SSP2_500C_CACN_NoCC,2080,XER,URB,1090.242361709595
SSP2_500C_CACN_NoCC,2080,TUR,CROP,21676.82032532508
SSP2_500C_CACN_NoCC,2080,TUR,CROP_FLW,2379.0744192596053
SSP2_500C_CACN_NoCC,2080,TUR,PRM_FRS,14651.438292618008
SSP2_500C_CACN_NoCC,2080,TUR,MNG_FRS,754.3747029597171
SSP2_500C_CACN_NoCC,2080,TUR,BIOCROP,6854.493228173557
SSP2_500C_CACN_NoCC,2080,TUR,GRAZING,13756.101427490114
SSP2_500C_CACN_NoCC,2080,TUR,GRASS,15266.48901275517
SSP2_500C_CACN_NoCC,2080,TUR,URB,821.3799714660644
SSP2_500C_CACN_NoCC,2080,XOC,OTH,1467.0
SSP2_500C_CACN_NoCC,2080,XOC,CROP,37103.48857784848
SSP2_500C_CACN_NoCC,2080,XOC,CROP_FLW,28372.77033791778
SSP2_500C_CACN_NoCC,2080,XOC,PRM_FRS,218327.10778115434
SSP2_500C_CACN_NoCC,2080,XOC,MNG_FRS,2887.9516259960506
SSP2_500C_CACN_NoCC,2080,XOC,BIOCROP,36234.47060130552
SSP2_500C_CACN_NoCC,2080,XOC,GRAZING,370527.97631590767
SSP2_500C_CACN_NoCC,2080,XOC,GRASS,405040.4202438055
SSP2_500C_CACN_NoCC,2080,XOC,URB,883.3264156804086
SSP2_500C_CACN_NoCC,2080,CHN,OTH,239998.39534375
SSP2_500C_CACN_NoCC,2080,CHN,CROP,55766.30771183445
SSP2_500C_CACN_NoCC,2080,CHN,PRM_FRS,334875.2507098779
SSP2_500C_CACN_NoCC,2080,CHN,MNG_FRS,7781.837275088944
SSP2_500C_CACN_NoCC,2080,CHN,BIOCROP,38399.45640993757
SSP2_500C_CACN_NoCC,2080,CHN,GRAZING,344092.7006580127
SSP2_500C_CACN_NoCC,2080,CHN,GRASS,41696.226773496724
SSP2_500C_CACN_NoCC,2080,CHN,URB,8006.078889526368
SSP2_500C_CACN_NoCC,2080,IND,OTH,13430.3702109375
SSP2_500C_CACN_NoCC,2080,IND,CROP,168943.65843765726
SSP2_500C_CACN_NoCC,2080,IND,PRM_FRS,42479.66248786014
SSP2_500C_CACN_NoCC,2080,IND,MNG_FRS,10060.411618976246
SSP2_500C_CACN_NoCC,2080,IND,BIOCROP,18222.369803070877
SSP2_500C_CACN_NoCC,2080,IND,GRAZING,7307.12341525013
SSP2_500C_CACN_NoCC,2080,IND,GRASS,13004.88286913388
SSP2_500C_CACN_NoCC,2080,IND,URB,3026.2728974914553
SSP2_500C_CACN_NoCC,2080,JPN,CROP,1449.0759780542066
SSP2_500C_CACN_NoCC,2080,JPN,CROP_FLW,424.44183255170697
SSP2_500C_CACN_NoCC,2080,JPN,PRM_FRS,25594.39014831959
SSP2_500C_CACN_NoCC,2080,JPN,MNG_FRS,1059.0108020422465
SSP2_500C_CACN_NoCC,2080,JPN,BIOCROP,356.121737711502
SSP2_500C_CACN_NoCC,2080,JPN,GRAZING,48.627653814148324
SSP2_500C_CACN_NoCC,2080,JPN,GRASS,429.65759713204966
SSP2_500C_CACN_NoCC,2080,JPN,URB,1710.2899680175783
SSP2_500C_CACN_NoCC,2080,XSE,OTH,14506.901
SSP2_500C_CACN_NoCC,2080,XSE,CROP,55235.984250917594
SSP2_500C_CACN_NoCC,2080,XSE,CROP_FLW,992.2687377451707
SSP2_500C_CACN_NoCC,2080,XSE,PRM_FRS,272210.71759641997
SSP2_500C_CACN_NoCC,2080,XSE,MNG_FRS,4874.823267412307
SSP2_500C_CACN_NoCC,2080,XSE,BIOCROP,32312.224481316844
SSP2_500C_CACN_NoCC,2080,XSE,GRAZING,122778.6305353794
SSP2_500C_CACN_NoCC,2080,XSE,GRASS,45860.63713865828
SSP2_500C_CACN_NoCC,2080,XSE,URB,3032.1656320037837
SSP2_500C_CACN_NoCC,2080,XSA,OTH,44675.7545
SSP2_500C_CACN_NoCC,2080,XSA,CROP,46903.90213131298
SSP2_500C_CACN_NoCC,2080,XSA,CROP_FLW,1219.0401640251557
SSP2_500C_CACN_NoCC,2080,XSA,PRM_FRS,15102.64025097104
SSP2_500C_CACN_NoCC,2080,XSA,MNG_FRS,2889.282914094867
SSP2_500C_CACN_NoCC,2080,XSA,BIOCROP,7942.111059967811
SSP2_500C_CACN_NoCC,2080,XSA,GRAZING,40047.240871018104
SSP2_500C_CACN_NoCC,2080,XSA,GRASS,24958.704036386123
SSP2_500C_CACN_NoCC,2080,XSA,URB,866.7895990753174
SSP2_500C_CACN_NoCC,2080,CAN,OTH,283585.656
SSP2_500C_CACN_NoCC,2080,CAN,CROP,28314.917154576746
SSP2_500C_CACN_NoCC,2080,CAN,CROP_FLW,1564.6603538288516
SSP2_500C_CACN_NoCC,2080,CAN,PRM_FRS,307402.25826898613
SSP2_500C_CACN_NoCC,2080,CAN,MNG_FRS,28565.884758586504
SSP2_500C_CACN_NoCC,2080,CAN,BIOCROP,7494.585357098769
SSP2_500C_CACN_NoCC,2080,CAN,GRAZING,11577.04016613605
SSP2_500C_CACN_NoCC,2080,CAN,GRASS,430.4104839194638
SSP2_500C_CACN_NoCC,2080,CAN,URB,785.9824775390625
SSP2_500C_CACN_NoCC,2080,BRA,CROP,52841.15512904932
SSP2_500C_CACN_NoCC,2080,BRA,CROP_FLW,46.119278369438355
SSP2_500C_CACN_NoCC,2080,BRA,PRM_FRS,624767.3389680814
SSP2_500C_CACN_NoCC,2080,BRA,MNG_FRS,2368.6105019249653
SSP2_500C_CACN_NoCC,2080,BRA,BIOCROP,27484.465726498456
SSP2_500C_CACN_NoCC,2080,BRA,GRAZING,165369.16526968312
SSP2_500C_CACN_NoCC,2080,BRA,GRASS,27637.713580107527
SSP2_500C_CACN_NoCC,2080,BRA,URB,3742.538360931397
SSP2_500C_CACN_NoCC,2080,XLM,OTH,72183.21731250001
SSP2_500C_CACN_NoCC,2080,XLM,CROP,75773.77837919473
SSP2_500C_CACN_NoCC,2080,XLM,CROP_FLW,3971.212210654148
SSP2_500C_CACN_NoCC,2080,XLM,PRM_FRS,609141.8198705147
SSP2_500C_CACN_NoCC,2080,XLM,MNG_FRS,8856.839602666187
SSP2_500C_CACN_NoCC,2080,XLM,BIOCROP,21107.524380447292
SSP2_500C_CACN_NoCC,2080,XLM,GRAZING,339671.8858637145
SSP2_500C_CACN_NoCC,2080,XLM,GRASS,95258.68441198871
SSP2_500C_CACN_NoCC,2080,XLM,URB,4894.335314867021
SSP2_500C_CACN_NoCC,2080,CIS,OTH,253974.9918984375
SSP2_500C_CACN_NoCC,2080,CIS,CROP,68539.45976132489
SSP2_500C_CACN_NoCC,2080,CIS,CROP_FLW,27355.14831240257
SSP2_500C_CACN_NoCC,2080,CIS,PRM_FRS,1113454.2464677945
SSP2_500C_CACN_NoCC,2080,CIS,MNG_FRS,18303.600850900937
SSP2_500C_CACN_NoCC,2080,CIS,BIOCROP,34434.67311843494
SSP2_500C_CACN_NoCC,2080,CIS,GRAZING,303975.12864426343
SSP2_500C_CACN_NoCC,2080,CIS,GRASS,39235.625078641366
SSP2_500C_CACN_NoCC,2080,CIS,URB,5880.5270887603765
SSP2_500C_CACN_NoCC,2080,XME,OTH,281021.7655625
SSP2_500C_CACN_NoCC,2080,XME,CROP,32801.19733620566
SSP2_500C_CACN_NoCC,2080,XME,CROP_FLW,1208.770672597064
SSP2_500C_CACN_NoCC,2080,XME,PRM_FRS,9102.026621016996
SSP2_500C_CACN_NoCC,2080,XME,MNG_FRS,501.1970337533178
SSP2_500C_CACN_NoCC,2080,XME,BIOCROP,23601.136739687572
SSP2_500C_CACN_NoCC,2080,XME,GRAZING,264780.22621790576
SSP2_500C_CACN_NoCC,2080,XME,GRASS,64999.71673491608
SSP2_500C_CACN_NoCC,2080,XME,URB,2128.071955810547
SSP2_500C_CACN_NoCC,2080,XNF,OTH,456890.6350624999
SSP2_500C_CACN_NoCC,2080,XNF,CROP,31300.28508382241
SSP2_500C_CACN_NoCC,2080,XNF,CROP_FLW,847.756245579001
SSP2_500C_CACN_NoCC,2080,XNF,PRM_FRS,3145.011724468489
SSP2_500C_CACN_NoCC,2080,XNF,MNG_FRS,51.545580662028144
SSP2_500C_CACN_NoCC,2080,XNF,BIOCROP,4258.578508513287
SSP2_500C_CACN_NoCC,2080,XNF,GRAZING,73888.60672685149
SSP2_500C_CACN_NoCC,2080,XNF,GRASS,1756.1835711700087
SSP2_500C_CACN_NoCC,2080,XNF,URB,927.4797019042969
SSP2_500C_CACN_NoCC,2080,XAF,OTH,399410.63371875
SSP2_500C_CACN_NoCC,2080,XAF,CROP,481152.3361829179
SSP2_500C_CACN_NoCC,2080,XAF,CROP_FLW,2436.1540640716016
SSP2_500C_CACN_NoCC,2080,XAF,PRM_FRS,702362.7338542856
SSP2_500C_CACN_NoCC,2080,XAF,MNG_FRS,16733.455253951666
SSP2_500C_CACN_NoCC,2080,XAF,BIOCROP,72384.06222516556
SSP2_500C_CACN_NoCC,2080,XAF,GRAZING,847122.7192453991
SSP2_500C_CACN_NoCC,2080,XAF,GRASS,215081.33734148546
SSP2_500C_CACN_NoCC,2080,XAF,URB,2896.931178625107
SSP2_500C_CACN_NoCC,2080,ASIA2,OTH,312611.42105468747
SSP2_500C_CACN_NoCC,2080,ASIA2,CROP,328298.9285097765
SSP2_500C_CACN_NoCC,2080,ASIA2,CROP_FLW,2635.750734322033
SSP2_500C_CACN_NoCC,2080,ASIA2,PRM_FRS,690262.6611934486
SSP2_500C_CACN_NoCC,2080,ASIA2,MNG_FRS,26665.365877614608
SSP2_500C_CACN_NoCC,2080,ASIA2,BIOCROP,97232.2834920046
SSP2_500C_CACN_NoCC,2080,ASIA2,GRAZING,514274.3231334745
SSP2_500C_CACN_NoCC,2080,ASIA2,GRASS,125950.10841480707
SSP2_500C_CACN_NoCC,2080,ASIA2,URB,16641.596986114502
SSP2_500C_CACN_NoCC,2080,World,OTH,2111196.772609375
SSP2_500C_CACN_NoCC,2080,World,CROP,1362086.0590295414
SSP2_500C_CACN_NoCC,2080,World,CROP_FLW,108135.13572621511
SSP2_500C_CACN_NoCC,2080,World,PRM_FRS,4810404.292390577
SSP2_500C_CACN_NoCC,2080,World,MNG_FRS,181747.56840495448
SSP2_500C_CACN_NoCC,2080,World,BIOCROP,419843.15185678867
SSP2_500C_CACN_NoCC,2080,World,GRAZING,3192771.749853053
SSP2_500C_CACN_NoCC,2080,World,GRASS,1055597.718602002
SSP2_500C_CACN_NoCC,2080,World,URB,61494.25336591386
SSP2_500C_CACN_NoCC,2080,Non-OECD,OTH,1776092.664609375
SSP2_500C_CACN_NoCC,2080,Non-OECD,CROP,1069258.064404237
SSP2_500C_CACN_NoCC,2080,Non-OECD,CROP_FLW,38076.46968544415
SSP2_500C_CACN_NoCC,2080,Non-OECD,PRM_FRS,3726641.44855129
SSP2_500C_CACN_NoCC,2080,Non-OECD,MNG_FRS,72421.60389943147
SSP2_500C_CACN_NoCC,2080,Non-OECD,BIOCROP,280146.6024530402
SSP2_500C_CACN_NoCC,2080,Non-OECD,GRAZING,2509033.427447478
SSP2_500C_CACN_NoCC,2080,Non-OECD,GRASS,569489.7115359842
SSP2_500C_CACN_NoCC,2080,Non-OECD,URB,35401.19061899567
SSP2_500C_CACN_NoCC,2080,Industrial,OTH,321872.108
SSP2_500C_CACN_NoCC,2080,Industrial,CROP,242234.54103542984
SSP2_500C_CACN_NoCC,2080,Industrial,CROP_FLW,66824.51024950517
SSP2_500C_CACN_NoCC,2080,Industrial,PRM_FRS,1021847.1632299485
SSP2_500C_CACN_NoCC,2080,Industrial,MNG_FRS,105620.09197161536
SSP2_500C_CACN_NoCC,2080,Industrial,BIOCROP,129209.22274571308
SSP2_500C_CACN_NoCC,2080,Industrial,GRAZING,655987.6124174461
SSP2_500C_CACN_NoCC,2080,Industrial,GRASS,469338.30306659674
SSP2_500C_CACN_NoCC,2080,Industrial,URB,24181.440413742544
SSP2_500C_CACN_NoCC,2080,Transition,OTH,520635.75745312497
SSP2_500C_CACN_NoCC,2080,Transition,CROP,396684.0346297403
SSP2_500C_CACN_NoCC,2080,Transition,CROP_FLW,30635.423382037803
SSP2_500C_CACN_NoCC,2080,Transition,PRM_FRS,2177492.179242952
SSP2_500C_CACN_NoCC,2080,Transition,MNG_FRS,42220.33278079875
SSP2_500C_CACN_NoCC,2080,Transition,BIOCROP,129028.29171597716
SSP2_500C_CACN_NoCC,2080,Transition,GRAZING,848494.8279753383
SSP2_500C_CACN_NoCC,2080,Transition,GRASS,138344.15230080066
SSP2_500C_CACN_NoCC,2080,Transition,URB,22567.039569885255
SSP2_500C_CACN_NoCC,2080,Developing,OTH,1268688.90715625
SSP2_500C_CACN_NoCC,2080,Developing,CROP,723167.4833643712
SSP2_500C_CACN_NoCC,2080,Developing,CROP_FLW,10675.20209467214
SSP2_500C_CACN_NoCC,2080,Developing,PRM_FRS,1611064.9499176769
SSP2_500C_CACN_NoCC,2080,Developing,MNG_FRS,33907.14365254037
SSP2_500C_CACN_NoCC,2080,Developing,BIOCROP,161605.63739509834
SSP2_500C_CACN_NoCC,2080,Developing,GRAZING,1688289.3094602684
SSP2_500C_CACN_NoCC,2080,Developing,GRASS,447915.2632346047
SSP2_500C_CACN_NoCC,2080,Developing,URB,14745.773382286072
SSP2_500C_CACN_NoCC,2080,R5ASIA,OTH,312611.42105468747
SSP2_500C_CACN_NoCC,2080,R5ASIA,CROP,326849.8525317223
SSP2_500C_CACN_NoCC,2080,R5ASIA,CROP_FLW,2211.3089017703264
SSP2_500C_CACN_NoCC,2080,R5ASIA,PRM_FRS,664668.271045129
SSP2_500C_CACN_NoCC,2080,R5ASIA,MNG_FRS,25606.355075572363
SSP2_500C_CACN_NoCC,2080,R5ASIA,BIOCROP,96876.1617542931
SSP2_500C_CACN_NoCC,2080,R5ASIA,GRAZING,514225.69547966035
SSP2_500C_CACN_NoCC,2080,R5ASIA,GRASS,125520.45081767501
SSP2_500C_CACN_NoCC,2080,R5ASIA,URB,14931.307018096923
SSP2_500C_CACN_NoCC,2080,R5OECD90+EU,OTH,335104.108
SSP2_500C_CACN_NoCC,2080,R5OECD90+EU,CROP,292827.99462530424
SSP2_500C_CACN_NoCC,2080,R5OECD90+EU,CROP_FLW,70058.66604077097
SSP2_500C_CACN_NoCC,2080,R5OECD90+EU,PRM_FRS,1083762.843839286
SSP2_500C_CACN_NoCC,2080,R5OECD90+EU,MNG_FRS,109325.96450552302
SSP2_500C_CACN_NoCC,2080,R5OECD90+EU,BIOCROP,139696.54940374845
SSP2_500C_CACN_NoCC,2080,R5OECD90+EU,GRAZING,683738.3224055751
SSP2_500C_CACN_NoCC,2080,R5OECD90+EU,GRASS,486108.0070660179
SSP2_500C_CACN_NoCC,2080,R5OECD90+EU,URB,26093.062746918204
SSP2_500C_CACN_NoCC,2080,R5REF,OTH,253974.9918984375
SSP2_500C_CACN_NoCC,2080,R5REF,CROP,68539.45976132489
SSP2_500C_CACN_NoCC,2080,R5REF,CROP_FLW,27355.14831240257
SSP2_500C_CACN_NoCC,2080,R5REF,PRM_FRS,1113454.2464677945
SSP2_500C_CACN_NoCC,2080,R5REF,MNG_FRS,18303.600850900937
SSP2_500C_CACN_NoCC,2080,R5REF,BIOCROP,34434.67311843494
SSP2_500C_CACN_NoCC,2080,R5REF,GRAZING,303975.12864426343
SSP2_500C_CACN_NoCC,2080,R5REF,GRASS,39235.625078641366
SSP2_500C_CACN_NoCC,2080,R5REF,URB,5880.5270887603765
SSP2_500C_CACN_NoCC,2080,R5MAF,OTH,1137323.0343437498
SSP2_500C_CACN_NoCC,2080,R5MAF,CROP,545253.8186029459
SSP2_500C_CACN_NoCC,2080,R5MAF,CROP_FLW,4492.680982247666
SSP2_500C_CACN_NoCC,2080,R5MAF,PRM_FRS,714609.772199771
SSP2_500C_CACN_NoCC,2080,R5MAF,MNG_FRS,17286.197868367013
SSP2_500C_CACN_NoCC,2080,R5MAF,BIOCROP,100243.77747336641
SSP2_500C_CACN_NoCC,2080,R5MAF,GRAZING,1185791.5521901564
SSP2_500C_CACN_NoCC,2080,R5MAF,GRASS,281837.23764757154
SSP2_500C_CACN_NoCC,2080,R5MAF,URB,5952.48283633995
SSP2_500C_CACN_NoCC,2080,R5LAM,OTH,72183.21731250001
SSP2_500C_CACN_NoCC,2080,R5LAM,CROP,128614.93350824405
SSP2_500C_CACN_NoCC,2080,R5LAM,CROP_FLW,4017.331489023586
SSP2_500C_CACN_NoCC,2080,R5LAM,PRM_FRS,1233909.1588385962
SSP2_500C_CACN_NoCC,2080,R5LAM,MNG_FRS,11225.450104591153
SSP2_500C_CACN_NoCC,2080,R5LAM,BIOCROP,48591.99010694575
SSP2_500C_CACN_NoCC,2080,R5LAM,GRAZING,505041.0511333976
SSP2_500C_CACN_NoCC,2080,R5LAM,GRASS,122896.39799209623
SSP2_500C_CACN_NoCC,2080,R5LAM,URB,8636.873675798419
SSP2_500C_CACN_NoCC,2085,USA,OTH,33613.452
SSP2_500C_CACN_NoCC,2085,USA,CROP,116215.46465507457
SSP2_500C_CACN_NoCC,2085,USA,CROP_FLW,28697.267914885786
SSP2_500C_CACN_NoCC,2085,USA,PRM_FRS,341057.95257085084
SSP2_500C_CACN_NoCC,2085,USA,MNG_FRS,34931.16990773796
SSP2_500C_CACN_NoCC,2085,USA,BIOCROP,46511.63758181107
SSP2_500C_CACN_NoCC,2085,USA,GRAZING,218143.45192534465
SSP2_500C_CACN_NoCC,2085,USA,GRASS,48594.96432811094
SSP2_500C_CACN_NoCC,2085,USA,URB,11695.345311309815
SSP2_500C_CACN_NoCC,2085,XE25,OTH,3206.0
SSP2_500C_CACN_NoCC,2085,XE25,CROP,59244.59791201066
SSP2_500C_CACN_NoCC,2085,XE25,CROP_FLW,7204.052035370321
SSP2_500C_CACN_NoCC,2085,XE25,PRM_FRS,135621.27539366655
SSP2_500C_CACN_NoCC,2085,XE25,MNG_FRS,34835.76156204
SSP2_500C_CACN_NoCC,2085,XE25,BIOCROP,37509.93385436743
SSP2_500C_CACN_NoCC,2085,XE25,GRAZING,55663.48773095348
SSP2_500C_CACN_NoCC,2085,XE25,GRASS,13625.15956733754
SSP2_500C_CACN_NoCC,2085,XE25,URB,9106.496241195679
SSP2_500C_CACN_NoCC,2085,XER,OTH,13232.0
SSP2_500C_CACN_NoCC,2085,XER,CROP,27905.617714849195
SSP2_500C_CACN_NoCC,2085,XER,CROP_FLW,808.775851564085
SSP2_500C_CACN_NoCC,2085,XER,PRM_FRS,48834.054879480434
SSP2_500C_CACN_NoCC,2085,XER,MNG_FRS,2761.559131820186
SSP2_500C_CACN_NoCC,2085,XER,BIOCROP,3452.209200194679
SSP2_500C_CACN_NoCC,2085,XER,GRAZING,13951.930696753101
SSP2_500C_CACN_NoCC,2085,XER,GRASS,1403.9642867278087
SSP2_500C_CACN_NoCC,2085,XER,URB,1090.242361709595
SSP2_500C_CACN_NoCC,2085,TUR,CROP,21222.06140492498
SSP2_500C_CACN_NoCC,2085,TUR,CROP_FLW,2417.396960530773
SSP2_500C_CACN_NoCC,2085,TUR,PRM_FRS,14892.997440941823
SSP2_500C_CACN_NoCC,2085,TUR,MNG_FRS,713.7660482664044
SSP2_500C_CACN_NoCC,2085,TUR,BIOCROP,6969.974028104379
SSP2_500C_CACN_NoCC,2085,TUR,GRAZING,13782.403183791605
SSP2_500C_CACN_NoCC,2085,TUR,GRASS,15340.19234202135
SSP2_500C_CACN_NoCC,2085,TUR,URB,821.3799714660644
SSP2_500C_CACN_NoCC,2085,XOC,OTH,1467.0
SSP2_500C_CACN_NoCC,2085,XOC,CROP,37619.81239476247
SSP2_500C_CACN_NoCC,2085,XOC,CROP_FLW,27724.132681162275
SSP2_500C_CACN_NoCC,2085,XOC,PRM_FRS,218327.1077811544
SSP2_500C_CACN_NoCC,2085,XOC,MNG_FRS,2762.925247709175
SSP2_500C_CACN_NoCC,2085,XOC,BIOCROP,41705.67755456056
SSP2_500C_CACN_NoCC,2085,XOC,GRAZING,370508.19276602584
SSP2_500C_CACN_NoCC,2085,XOC,GRASS,399846.33705856075
SSP2_500C_CACN_NoCC,2085,XOC,URB,883.3264156804086
SSP2_500C_CACN_NoCC,2085,CHN,OTH,239998.39534375
SSP2_500C_CACN_NoCC,2085,CHN,CROP,51768.69743349976
SSP2_500C_CACN_NoCC,2085,CHN,PRM_FRS,347363.024858928
SSP2_500C_CACN_NoCC,2085,CHN,MNG_FRS,7034.226307684793
SSP2_500C_CACN_NoCC,2085,CHN,BIOCROP,37668.548425392364
SSP2_500C_CACN_NoCC,2085,CHN,GRAZING,340696.028566822
SSP2_500C_CACN_NoCC,2085,CHN,GRASS,38081.253945921184
SSP2_500C_CACN_NoCC,2085,CHN,URB,8006.078889526368
SSP2_500C_CACN_NoCC,2085,IND,OTH,13430.3702109375
SSP2_500C_CACN_NoCC,2085,IND,CROP,167439.00215024373
SSP2_500C_CACN_NoCC,2085,IND,PRM_FRS,43193.27964897313
SSP2_500C_CACN_NoCC,2085,IND,MNG_FRS,9566.986322467503
SSP2_500C_CACN_NoCC,2085,IND,BIOCROP,19286.569406029936
SSP2_500C_CACN_NoCC,2085,IND,GRAZING,7368.1107175048855
SSP2_500C_CACN_NoCC,2085,IND,GRASS,13164.16038672997
SSP2_500C_CACN_NoCC,2085,IND,URB,3026.2728974914553
SSP2_500C_CACN_NoCC,2085,JPN,CROP,1376.9601504652355
SSP2_500C_CACN_NoCC,2085,JPN,CROP_FLW,410.8557017364704
SSP2_500C_CACN_NoCC,2085,JPN,PRM_FRS,25787.072058848218
SSP2_500C_CACN_NoCC,2085,JPN,MNG_FRS,974.1044923535021
SSP2_500C_CACN_NoCC,2085,JPN,BIOCROP,342.9292845961041
SSP2_500C_CACN_NoCC,2085,JPN,GRAZING,48.71597295543167
SSP2_500C_CACN_NoCC,2085,JPN,GRASS,420.6880886704684
SSP2_500C_CACN_NoCC,2085,JPN,URB,1710.2899680175783
SSP2_500C_CACN_NoCC,2085,XSE,OTH,14506.901
SSP2_500C_CACN_NoCC,2085,XSE,CROP,52980.52739979779
SSP2_500C_CACN_NoCC,2085,XSE,CROP_FLW,963.8947666611008
SSP2_500C_CACN_NoCC,2085,XSE,PRM_FRS,277136.28496697155
SSP2_500C_CACN_NoCC,2085,XSE,MNG_FRS,4581.431315663068
SSP2_500C_CACN_NoCC,2085,XSE,BIOCROP,32436.981732426062
SSP2_500C_CACN_NoCC,2085,XSE,GRAZING,122271.24530053779
SSP2_500C_CACN_NoCC,2085,XSE,GRASS,43894.92052579327
SSP2_500C_CACN_NoCC,2085,XSE,URB,3032.1656320037837
SSP2_500C_CACN_NoCC,2085,XSA,OTH,44675.7545
SSP2_500C_CACN_NoCC,2085,XSA,CROP,46728.914210806564
SSP2_500C_CACN_NoCC,2085,XSA,CROP_FLW,1154.7424281954284
SSP2_500C_CACN_NoCC,2085,XSA,PRM_FRS,15102.64025097104
SSP2_500C_CACN_NoCC,2085,XSA,MNG_FRS,2766.44810604577
SSP2_500C_CACN_NoCC,2085,XSA,BIOCROP,8502.106428181309
SSP2_500C_CACN_NoCC,2085,XSA,GRAZING,40305.60790512862
SSP2_500C_CACN_NoCC,2085,XSA,GRASS,24502.462098446995
SSP2_500C_CACN_NoCC,2085,XSA,URB,866.7895990753174
SSP2_500C_CACN_NoCC,2085,CAN,OTH,283585.656
SSP2_500C_CACN_NoCC,2085,CAN,CROP,28182.810014369796
SSP2_500C_CACN_NoCC,2085,CAN,CROP_FLW,1503.745901929279
SSP2_500C_CACN_NoCC,2085,CAN,PRM_FRS,308881.38659416675
SSP2_500C_CACN_NoCC,2085,CAN,MNG_FRS,27455.79501839122
SSP2_500C_CACN_NoCC,2085,CAN,BIOCROP,7353.320061737084
SSP2_500C_CACN_NoCC,2085,CAN,GRAZING,11559.915462443472
SSP2_500C_CACN_NoCC,2085,CAN,GRASS,412.78349009509867
SSP2_500C_CACN_NoCC,2085,CAN,URB,785.9824775390625
SSP2_500C_CACN_NoCC,2085,BRA,CROP,51658.85279511107
SSP2_500C_CACN_NoCC,2085,BRA,CROP_FLW,41.656302583815155
SSP2_500C_CACN_NoCC,2085,BRA,PRM_FRS,624767.3389680774
SSP2_500C_CACN_NoCC,2085,BRA,MNG_FRS,2211.635157616772
SSP2_500C_CACN_NoCC,2085,BRA,BIOCROP,28874.378448833402
SSP2_500C_CACN_NoCC,2085,BRA,GRAZING,166503.2747461013
SSP2_500C_CACN_NoCC,2085,BRA,GRASS,26457.43203540498
SSP2_500C_CACN_NoCC,2085,BRA,URB,3742.538360931397
SSP2_500C_CACN_NoCC,2085,XLM,OTH,72183.21731250001
SSP2_500C_CACN_NoCC,2085,XLM,CROP,74354.64432792789
SSP2_500C_CACN_NoCC,2085,XLM,CROP_FLW,3739.498447879914
SSP2_500C_CACN_NoCC,2085,XLM,PRM_FRS,612040.3308496765
SSP2_500C_CACN_NoCC,2085,XLM,MNG_FRS,8235.663748516768
SSP2_500C_CACN_NoCC,2085,XLM,BIOCROP,22280.827692830724
SSP2_500C_CACN_NoCC,2085,XLM,GRAZING,342237.29293926916
SSP2_500C_CACN_NoCC,2085,XLM,GRASS,90893.48671305638
SSP2_500C_CACN_NoCC,2085,XLM,URB,4894.335314867021
SSP2_500C_CACN_NoCC,2085,CIS,OTH,253974.9918984375
SSP2_500C_CACN_NoCC,2085,CIS,CROP,66442.92175364819
SSP2_500C_CACN_NoCC,2085,CIS,CROP_FLW,26073.483809078305
SSP2_500C_CACN_NoCC,2085,CIS,PRM_FRS,1120850.1732064825
SSP2_500C_CACN_NoCC,2085,CIS,MNG_FRS,17319.73306866479
SSP2_500C_CACN_NoCC,2085,CIS,BIOCROP,34270.669287450255
SSP2_500C_CACN_NoCC,2085,CIS,GRAZING,303295.08695543406
SSP2_500C_CACN_NoCC,2085,CIS,GRASS,37045.814153003994
SSP2_500C_CACN_NoCC,2085,CIS,URB,5880.5270887603765
SSP2_500C_CACN_NoCC,2085,XME,OTH,281021.7655625
SSP2_500C_CACN_NoCC,2085,XME,CROP,32402.02135926825
SSP2_500C_CACN_NoCC,2085,XME,CROP_FLW,1160.326384433664
SSP2_500C_CACN_NoCC,2085,XME,PRM_FRS,9102.026621016998
SSP2_500C_CACN_NoCC,2085,XME,MNG_FRS,479.3067187754883
SSP2_500C_CACN_NoCC,2085,XME,BIOCROP,23807.461759828057
SSP2_500C_CACN_NoCC,2085,XME,GRAZING,266735.78941988124
SSP2_500C_CACN_NoCC,2085,XME,GRASS,63307.339092878705
SSP2_500C_CACN_NoCC,2085,XME,URB,2128.071955810547
SSP2_500C_CACN_NoCC,2085,XNF,OTH,456890.6350624999
SSP2_500C_CACN_NoCC,2085,XNF,CROP,31152.382234260545
SSP2_500C_CACN_NoCC,2085,XNF,CROP_FLW,803.5545151159326
SSP2_500C_CACN_NoCC,2085,XNF,PRM_FRS,3145.0117244684834
SSP2_500C_CACN_NoCC,2085,XNF,MNG_FRS,48.99534803829095
SSP2_500C_CACN_NoCC,2085,XNF,BIOCROP,4033.637391826442
SSP2_500C_CACN_NoCC,2085,XNF,GRAZING,74430.1465735586
SSP2_500C_CACN_NoCC,2085,XNF,GRASS,1634.2396537983795
SSP2_500C_CACN_NoCC,2085,XNF,URB,927.4797019042969
SSP2_500C_CACN_NoCC,2085,XAF,OTH,399410.63371875
SSP2_500C_CACN_NoCC,2085,XAF,CROP,491700.6316204877
SSP2_500C_CACN_NoCC,2085,XAF,CROP_FLW,1999.9649913944274
SSP2_500C_CACN_NoCC,2085,XAF,PRM_FRS,702362.7338542858
SSP2_500C_CACN_NoCC,2085,XAF,MNG_FRS,16108.146371718152
SSP2_500C_CACN_NoCC,2085,XAF,BIOCROP,81216.03288595067
SSP2_500C_CACN_NoCC,2085,XAF,GRAZING,848477.8908261628
SSP2_500C_CACN_NoCC,2085,XAF,GRASS,195407.3976172773
SSP2_500C_CACN_NoCC,2085,XAF,URB,2896.931178625107
SSP2_500C_CACN_NoCC,2085,ASIA2,OTH,312611.42105468747
SSP2_500C_CACN_NoCC,2085,ASIA2,CROP,320294.10134481307
SSP2_500C_CACN_NoCC,2085,ASIA2,CROP_FLW,2529.4928965929994
SSP2_500C_CACN_NoCC,2085,ASIA2,PRM_FRS,708582.301784692
SSP2_500C_CACN_NoCC,2085,ASIA2,MNG_FRS,24923.196544214632
SSP2_500C_CACN_NoCC,2085,ASIA2,BIOCROP,98237.13527662578
SSP2_500C_CACN_NoCC,2085,ASIA2,GRAZING,510689.70846294874
SSP2_500C_CACN_NoCC,2085,ASIA2,GRASS,120063.48504556189
SSP2_500C_CACN_NoCC,2085,ASIA2,URB,16641.596986114502
SSP2_500C_CACN_NoCC,2085,World,OTH,2111196.772609375
SSP2_500C_CACN_NoCC,2085,World,CROP,1358395.9195315083
SSP2_500C_CACN_NoCC,2085,World,CROP_FLW,104703.34869252155
SSP2_500C_CACN_NoCC,2085,World,PRM_FRS,4848464.69166896
SSP2_500C_CACN_NoCC,2085,World,MNG_FRS,172787.65387350984
SSP2_500C_CACN_NoCC,2085,World,BIOCROP,436222.89502412046
SSP2_500C_CACN_NoCC,2085,World,GRAZING,3195978.571688668
SSP2_500C_CACN_NoCC,2085,World,GRASS,1014032.5953838351
SSP2_500C_CACN_NoCC,2085,World,URB,61494.25336591386
SSP2_500C_CACN_NoCC,2085,Non-OECD,OTH,1776092.664609375
SSP2_500C_CACN_NoCC,2085,Non-OECD,CROP,1066628.5952850515
SSP2_500C_CACN_NoCC,2085,Non-OECD,CROP_FLW,35937.12164534259
SSP2_500C_CACN_NoCC,2085,Non-OECD,PRM_FRS,3755062.8449498517
SSP2_500C_CACN_NoCC,2085,Non-OECD,MNG_FRS,68352.57246519139
SSP2_500C_CACN_NoCC,2085,Non-OECD,BIOCROP,292377.21345874923
SSP2_500C_CACN_NoCC,2085,Non-OECD,GRAZING,2512320.4739504005
SSP2_500C_CACN_NoCC,2085,Non-OECD,GRASS,534388.5062223112
SSP2_500C_CACN_NoCC,2085,Non-OECD,URB,35401.19061899567
SSP2_500C_CACN_NoCC,2085,Industrial,OTH,321872.108
SSP2_500C_CACN_NoCC,2085,Industrial,CROP,242639.6451266827
SSP2_500C_CACN_NoCC,2085,Industrial,CROP_FLW,65540.05423508413
SSP2_500C_CACN_NoCC,2085,Industrial,PRM_FRS,1029674.7943986867
SSP2_500C_CACN_NoCC,2085,Industrial,MNG_FRS,100959.75622823187
SSP2_500C_CACN_NoCC,2085,Industrial,BIOCROP,133423.49833707223
SSP2_500C_CACN_NoCC,2085,Industrial,GRAZING,655923.763857723
SSP2_500C_CACN_NoCC,2085,Industrial,GRASS,462899.9325327748
SSP2_500C_CACN_NoCC,2085,Industrial,URB,24181.440413742544
SSP2_500C_CACN_NoCC,2085,Transition,OTH,520635.75745312497
SSP2_500C_CACN_NoCC,2085,Transition,CROP,386437.15325227694
SSP2_500C_CACN_NoCC,2085,Transition,CROP_FLW,29341.312923756977
SSP2_500C_CACN_NoCC,2085,Transition,PRM_FRS,2199900.8690028833
SSP2_500C_CACN_NoCC,2085,Transition,MNG_FRS,39607.90603652045
SSP2_500C_CACN_NoCC,2085,Transition,BIOCROP,130522.34879600501
SSP2_500C_CACN_NoCC,2085,Transition,GRAZING,845596.834866407
SSP2_500C_CACN_NoCC,2085,Transition,GRASS,131492.8171498093
SSP2_500C_CACN_NoCC,2085,Transition,URB,22567.039569885255
SSP2_500C_CACN_NoCC,2085,Developing,OTH,1268688.90715625
SSP2_500C_CACN_NoCC,2085,Developing,CROP,729319.1211525488
SSP2_500C_CACN_NoCC,2085,Developing,CROP_FLW,9821.981533680466
SSP2_500C_CACN_NoCC,2085,Developing,PRM_FRS,1618889.0282673903
SSP2_500C_CACN_NoCC,2085,Developing,MNG_FRS,32219.991608757537
SSP2_500C_CACN_NoCC,2085,Developing,BIOCROP,172277.04789104324
SSP2_500C_CACN_NoCC,2085,Developing,GRAZING,1694457.9729645383
SSP2_500C_CACN_NoCC,2085,Developing,GRASS,419639.84570125106
SSP2_500C_CACN_NoCC,2085,Developing,URB,14745.773382286072
SSP2_500C_CACN_NoCC,2085,R5ASIA,OTH,312611.42105468747
SSP2_500C_CACN_NoCC,2085,R5ASIA,CROP,318917.1411943478
SSP2_500C_CACN_NoCC,2085,R5ASIA,CROP_FLW,2118.6371948565293
SSP2_500C_CACN_NoCC,2085,R5ASIA,PRM_FRS,682795.2297258438
SSP2_500C_CACN_NoCC,2085,R5ASIA,MNG_FRS,23949.09205186113
SSP2_500C_CACN_NoCC,2085,R5ASIA,BIOCROP,97894.20599202966
SSP2_500C_CACN_NoCC,2085,R5ASIA,GRAZING,510640.9924899933
SSP2_500C_CACN_NoCC,2085,R5ASIA,GRASS,119642.79695689143
SSP2_500C_CACN_NoCC,2085,R5ASIA,URB,14931.307018096923
SSP2_500C_CACN_NoCC,2085,R5OECD90+EU,OTH,335104.108
SSP2_500C_CACN_NoCC,2085,R5OECD90+EU,CROP,291767.3242464569
SSP2_500C_CACN_NoCC,2085,R5OECD90+EU,CROP_FLW,68766.22704717897
SSP2_500C_CACN_NoCC,2085,R5OECD90+EU,PRM_FRS,1093401.846719109
SSP2_500C_CACN_NoCC,2085,R5OECD90+EU,MNG_FRS,104435.08140831847
SSP2_500C_CACN_NoCC,2085,R5OECD90+EU,BIOCROP,143845.6815653713
SSP2_500C_CACN_NoCC,2085,R5OECD90+EU,GRAZING,683658.0977382676
SSP2_500C_CACN_NoCC,2085,R5OECD90+EU,GRASS,479644.089161524
SSP2_500C_CACN_NoCC,2085,R5OECD90+EU,URB,26093.062746918204
SSP2_500C_CACN_NoCC,2085,R5REF,OTH,253974.9918984375
SSP2_500C_CACN_NoCC,2085,R5REF,CROP,66442.92175364819
SSP2_500C_CACN_NoCC,2085,R5REF,CROP_FLW,26073.483809078305
SSP2_500C_CACN_NoCC,2085,R5REF,PRM_FRS,1120850.1732064825
SSP2_500C_CACN_NoCC,2085,R5REF,MNG_FRS,17319.73306866479
SSP2_500C_CACN_NoCC,2085,R5REF,BIOCROP,34270.669287450255
SSP2_500C_CACN_NoCC,2085,R5REF,GRAZING,303295.08695543406
SSP2_500C_CACN_NoCC,2085,R5REF,GRASS,37045.814153003994
SSP2_500C_CACN_NoCC,2085,R5REF,URB,5880.5270887603765
SSP2_500C_CACN_NoCC,2085,R5MAF,OTH,1137323.0343437498
SSP2_500C_CACN_NoCC,2085,R5MAF,CROP,555255.0352140166
SSP2_500C_CACN_NoCC,2085,R5MAF,CROP_FLW,3963.845890944024
SSP2_500C_CACN_NoCC,2085,R5MAF,PRM_FRS,714609.7721997713
SSP2_500C_CACN_NoCC,2085,R5MAF,MNG_FRS,16636.44843853193
SSP2_500C_CACN_NoCC,2085,R5MAF,BIOCROP,109057.13203760517
SSP2_500C_CACN_NoCC,2085,R5MAF,GRAZING,1189643.8268196026
SSP2_500C_CACN_NoCC,2085,R5MAF,GRASS,260348.9763639544
SSP2_500C_CACN_NoCC,2085,R5MAF,URB,5952.48283633995
SSP2_500C_CACN_NoCC,2085,R5LAM,OTH,72183.21731250001
SSP2_500C_CACN_NoCC,2085,R5LAM,CROP,126013.49712303895
SSP2_500C_CACN_NoCC,2085,R5LAM,CROP_FLW,3781.1547504637288
SSP2_500C_CACN_NoCC,2085,R5LAM,PRM_FRS,1236807.669817754
SSP2_500C_CACN_NoCC,2085,R5LAM,MNG_FRS,10447.298906133541
SSP2_500C_CACN_NoCC,2085,R5LAM,BIOCROP,51155.20614166412
SSP2_500C_CACN_NoCC,2085,R5LAM,GRAZING,508740.56768537045
SSP2_500C_CACN_NoCC,2085,R5LAM,GRASS,117350.91874846136
SSP2_500C_CACN_NoCC,2085,R5LAM,URB,8636.873675798419
SSP2_500C_CACN_NoCC,2090,USA,OTH,33613.452
SSP2_500C_CACN_NoCC,2090,USA,CROP,116634.254813911
SSP2_500C_CACN_NoCC,2090,USA,CROP_FLW,27769.228812819973
SSP2_500C_CACN_NoCC,2090,USA,PRM_FRS,346141.1062091745
SSP2_500C_CACN_NoCC,2090,USA,MNG_FRS,33493.51429411953
SSP2_500C_CACN_NoCC,2090,USA,BIOCROP,45581.50176968368
SSP2_500C_CACN_NoCC,2090,USA,GRAZING,217694.97345754493
SSP2_500C_CACN_NoCC,2090,USA,GRASS,46837.329526562135
SSP2_500C_CACN_NoCC,2090,USA,URB,11695.345311309815
SSP2_500C_CACN_NoCC,2090,XE25,OTH,3206.0
SSP2_500C_CACN_NoCC,2090,XE25,CROP,58271.85803214286
SSP2_500C_CACN_NoCC,2090,XE25,CROP_FLW,6971.189677089804
SSP2_500C_CACN_NoCC,2090,XE25,PRM_FRS,140742.71793318685
SSP2_500C_CACN_NoCC,2090,XE25,MNG_FRS,32484.69950263766
SSP2_500C_CACN_NoCC,2090,XE25,BIOCROP,36256.473010967115
SSP2_500C_CACN_NoCC,2090,XE25,GRAZING,55717.40364216747
SSP2_500C_CACN_NoCC,2090,XE25,GRASS,13259.926257554323
SSP2_500C_CACN_NoCC,2090,XE25,URB,9106.496241195679
SSP2_500C_CACN_NoCC,2090,XER,OTH,13232.0
SSP2_500C_CACN_NoCC,2090,XER,CROP,26924.740859715832
SSP2_500C_CACN_NoCC,2090,XER,CROP_FLW,772.7509578721844
SSP2_500C_CACN_NoCC,2090,XER,PRM_FRS,50312.28894369218
SSP2_500C_CACN_NoCC,2090,XER,MNG_FRS,2583.2283045716613
SSP2_500C_CACN_NoCC,2090,XER,BIOCROP,3298.070035374178
SSP2_500C_CACN_NoCC,2090,XER,GRAZING,13921.261974713016
SSP2_500C_CACN_NoCC,2090,XER,GRASS,1305.770685450462
SSP2_500C_CACN_NoCC,2090,XER,URB,1090.242361709595
SSP2_500C_CACN_NoCC,2090,TUR,CROP,20721.821717635634
SSP2_500C_CACN_NoCC,2090,TUR,CROP_FLW,2425.1889961910642
SSP2_500C_CACN_NoCC,2090,TUR,PRM_FRS,15449.422879569365
SSP2_500C_CACN_NoCC,2090,TUR,MNG_FRS,672.2100026003988
SSP2_500C_CACN_NoCC,2090,TUR,BIOCROP,6969.666228578657
SSP2_500C_CACN_NoCC,2090,TUR,GRAZING,13799.73526019059
SSP2_500C_CACN_NoCC,2090,TUR,GRASS,15300.746323815509
SSP2_500C_CACN_NoCC,2090,TUR,URB,821.3799714660644
SSP2_500C_CACN_NoCC,2090,XOC,OTH,1467.0
SSP2_500C_CACN_NoCC,2090,XOC,CROP,37986.41887517815
SSP2_500C_CACN_NoCC,2090,XOC,CROP_FLW,27005.780037196815
SSP2_500C_CACN_NoCC,2090,XOC,PRM_FRS,218327.1077811544
SSP2_500C_CACN_NoCC,2090,XOC,MNG_FRS,2637.366176729433
SSP2_500C_CACN_NoCC,2090,XOC,BIOCROP,47033.4500010905
SSP2_500C_CACN_NoCC,2090,XOC,GRAZING,370737.63865080464
SSP2_500C_CACN_NoCC,2090,XOC,GRASS,394766.423961781
SSP2_500C_CACN_NoCC,2090,XOC,URB,883.3264156804086
SSP2_500C_CACN_NoCC,2090,CHN,OTH,239998.39534375
SSP2_500C_CACN_NoCC,2090,CHN,CROP,48130.28035904896
SSP2_500C_CACN_NoCC,2090,CHN,PRM_FRS,357627.2931980686
SSP2_500C_CACN_NoCC,2090,CHN,MNG_FRS,6385.811400547671
SSP2_500C_CACN_NoCC,2090,CHN,BIOCROP,37063.65360236497
SSP2_500C_CACN_NoCC,2090,CHN,GRAZING,337949.3524336831
SSP2_500C_CACN_NoCC,2090,CHN,GRASS,35455.38854453478
SSP2_500C_CACN_NoCC,2090,CHN,URB,8006.078889526368
SSP2_500C_CACN_NoCC,2090,IND,OTH,13430.3702109375
SSP2_500C_CACN_NoCC,2090,IND,CROP,165194.4416354499
SSP2_500C_CACN_NoCC,2090,IND,PRM_FRS,44824.79879293964
SSP2_500C_CACN_NoCC,2090,IND,MNG_FRS,9043.351987828299
SSP2_500C_CACN_NoCC,2090,IND,BIOCROP,20222.076992869625
SSP2_500C_CACN_NoCC,2090,IND,GRAZING,7429.290813644558
SSP2_500C_CACN_NoCC,2090,IND,GRASS,13304.148409216714
SSP2_500C_CACN_NoCC,2090,IND,URB,3026.2728974914553
SSP2_500C_CACN_NoCC,2090,JPN,CROP,1308.0010243314844
SSP2_500C_CACN_NoCC,2090,JPN,CROP_FLW,404.26942499889134
SSP2_500C_CACN_NoCC,2090,JPN,PRM_FRS,25954.186604374438
SSP2_500C_CACN_NoCC,2090,JPN,MNG_FRS,899.2014534430692
SSP2_500C_CACN_NoCC,2090,JPN,BIOCROP,331.1681308084569
SSP2_500C_CACN_NoCC,2090,JPN,GRAZING,48.86115894457227
SSP2_500C_CACN_NoCC,2090,JPN,GRASS,415.6379527245618
SSP2_500C_CACN_NoCC,2090,JPN,URB,1710.2899680175783
SSP2_500C_CACN_NoCC,2090,XSE,OTH,14506.901
SSP2_500C_CACN_NoCC,2090,XSE,CROP,50685.80637927896
SSP2_500C_CACN_NoCC,2090,XSE,CROP_FLW,919.9853740913195
SSP2_500C_CACN_NoCC,2090,XSE,PRM_FRS,281728.5184366873
SSP2_500C_CACN_NoCC,2090,XSE,MNG_FRS,4288.273265731579
SSP2_500C_CACN_NoCC,2090,XSE,BIOCROP,32309.328980220882
SSP2_500C_CACN_NoCC,2090,XSE,GRAZING,122049.9054996707
SSP2_500C_CACN_NoCC,2090,XSE,GRASS,42283.46807216885
SSP2_500C_CACN_NoCC,2090,XSE,URB,3032.1656320037837
SSP2_500C_CACN_NoCC,2090,XSA,OTH,44675.7545
SSP2_500C_CACN_NoCC,2090,XSA,CROP,46470.71083463549
SSP2_500C_CACN_NoCC,2090,XSA,CROP_FLW,1109.6720248336942
SSP2_500C_CACN_NoCC,2090,XSA,PRM_FRS,15168.571628777809
SSP2_500C_CACN_NoCC,2090,XSA,MNG_FRS,2641.3915785525005
SSP2_500C_CACN_NoCC,2090,XSA,BIOCROP,8917.96884995652
SSP2_500C_CACN_NoCC,2090,XSA,GRAZING,40579.4576765513
SSP2_500C_CACN_NoCC,2090,XSA,GRASS,24175.14883446899
SSP2_500C_CACN_NoCC,2090,XSA,URB,866.7895990753174
SSP2_500C_CACN_NoCC,2090,CAN,OTH,283585.656
SSP2_500C_CACN_NoCC,2090,CAN,CROP,27804.63805905732
SSP2_500C_CACN_NoCC,2090,CAN,CROP_FLW,1374.0844180893293
SSP2_500C_CACN_NoCC,2090,CAN,PRM_FRS,311173.214107655
SSP2_500C_CACN_NoCC,2090,CAN,MNG_FRS,26177.983086373286
SSP2_500C_CACN_NoCC,2090,CAN,BIOCROP,6970.803791821746
SSP2_500C_CACN_NoCC,2090,CAN,GRAZING,11476.779990369125
SSP2_500C_CACN_NoCC,2090,CAN,GRASS,372.2530897667376
SSP2_500C_CACN_NoCC,2090,CAN,URB,785.9824775390625
SSP2_500C_CACN_NoCC,2090,BRA,CROP,50512.80800402203
SSP2_500C_CACN_NoCC,2090,BRA,CROP_FLW,38.27885459984037
SSP2_500C_CACN_NoCC,2090,BRA,PRM_FRS,624767.3389680077
SSP2_500C_CACN_NoCC,2090,BRA,MNG_FRS,2065.797865831884
SSP2_500C_CACN_NoCC,2090,BRA,BIOCROP,29921.4552296816
SSP2_500C_CACN_NoCC,2090,BRA,GRAZING,167783.60421349804
SSP2_500C_CACN_NoCC,2090,BRA,GRASS,25425.28531807302
SSP2_500C_CACN_NoCC,2090,BRA,URB,3742.538360931397
SSP2_500C_CACN_NoCC,2090,XLM,OTH,72183.21731250001
SSP2_500C_CACN_NoCC,2090,XLM,CROP,72932.606046228
SSP2_500C_CACN_NoCC,2090,XLM,CROP_FLW,3564.658451612958
SSP2_500C_CACN_NoCC,2090,XLM,PRM_FRS,613281.7033251262
SSP2_500C_CACN_NoCC,2090,XLM,MNG_FRS,7705.581335790354
SSP2_500C_CACN_NoCC,2090,XLM,BIOCROP,23317.72994221295
SSP2_500C_CACN_NoCC,2090,XLM,GRAZING,345178.1019875846
SSP2_500C_CACN_NoCC,2090,XLM,GRASS,87801.36363060267
SSP2_500C_CACN_NoCC,2090,XLM,URB,4894.335314867021
SSP2_500C_CACN_NoCC,2090,CIS,OTH,253974.9918984375
SSP2_500C_CACN_NoCC,2090,CIS,CROP,64250.528830115945
SSP2_500C_CACN_NoCC,2090,CIS,CROP_FLW,24262.711056186898
SSP2_500C_CACN_NoCC,2090,CIS,PRM_FRS,1131513.8385245157
SSP2_500C_CACN_NoCC,2090,CIS,MNG_FRS,16278.755497634449
SSP2_500C_CACN_NoCC,2090,CIS,BIOCROP,33612.38370290605
SSP2_500C_CACN_NoCC,2090,CIS,GRAZING,301566.8672321112
SSP2_500C_CACN_NoCC,2090,CIS,GRASS,33812.797390292326
SSP2_500C_CACN_NoCC,2090,CIS,URB,5880.5270887603765
SSP2_500C_CACN_NoCC,2090,XME,OTH,281021.7655625
SSP2_500C_CACN_NoCC,2090,XME,CROP,31957.143804486765
SSP2_500C_CACN_NoCC,2090,XME,CROP_FLW,1117.5428239085375
SSP2_500C_CACN_NoCC,2090,XME,PRM_FRS,9102.026621016998
SSP2_500C_CACN_NoCC,2090,XME,MNG_FRS,457.8370797230805
SSP2_500C_CACN_NoCC,2090,XME,BIOCROP,23907.62530430025
SSP2_500C_CACN_NoCC,2090,XME,GRAZING,268790.18408371555
SSP2_500C_CACN_NoCC,2090,XME,GRASS,61661.91163893184
SSP2_500C_CACN_NoCC,2090,XME,URB,2128.071955810547
SSP2_500C_CACN_NoCC,2090,XNF,OTH,456890.6350624999
SSP2_500C_CACN_NoCC,2090,XNF,CROP,30954.70647632242
SSP2_500C_CACN_NoCC,2090,XNF,CROP_FLW,767.8577811211919
SSP2_500C_CACN_NoCC,2090,XNF,PRM_FRS,3145.0117244684834
SSP2_500C_CACN_NoCC,2090,XNF,MNG_FRS,46.56061609446008
SSP2_500C_CACN_NoCC,2090,XNF,BIOCROP,3813.8217372228296
SSP2_500C_CACN_NoCC,2090,XNF,GRAZING,74989.60775078995
SSP2_500C_CACN_NoCC,2090,XNF,GRASS,1530.401355047346
SSP2_500C_CACN_NoCC,2090,XNF,URB,927.4797019042969
SSP2_500C_CACN_NoCC,2090,XAF,OTH,399410.63371875
SSP2_500C_CACN_NoCC,2090,XAF,CROP,501053.69495072454
SSP2_500C_CACN_NoCC,2090,XAF,CROP_FLW,1692.379371084015
SSP2_500C_CACN_NoCC,2090,XAF,PRM_FRS,702362.7338542131
SSP2_500C_CACN_NoCC,2090,XAF,MNG_FRS,15500.091160729475
SSP2_500C_CACN_NoCC,2090,XAF,BIOCROP,86889.8373926818
SSP2_500C_CACN_NoCC,2090,XAF,GRAZING,850216.9770701744
SSP2_500C_CACN_NoCC,2090,XAF,GRASS,179557.0843676703
SSP2_500C_CACN_NoCC,2090,XAF,URB,2896.931178625107
SSP2_500C_CACN_NoCC,2090,ASIA2,OTH,312611.42105468747
SSP2_500C_CACN_NoCC,2090,ASIA2,CROP,311789.2402327448
SSP2_500C_CACN_NoCC,2090,ASIA2,CROP_FLW,2433.926823923905
SSP2_500C_CACN_NoCC,2090,ASIA2,PRM_FRS,725303.3686608478
SSP2_500C_CACN_NoCC,2090,ASIA2,MNG_FRS,23258.029686103117
SSP2_500C_CACN_NoCC,2090,ASIA2,BIOCROP,98844.19655622046
SSP2_500C_CACN_NoCC,2090,ASIA2,GRAZING,508056.8675824942
SSP2_500C_CACN_NoCC,2090,ASIA2,GRASS,115633.79181311389
SSP2_500C_CACN_NoCC,2090,ASIA2,URB,16641.596986114502
SSP2_500C_CACN_NoCC,2090,World,OTH,2111196.772609375
SSP2_500C_CACN_NoCC,2090,World,CROP,1351794.4607022852
SSP2_500C_CACN_NoCC,2090,World,CROP_FLW,100195.57806169649
SSP2_500C_CACN_NoCC,2090,World,PRM_FRS,4891621.879532628
SSP2_500C_CACN_NoCC,2090,World,MNG_FRS,163361.65460893878
SSP2_500C_CACN_NoCC,2090,World,BIOCROP,446417.0147027418
SSP2_500C_CACN_NoCC,2090,World,GRAZING,3199930.002896158
SSP2_500C_CACN_NoCC,2090,World,GRASS,977265.0853586616
SSP2_500C_CACN_NoCC,2090,World,URB,61494.25336591386
SSP2_500C_CACN_NoCC,2090,Non-OECD,OTH,1776092.664609375
SSP2_500C_CACN_NoCC,2090,Non-OECD,CROP,1062142.727320313
SSP2_500C_CACN_NoCC,2090,Non-OECD,CROP_FLW,33473.08573743845
SSP2_500C_CACN_NoCC,2090,Non-OECD,PRM_FRS,3783521.8350738217
SSP2_500C_CACN_NoCC,2090,Non-OECD,MNG_FRS,64413.45178846375
SSP2_500C_CACN_NoCC,2090,Non-OECD,BIOCROP,299975.8817344175
SSP2_500C_CACN_NoCC,2090,Non-OECD,GRAZING,2516533.3487614235
SSP2_500C_CACN_NoCC,2090,Non-OECD,GRASS,505006.99756100686
SSP2_500C_CACN_NoCC,2090,Non-OECD,URB,35401.19061899567
SSP2_500C_CACN_NoCC,2090,Industrial,OTH,321872.108
SSP2_500C_CACN_NoCC,2090,Industrial,CROP,242005.1708046208
SSP2_500C_CACN_NoCC,2090,Industrial,CROP_FLW,63524.55237019482
SSP2_500C_CACN_NoCC,2090,Industrial,PRM_FRS,1042338.3326355452
SSP2_500C_CACN_NoCC,2090,Industrial,MNG_FRS,95692.76451330297
SSP2_500C_CACN_NoCC,2090,Industrial,BIOCROP,136173.3967043715
SSP2_500C_CACN_NoCC,2090,Industrial,GRAZING,655675.6568998307
SSP2_500C_CACN_NoCC,2090,Industrial,GRASS,455651.5707883888
SSP2_500C_CACN_NoCC,2090,Industrial,URB,24181.440413742544
SSP2_500C_CACN_NoCC,2090,Transition,OTH,520635.75745312497
SSP2_500C_CACN_NoCC,2090,Transition,CROP,375734.62140598835
SSP2_500C_CACN_NoCC,2090,Transition,CROP_FLW,27498.929864849986
SSP2_500C_CACN_NoCC,2090,Transition,PRM_FRS,2224494.981306793
SSP2_500C_CACN_NoCC,2090,Transition,MNG_FRS,37029.15505901436
SSP2_500C_CACN_NoCC,2090,Transition,BIOCROP,131087.30579177508
SSP2_500C_CACN_NoCC,2090,Transition,GRAZING,842450.1119278406
SSP2_500C_CACN_NoCC,2090,Transition,GRASS,124604.13667138282
SSP2_500C_CACN_NoCC,2090,Transition,URB,22567.039569885255
SSP2_500C_CACN_NoCC,2090,Developing,OTH,1268688.90715625
SSP2_500C_CACN_NoCC,2090,Developing,CROP,734054.6684916762
SSP2_500C_CACN_NoCC,2090,Developing,CROP_FLW,9172.095826651715
SSP2_500C_CACN_NoCC,2090,Developing,PRM_FRS,1624788.56559029
SSP2_500C_CACN_NoCC,2090,Developing,MNG_FRS,30639.735036621452
SSP2_500C_CACN_NoCC,2090,Developing,BIOCROP,179156.3122065952
SSP2_500C_CACN_NoCC,2090,Developing,GRAZING,1701804.2340684864
SSP2_500C_CACN_NoCC,2090,Developing,GRASS,397009.37789888994
SSP2_500C_CACN_NoCC,2090,Developing,URB,14745.773382286072
SSP2_500C_CACN_NoCC,2090,R5ASIA,OTH,312611.42105468747
SSP2_500C_CACN_NoCC,2090,R5ASIA,CROP,310481.2392084133
SSP2_500C_CACN_NoCC,2090,R5ASIA,CROP_FLW,2029.6573989250137
SSP2_500C_CACN_NoCC,2090,R5ASIA,PRM_FRS,699349.1820564733
SSP2_500C_CACN_NoCC,2090,R5ASIA,MNG_FRS,22358.828232660053
SSP2_500C_CACN_NoCC,2090,R5ASIA,BIOCROP,98513.02842541199
SSP2_500C_CACN_NoCC,2090,R5ASIA,GRAZING,508008.00642354967
SSP2_500C_CACN_NoCC,2090,R5ASIA,GRASS,115218.15386038933
SSP2_500C_CACN_NoCC,2090,R5ASIA,URB,14931.307018096923
SSP2_500C_CACN_NoCC,2090,R5OECD90+EU,OTH,335104.108
SSP2_500C_CACN_NoCC,2090,R5OECD90+EU,CROP,289651.73338197224
SSP2_500C_CACN_NoCC,2090,R5OECD90+EU,CROP_FLW,66722.49232425806
SSP2_500C_CACN_NoCC,2090,R5OECD90+EU,PRM_FRS,1108100.0444588065
SSP2_500C_CACN_NoCC,2090,R5OECD90+EU,MNG_FRS,98948.20282047504
SSP2_500C_CACN_NoCC,2090,R5OECD90+EU,BIOCROP,146441.13296832435
SSP2_500C_CACN_NoCC,2090,R5OECD90+EU,GRAZING,683396.6541347343
SSP2_500C_CACN_NoCC,2090,R5OECD90+EU,GRASS,472258.0877976548
SSP2_500C_CACN_NoCC,2090,R5OECD90+EU,URB,26093.062746918204
SSP2_500C_CACN_NoCC,2090,R5REF,OTH,253974.9918984375
SSP2_500C_CACN_NoCC,2090,R5REF,CROP,64250.528830115945
SSP2_500C_CACN_NoCC,2090,R5REF,CROP_FLW,24262.711056186898
SSP2_500C_CACN_NoCC,2090,R5REF,PRM_FRS,1131513.8385245157
SSP2_500C_CACN_NoCC,2090,R5REF,MNG_FRS,16278.755497634449
SSP2_500C_CACN_NoCC,2090,R5REF,BIOCROP,33612.38370290605
SSP2_500C_CACN_NoCC,2090,R5REF,GRAZING,301566.8672321112
SSP2_500C_CACN_NoCC,2090,R5REF,GRASS,33812.797390292326
SSP2_500C_CACN_NoCC,2090,R5REF,URB,5880.5270887603765
SSP2_500C_CACN_NoCC,2090,R5MAF,OTH,1137323.0343437498
SSP2_500C_CACN_NoCC,2090,R5MAF,CROP,563965.5452315337
SSP2_500C_CACN_NoCC,2090,R5MAF,CROP_FLW,3577.7799761137444
SSP2_500C_CACN_NoCC,2090,R5MAF,PRM_FRS,714609.7721996986
SSP2_500C_CACN_NoCC,2090,R5MAF,MNG_FRS,16004.488856547016
SSP2_500C_CACN_NoCC,2090,R5MAF,BIOCROP,114611.28443420488
SSP2_500C_CACN_NoCC,2090,R5MAF,GRAZING,1193996.76890468
SSP2_500C_CACN_NoCC,2090,R5MAF,GRASS,242749.3973616495
SSP2_500C_CACN_NoCC,2090,R5MAF,URB,5952.48283633995
SSP2_500C_CACN_NoCC,2090,R5LAM,OTH,72183.21731250001
SSP2_500C_CACN_NoCC,2090,R5LAM,CROP,123445.41405025002
SSP2_500C_CACN_NoCC,2090,R5LAM,CROP_FLW,3602.9373062127984
SSP2_500C_CACN_NoCC,2090,R5LAM,PRM_FRS,1238049.042293134
SSP2_500C_CACN_NoCC,2090,R5LAM,MNG_FRS,9771.379201622238
SSP2_500C_CACN_NoCC,2090,R5LAM,BIOCROP,53239.185171894555
SSP2_500C_CACN_NoCC,2090,R5LAM,GRAZING,512961.7062010827
SSP2_500C_CACN_NoCC,2090,R5LAM,GRASS,113226.64894867569
SSP2_500C_CACN_NoCC,2090,R5LAM,URB,8636.873675798419
SSP2_500C_CACN_NoCC,2095,USA,OTH,33613.452
SSP2_500C_CACN_NoCC,2095,USA,CROP,116670.28042521706
SSP2_500C_CACN_NoCC,2095,USA,CROP_FLW,26591.716676254917
SSP2_500C_CACN_NoCC,2095,USA,PRM_FRS,352429.26748268947
SSP2_500C_CACN_NoCC,2095,USA,MNG_FRS,32030.765464768807
SSP2_500C_CACN_NoCC,2095,USA,BIOCROP,44494.56792823297
SSP2_500C_CACN_NoCC,2095,USA,GRAZING,217098.5896489306
SSP2_500C_CACN_NoCC,2095,USA,GRASS,44836.721257722136
SSP2_500C_CACN_NoCC,2095,USA,URB,11695.345311309815
SSP2_500C_CACN_NoCC,2095,XE25,OTH,3206.0
SSP2_500C_CACN_NoCC,2095,XE25,CROP,57201.952529800816
SSP2_500C_CACN_NoCC,2095,XE25,CROP_FLW,6866.087058579849
SSP2_500C_CACN_NoCC,2095,XE25,PRM_FRS,145341.69057392815
SSP2_500C_CACN_NoCC,2095,XE25,MNG_FRS,30219.27075291355
SSP2_500C_CACN_NoCC,2095,XE25,BIOCROP,35196.841119207034
SSP2_500C_CACN_NoCC,2095,XE25,GRAZING,55843.22382598457
SSP2_500C_CACN_NoCC,2095,XE25,GRASS,13035.20219533211
SSP2_500C_CACN_NoCC,2095,XE25,URB,9106.496241195679
SSP2_500C_CACN_NoCC,2095,XER,OTH,13232.0
SSP2_500C_CACN_NoCC,2095,XER,CROP,25953.54306577521
SSP2_500C_CACN_NoCC,2095,XER,CROP_FLW,747.3862524009623
SSP2_500C_CACN_NoCC,2095,XER,PRM_FRS,51709.47026458907
SSP2_500C_CACN_NoCC,2095,XER,MNG_FRS,2419.4144570731473
SSP2_500C_CACN_NoCC,2095,XER,BIOCROP,3171.385430097537
SSP2_500C_CACN_NoCC,2095,XER,GRAZING,13900.916685301734
SSP2_500C_CACN_NoCC,2095,XER,GRASS,1215.9956061518556
SSP2_500C_CACN_NoCC,2095,XER,URB,1090.242361709595
SSP2_500C_CACN_NoCC,2095,TUR,CROP,20199.870556650905
SSP2_500C_CACN_NoCC,2095,TUR,CROP_FLW,2461.2510804575786
SSP2_500C_CACN_NoCC,2095,TUR,PRM_FRS,15936.470650886096
SSP2_500C_CACN_NoCC,2095,TUR,MNG_FRS,633.4322299799333
SSP2_500C_CACN_NoCC,2095,TUR,BIOCROP,6947.046746949357
SSP2_500C_CACN_NoCC,2095,TUR,GRAZING,13823.179881019465
SSP2_500C_CACN_NoCC,2095,TUR,GRASS,15337.540262637904
SSP2_500C_CACN_NoCC,2095,TUR,URB,821.3799714660644
SSP2_500C_CACN_NoCC,2095,XOC,OTH,1467.0
SSP2_500C_CACN_NoCC,2095,XOC,CROP,38177.00548673833
SSP2_500C_CACN_NoCC,2095,XOC,CROP_FLW,26262.573847759973
SSP2_500C_CACN_NoCC,2095,XOC,PRM_FRS,218327.236585545
SSP2_500C_CACN_NoCC,2095,XOC,MNG_FRS,2509.8174082594114
SSP2_500C_CACN_NoCC,2095,XOC,BIOCROP,52036.2994694299
SSP2_500C_CACN_NoCC,2095,XOC,GRAZING,371259.425619925
SSP2_500C_CACN_NoCC,2095,XOC,GRASS,389921.8270662773
SSP2_500C_CACN_NoCC,2095,XOC,URB,883.3264156804086
SSP2_500C_CACN_NoCC,2095,CHN,OTH,239998.39534375
SSP2_500C_CACN_NoCC,2095,CHN,CROP,44853.152574278065
SSP2_500C_CACN_NoCC,2095,CHN,PRM_FRS,366645.6091771747
SSP2_500C_CACN_NoCC,2095,CHN,MNG_FRS,5817.291343998774
SSP2_500C_CACN_NoCC,2095,CHN,BIOCROP,36579.77454513042
SSP2_500C_CACN_NoCC,2095,CHN,GRAZING,335488.6499056031
SSP2_500C_CACN_NoCC,2095,CHN,GRASS,33227.3019920638
SSP2_500C_CACN_NoCC,2095,CHN,URB,8006.078889526368
SSP2_500C_CACN_NoCC,2095,IND,OTH,13430.3702109375
SSP2_500C_CACN_NoCC,2095,IND,CROP,162555.75361035106
SSP2_500C_CACN_NoCC,2095,IND,PRM_FRS,46719.86687263873
SSP2_500C_CACN_NoCC,2095,IND,MNG_FRS,8525.297347912916
SSP2_500C_CACN_NoCC,2095,IND,BIOCROP,21214.24043079131
SSP2_500C_CACN_NoCC,2095,IND,GRAZING,7499.259054091431
SSP2_500C_CACN_NoCC,2095,IND,GRASS,13503.691316163196
SSP2_500C_CACN_NoCC,2095,IND,URB,3026.2728974914553
SSP2_500C_CACN_NoCC,2095,JPN,CROP,1241.8877359692403
SSP2_500C_CACN_NoCC,2095,JPN,CROP_FLW,403.6214161108095
SSP2_500C_CACN_NoCC,2095,JPN,PRM_FRS,26099.79842660231
SSP2_500C_CACN_NoCC,2095,JPN,MNG_FRS,831.25453919802
SSP2_500C_CACN_NoCC,2095,JPN,BIOCROP,321.6759613871844
SSP2_500C_CACN_NoCC,2095,JPN,GRAZING,49.05566896894819
SSP2_500C_CACN_NoCC,2095,JPN,GRASS,414.03200138895187
SSP2_500C_CACN_NoCC,2095,JPN,URB,1710.2899680175783
SSP2_500C_CACN_NoCC,2095,XSE,OTH,14506.901
SSP2_500C_CACN_NoCC,2095,XSE,CROP,48568.177557619274
SSP2_500C_CACN_NoCC,2095,XSE,CROP_FLW,903.6654771393836
SSP2_500C_CACN_NoCC,2095,XSE,PRM_FRS,284746.43195097387
SSP2_500C_CACN_NoCC,2095,XSE,MNG_FRS,4023.0691443434052
SSP2_500C_CACN_NoCC,2095,XSE,BIOCROP,32344.146239074325
SSP2_500C_CACN_NoCC,2095,XSE,GRAZING,122295.69257280561
SSP2_500C_CACN_NoCC,2095,XSE,GRASS,41384.10306589349
SSP2_500C_CACN_NoCC,2095,XSE,URB,3032.1656320037837
SSP2_500C_CACN_NoCC,2095,XSA,OTH,44675.7545
SSP2_500C_CACN_NoCC,2095,XSA,CROP,46134.84103265458
SSP2_500C_CACN_NoCC,2095,XSA,CROP_FLW,1075.4849875271034
SSP2_500C_CACN_NoCC,2095,XSA,PRM_FRS,15311.698617808526
SSP2_500C_CACN_NoCC,2095,XSA,MNG_FRS,2514.67857834444
SSP2_500C_CACN_NoCC,2095,XSA,BIOCROP,9236.438204711922
SSP2_500C_CACN_NoCC,2095,XSA,GRAZING,40863.98390353239
SSP2_500C_CACN_NoCC,2095,XSA,GRASS,23925.7961031971
SSP2_500C_CACN_NoCC,2095,XSA,URB,866.7895990753174
SSP2_500C_CACN_NoCC,2095,CAN,OTH,283585.656
SSP2_500C_CACN_NoCC,2095,CAN,CROP,27436.808039352127
SSP2_500C_CACN_NoCC,2095,CAN,CROP_FLW,1302.6871484617739
SSP2_500C_CACN_NoCC,2095,CAN,PRM_FRS,313193.8401349833
SSP2_500C_CACN_NoCC,2095,CAN,MNG_FRS,24933.196337693662
SSP2_500C_CACN_NoCC,2095,CAN,BIOCROP,6695.708656424568
SSP2_500C_CACN_NoCC,2095,CAN,GRAZING,11439.354931360936
SSP2_500C_CACN_NoCC,2095,CAN,GRASS,348.1612948563141
SSP2_500C_CACN_NoCC,2095,CAN,URB,785.9824775390625
SSP2_500C_CACN_NoCC,2095,BRA,CROP,49426.76785935554
SSP2_500C_CACN_NoCC,2095,BRA,CROP_FLW,35.634219941525224
SSP2_500C_CACN_NoCC,2095,BRA,PRM_FRS,624767.3389680077
SSP2_500C_CACN_NoCC,2095,BRA,MNG_FRS,1930.1073583854577
SSP2_500C_CACN_NoCC,2095,BRA,BIOCROP,30668.38086105868
SSP2_500C_CACN_NoCC,2095,BRA,GRAZING,169188.4524270781
SSP2_500C_CACN_NoCC,2095,BRA,GRASS,24497.886759887235
SSP2_500C_CACN_NoCC,2095,BRA,URB,3742.538360931397
SSP2_500C_CACN_NoCC,2095,XLM,OTH,72183.21731250001
SSP2_500C_CACN_NoCC,2095,XLM,CROP,71413.65641843526
SSP2_500C_CACN_NoCC,2095,XLM,CROP_FLW,3411.0039096727705
SSP2_500C_CACN_NoCC,2095,XLM,PRM_FRS,614334.3337289107
SSP2_500C_CACN_NoCC,2095,XLM,MNG_FRS,7262.450793816296
SSP2_500C_CACN_NoCC,2095,XLM,BIOCROP,24181.082186687705
SSP2_500C_CACN_NoCC,2095,XLM,GRAZING,348204.2995169893
SSP2_500C_CACN_NoCC,2095,XLM,GRASS,84974.91816464561
SSP2_500C_CACN_NoCC,2095,XLM,URB,4894.335314867021
SSP2_500C_CACN_NoCC,2095,CIS,OTH,253974.9918984375
SSP2_500C_CACN_NoCC,2095,CIS,CROP,61973.64483480437
SSP2_500C_CACN_NoCC,2095,CIS,CROP_FLW,22173.40467351313
SSP2_500C_CACN_NoCC,2095,CIS,PRM_FRS,1143872.7100418527
SSP2_500C_CACN_NoCC,2095,CIS,MNG_FRS,15232.390557471934
SSP2_500C_CACN_NoCC,2095,CIS,BIOCROP,32722.5672168382
SSP2_500C_CACN_NoCC,2095,CIS,GRAZING,299190.96056010365
SSP2_500C_CACN_NoCC,2095,CIS,GRASS,30132.20434917904
SSP2_500C_CACN_NoCC,2095,CIS,URB,5880.5270887603765
SSP2_500C_CACN_NoCC,2095,XME,OTH,281021.7655625
SSP2_500C_CACN_NoCC,2095,XME,CROP,31465.434888862143
SSP2_500C_CACN_NoCC,2095,XME,CROP_FLW,1080.3284701097234
SSP2_500C_CACN_NoCC,2095,XME,PRM_FRS,9102.026621016998
SSP2_500C_CACN_NoCC,2095,XME,MNG_FRS,436.79600935217684
SSP2_500C_CACN_NoCC,2095,XME,BIOCROP,23927.46108600157
SSP2_500C_CACN_NoCC,2095,XME,GRAZING,270892.8657763156
SSP2_500C_CACN_NoCC,2095,XME,GRASS,60089.358504424425
SSP2_500C_CACN_NoCC,2095,XME,URB,2128.071955810547
SSP2_500C_CACN_NoCC,2095,XNF,OTH,456890.6350624999
SSP2_500C_CACN_NoCC,2095,XNF,CROP,30688.598907068194
SSP2_500C_CACN_NoCC,2095,XNF,CROP_FLW,739.7838620033683
SSP2_500C_CACN_NoCC,2095,XNF,PRM_FRS,3145.0117244684834
SSP2_500C_CACN_NoCC,2095,XNF,MNG_FRS,44.19141633065006
SSP2_500C_CACN_NoCC,2095,XNF,BIOCROP,3610.4339349291877
SSP2_500C_CACN_NoCC,2095,XNF,GRAZING,75578.09261425065
SSP2_500C_CACN_NoCC,2095,XNF,GRASS,1441.85498201596
SSP2_500C_CACN_NoCC,2095,XNF,URB,927.4797019042969
SSP2_500C_CACN_NoCC,2095,XAF,OTH,399410.63371875
SSP2_500C_CACN_NoCC,2095,XAF,CROP,509238.93996191054
SSP2_500C_CACN_NoCC,2095,XAF,CROP_FLW,1475.064578309458
SSP2_500C_CACN_NoCC,2095,XAF,PRM_FRS,702362.7338542138
SSP2_500C_CACN_NoCC,2095,XAF,MNG_FRS,14910.316671363506
SSP2_500C_CACN_NoCC,2095,XAF,BIOCROP,89851.0750243131
SSP2_500C_CACN_NoCC,2095,XAF,GRAZING,852427.6544159258
SSP2_500C_CACN_NoCC,2095,XAF,GRASS,167007.013661241
SSP2_500C_CACN_NoCC,2095,XAF,URB,2896.931178625107
SSP2_500C_CACN_NoCC,2095,ASIA2,OTH,312611.42105468747
SSP2_500C_CACN_NoCC,2095,ASIA2,CROP,303353.8125108722
SSP2_500C_CACN_NoCC,2095,ASIA2,CROP_FLW,2382.7718807772962
SSP2_500C_CACN_NoCC,2095,ASIA2,PRM_FRS,739523.4050451982
SSP2_500C_CACN_NoCC,2095,ASIA2,MNG_FRS,21711.590953797553
SSP2_500C_CACN_NoCC,2095,ASIA2,BIOCROP,99696.27538109515
SSP2_500C_CACN_NoCC,2095,ASIA2,GRAZING,506196.64110500144
SSP2_500C_CACN_NoCC,2095,ASIA2,GRASS,112454.92447870653
SSP2_500C_CACN_NoCC,2095,ASIA2,URB,16641.596986114502
SSP2_500C_CACN_NoCC,2095,World,OTH,2111196.772609375
SSP2_500C_CACN_NoCC,2095,World,CROP,1343200.3154848428
SSP2_500C_CACN_NoCC,2095,World,CROP_FLW,95529.69365824232
SSP2_500C_CACN_NoCC,2095,World,PRM_FRS,4934045.535676289
SSP2_500C_CACN_NoCC,2095,World,MNG_FRS,154273.74041120606
SSP2_500C_CACN_NoCC,2095,World,BIOCROP,453199.12504126504
SSP2_500C_CACN_NoCC,2095,World,GRAZING,3205043.6570081874
SSP2_500C_CACN_NoCC,2095,World,GRASS,945293.6085830776
SSP2_500C_CACN_NoCC,2095,World,URB,61494.25336591386
SSP2_500C_CACN_NoCC,2095,Non-OECD,OTH,1776092.664609375
SSP2_500C_CACN_NoCC,2095,Non-OECD,CROP,1056318.967645339
SSP2_500C_CACN_NoCC,2095,Non-OECD,CROP_FLW,30894.37017821646
SSP2_500C_CACN_NoCC,2095,Non-OECD,PRM_FRS,3811007.7615570663
SSP2_500C_CACN_NoCC,2095,Non-OECD,MNG_FRS,60696.589221319555
SSP2_500C_CACN_NoCC,2095,Non-OECD,BIOCROP,304335.59972953645
SSP2_500C_CACN_NoCC,2095,Non-OECD,GRAZING,2521629.910746696
SSP2_500C_CACN_NoCC,2095,Non-OECD,GRASS,480184.1288987108
SSP2_500C_CACN_NoCC,2095,Non-OECD,URB,35401.19061899567
SSP2_500C_CACN_NoCC,2095,Industrial,OTH,321872.108
SSP2_500C_CACN_NoCC,2095,Industrial,CROP,240727.9342170776
SSP2_500C_CACN_NoCC,2095,Industrial,CROP_FLW,61426.68614716732
SSP2_500C_CACN_NoCC,2095,Industrial,PRM_FRS,1055391.8332037483
SSP2_500C_CACN_NoCC,2095,Industrial,MNG_FRS,90524.30450283345
SSP2_500C_CACN_NoCC,2095,Industrial,BIOCROP,138745.0931346817
SSP2_500C_CACN_NoCC,2095,Industrial,GRAZING,655689.64969517
SSP2_500C_CACN_NoCC,2095,Industrial,GRASS,448555.94381557684
SSP2_500C_CACN_NoCC,2095,Industrial,URB,24181.440413742544
SSP2_500C_CACN_NoCC,2095,Transition,OTH,520635.75745312497
SSP2_500C_CACN_NoCC,2095,Transition,CROP,364962.7325012151
SSP2_500C_CACN_NoCC,2095,Transition,CROP_FLW,25417.676226313197
SSP2_500C_CACN_NoCC,2095,Transition,PRM_FRS,2249651.465975149
SSP2_500C_CACN_NoCC,2095,Transition,MNG_FRS,34557.93329482216
SSP2_500C_CACN_NoCC,2095,Transition,BIOCROP,131303.3952308655
SSP2_500C_CACN_NoCC,2095,Transition,GRAZING,839091.4185131975
SSP2_500C_CACN_NoCC,2095,Transition,GRASS,117914.62028608304
SSP2_500C_CACN_NoCC,2095,Transition,URB,22567.039569885255
SSP2_500C_CACN_NoCC,2095,Developing,OTH,1268688.90715625
SSP2_500C_CACN_NoCC,2095,Developing,CROP,737509.64876655
SSP2_500C_CACN_NoCC,2095,Developing,CROP_FLW,8685.331284761807
SSP2_500C_CACN_NoCC,2095,Developing,PRM_FRS,1629002.2364973924
SSP2_500C_CACN_NoCC,2095,Developing,MNG_FRS,29191.502613550474
SSP2_500C_CACN_NoCC,2095,Developing,BIOCROP,183150.6366757178
SSP2_500C_CACN_NoCC,2095,Developing,GRAZING,1710262.5887998194
SSP2_500C_CACN_NoCC,2095,Developing,GRASS,378823.04448141763
SSP2_500C_CACN_NoCC,2095,Developing,URB,14745.773382286072
SSP2_500C_CACN_NoCC,2095,R5ASIA,OTH,312611.42105468747
SSP2_500C_CACN_NoCC,2095,R5ASIA,CROP,302111.924774903
SSP2_500C_CACN_NoCC,2095,R5ASIA,CROP_FLW,1979.150464666487
SSP2_500C_CACN_NoCC,2095,R5ASIA,PRM_FRS,713423.6066185958
SSP2_500C_CACN_NoCC,2095,R5ASIA,MNG_FRS,20880.336414599533
SSP2_500C_CACN_NoCC,2095,R5ASIA,BIOCROP,99374.59941970799
SSP2_500C_CACN_NoCC,2095,R5ASIA,GRAZING,506147.5854360325
SSP2_500C_CACN_NoCC,2095,R5ASIA,GRASS,112040.8924773176
SSP2_500C_CACN_NoCC,2095,R5ASIA,URB,14931.307018096923
SSP2_500C_CACN_NoCC,2095,R5OECD90+EU,OTH,335104.108
SSP2_500C_CACN_NoCC,2095,R5OECD90+EU,CROP,286881.3478395037
SSP2_500C_CACN_NoCC,2095,R5OECD90+EU,CROP_FLW,64635.32348002586
SSP2_500C_CACN_NoCC,2095,R5OECD90+EU,PRM_FRS,1123037.7741192235
SSP2_500C_CACN_NoCC,2095,R5OECD90+EU,MNG_FRS,93577.15118988653
SSP2_500C_CACN_NoCC,2095,R5OECD90+EU,BIOCROP,148863.5253117286
SSP2_500C_CACN_NoCC,2095,R5OECD90+EU,GRAZING,683413.7462614913
SSP2_500C_CACN_NoCC,2095,R5OECD90+EU,GRASS,465109.4796843666
SSP2_500C_CACN_NoCC,2095,R5OECD90+EU,URB,26093.062746918204
SSP2_500C_CACN_NoCC,2095,R5REF,OTH,253974.9918984375
SSP2_500C_CACN_NoCC,2095,R5REF,CROP,61973.64483480437
SSP2_500C_CACN_NoCC,2095,R5REF,CROP_FLW,22173.40467351313
SSP2_500C_CACN_NoCC,2095,R5REF,PRM_FRS,1143872.7100418527
SSP2_500C_CACN_NoCC,2095,R5REF,MNG_FRS,15232.390557471934
SSP2_500C_CACN_NoCC,2095,R5REF,BIOCROP,32722.5672168382
SSP2_500C_CACN_NoCC,2095,R5REF,GRAZING,299190.96056010365
SSP2_500C_CACN_NoCC,2095,R5REF,GRASS,30132.20434917904
SSP2_500C_CACN_NoCC,2095,R5REF,URB,5880.5270887603765
SSP2_500C_CACN_NoCC,2095,R5MAF,OTH,1137323.0343437498
SSP2_500C_CACN_NoCC,2095,R5MAF,CROP,571392.9737578409
SSP2_500C_CACN_NoCC,2095,R5MAF,CROP_FLW,3295.1769104225496
SSP2_500C_CACN_NoCC,2095,R5MAF,PRM_FRS,714609.7721996993
SSP2_500C_CACN_NoCC,2095,R5MAF,MNG_FRS,15391.304097046332
SSP2_500C_CACN_NoCC,2095,R5MAF,BIOCROP,117388.97004524386
SSP2_500C_CACN_NoCC,2095,R5MAF,GRAZING,1198898.612806492
SSP2_500C_CACN_NoCC,2095,R5MAF,GRASS,228538.2271476814
SSP2_500C_CACN_NoCC,2095,R5MAF,URB,5952.48283633995
SSP2_500C_CACN_NoCC,2095,R5LAM,OTH,72183.21731250001
SSP2_500C_CACN_NoCC,2095,R5LAM,CROP,120840.4242777908
SSP2_500C_CACN_NoCC,2095,R5LAM,CROP_FLW,3446.638129614296
SSP2_500C_CACN_NoCC,2095,R5LAM,PRM_FRS,1239101.6726969182
SSP2_500C_CACN_NoCC,2095,R5LAM,MNG_FRS,9192.558152201753
SSP2_500C_CACN_NoCC,2095,R5LAM,BIOCROP,54849.46304774638
SSP2_500C_CACN_NoCC,2095,R5LAM,GRAZING,517392.7519440674
SSP2_500C_CACN_NoCC,2095,R5LAM,GRASS,109472.80492453284
SSP2_500C_CACN_NoCC,2095,R5LAM,URB,8636.873675798419
SSP2_500C_CACN_NoCC,2100,USA,OTH,33613.452
SSP2_500C_CACN_NoCC,2100,USA,CROP,116574.1487477214
SSP2_500C_CACN_NoCC,2100,USA,CROP_FLW,25785.437595162846
SSP2_500C_CACN_NoCC,2100,USA,PRM_FRS,357418.2383516843
SSP2_500C_CACN_NoCC,2100,USA,MNG_FRS,30637.105779440306
SSP2_500C_CACN_NoCC,2100,USA,BIOCROP,43672.55974116319
SSP2_500C_CACN_NoCC,2100,USA,GRAZING,216725.36783856357
SSP2_500C_CACN_NoCC,2100,USA,GRASS,43339.05083008042
SSP2_500C_CACN_NoCC,2100,USA,URB,11695.345311309815
SSP2_500C_CACN_NoCC,2100,XE25,OTH,3206.0
SSP2_500C_CACN_NoCC,2100,XE25,CROP,55927.99199948412
SSP2_500C_CACN_NoCC,2100,XE25,CROP_FLW,6884.346283562187
SSP2_500C_CACN_NoCC,2100,XE25,PRM_FRS,148540.7521380865
SSP2_500C_CACN_NoCC,2100,XE25,MNG_FRS,28681.93661856991
SSP2_500C_CACN_NoCC,2100,XE25,BIOCROP,34703.59180660236
SSP2_500C_CACN_NoCC,2100,XE25,GRAZING,56008.64732076017
SSP2_500C_CACN_NoCC,2100,XE25,GRASS,12957.001888680921
SSP2_500C_CACN_NoCC,2100,XE25,URB,9106.496241195679
SSP2_500C_CACN_NoCC,2100,XER,OTH,13232.0
SSP2_500C_CACN_NoCC,2100,XER,CROP,25047.59015003364
SSP2_500C_CACN_NoCC,2100,XER,CROP_FLW,770.991616480606
SSP2_500C_CACN_NoCC,2100,XER,PRM_FRS,52692.72516639075
SSP2_500C_CACN_NoCC,2100,XER,MNG_FRS,2267.5559415228686
SSP2_500C_CACN_NoCC,2100,XER,BIOCROP,3175.072880790362
SSP2_500C_CACN_NoCC,2100,XER,GRAZING,13958.541950406126
SSP2_500C_CACN_NoCC,2100,XER,GRASS,1205.6340557651204
SSP2_500C_CACN_NoCC,2100,XER,URB,1090.242361709595
SSP2_500C_CACN_NoCC,2100,TUR,CROP,19649.99084211237
SSP2_500C_CACN_NoCC,2100,TUR,CROP_FLW,2525.3936304522904
SSP2_500C_CACN_NoCC,2100,TUR,PRM_FRS,16352.251540214023
SSP2_500C_CACN_NoCC,2100,TUR,MNG_FRS,596.4323109637894
SSP2_500C_CACN_NoCC,2100,TUR,BIOCROP,6913.926487137364
SSP2_500C_CACN_NoCC,2100,TUR,GRAZING,13851.659199855658
SSP2_500C_CACN_NoCC,2100,TUR,GRASS,15449.137397845714
SSP2_500C_CACN_NoCC,2100,TUR,URB,821.3799714660644
SSP2_500C_CACN_NoCC,2100,XOC,OTH,1467.0
SSP2_500C_CACN_NoCC,2100,XOC,CROP,38202.395887841885
SSP2_500C_CACN_NoCC,2100,XOC,CROP_FLW,25506.779874825184
SSP2_500C_CACN_NoCC,2100,XOC,PRM_FRS,218336.5292826274
SSP2_500C_CACN_NoCC,2100,XOC,MNG_FRS,2377.9619243170127
SSP2_500C_CACN_NoCC,2100,XOC,BIOCROP,56806.87082931645
SSP2_500C_CACN_NoCC,2100,XOC,GRAZING,372021.63586799364
SSP2_500C_CACN_NoCC,2100,XOC,GRASS,385242.01181701344
SSP2_500C_CACN_NoCC,2100,XOC,URB,883.3264156804086
SSP2_500C_CACN_NoCC,2100,CHN,OTH,239998.39534375
SSP2_500C_CACN_NoCC,2100,CHN,CROP,42001.52924359106
SSP2_500C_CACN_NoCC,2100,CHN,PRM_FRS,371293.1670942544
SSP2_500C_CACN_NoCC,2100,CHN,MNG_FRS,5333.201217922999
SSP2_500C_CACN_NoCC,2100,CHN,BIOCROP,36691.82173077342
SSP2_500C_CACN_NoCC,2100,CHN,GRAZING,334713.4970283833
SSP2_500C_CACN_NoCC,2100,CHN,GRASS,32578.56322332293
SSP2_500C_CACN_NoCC,2100,CHN,URB,8006.078889526368
SSP2_500C_CACN_NoCC,2100,IND,OTH,13430.3702109375
SSP2_500C_CACN_NoCC,2100,IND,CROP,159740.27828989443
SSP2_500C_CACN_NoCC,2100,IND,PRM_FRS,48515.850169161225
SSP2_500C_CACN_NoCC,2100,IND,MNG_FRS,8032.902895919276
SSP2_500C_CACN_NoCC,2100,IND,BIOCROP,22375.290018901993
SSP2_500C_CACN_NoCC,2100,IND,GRAZING,7576.608355053527
SSP2_500C_CACN_NoCC,2100,IND,GRASS,13777.17890301883
SSP2_500C_CACN_NoCC,2100,IND,URB,3026.2728974914553
SSP2_500C_CACN_NoCC,2100,JPN,CROP,1178.376428744339
SSP2_500C_CACN_NoCC,2100,JPN,CROP_FLW,408.34567382898933
SSP2_500C_CACN_NoCC,2100,JPN,PRM_FRS,26227.506880085883
SSP2_500C_CACN_NoCC,2100,JPN,MNG_FRS,766.9019253628779
SSP2_500C_CACN_NoCC,2100,JPN,BIOCROP,315.23911292129065
SSP2_500C_CACN_NoCC,2100,JPN,GRAZING,49.29637455615678
SSP2_500C_CACN_NoCC,2100,JPN,GRASS,415.65935412593467
SSP2_500C_CACN_NoCC,2100,JPN,URB,1710.2899680175783
SSP2_500C_CACN_NoCC,2100,XSE,OTH,14506.901
SSP2_500C_CACN_NoCC,2100,XSE,CROP,46574.56345353085
SSP2_500C_CACN_NoCC,2100,XSE,CROP_FLW,906.1182175045006
SSP2_500C_CACN_NoCC,2100,XSE,PRM_FRS,287095.299108136
SSP2_500C_CACN_NoCC,2100,XSE,MNG_FRS,3775.6238051367754
SSP2_500C_CACN_NoCC,2100,XSE,BIOCROP,32554.370319147743
SSP2_500C_CACN_NoCC,2100,XSE,GRAZING,122655.3546760884
SSP2_500C_CACN_NoCC,2100,XSE,GRASS,40703.95642830548
SSP2_500C_CACN_NoCC,2100,XSE,URB,3032.1656320037837
SSP2_500C_CACN_NoCC,2100,XSA,OTH,44675.7545
SSP2_500C_CACN_NoCC,2100,XSA,CROP,45719.91058923739
SSP2_500C_CACN_NoCC,2100,XSA,CROP_FLW,1051.2390719936463
SSP2_500C_CACN_NoCC,2100,XSA,PRM_FRS,15496.370066463931
SSP2_500C_CACN_NoCC,2100,XSA,MNG_FRS,2391.1680049329725
SSP2_500C_CACN_NoCC,2100,XSA,BIOCROP,9515.633357204828
SSP2_500C_CACN_NoCC,2100,XSA,GRAZING,41153.626552697904
SSP2_500C_CACN_NoCC,2100,XSA,GRASS,23734.973785245522
SSP2_500C_CACN_NoCC,2100,XSA,URB,866.7895990753174
SSP2_500C_CACN_NoCC,2100,CAN,OTH,283585.656
SSP2_500C_CACN_NoCC,2100,CAN,CROP,27073.058651413015
SSP2_500C_CACN_NoCC,2100,CAN,CROP_FLW,1276.26296684922
SSP2_500C_CACN_NoCC,2100,CAN,PRM_FRS,314953.3117184392
SSP2_500C_CACN_NoCC,2100,CAN,MNG_FRS,23704.353243076122
SSP2_500C_CACN_NoCC,2100,CAN,BIOCROP,6562.36957749002
SSP2_500C_CACN_NoCC,2100,CAN,GRAZING,11443.630678881653
SSP2_500C_CACN_NoCC,2100,CAN,GRASS,336.76970698356274
SSP2_500C_CACN_NoCC,2100,CAN,URB,785.9824775390625
SSP2_500C_CACN_NoCC,2100,BRA,CROP,48381.24504615364
SSP2_500C_CACN_NoCC,2100,BRA,CROP_FLW,33.44591255686139
SSP2_500C_CACN_NoCC,2100,BRA,PRM_FRS,624767.3389680077
SSP2_500C_CACN_NoCC,2100,BRA,MNG_FRS,1803.0975647647085
SSP2_500C_CACN_NoCC,2100,BRA,BIOCROP,31204.308784142755
SSP2_500C_CACN_NoCC,2100,BRA,GRAZING,170692.37512565166
SSP2_500C_CACN_NoCC,2100,BRA,GRASS,23632.757052436824
SSP2_500C_CACN_NoCC,2100,BRA,URB,3742.538360931397
SSP2_500C_CACN_NoCC,2100,XLM,OTH,72183.21731250001
SSP2_500C_CACN_NoCC,2100,XLM,CROP,69871.86355625665
SSP2_500C_CACN_NoCC,2100,XLM,CROP_FLW,3282.424557165343
SSP2_500C_CACN_NoCC,2100,XLM,PRM_FRS,614959.8743506793
SSP2_500C_CACN_NoCC,2100,XLM,MNG_FRS,6881.0905656392
SSP2_500C_CACN_NoCC,2100,XLM,BIOCROP,24929.609073223517
SSP2_500C_CACN_NoCC,2100,XLM,GRAZING,351399.02821793925
SSP2_500C_CACN_NoCC,2100,XLM,GRASS,82457.8543982543
SSP2_500C_CACN_NoCC,2100,XLM,URB,4894.335314867021
SSP2_500C_CACN_NoCC,2100,CIS,OTH,253974.9918984375
SSP2_500C_CACN_NoCC,2100,CIS,CROP,59619.70314470004
SSP2_500C_CACN_NoCC,2100,CIS,CROP_FLW,20221.412477794514
SSP2_500C_CACN_NoCC,2100,CIS,PRM_FRS,1155501.0106936141
SSP2_500C_CACN_NoCC,2100,CIS,MNG_FRS,14240.640432358538
SSP2_500C_CACN_NoCC,2100,CIS,BIOCROP,31937.12888861635
SSP2_500C_CACN_NoCC,2100,CIS,GRAZING,296968.5903517046
SSP2_500C_CACN_NoCC,2100,CIS,GRASS,26809.39624497419
SSP2_500C_CACN_NoCC,2100,CIS,URB,5880.5270887603765
SSP2_500C_CACN_NoCC,2100,XME,OTH,281021.7655625
SSP2_500C_CACN_NoCC,2100,XME,CROP,30882.741462521924
SSP2_500C_CACN_NoCC,2100,XME,CROP_FLW,1043.9043239754974
SSP2_500C_CACN_NoCC,2100,XME,PRM_FRS,9102.026621017003
SSP2_500C_CACN_NoCC,2100,XME,MNG_FRS,415.53116906719475
SSP2_500C_CACN_NoCC,2100,XME,BIOCROP,24033.30967294863
SSP2_500C_CACN_NoCC,2100,XME,GRAZING,272997.77633143915
SSP2_500C_CACN_NoCC,2100,XME,GRASS,58518.98177511296
SSP2_500C_CACN_NoCC,2100,XME,URB,2128.071955810547
SSP2_500C_CACN_NoCC,2100,XNF,OTH,456890.6350624999
SSP2_500C_CACN_NoCC,2100,XNF,CROP,30416.0888342263
SSP2_500C_CACN_NoCC,2100,XNF,CROP_FLW,713.2111935166781
SSP2_500C_CACN_NoCC,2100,XNF,PRM_FRS,3145.011724468484
SSP2_500C_CACN_NoCC,2100,XNF,MNG_FRS,41.86046042934428
SSP2_500C_CACN_NoCC,2100,XNF,BIOCROP,3426.033984265344
SSP2_500C_CACN_NoCC,2100,XNF,GRAZING,76146.13123474114
SSP2_500C_CACN_NoCC,2100,XNF,GRASS,1359.6300094193466
SSP2_500C_CACN_NoCC,2100,XNF,URB,927.4797019042969
SSP2_500C_CACN_NoCC,2100,XAF,OTH,399410.63371875
SSP2_500C_CACN_NoCC,2100,XAF,CROP,515860.3918233206
SSP2_500C_CACN_NoCC,2100,XAF,CROP_FLW,1313.3488973115313
SSP2_500C_CACN_NoCC,2100,XAF,PRM_FRS,702362.7338540904
SSP2_500C_CACN_NoCC,2100,XAF,MNG_FRS,14328.336688902906
SSP2_500C_CACN_NoCC,2100,XAF,BIOCROP,91623.92966946618
SSP2_500C_CACN_NoCC,2100,XAF,GRAZING,855066.7548543344
SSP2_500C_CACN_NoCC,2100,XAF,GRASS,156717.30237985164
SSP2_500C_CACN_NoCC,2100,XAF,URB,2896.931178625107
SSP2_500C_CACN_NoCC,2100,ASIA2,OTH,312611.42105468747
SSP2_500C_CACN_NoCC,2100,ASIA2,CROP,295214.6580049981
SSP2_500C_CACN_NoCC,2100,ASIA2,CROP_FLW,2365.7029633271363
SSP2_500C_CACN_NoCC,2100,ASIA2,PRM_FRS,748628.1933181013
SSP2_500C_CACN_NoCC,2100,ASIA2,MNG_FRS,20299.7978492749
SSP2_500C_CACN_NoCC,2100,ASIA2,BIOCROP,101452.35453894928
SSP2_500C_CACN_NoCC,2100,ASIA2,GRAZING,506148.38298677927
SSP2_500C_CACN_NoCC,2100,ASIA2,GRASS,111210.3316940187
SSP2_500C_CACN_NoCC,2100,ASIA2,URB,16641.596986114502
SSP2_500C_CACN_NoCC,2100,World,OTH,2111196.772609375
SSP2_500C_CACN_NoCC,2100,World,CROP,1332721.8681507837
SSP2_500C_CACN_NoCC,2100,World,CROP_FLW,91722.66229297989
SSP2_500C_CACN_NoCC,2100,World,PRM_FRS,4966759.997727421
SSP2_500C_CACN_NoCC,2100,World,MNG_FRS,146275.7005483268
SSP2_500C_CACN_NoCC,2100,World,BIOCROP,460441.0659341118
SSP2_500C_CACN_NoCC,2100,World,GRAZING,3213428.5219590506
SSP2_500C_CACN_NoCC,2100,World,GRASS,919235.8592504372
SSP2_500C_CACN_NoCC,2100,World,URB,61494.25336591386
SSP2_500C_CACN_NoCC,2100,Non-OECD,OTH,1776092.664609375
SSP2_500C_CACN_NoCC,2100,Non-OECD,CROP,1049068.315443433
SSP2_500C_CACN_NoCC,2100,Non-OECD,CROP_FLW,28565.104651818572
SSP2_500C_CACN_NoCC,2100,Non-OECD,PRM_FRS,3832238.6826498928
SSP2_500C_CACN_NoCC,2100,Non-OECD,MNG_FRS,57243.45280507392
SSP2_500C_CACN_NoCC,2100,Non-OECD,BIOCROP,308291.43549869076
SSP2_500C_CACN_NoCC,2100,Non-OECD,GRAZING,2529369.742728033
SSP2_500C_CACN_NoCC,2100,Non-OECD,GRASS,460290.594199942
SSP2_500C_CACN_NoCC,2100,Non-OECD,URB,35401.19061899567
SSP2_500C_CACN_NoCC,2100,Industrial,OTH,321872.108
SSP2_500C_CACN_NoCC,2100,Industrial,CROP,238955.97171520477
SSP2_500C_CACN_NoCC,2100,Industrial,CROP_FLW,59861.17239422843
SSP2_500C_CACN_NoCC,2100,Industrial,PRM_FRS,1065476.3383709234
SSP2_500C_CACN_NoCC,2100,Industrial,MNG_FRS,86168.25949076624
SSP2_500C_CACN_NoCC,2100,Industrial,BIOCROP,142060.63106749332
SSP2_500C_CACN_NoCC,2100,Industrial,GRAZING,656248.5780807552
SSP2_500C_CACN_NoCC,2100,Industrial,GRASS,442290.49359688425
SSP2_500C_CACN_NoCC,2100,Industrial,URB,24181.440413742544
SSP2_500C_CACN_NoCC,2100,Transition,OTH,520635.75745312497
SSP2_500C_CACN_NoCC,2100,Transition,CROP,354440.3367164852
SSP2_500C_CACN_NoCC,2100,Transition,CROP_FLW,23551.24363728427
SSP2_500C_CACN_NoCC,2100,Transition,PRM_FRS,2269122.343631642
SSP2_500C_CACN_NoCC,2100,Transition,MNG_FRS,32273.83036345218
SSP2_500C_CACN_NoCC,2100,Transition,BIOCROP,132297.54879036223
SSP2_500C_CACN_NoCC,2100,Transition,GRAZING,837761.2720110549
SSP2_500C_CACN_NoCC,2100,Transition,GRASS,113452.6668773636
SSP2_500C_CACN_NoCC,2100,Transition,URB,22567.039569885255
SSP2_500C_CACN_NoCC,2100,Developing,OTH,1268688.90715625
SSP2_500C_CACN_NoCC,2100,Developing,CROP,739325.5597190937
SSP2_500C_CACN_NoCC,2100,Developing,CROP_FLW,8310.246261467197
SSP2_500C_CACN_NoCC,2100,Developing,PRM_FRS,1632161.3157248553
SSP2_500C_CACN_NoCC,2100,Developing,MNG_FRS,27833.610694108393
SSP2_500C_CACN_NoCC,2100,Developing,BIOCROP,186082.88607625623
SSP2_500C_CACN_NoCC,2100,Developing,GRAZING,1719418.6718672402
SSP2_500C_CACN_NoCC,2100,Developing,GRASS,363492.69877618924
SSP2_500C_CACN_NoCC,2100,Developing,URB,14745.773382286072
SSP2_500C_CACN_NoCC,2100,R5ASIA,OTH,312611.42105468747
SSP2_500C_CACN_NoCC,2100,R5ASIA,CROP,294036.28157625376
SSP2_500C_CACN_NoCC,2100,R5ASIA,CROP_FLW,1957.357289498147
SSP2_500C_CACN_NoCC,2100,R5ASIA,PRM_FRS,722400.6864380155
SSP2_500C_CACN_NoCC,2100,R5ASIA,MNG_FRS,19532.895923912023
SSP2_500C_CACN_NoCC,2100,R5ASIA,BIOCROP,101137.11542602799
SSP2_500C_CACN_NoCC,2100,R5ASIA,GRAZING,506099.0866122231
SSP2_500C_CACN_NoCC,2100,R5ASIA,GRASS,110794.67233989277
SSP2_500C_CACN_NoCC,2100,R5ASIA,URB,14931.307018096923
SSP2_500C_CACN_NoCC,2100,R5OECD90+EU,OTH,335104.108
SSP2_500C_CACN_NoCC,2100,R5OECD90+EU,CROP,283653.5527073508
SSP2_500C_CACN_NoCC,2100,R5OECD90+EU,CROP_FLW,63157.55764116133
SSP2_500C_CACN_NoCC,2100,R5OECD90+EU,PRM_FRS,1134521.3150775281
SSP2_500C_CACN_NoCC,2100,R5OECD90+EU,MNG_FRS,89032.2477432529
SSP2_500C_CACN_NoCC,2100,R5OECD90+EU,BIOCROP,152149.63043542104
SSP2_500C_CACN_NoCC,2100,R5OECD90+EU,GRAZING,684058.779231017
SSP2_500C_CACN_NoCC,2100,R5OECD90+EU,GRASS,458945.2650504951
SSP2_500C_CACN_NoCC,2100,R5OECD90+EU,URB,26093.062746918204
SSP2_500C_CACN_NoCC,2100,R5REF,OTH,253974.9918984375
SSP2_500C_CACN_NoCC,2100,R5REF,CROP,59619.70314470004
SSP2_500C_CACN_NoCC,2100,R5REF,CROP_FLW,20221.412477794514
SSP2_500C_CACN_NoCC,2100,R5REF,PRM_FRS,1155501.0106936141
SSP2_500C_CACN_NoCC,2100,R5REF,MNG_FRS,14240.640432358538
SSP2_500C_CACN_NoCC,2100,R5REF,BIOCROP,31937.12888861635
SSP2_500C_CACN_NoCC,2100,R5REF,GRAZING,296968.5903517046
SSP2_500C_CACN_NoCC,2100,R5REF,GRASS,26809.39624497419
SSP2_500C_CACN_NoCC,2100,R5REF,URB,5880.5270887603765
SSP2_500C_CACN_NoCC,2100,R5MAF,OTH,1137323.0343437498
SSP2_500C_CACN_NoCC,2100,R5MAF,CROP,577159.2221200689
SSP2_500C_CACN_NoCC,2100,R5MAF,CROP_FLW,3070.464414803707
SSP2_500C_CACN_NoCC,2100,R5MAF,PRM_FRS,714609.7721995759
SSP2_500C_CACN_NoCC,2100,R5MAF,MNG_FRS,14785.728318399444
SSP2_500C_CACN_NoCC,2100,R5MAF,BIOCROP,119083.27332668015
SSP2_500C_CACN_NoCC,2100,R5MAF,GRAZING,1204210.6624205147
SSP2_500C_CACN_NoCC,2100,R5MAF,GRASS,216595.91416438395
SSP2_500C_CACN_NoCC,2100,R5MAF,URB,5952.48283633995
SSP2_500C_CACN_NoCC,2100,R5LAM,OTH,72183.21731250001
SSP2_500C_CACN_NoCC,2100,R5LAM,CROP,118253.1086024103
SSP2_500C_CACN_NoCC,2100,R5LAM,CROP_FLW,3315.8704697222042
SSP2_500C_CACN_NoCC,2100,R5LAM,PRM_FRS,1239727.213318687
SSP2_500C_CACN_NoCC,2100,R5LAM,MNG_FRS,8684.188130403909
SSP2_500C_CACN_NoCC,2100,R5LAM,BIOCROP,56133.91785736627
SSP2_500C_CACN_NoCC,2100,R5LAM,GRAZING,522091.4033435909
SSP2_500C_CACN_NoCC,2100,R5LAM,GRASS,106090.61145069113
SSP2_500C_CACN_NoCC,2100,R5LAM,URB,8636.873675798419
historical,base,USA,OTH,33613.452
historical,base,USA,URB,11695.345311309815
historical,base,XE25,OTH,3206.0
historical,base,XE25,URB,9106.496241195679
historical,base,XER,OTH,13232.0
historical,base,XER,URB,1090.242361709595
historical,base,TUR,URB,821.3799714660644
historical,base,XOC,OTH,1467.0
historical,base,XOC,URB,883.3264156804086
historical,base,CHN,OTH,239998.39534375
historical,base,CHN,URB,8006.078889526368
historical,base,IND,OTH,13430.3702109375
historical,base,IND,URB,3026.2728974914553
historical,base,JPN,URB,1710.2899680175783
historical,base,XSE,OTH,14506.901
historical,base,XSE,URB,3032.1656320037837
historical,base,XSA,OTH,44675.7545
historical,base,XSA,URB,866.7895990753174
historical,base,CAN,OTH,283585.656
historical,base,CAN,URB,785.9824775390625
historical,base,BRA,URB,3742.538360931397
historical,base,XLM,OTH,72183.21731250001
historical,base,XLM,URB,4894.335314867021
historical,base,CIS,OTH,253974.9918984375
historical,base,CIS,URB,5880.5270887603765
historical,base,XME,OTH,281021.7655625
historical,base,XME,URB,2128.071955810547
historical,base,XNF,OTH,456890.6350624999
historical,base,XNF,URB,927.4797019042969
historical,base,XAF,OTH,399410.63371875
historical,base,XAF,URB,2896.931178625107
historical,base,ASIA2,OTH,312611.42105468747
historical,base,ASIA2,URB,16641.596986114502
historical,base,World,OTH,2111196.772609375
historical,base,World,URB,61494.25336591386
historical,base,Non-OECD,OTH,1776092.664609375
historical,base,Non-OECD,URB,35401.19061899567
historical,base,Industrial,OTH,321872.108
historical,base,Industrial,URB,24181.440413742544
historical,base,Transition,OTH,520635.75745312497
historical,base,Transition,URB,22567.039569885255
historical,base,Developing,OTH,1268688.90715625
historical,base,Developing,URB,14745.773382286072
historical,base,R5ASIA,OTH,312611.42105468747
historical,base,R5ASIA,URB,14931.307018096923
historical,base,R5OECD90+EU,OTH,335104.108
historical,base,R5OECD90+EU,URB,26093.062746918204
historical,base,R5REF,OTH,253974.9918984375
historical,base,R5REF,URB,5880.5270887603765
historical,base,R5MAF,OTH,1137323.0343437498
historical,base,R5MAF,URB,5952.48283633995
historical,base,R5LAM,OTH,72183.21731250001
historical,base,R5LAM,URB,8636.873675798419
historical,1970,USA,OTH,33613.452
historical,1970,USA,URB,11695.345311309815
historical,1970,XE25,OTH,3206.0
historical,1970,XE25,URB,9106.496241195679
historical,1970,XER,OTH,13232.0
historical,1970,XER,URB,1090.242361709595
historical,1970,TUR,URB,821.3799714660644
historical,1970,XOC,OTH,1467.0
historical,1970,XOC,URB,883.3264156804086
historical,1970,CHN,OTH,239998.39534375
historical,1970,CHN,URB,8006.078889526368
historical,1970,IND,OTH,13430.3702109375
historical,1970,IND,URB,3026.2728974914553
historical,1970,JPN,URB,1710.2899680175783
historical,1970,XSE,OTH,14506.901
historical,1970,XSE,URB,3032.1656320037837
historical,1970,XSA,OTH,44675.7545
historical,1970,XSA,URB,866.7895990753174
historical,1970,CAN,OTH,283585.656
historical,1970,CAN,URB,785.9824775390625
historical,1970,BRA,URB,3742.538360931397
historical,1970,XLM,OTH,72183.21731250001
historical,1970,XLM,URB,4894.335314867021
historical,1970,CIS,OTH,253974.9918984375
historical,1970,CIS,URB,5880.5270887603765
historical,1970,XME,OTH,281021.7655625
historical,1970,XME,URB,2128.071955810547
historical,1970,XNF,OTH,456890.6350624999
historical,1970,XNF,URB,927.4797019042969
historical,1970,XAF,OTH,399410.63371875
historical,1970,XAF,URB,2896.931178625107
historical,1970,ASIA2,OTH,312611.42105468747
historical,1970,ASIA2,URB,16641.596986114502
historical,1970,World,OTH,2111196.772609375
historical,1970,World,URB,61494.25336591386
historical,1970,Non-OECD,OTH,1776092.664609375
historical,1970,Non-OECD,URB,35401.19061899567
historical,1970,Industrial,OTH,321872.108
historical,1970,Industrial,URB,24181.440413742544
historical,1970,Transition,OTH,520635.75745312497
historical,1970,Transition,URB,22567.039569885255
historical,1970,Developing,OTH,1268688.90715625
historical,1970,Developing,URB,14745.773382286072
historical,1970,R5ASIA,OTH,312611.42105468747
historical,1970,R5ASIA,URB,14931.307018096923
historical,1970,R5OECD90+EU,OTH,335104.108
historical,1970,R5OECD90+EU,URB,26093.062746918204
historical,1970,R5REF,OTH,253974.9918984375
historical,1970,R5REF,URB,5880.5270887603765
historical,1970,R5MAF,OTH,1137323.0343437498
historical,1970,R5MAF,URB,5952.48283633995
historical,1970,R5LAM,OTH,72183.21731250001
historical,1970,R5LAM,URB,8636.873675798419
historical,1971,USA,OTH,33613.452
historical,1971,USA,URB,11695.345311309815
historical,1971,XE25,OTH,3206.0
historical,1971,XE25,URB,9106.496241195679
historical,1971,XER,OTH,13232.0
historical,1971,XER,URB,1090.242361709595
historical,1971,TUR,URB,821.3799714660644
historical,1971,XOC,OTH,1467.0
historical,1971,XOC,URB,883.3264156804086
historical,1971,CHN,OTH,239998.39534375
historical,1971,CHN,URB,8006.078889526368
historical,1971,IND,OTH,13430.3702109375
historical,1971,IND,URB,3026.2728974914553
historical,1971,JPN,URB,1710.2899680175783
historical,1971,XSE,OTH,14506.901
historical,1971,XSE,URB,3032.1656320037837
historical,1971,XSA,OTH,44675.7545
historical,1971,XSA,URB,866.7895990753174
historical,1971,CAN,OTH,283585.656
historical,1971,CAN,URB,785.9824775390625
historical,1971,BRA,URB,3742.538360931397
historical,1971,XLM,OTH,72183.21731250001
historical,1971,XLM,URB,4894.335314867021
historical,1971,CIS,OTH,253974.9918984375
historical,1971,CIS,URB,5880.5270887603765
historical,1971,XME,OTH,281021.7655625
historical,1971,XME,URB,2128.071955810547
historical,1971,XNF,OTH,456890.6350624999
historical,1971,XNF,URB,927.4797019042969
historical,1971,XAF,OTH,399410.63371875
historical,1971,XAF,URB,2896.931178625107
historical,1971,ASIA2,OTH,312611.42105468747
historical,1971,ASIA2,URB,16641.596986114502
historical,1971,World,OTH,2111196.772609375
historical,1971,World,URB,61494.25336591386
historical,1971,Non-OECD,OTH,1776092.664609375
historical,1971,Non-OECD,URB,35401.19061899567
historical,1971,Industrial,OTH,321872.108
historical,1971,Industrial,URB,24181.440413742544
historical,1971,Transition,OTH,520635.75745312497
historical,1971,Transition,URB,22567.039569885255
historical,1971,Developing,OTH,1268688.90715625
historical,1971,Developing,URB,14745.773382286072
historical,1971,R5ASIA,OTH,312611.42105468747
historical,1971,R5ASIA,URB,14931.307018096923
historical,1971,R5OECD90+EU,OTH,335104.108
historical,1971,R5OECD90+EU,URB,26093.062746918204
historical,1971,R5REF,OTH,253974.9918984375
historical,1971,R5REF,URB,5880.5270887603765
historical,1971,R5MAF,OTH,1137323.0343437498
historical,1971,R5MAF,URB,5952.48283633995
historical,1971,R5LAM,OTH,72183.21731250001
historical,1971,R5LAM,URB,8636.873675798419
historical,1975,USA,OTH,33613.452
historical,1975,USA,URB,11695.345311309815
historical,1975,XE25,OTH,3206.0
historical,1975,XE25,URB,9106.496241195679
historical,1975,XER,OTH,13232.0
historical,1975,XER,URB,1090.242361709595
historical,1975,TUR,URB,821.3799714660644
historical,1975,XOC,OTH,1467.0
historical,1975,XOC,URB,883.3264156804086
historical,1975,CHN,OTH,239998.39534375
historical,1975,CHN,URB,8006.078889526368
historical,1975,IND,OTH,13430.3702109375
historical,1975,IND,URB,3026.2728974914553
historical,1975,JPN,URB,1710.2899680175783
historical,1975,XSE,OTH,14506.901
historical,1975,XSE,URB,3032.1656320037837
historical,1975,XSA,OTH,44675.7545
historical,1975,XSA,URB,866.7895990753174
historical,1975,CAN,OTH,283585.656
historical,1975,CAN,URB,785.9824775390625
historical,1975,BRA,URB,3742.538360931397
historical,1975,XLM,OTH,72183.21731250001
historical,1975,XLM,URB,4894.335314867021
historical,1975,CIS,OTH,253974.9918984375
historical,1975,CIS,URB,5880.5270887603765
historical,1975,XME,OTH,281021.7655625
historical,1975,XME,URB,2128.071955810547
historical,1975,XNF,OTH,456890.6350624999
historical,1975,XNF,URB,927.4797019042969
historical,1975,XAF,OTH,399410.63371875
historical,1975,XAF,URB,2896.931178625107
historical,1975,ASIA2,OTH,312611.42105468747
historical,1975,ASIA2,URB,16641.596986114502
historical,1975,World,OTH,2111196.772609375
historical,1975,World,URB,61494.25336591386
historical,1975,Non-OECD,OTH,1776092.664609375
historical,1975,Non-OECD,URB,35401.19061899567
historical,1975,Industrial,OTH,321872.108
historical,1975,Industrial,URB,24181.440413742544
historical,1975,Transition,OTH,520635.75745312497
historical,1975,Transition,URB,22567.039569885255
historical,1975,Developing,OTH,1268688.90715625
historical,1975,Developing,URB,14745.773382286072
historical,1975,R5ASIA,OTH,312611.42105468747
historical,1975,R5ASIA,URB,14931.307018096923
historical,1975,R5OECD90+EU,OTH,335104.108
historical,1975,R5OECD90+EU,URB,26093.062746918204
historical,1975,R5REF,OTH,253974.9918984375
historical,1975,R5REF,URB,5880.5270887603765
historical,1975,R5MAF,OTH,1137323.0343437498
historical,1975,R5MAF,URB,5952.48283633995
historical,1975,R5LAM,OTH,72183.21731250001
historical,1975,R5LAM,URB,8636.873675798419
historical,1980,USA,OTH,33613.452
historical,1980,USA,URB,11695.345311309815
historical,1980,XE25,OTH,3206.0
historical,1980,XE25,URB,9106.496241195679
historical,1980,XER,OTH,13232.0
historical,1980,XER,URB,1090.242361709595
historical,1980,TUR,URB,821.3799714660644
historical,1980,XOC,OTH,1467.0
historical,1980,XOC,URB,883.3264156804086
historical,1980,CHN,OTH,239998.39534375
historical,1980,CHN,URB,8006.078889526368
historical,1980,IND,OTH,13430.3702109375
historical,1980,IND,URB,3026.2728974914553
historical,1980,JPN,URB,1710.2899680175783
historical,1980,XSE,OTH,14506.901
historical,1980,XSE,URB,3032.1656320037837
historical,1980,XSA,OTH,44675.7545
historical,1980,XSA,URB,866.7895990753174
historical,1980,CAN,OTH,283585.656
historical,1980,CAN,URB,785.9824775390625
historical,1980,BRA,URB,3742.538360931397
historical,1980,XLM,OTH,72183.21731250001
historical,1980,XLM,URB,4894.335314867021
historical,1980,CIS,OTH,253974.9918984375
historical,1980,CIS,URB,5880.5270887603765
historical,1980,XME,OTH,281021.7655625
historical,1980,XME,URB,2128.071955810547
historical,1980,XNF,OTH,456890.6350624999
historical,1980,XNF,URB,927.4797019042969
historical,1980,XAF,OTH,399410.63371875
historical,1980,XAF,URB,2896.931178625107
historical,1980,ASIA2,OTH,312611.42105468747
historical,1980,ASIA2,URB,16641.596986114502
historical,1980,World,OTH,2111196.772609375
historical,1980,World,URB,61494.25336591386
historical,1980,Non-OECD,OTH,1776092.664609375
historical,1980,Non-OECD,URB,35401.19061899567
historical,1980,Industrial,OTH,321872.108
historical,1980,Industrial,URB,24181.440413742544
historical,1980,Transition,OTH,520635.75745312497
historical,1980,Transition,URB,22567.039569885255
historical,1980,Developing,OTH,1268688.90715625
historical,1980,Developing,URB,14745.773382286072
historical,1980,R5ASIA,OTH,312611.42105468747
historical,1980,R5ASIA,URB,14931.307018096923
historical,1980,R5OECD90+EU,OTH,335104.108
historical,1980,R5OECD90+EU,URB,26093.062746918204
historical,1980,R5REF,OTH,253974.9918984375
historical,1980,R5REF,URB,5880.5270887603765
historical,1980,R5MAF,OTH,1137323.0343437498
historical,1980,R5MAF,URB,5952.48283633995
historical,1980,R5LAM,OTH,72183.21731250001
historical,1980,R5LAM,URB,8636.873675798419
historical,1985,USA,OTH,33613.452
historical,1985,USA,URB,11695.345311309815
historical,1985,XE25,OTH,3206.0
historical,1985,XE25,URB,9106.496241195679
historical,1985,XER,OTH,13232.0
historical,1985,XER,URB,1090.242361709595
historical,1985,TUR,URB,821.3799714660644
historical,1985,XOC,OTH,1467.0
historical,1985,XOC,URB,883.3264156804086
historical,1985,CHN,OTH,239998.39534375
historical,1985,CHN,URB,8006.078889526368
historical,1985,IND,OTH,13430.3702109375
historical,1985,IND,URB,3026.2728974914553
historical,1985,JPN,URB,1710.2899680175783
historical,1985,XSE,OTH,14506.901
historical,1985,XSE,URB,3032.1656320037837
historical,1985,XSA,OTH,44675.7545
historical,1985,XSA,URB,866.7895990753174
historical,1985,CAN,OTH,283585.656
historical,1985,CAN,URB,785.9824775390625
historical,1985,BRA,URB,3742.538360931397
historical,1985,XLM,OTH,72183.21731250001
historical,1985,XLM,URB,4894.335314867021
historical,1985,CIS,OTH,253974.9918984375
historical,1985,CIS,URB,5880.5270887603765
historical,1985,XME,OTH,281021.7655625
historical,1985,XME,URB,2128.071955810547
historical,1985,XNF,OTH,456890.6350624999
historical,1985,XNF,URB,927.4797019042969
historical,1985,XAF,OTH,399410.63371875
historical,1985,XAF,URB,2896.931178625107
historical,1985,ASIA2,OTH,312611.42105468747
historical,1985,ASIA2,URB,16641.596986114502
historical,1985,World,OTH,2111196.772609375
historical,1985,World,URB,61494.25336591386
historical,1985,Non-OECD,OTH,1776092.664609375
historical,1985,Non-OECD,URB,35401.19061899567
historical,1985,Industrial,OTH,321872.108
historical,1985,Industrial,URB,24181.440413742544
historical,1985,Transition,OTH,520635.75745312497
historical,1985,Transition,URB,22567.039569885255
historical,1985,Developing,OTH,1268688.90715625
historical,1985,Developing,URB,14745.773382286072
historical,1985,R5ASIA,OTH,312611.42105468747
historical,1985,R5ASIA,URB,14931.307018096923
historical,1985,R5OECD90+EU,OTH,335104.108
historical,1985,R5OECD90+EU,URB,26093.062746918204
historical,1985,R5REF,OTH,253974.9918984375
historical,1985,R5REF,URB,5880.5270887603765
historical,1985,R5MAF,OTH,1137323.0343437498
historical,1985,R5MAF,URB,5952.48283633995
historical,1985,R5LAM,OTH,72183.21731250001
historical,1985,R5LAM,URB,8636.873675798419
historical,1990,USA,OTH,33613.452
historical,1990,USA,URB,11695.345311309815
historical,1990,XE25,OTH,3206.0
historical,1990,XE25,URB,9106.496241195679
historical,1990,XER,OTH,13232.0
historical,1990,XER,URB,1090.242361709595
historical,1990,TUR,URB,821.3799714660644
historical,1990,XOC,OTH,1467.0
historical,1990,XOC,URB,883.3264156804086
historical,1990,CHN,OTH,239998.39534375
historical,1990,CHN,URB,8006.078889526368
historical,1990,IND,OTH,13430.3702109375
historical,1990,IND,URB,3026.2728974914553
historical,1990,JPN,URB,1710.2899680175783
historical,1990,XSE,OTH,14506.901
historical,1990,XSE,URB,3032.1656320037837
historical,1990,XSA,OTH,44675.7545
historical,1990,XSA,URB,866.7895990753174
historical,1990,CAN,OTH,283585.656
historical,1990,CAN,URB,785.9824775390625
historical,1990,BRA,URB,3742.538360931397
historical,1990,XLM,OTH,72183.21731250001
historical,1990,XLM,URB,4894.335314867021
historical,1990,CIS,OTH,253974.9918984375
historical,1990,CIS,URB,5880.5270887603765
historical,1990,XME,OTH,281021.7655625
historical,1990,XME,URB,2128.071955810547
historical,1990,XNF,OTH,456890.6350624999
historical,1990,XNF,URB,927.4797019042969
historical,1990,XAF,OTH,399410.63371875
historical,1990,XAF,URB,2896.931178625107
historical,1990,ASIA2,OTH,312611.42105468747
historical,1990,ASIA2,URB,16641.596986114502
historical,1990,World,OTH,2111196.772609375
historical,1990,World,URB,61494.25336591386
historical,1990,Non-OECD,OTH,1776092.664609375
historical,1990,Non-OECD,URB,35401.19061899567
historical,1990,Industrial,OTH,321872.108
historical,1990,Industrial,URB,24181.440413742544
historical,1990,Transition,OTH,520635.75745312497
historical,1990,Transition,URB,22567.039569885255
historical,1990,Developing,OTH,1268688.90715625
historical,1990,Developing,URB,14745.773382286072
historical,1990,R5ASIA,OTH,312611.42105468747
historical,1990,R5ASIA,URB,14931.307018096923
historical,1990,R5OECD90+EU,OTH,335104.108
historical,1990,R5OECD90+EU,URB,26093.062746918204
historical,1990,R5REF,OTH,253974.9918984375
historical,1990,R5REF,URB,5880.5270887603765
historical,1990,R5MAF,OTH,1137323.0343437498
historical,1990,R5MAF,URB,5952.48283633995
historical,1990,R5LAM,OTH,72183.21731250001
historical,1990,R5LAM,URB,8636.873675798419
historical,1995,USA,OTH,33613.452
historical,1995,USA,URB,11695.345311309815
historical,1995,XE25,OTH,3206.0
historical,1995,XE25,URB,9106.496241195679
historical,1995,XER,OTH,13232.0
historical,1995,XER,URB,1090.242361709595
historical,1995,TUR,URB,821.3799714660644
historical,1995,XOC,OTH,1467.0
historical,1995,XOC,URB,883.3264156804086
historical,1995,CHN,OTH,239998.39534375
historical,1995,CHN,URB,8006.078889526368
historical,1995,IND,OTH,13430.3702109375
historical,1995,IND,URB,3026.2728974914553
historical,1995,JPN,URB,1710.2899680175783
historical,1995,XSE,OTH,14506.901
historical,1995,XSE,URB,3032.1656320037837
historical,1995,XSA,OTH,44675.7545
historical,1995,XSA,URB,866.7895990753174
historical,1995,CAN,OTH,283585.656
historical,1995,CAN,URB,785.9824775390625
historical,1995,BRA,URB,3742.538360931397
historical,1995,XLM,OTH,72183.21731250001
historical,1995,XLM,URB,4894.335314867021
historical,1995,CIS,OTH,253974.9918984375
historical,1995,CIS,URB,5880.5270887603765
historical,1995,XME,OTH,281021.7655625
historical,1995,XME,URB,2128.071955810547
historical,1995,XNF,OTH,456890.6350624999
historical,1995,XNF,URB,927.4797019042969
historical,1995,XAF,OTH,399410.63371875
historical,1995,XAF,URB,2896.931178625107
historical,1995,ASIA2,OTH,312611.42105468747
historical,1995,ASIA2,URB,16641.596986114502
historical,1995,World,OTH,2111196.772609375
historical,1995,World,URB,61494.25336591386
historical,1995,Non-OECD,OTH,1776092.664609375
historical,1995,Non-OECD,URB,35401.19061899567
historical,1995,Industrial,OTH,321872.108
historical,1995,Industrial,URB,24181.440413742544
historical,1995,Transition,OTH,520635.75745312497
historical,1995,Transition,URB,22567.039569885255
historical,1995,Developing,OTH,1268688.90715625
historical,1995,Developing,URB,14745.773382286072
historical,1995,R5ASIA,OTH,312611.42105468747
historical,1995,R5ASIA,URB,14931.307018096923
historical,1995,R5OECD90+EU,OTH,335104.108
historical,1995,R5OECD90+EU,URB,26093.062746918204
historical,1995,R5REF,OTH,253974.9918984375
historical,1995,R5REF,URB,5880.5270887603765
historical,1995,R5MAF,OTH,1137323.0343437498
historical,1995,R5MAF,URB,5952.48283633995
historical,1995,R5LAM,OTH,72183.21731250001
historical,1995,R5LAM,URB,8636.873675798419
historical,2000,USA,OTH,33613.452
historical,2000,USA,URB,11695.345311309815
historical,2000,XE25,OTH,3206.0
historical,2000,XE25,URB,9106.496241195679
historical,2000,XER,OTH,13232.0
historical,2000,XER,URB,1090.242361709595
historical,2000,TUR,URB,821.3799714660644
historical,2000,XOC,OTH,1467.0
historical,2000,XOC,URB,883.3264156804086
historical,2000,CHN,OTH,239998.39534375
historical,2000,CHN,URB,8006.078889526368
historical,2000,IND,OTH,13430.3702109375
historical,2000,IND,URB,3026.2728974914553
historical,2000,JPN,URB,1710.2899680175783
historical,2000,XSE,OTH,14506.901
historical,2000,XSE,URB,3032.1656320037837
historical,2000,XSA,OTH,44675.7545
historical,2000,XSA,URB,866.7895990753174
historical,2000,CAN,OTH,283585.656
historical,2000,CAN,URB,785.9824775390625
historical,2000,BRA,URB,3742.538360931397
historical,2000,XLM,OTH,72183.21731250001
historical,2000,XLM,URB,4894.335314867021
historical,2000,CIS,OTH,253974.9918984375
historical,2000,CIS,URB,5880.5270887603765
historical,2000,XME,OTH,281021.7655625
historical,2000,XME,URB,2128.071955810547
historical,2000,XNF,OTH,456890.6350624999
historical,2000,XNF,URB,927.4797019042969
historical,2000,XAF,OTH,399410.63371875
historical,2000,XAF,URB,2896.931178625107
historical,2000,ASIA2,OTH,312611.42105468747
historical,2000,ASIA2,URB,16641.596986114502
historical,2000,World,OTH,2111196.772609375
historical,2000,World,URB,61494.25336591386
historical,2000,Non-OECD,OTH,1776092.664609375
historical,2000,Non-OECD,URB,35401.19061899567
historical,2000,Industrial,OTH,321872.108
historical,2000,Industrial,URB,24181.440413742544
historical,2000,Transition,OTH,520635.75745312497
historical,2000,Transition,URB,22567.039569885255
historical,2000,Developing,OTH,1268688.90715625
historical,2000,Developing,URB,14745.773382286072
historical,2000,R5ASIA,OTH,312611.42105468747
historical,2000,R5ASIA,URB,14931.307018096923
historical,2000,R5OECD90+EU,OTH,335104.108
historical,2000,R5OECD90+EU,URB,26093.062746918204
historical,2000,R5REF,OTH,253974.9918984375
historical,2000,R5REF,URB,5880.5270887603765
historical,2000,R5MAF,OTH,1137323.0343437498
historical,2000,R5MAF,URB,5952.48283633995
historical,2000,R5LAM,OTH,72183.21731250001
historical,2000,R5LAM,URB,8636.873675798419
historical,2005,USA,OTH,33613.452
historical,2005,USA,URB,11695.345311309815
historical,2005,XE25,OTH,3206.0
historical,2005,XE25,URB,9106.496241195679
historical,2005,XER,OTH,13232.0
historical,2005,XER,URB,1090.242361709595
historical,2005,TUR,URB,821.3799714660644
historical,2005,XOC,OTH,1467.0
historical,2005,XOC,URB,883.3264156804086
historical,2005,CHN,OTH,239998.39534375
historical,2005,CHN,URB,8006.078889526368
historical,2005,IND,OTH,13430.3702109375
historical,2005,IND,URB,3026.2728974914553
historical,2005,JPN,URB,1710.2899680175783
historical,2005,XSE,OTH,14506.901
historical,2005,XSE,URB,3032.1656320037837
historical,2005,XSA,OTH,44675.7545
historical,2005,XSA,URB,866.7895990753174
historical,2005,CAN,OTH,283585.656
historical,2005,CAN,URB,785.9824775390625
historical,2005,BRA,URB,3742.538360931397
historical,2005,XLM,OTH,72183.21731250001
historical,2005,XLM,URB,4894.335314867021
historical,2005,CIS,OTH,253974.9918984375
historical,2005,CIS,URB,5880.5270887603765
historical,2005,XME,OTH,281021.7655625
historical,2005,XME,URB,2128.071955810547
historical,2005,XNF,OTH,456890.6350624999
historical,2005,XNF,URB,927.4797019042969
historical,2005,XAF,OTH,399410.63371875
historical,2005,XAF,URB,2896.931178625107
historical,2005,ASIA2,OTH,312611.42105468747
historical,2005,ASIA2,URB,16641.596986114502
historical,2005,World,OTH,2111196.772609375
historical,2005,World,URB,61494.25336591386
historical,2005,Non-OECD,OTH,1776092.664609375
historical,2005,Non-OECD,URB,35401.19061899567
historical,2005,Industrial,OTH,321872.108
historical,2005,Industrial,URB,24181.440413742544
historical,2005,Transition,OTH,520635.75745312497
historical,2005,Transition,URB,22567.039569885255
historical,2005,Developing,OTH,1268688.90715625
historical,2005,Developing,URB,14745.773382286072
historical,2005,R5ASIA,OTH,312611.42105468747
historical,2005,R5ASIA,URB,14931.307018096923
historical,2005,R5OECD90+EU,OTH,335104.108
historical,2005,R5OECD90+EU,URB,26093.062746918204
historical,2005,R5REF,OTH,253974.9918984375
historical,2005,R5REF,URB,5880.5270887603765
historical,2005,R5MAF,OTH,1137323.0343437498
historical,2005,R5MAF,URB,5952.48283633995
historical,2005,R5LAM,OTH,72183.21731250001
historical,2005,R5LAM,URB,8636.873675798419
historical,2010,USA,OTH,33613.452
historical,2010,USA,URB,11695.345311309815
historical,2010,XE25,OTH,3206.0
historical,2010,XE25,URB,9106.496241195679
historical,2010,XER,OTH,13232.0
historical,2010,XER,URB,1090.242361709595
historical,2010,TUR,URB,821.3799714660644
historical,2010,XOC,OTH,1467.0
historical,2010,XOC,URB,883.3264156804086
historical,2010,CHN,OTH,239998.39534375
historical,2010,CHN,URB,8006.078889526368
historical,2010,IND,OTH,13430.3702109375
historical,2010,IND,URB,3026.2728974914553
historical,2010,JPN,URB,1710.2899680175783
historical,2010,XSE,OTH,14506.901
historical,2010,XSE,URB,3032.1656320037837
historical,2010,XSA,OTH,44675.7545
historical,2010,XSA,URB,866.7895990753174
historical,2010,CAN,OTH,283585.656
historical,2010,CAN,URB,785.9824775390625
historical,2010,BRA,URB,3742.538360931397
historical,2010,XLM,OTH,72183.21731250001
historical,2010,XLM,URB,4894.335314867021
historical,2010,CIS,OTH,253974.9918984375
historical,2010,CIS,URB,5880.5270887603765
historical,2010,XME,OTH,281021.7655625
historical,2010,XME,URB,2128.071955810547
historical,2010,XNF,OTH,456890.6350624999
historical,2010,XNF,URB,927.4797019042969
historical,2010,XAF,OTH,399410.63371875
historical,2010,XAF,URB,2896.931178625107
historical,2010,ASIA2,OTH,312611.42105468747
historical,2010,ASIA2,URB,16641.596986114502
historical,2010,World,OTH,2111196.772609375
historical,2010,World,URB,61494.25336591386
historical,2010,Non-OECD,OTH,1776092.664609375
historical,2010,Non-OECD,URB,35401.19061899567
historical,2010,Industrial,OTH,321872.108
historical,2010,Industrial,URB,24181.440413742544
historical,2010,Transition,OTH,520635.75745312497
historical,2010,Transition,URB,22567.039569885255
historical,2010,Developing,OTH,1268688.90715625
historical,2010,Developing,URB,14745.773382286072
historical,2010,R5ASIA,OTH,312611.42105468747
historical,2010,R5ASIA,URB,14931.307018096923
historical,2010,R5OECD90+EU,OTH,335104.108
historical,2010,R5OECD90+EU,URB,26093.062746918204
historical,2010,R5REF,OTH,253974.9918984375
historical,2010,R5REF,URB,5880.5270887603765
historical,2010,R5MAF,OTH,1137323.0343437498
historical,2010,R5MAF,URB,5952.48283633995
historical,2010,R5LAM,OTH,72183.21731250001
historical,2010,R5LAM,URB,8636.873675798419
historical,2015,USA,OTH,33613.452
historical,2015,USA,URB,11695.345311309815
historical,2015,XE25,OTH,3206.0
historical,2015,XE25,URB,9106.496241195679
historical,2015,XER,OTH,13232.0
historical,2015,XER,URB,1090.242361709595
historical,2015,TUR,URB,821.3799714660644
historical,2015,XOC,OTH,1467.0
historical,2015,XOC,URB,883.3264156804086
historical,2015,CHN,OTH,239998.39534375
historical,2015,CHN,URB,8006.078889526368
historical,2015,IND,OTH,13430.3702109375
historical,2015,IND,URB,3026.2728974914553
historical,2015,JPN,URB,1710.2899680175783
historical,2015,XSE,OTH,14506.901
historical,2015,XSE,URB,3032.1656320037837
historical,2015,XSA,OTH,44675.7545
historical,2015,XSA,URB,866.7895990753174
historical,2015,CAN,OTH,283585.656
historical,2015,CAN,URB,785.9824775390625
historical,2015,BRA,URB,3742.538360931397
historical,2015,XLM,OTH,72183.21731250001
historical,2015,XLM,URB,4894.335314867021
historical,2015,CIS,OTH,253974.9918984375
historical,2015,CIS,URB,5880.5270887603765
historical,2015,XME,OTH,281021.7655625
historical,2015,XME,URB,2128.071955810547
historical,2015,XNF,OTH,456890.6350624999
historical,2015,XNF,URB,927.4797019042969
historical,2015,XAF,OTH,399410.63371875
historical,2015,XAF,URB,2896.931178625107
historical,2015,ASIA2,OTH,312611.42105468747
historical,2015,ASIA2,URB,16641.596986114502
historical,2015,World,OTH,2111196.772609375
historical,2015,World,URB,61494.25336591386
historical,2015,Non-OECD,OTH,1776092.664609375
historical,2015,Non-OECD,URB,35401.19061899567
historical,2015,Industrial,OTH,321872.108
historical,2015,Industrial,URB,24181.440413742544
historical,2015,Transition,OTH,520635.75745312497
historical,2015,Transition,URB,22567.039569885255
historical,2015,Developing,OTH,1268688.90715625
historical,2015,Developing,URB,14745.773382286072
historical,2015,R5ASIA,OTH,312611.42105468747
historical,2015,R5ASIA,URB,14931.307018096923
historical,2015,R5OECD90+EU,OTH,335104.108
historical,2015,R5OECD90+EU,URB,26093.062746918204
historical,2015,R5REF,OTH,253974.9918984375
historical,2015,R5REF,URB,5880.5270887603765
historical,2015,R5MAF,OTH,1137323.0343437498
historical,2015,R5MAF,URB,5952.48283633995
historical,2015,R5LAM,OTH,72183.21731250001
historical,2015,R5LAM,URB,8636.873675798419
historical,2020,USA,OTH,33613.452
historical,2020,USA,URB,11695.345311309815
historical,2020,XE25,OTH,3206.0
historical,2020,XE25,URB,9106.496241195679
historical,2020,XER,OTH,13232.0
historical,2020,XER,URB,1090.242361709595
historical,2020,TUR,URB,821.3799714660644
historical,2020,XOC,OTH,1467.0
historical,2020,XOC,URB,883.3264156804086
historical,2020,CHN,OTH,239998.39534375
historical,2020,CHN,URB,8006.078889526368
historical,2020,IND,OTH,13430.3702109375
historical,2020,IND,URB,3026.2728974914553
historical,2020,JPN,URB,1710.2899680175783
historical,2020,XSE,OTH,14506.901
historical,2020,XSE,URB,3032.1656320037837
historical,2020,XSA,OTH,44675.7545
historical,2020,XSA,URB,866.7895990753174
historical,2020,CAN,OTH,283585.656
historical,2020,CAN,URB,785.9824775390625
historical,2020,BRA,URB,3742.538360931397
historical,2020,XLM,OTH,72183.21731250001
historical,2020,XLM,URB,4894.335314867021
historical,2020,CIS,OTH,253974.9918984375
historical,2020,CIS,URB,5880.5270887603765
historical,2020,XME,OTH,281021.7655625
historical,2020,XME,URB,2128.071955810547
historical,2020,XNF,OTH,456890.6350624999
historical,2020,XNF,URB,927.4797019042969
historical,2020,XAF,OTH,399410.63371875
historical,2020,XAF,URB,2896.931178625107
historical,2020,ASIA2,OTH,312611.42105468747
historical,2020,ASIA2,URB,16641.596986114502
historical,2020,World,OTH,2111196.772609375
historical,2020,World,URB,61494.25336591386
historical,2020,Non-OECD,OTH,1776092.664609375
historical,2020,Non-OECD,URB,35401.19061899567
historical,2020,Industrial,OTH,321872.108
historical,2020,Industrial,URB,24181.440413742544
historical,2020,Transition,OTH,520635.75745312497
historical,2020,Transition,URB,22567.039569885255
historical,2020,Developing,OTH,1268688.90715625
historical,2020,Developing,URB,14745.773382286072
historical,2020,R5ASIA,OTH,312611.42105468747
historical,2020,R5ASIA,URB,14931.307018096923
historical,2020,R5OECD90+EU,OTH,335104.108
historical,2020,R5OECD90+EU,URB,26093.062746918204
historical,2020,R5REF,OTH,253974.9918984375
historical,2020,R5REF,URB,5880.5270887603765
historical,2020,R5MAF,OTH,1137323.0343437498
historical,2020,R5MAF,URB,5952.48283633995
historical,2020,R5LAM,OTH,72183.21731250001
historical,2020,R5LAM,URB,8636.873675798419
historical,2025,USA,OTH,33613.452
historical,2025,USA,URB,11695.345311309815
historical,2025,XE25,OTH,3206.0
historical,2025,XE25,URB,9106.496241195679
historical,2025,XER,OTH,13232.0
historical,2025,XER,URB,1090.242361709595
historical,2025,TUR,URB,821.3799714660644
historical,2025,XOC,OTH,1467.0
historical,2025,XOC,URB,883.3264156804086
historical,2025,CHN,OTH,239998.39534375
historical,2025,CHN,URB,8006.078889526368
historical,2025,IND,OTH,13430.3702109375
historical,2025,IND,URB,3026.2728974914553
historical,2025,JPN,URB,1710.2899680175783
historical,2025,XSE,OTH,14506.901
historical,2025,XSE,URB,3032.1656320037837
historical,2025,XSA,OTH,44675.7545
historical,2025,XSA,URB,866.7895990753174
historical,2025,CAN,OTH,283585.656
historical,2025,CAN,URB,785.9824775390625
historical,2025,BRA,URB,3742.538360931397
historical,2025,XLM,OTH,72183.21731250001
historical,2025,XLM,URB,4894.335314867021
historical,2025,CIS,OTH,253974.9918984375
historical,2025,CIS,URB,5880.5270887603765
historical,2025,XME,OTH,281021.7655625
historical,2025,XME,URB,2128.071955810547
historical,2025,XNF,OTH,456890.6350624999
historical,2025,XNF,URB,927.4797019042969
historical,2025,XAF,OTH,399410.63371875
historical,2025,XAF,URB,2896.931178625107
historical,2025,ASIA2,OTH,312611.42105468747
historical,2025,ASIA2,URB,16641.596986114502
historical,2025,World,OTH,2111196.772609375
historical,2025,World,URB,61494.25336591386
historical,2025,Non-OECD,OTH,1776092.664609375
historical,2025,Non-OECD,URB,35401.19061899567
historical,2025,Industrial,OTH,321872.108
historical,2025,Industrial,URB,24181.440413742544
historical,2025,Transition,OTH,520635.75745312497
historical,2025,Transition,URB,22567.039569885255
historical,2025,Developing,OTH,1268688.90715625
historical,2025,Developing,URB,14745.773382286072
historical,2025,R5ASIA,OTH,312611.42105468747
historical,2025,R5ASIA,URB,14931.307018096923
historical,2025,R5OECD90+EU,OTH,335104.108
historical,2025,R5OECD90+EU,URB,26093.062746918204
historical,2025,R5REF,OTH,253974.9918984375
historical,2025,R5REF,URB,5880.5270887603765
historical,2025,R5MAF,OTH,1137323.0343437498
historical,2025,R5MAF,URB,5952.48283633995
historical,2025,R5LAM,OTH,72183.21731250001
historical,2025,R5LAM,URB,8636.873675798419
historical,2030,USA,OTH,33613.452
historical,2030,USA,URB,11695.345311309815
historical,2030,XE25,OTH,3206.0
historical,2030,XE25,URB,9106.496241195679
historical,2030,XER,OTH,13232.0
historical,2030,XER,URB,1090.242361709595
historical,2030,TUR,URB,821.3799714660644
historical,2030,XOC,OTH,1467.0
historical,2030,XOC,URB,883.3264156804086
historical,2030,CHN,OTH,239998.39534375
historical,2030,CHN,URB,8006.078889526368
historical,2030,IND,OTH,13430.3702109375
historical,2030,IND,URB,3026.2728974914553
historical,2030,JPN,URB,1710.2899680175783
historical,2030,XSE,OTH,14506.901
historical,2030,XSE,URB,3032.1656320037837
historical,2030,XSA,OTH,44675.7545
historical,2030,XSA,URB,866.7895990753174
historical,2030,CAN,OTH,283585.656
historical,2030,CAN,URB,785.9824775390625
historical,2030,BRA,URB,3742.538360931397
historical,2030,XLM,OTH,72183.21731250001
historical,2030,XLM,URB,4894.335314867021
historical,2030,CIS,OTH,253974.9918984375
historical,2030,CIS,URB,5880.5270887603765
historical,2030,XME,OTH,281021.7655625
historical,2030,XME,URB,2128.071955810547
historical,2030,XNF,OTH,456890.6350624999
historical,2030,XNF,URB,927.4797019042969
historical,2030,XAF,OTH,399410.63371875
historical,2030,XAF,URB,2896.931178625107
historical,2030,ASIA2,OTH,312611.42105468747
historical,2030,ASIA2,URB,16641.596986114502
historical,2030,World,OTH,2111196.772609375
historical,2030,World,URB,61494.25336591386
historical,2030,Non-OECD,OTH,1776092.664609375
historical,2030,Non-OECD,URB,35401.19061899567
historical,2030,Industrial,OTH,321872.108
historical,2030,Industrial,URB,24181.440413742544
historical,2030,Transition,OTH,520635.75745312497
historical,2030,Transition,URB,22567.039569885255
historical,2030,Developing,OTH,1268688.90715625
historical,2030,Developing,URB,14745.773382286072
historical,2030,R5ASIA,OTH,312611.42105468747
historical,2030,R5ASIA,URB,14931.307018096923
historical,2030,R5OECD90+EU,OTH,335104.108
historical,2030,R5OECD90+EU,URB,26093.062746918204
historical,2030,R5REF,OTH,253974.9918984375
historical,2030,R5REF,URB,5880.5270887603765
historical,2030,R5MAF,OTH,1137323.0343437498
historical,2030,R5MAF,URB,5952.48283633995
historical,2030,R5LAM,OTH,72183.21731250001
historical,2030,R5LAM,URB,8636.873675798419
historical,2035,USA,OTH,33613.452
historical,2035,USA,URB,11695.345311309815
historical,2035,XE25,OTH,3206.0
historical,2035,XE25,URB,9106.496241195679
historical,2035,XER,OTH,13232.0
historical,2035,XER,URB,1090.242361709595
historical,2035,TUR,URB,821.3799714660644
historical,2035,XOC,OTH,1467.0
historical,2035,XOC,URB,883.3264156804086
historical,2035,CHN,OTH,239998.39534375
historical,2035,CHN,URB,8006.078889526368
historical,2035,IND,OTH,13430.3702109375
historical,2035,IND,URB,3026.2728974914553
historical,2035,JPN,URB,1710.2899680175783
historical,2035,XSE,OTH,14506.901
historical,2035,XSE,URB,3032.1656320037837
historical,2035,XSA,OTH,44675.7545
historical,2035,XSA,URB,866.7895990753174
historical,2035,CAN,OTH,283585.656
historical,2035,CAN,URB,785.9824775390625
historical,2035,BRA,URB,3742.538360931397
historical,2035,XLM,OTH,72183.21731250001
historical,2035,XLM,URB,4894.335314867021
historical,2035,CIS,OTH,253974.9918984375
historical,2035,CIS,URB,5880.5270887603765
historical,2035,XME,OTH,281021.7655625
historical,2035,XME,URB,2128.071955810547
historical,2035,XNF,OTH,456890.6350624999
historical,2035,XNF,URB,927.4797019042969
historical,2035,XAF,OTH,399410.63371875
historical,2035,XAF,URB,2896.931178625107
historical,2035,ASIA2,OTH,312611.42105468747
historical,2035,ASIA2,URB,16641.596986114502
historical,2035,World,OTH,2111196.772609375
historical,2035,World,URB,61494.25336591386
historical,2035,Non-OECD,OTH,1776092.664609375
historical,2035,Non-OECD,URB,35401.19061899567
historical,2035,Industrial,OTH,321872.108
historical,2035,Industrial,URB,24181.440413742544
historical,2035,Transition,OTH,520635.75745312497
historical,2035,Transition,URB,22567.039569885255
historical,2035,Developing,OTH,1268688.90715625
historical,2035,Developing,URB,14745.773382286072
historical,2035,R5ASIA,OTH,312611.42105468747
historical,2035,R5ASIA,URB,14931.307018096923
historical,2035,R5OECD90+EU,OTH,335104.108
historical,2035,R5OECD90+EU,URB,26093.062746918204
historical,2035,R5REF,OTH,253974.9918984375
historical,2035,R5REF,URB,5880.5270887603765
historical,2035,R5MAF,OTH,1137323.0343437498
historical,2035,R5MAF,URB,5952.48283633995
historical,2035,R5LAM,OTH,72183.21731250001
historical,2035,R5LAM,URB,8636.873675798419
historical,2040,USA,OTH,33613.452
historical,2040,USA,URB,11695.345311309815
historical,2040,XE25,OTH,3206.0
historical,2040,XE25,URB,9106.496241195679
historical,2040,XER,OTH,13232.0
historical,2040,XER,URB,1090.242361709595
historical,2040,TUR,URB,821.3799714660644
historical,2040,XOC,OTH,1467.0
historical,2040,XOC,URB,883.3264156804086
historical,2040,CHN,OTH,239998.39534375
historical,2040,CHN,URB,8006.078889526368
historical,2040,IND,OTH,13430.3702109375
historical,2040,IND,URB,3026.2728974914553
historical,2040,JPN,URB,1710.2899680175783
historical,2040,XSE,OTH,14506.901
historical,2040,XSE,URB,3032.1656320037837
historical,2040,XSA,OTH,44675.7545
historical,2040,XSA,URB,866.7895990753174
historical,2040,CAN,OTH,283585.656
historical,2040,CAN,URB,785.9824775390625
historical,2040,BRA,URB,3742.538360931397
historical,2040,XLM,OTH,72183.21731250001
historical,2040,XLM,URB,4894.335314867021
historical,2040,CIS,OTH,253974.9918984375
historical,2040,CIS,URB,5880.5270887603765
historical,2040,XME,OTH,281021.7655625
historical,2040,XME,URB,2128.071955810547
historical,2040,XNF,OTH,456890.6350624999
historical,2040,XNF,URB,927.4797019042969
historical,2040,XAF,OTH,399410.63371875
historical,2040,XAF,URB,2896.931178625107
historical,2040,ASIA2,OTH,312611.42105468747
historical,2040,ASIA2,URB,16641.596986114502
historical,2040,World,OTH,2111196.772609375
historical,2040,World,URB,61494.25336591386
historical,2040,Non-OECD,OTH,1776092.664609375
historical,2040,Non-OECD,URB,35401.19061899567
historical,2040,Industrial,OTH,321872.108
historical,2040,Industrial,URB,24181.440413742544
historical,2040,Transition,OTH,520635.75745312497
historical,2040,Transition,URB,22567.039569885255
historical,2040,Developing,OTH,1268688.90715625
historical,2040,Developing,URB,14745.773382286072
historical,2040,R5ASIA,OTH,312611.42105468747
historical,2040,R5ASIA,URB,14931.307018096923
historical,2040,R5OECD90+EU,OTH,335104.108
historical,2040,R5OECD90+EU,URB,26093.062746918204
historical,2040,R5REF,OTH,253974.9918984375
historical,2040,R5REF,URB,5880.5270887603765
historical,2040,R5MAF,OTH,1137323.0343437498
historical,2040,R5MAF,URB,5952.48283633995
historical,2040,R5LAM,OTH,72183.21731250001
historical,2040,R5LAM,URB,8636.873675798419
historical,2045,USA,OTH,33613.452
historical,2045,USA,URB,11695.345311309815
historical,2045,XE25,OTH,3206.0
historical,2045,XE25,URB,9106.496241195679
historical,2045,XER,OTH,13232.0
historical,2045,XER,URB,1090.242361709595
historical,2045,TUR,URB,821.3799714660644
historical,2045,XOC,OTH,1467.0
historical,2045,XOC,URB,883.3264156804086
historical,2045,CHN,OTH,239998.39534375
historical,2045,CHN,URB,8006.078889526368
historical,2045,IND,OTH,13430.3702109375
historical,2045,IND,URB,3026.2728974914553
historical,2045,JPN,URB,1710.2899680175783
historical,2045,XSE,OTH,14506.901
historical,2045,XSE,URB,3032.1656320037837
historical,2045,XSA,OTH,44675.7545
historical,2045,XSA,URB,866.7895990753174
historical,2045,CAN,OTH,283585.656
historical,2045,CAN,URB,785.9824775390625
historical,2045,BRA,URB,3742.538360931397
historical,2045,XLM,OTH,72183.21731250001
historical,2045,XLM,URB,4894.335314867021
historical,2045,CIS,OTH,253974.9918984375
historical,2045,CIS,URB,5880.5270887603765
historical,2045,XME,OTH,281021.7655625
historical,2045,XME,URB,2128.071955810547
historical,2045,XNF,OTH,456890.6350624999
historical,2045,XNF,URB,927.4797019042969
historical,2045,XAF,OTH,399410.63371875
historical,2045,XAF,URB,2896.931178625107
historical,2045,ASIA2,OTH,312611.42105468747
historical,2045,ASIA2,URB,16641.596986114502
historical,2045,World,OTH,2111196.772609375
historical,2045,World,URB,61494.25336591386
historical,2045,Non-OECD,OTH,1776092.664609375
historical,2045,Non-OECD,URB,35401.19061899567
historical,2045,Industrial,OTH,321872.108
historical,2045,Industrial,URB,24181.440413742544
historical,2045,Transition,OTH,520635.75745312497
historical,2045,Transition,URB,22567.039569885255
historical,2045,Developing,OTH,1268688.90715625
historical,2045,Developing,URB,14745.773382286072
historical,2045,R5ASIA,OTH,312611.42105468747
historical,2045,R5ASIA,URB,14931.307018096923
historical,2045,R5OECD90+EU,OTH,335104.108
historical,2045,R5OECD90+EU,URB,26093.062746918204
historical,2045,R5REF,OTH,253974.9918984375
historical,2045,R5REF,URB,5880.5270887603765
historical,2045,R5MAF,OTH,1137323.0343437498
historical,2045,R5MAF,URB,5952.48283633995
historical,2045,R5LAM,OTH,72183.21731250001
historical,2045,R5LAM,URB,8636.873675798419
historical,2050,USA,OTH,33613.452
historical,2050,USA,URB,11695.345311309815
historical,2050,XE25,OTH,3206.0
historical,2050,XE25,URB,9106.496241195679
historical,2050,XER,OTH,13232.0
historical,2050,XER,URB,1090.242361709595
historical,2050,TUR,URB,821.3799714660644
historical,2050,XOC,OTH,1467.0
historical,2050,XOC,URB,883.3264156804086
historical,2050,CHN,OTH,239998.39534375
historical,2050,CHN,URB,8006.078889526368
historical,2050,IND,OTH,13430.3702109375
historical,2050,IND,URB,3026.2728974914553
historical,2050,JPN,URB,1710.2899680175783
historical,2050,XSE,OTH,14506.901
historical,2050,XSE,URB,3032.1656320037837
historical,2050,XSA,OTH,44675.7545
historical,2050,XSA,URB,866.7895990753174
historical,2050,CAN,OTH,283585.656
historical,2050,CAN,URB,785.9824775390625
historical,2050,BRA,URB,3742.538360931397
historical,2050,XLM,OTH,72183.21731250001
historical,2050,XLM,URB,4894.335314867021
historical,2050,CIS,OTH,253974.9918984375
historical,2050,CIS,URB,5880.5270887603765
historical,2050,XME,OTH,281021.7655625
historical,2050,XME,URB,2128.071955810547
historical,2050,XNF,OTH,456890.6350624999
historical,2050,XNF,URB,927.4797019042969
historical,2050,XAF,OTH,399410.63371875
historical,2050,XAF,URB,2896.931178625107
historical,2050,ASIA2,OTH,312611.42105468747
historical,2050,ASIA2,URB,16641.596986114502
historical,2050,World,OTH,2111196.772609375
historical,2050,World,URB,61494.25336591386
historical,2050,Non-OECD,OTH,1776092.664609375
historical,2050,Non-OECD,URB,35401.19061899567
historical,2050,Industrial,OTH,321872.108
historical,2050,Industrial,URB,24181.440413742544
historical,2050,Transition,OTH,520635.75745312497
historical,2050,Transition,URB,22567.039569885255
historical,2050,Developing,OTH,1268688.90715625
historical,2050,Developing,URB,14745.773382286072
historical,2050,R5ASIA,OTH,312611.42105468747
historical,2050,R5ASIA,URB,14931.307018096923
historical,2050,R5OECD90+EU,OTH,335104.108
historical,2050,R5OECD90+EU,URB,26093.062746918204
historical,2050,R5REF,OTH,253974.9918984375
historical,2050,R5REF,URB,5880.5270887603765
historical,2050,R5MAF,OTH,1137323.0343437498
historical,2050,R5MAF,URB,5952.48283633995
historical,2050,R5LAM,OTH,72183.21731250001
historical,2050,R5LAM,URB,8636.873675798419
historical,2055,USA,OTH,33613.452
historical,2055,USA,URB,11695.345311309815
historical,2055,XE25,OTH,3206.0
historical,2055,XE25,URB,9106.496241195679
historical,2055,XER,OTH,13232.0
historical,2055,XER,URB,1090.242361709595
historical,2055,TUR,URB,821.3799714660644
historical,2055,XOC,OTH,1467.0
historical,2055,XOC,URB,883.3264156804086
historical,2055,CHN,OTH,239998.39534375
historical,2055,CHN,URB,8006.078889526368
historical,2055,IND,OTH,13430.3702109375
historical,2055,IND,URB,3026.2728974914553
historical,2055,JPN,URB,1710.2899680175783
historical,2055,XSE,OTH,14506.901
historical,2055,XSE,URB,3032.1656320037837
historical,2055,XSA,OTH,44675.7545
historical,2055,XSA,URB,866.7895990753174
historical,2055,CAN,OTH,283585.656
historical,2055,CAN,URB,785.9824775390625
historical,2055,BRA,URB,3742.538360931397
historical,2055,XLM,OTH,72183.21731250001
historical,2055,XLM,URB,4894.335314867021
historical,2055,CIS,OTH,253974.9918984375
historical,2055,CIS,URB,5880.5270887603765
historical,2055,XME,OTH,281021.7655625
historical,2055,XME,URB,2128.071955810547
historical,2055,XNF,OTH,456890.6350624999
historical,2055,XNF,URB,927.4797019042969
historical,2055,XAF,OTH,399410.63371875
historical,2055,XAF,URB,2896.931178625107
historical,2055,ASIA2,OTH,312611.42105468747
historical,2055,ASIA2,URB,16641.596986114502
historical,2055,World,OTH,2111196.772609375
historical,2055,World,URB,61494.25336591386
historical,2055,Non-OECD,OTH,1776092.664609375
historical,2055,Non-OECD,URB,35401.19061899567
historical,2055,Industrial,OTH,321872.108
historical,2055,Industrial,URB,24181.440413742544
historical,2055,Transition,OTH,520635.75745312497
historical,2055,Transition,URB,22567.039569885255
historical,2055,Developing,OTH,1268688.90715625
historical,2055,Developing,URB,14745.773382286072
historical,2055,R5ASIA,OTH,312611.42105468747
historical,2055,R5ASIA,URB,14931.307018096923
historical,2055,R5OECD90+EU,OTH,335104.108
historical,2055,R5OECD90+EU,URB,26093.062746918204
historical,2055,R5REF,OTH,253974.9918984375
historical,2055,R5REF,URB,5880.5270887603765
historical,2055,R5MAF,OTH,1137323.0343437498
historical,2055,R5MAF,URB,5952.48283633995
historical,2055,R5LAM,OTH,72183.21731250001
historical,2055,R5LAM,URB,8636.873675798419
historical,2060,USA,OTH,33613.452
historical,2060,USA,URB,11695.345311309815
historical,2060,XE25,OTH,3206.0
historical,2060,XE25,URB,9106.496241195679
historical,2060,XER,OTH,13232.0
historical,2060,XER,URB,1090.242361709595
historical,2060,TUR,URB,821.3799714660644
historical,2060,XOC,OTH,1467.0
historical,2060,XOC,URB,883.3264156804086
historical,2060,CHN,OTH,239998.39534375
historical,2060,CHN,URB,8006.078889526368
historical,2060,IND,OTH,13430.3702109375
historical,2060,IND,URB,3026.2728974914553
historical,2060,JPN,URB,1710.2899680175783
historical,2060,XSE,OTH,14506.901
historical,2060,XSE,URB,3032.1656320037837
historical,2060,XSA,OTH,44675.7545
historical,2060,XSA,URB,866.7895990753174
historical,2060,CAN,OTH,283585.656
historical,2060,CAN,URB,785.9824775390625
historical,2060,BRA,URB,3742.538360931397
historical,2060,XLM,OTH,72183.21731250001
historical,2060,XLM,URB,4894.335314867021
historical,2060,CIS,OTH,253974.9918984375
historical,2060,CIS,URB,5880.5270887603765
historical,2060,XME,OTH,281021.7655625
historical,2060,XME,URB,2128.071955810547
historical,2060,XNF,OTH,456890.6350624999
historical,2060,XNF,URB,927.4797019042969
historical,2060,XAF,OTH,399410.63371875
historical,2060,XAF,URB,2896.931178625107
historical,2060,ASIA2,OTH,312611.42105468747
historical,2060,ASIA2,URB,16641.596986114502
historical,2060,World,OTH,2111196.772609375
historical,2060,World,URB,61494.25336591386
historical,2060,Non-OECD,OTH,1776092.664609375
historical,2060,Non-OECD,URB,35401.19061899567
historical,2060,Industrial,OTH,321872.108
historical,2060,Industrial,URB,24181.440413742544
historical,2060,Transition,OTH,520635.75745312497
historical,2060,Transition,URB,22567.039569885255
historical,2060,Developing,OTH,1268688.90715625
historical,2060,Developing,URB,14745.773382286072
historical,2060,R5ASIA,OTH,312611.42105468747
historical,2060,R5ASIA,URB,14931.307018096923
historical,2060,R5OECD90+EU,OTH,335104.108
historical,2060,R5OECD90+EU,URB,26093.062746918204
historical,2060,R5REF,OTH,253974.9918984375
historical,2060,R5REF,URB,5880.5270887603765
historical,2060,R5MAF,OTH,1137323.0343437498
historical,2060,R5MAF,URB,5952.48283633995
historical,2060,R5LAM,OTH,72183.21731250001
historical,2060,R5LAM,URB,8636.873675798419
historical,2065,USA,OTH,33613.452
historical,2065,USA,URB,11695.345311309815
historical,2065,XE25,OTH,3206.0
historical,2065,XE25,URB,9106.496241195679
historical,2065,XER,OTH,13232.0
historical,2065,XER,URB,1090.242361709595
historical,2065,TUR,URB,821.3799714660644
historical,2065,XOC,OTH,1467.0
historical,2065,XOC,URB,883.3264156804086
historical,2065,CHN,OTH,239998.39534375
historical,2065,CHN,URB,8006.078889526368
historical,2065,IND,OTH,13430.3702109375
historical,2065,IND,URB,3026.2728974914553
historical,2065,JPN,URB,1710.2899680175783
historical,2065,XSE,OTH,14506.901
historical,2065,XSE,URB,3032.1656320037837
historical,2065,XSA,OTH,44675.7545
historical,2065,XSA,URB,866.7895990753174
historical,2065,CAN,OTH,283585.656
historical,2065,CAN,URB,785.9824775390625
historical,2065,BRA,URB,3742.538360931397
historical,2065,XLM,OTH,72183.21731250001
historical,2065,XLM,URB,4894.335314867021
historical,2065,CIS,OTH,253974.9918984375
historical,2065,CIS,URB,5880.5270887603765
historical,2065,XME,OTH,281021.7655625
historical,2065,XME,URB,2128.071955810547
historical,2065,XNF,OTH,456890.6350624999
historical,2065,XNF,URB,927.4797019042969
historical,2065,XAF,OTH,399410.63371875
historical,2065,XAF,URB,2896.931178625107
historical,2065,ASIA2,OTH,312611.42105468747
historical,2065,ASIA2,URB,16641.596986114502
historical,2065,World,OTH,2111196.772609375
historical,2065,World,URB,61494.25336591386
historical,2065,Non-OECD,OTH,1776092.664609375
historical,2065,Non-OECD,URB,35401.19061899567
historical,2065,Industrial,OTH,321872.108
historical,2065,Industrial,URB,24181.440413742544
historical,2065,Transition,OTH,520635.75745312497
historical,2065,Transition,URB,22567.039569885255
historical,2065,Developing,OTH,1268688.90715625
historical,2065,Developing,URB,14745.773382286072
historical,2065,R5ASIA,OTH,312611.42105468747
historical,2065,R5ASIA,URB,14931.307018096923
historical,2065,R5OECD90+EU,OTH,335104.108
historical,2065,R5OECD90+EU,URB,26093.062746918204
historical,2065,R5REF,OTH,253974.9918984375
historical,2065,R5REF,URB,5880.5270887603765
historical,2065,R5MAF,OTH,1137323.0343437498
historical,2065,R5MAF,URB,5952.48283633995
historical,2065,R5LAM,OTH,72183.21731250001
historical,2065,R5LAM,URB,8636.873675798419
historical,2070,USA,OTH,33613.452
historical,2070,USA,URB,11695.345311309815
historical,2070,XE25,OTH,3206.0
historical,2070,XE25,URB,9106.496241195679
historical,2070,XER,OTH,13232.0
historical,2070,XER,URB,1090.242361709595
historical,2070,TUR,URB,821.3799714660644
historical,2070,XOC,OTH,1467.0
historical,2070,XOC,URB,883.3264156804086
historical,2070,CHN,OTH,239998.39534375
historical,2070,CHN,URB,8006.078889526368
historical,2070,IND,OTH,13430.3702109375
historical,2070,IND,URB,3026.2728974914553
historical,2070,JPN,URB,1710.2899680175783
historical,2070,XSE,OTH,14506.901
historical,2070,XSE,URB,3032.1656320037837
historical,2070,XSA,OTH,44675.7545
historical,2070,XSA,URB,866.7895990753174
historical,2070,CAN,OTH,283585.656
historical,2070,CAN,URB,785.9824775390625
historical,2070,BRA,URB,3742.538360931397
historical,2070,XLM,OTH,72183.21731250001
historical,2070,XLM,URB,4894.335314867021
historical,2070,CIS,OTH,253974.9918984375
historical,2070,CIS,URB,5880.5270887603765
historical,2070,XME,OTH,281021.7655625
historical,2070,XME,URB,2128.071955810547
historical,2070,XNF,OTH,456890.6350624999
historical,2070,XNF,URB,927.4797019042969
historical,2070,XAF,OTH,399410.63371875
historical,2070,XAF,URB,2896.931178625107
historical,2070,ASIA2,OTH,312611.42105468747
historical,2070,ASIA2,URB,16641.596986114502
historical,2070,World,OTH,2111196.772609375
historical,2070,World,URB,61494.25336591386
historical,2070,Non-OECD,OTH,1776092.664609375
historical,2070,Non-OECD,URB,35401.19061899567
historical,2070,Industrial,OTH,321872.108
historical,2070,Industrial,URB,24181.440413742544
historical,2070,Transition,OTH,520635.75745312497
historical,2070,Transition,URB,22567.039569885255
historical,2070,Developing,OTH,1268688.90715625
historical,2070,Developing,URB,14745.773382286072
historical,2070,R5ASIA,OTH,312611.42105468747
historical,2070,R5ASIA,URB,14931.307018096923
historical,2070,R5OECD90+EU,OTH,335104.108
historical,2070,R5OECD90+EU,URB,26093.062746918204
historical,2070,R5REF,OTH,253974.9918984375
historical,2070,R5REF,URB,5880.5270887603765
historical,2070,R5MAF,OTH,1137323.0343437498
historical,2070,R5MAF,URB,5952.48283633995
historical,2070,R5LAM,OTH,72183.21731250001
historical,2070,R5LAM,URB,8636.873675798419
historical,2075,USA,OTH,33613.452
historical,2075,USA,URB,11695.345311309815
historical,2075,XE25,OTH,3206.0
historical,2075,XE25,URB,9106.496241195679
historical,2075,XER,OTH,13232.0
historical,2075,XER,URB,1090.242361709595
historical,2075,TUR,URB,821.3799714660644
historical,2075,XOC,OTH,1467.0
historical,2075,XOC,URB,883.3264156804086
historical,2075,CHN,OTH,239998.39534375
historical,2075,CHN,URB,8006.078889526368
historical,2075,IND,OTH,13430.3702109375
historical,2075,IND,URB,3026.2728974914553
historical,2075,JPN,URB,1710.2899680175783
historical,2075,XSE,OTH,14506.901
historical,2075,XSE,URB,3032.1656320037837
historical,2075,XSA,OTH,44675.7545
historical,2075,XSA,URB,866.7895990753174
historical,2075,CAN,OTH,283585.656
historical,2075,CAN,URB,785.9824775390625
historical,2075,BRA,URB,3742.538360931397
historical,2075,XLM,OTH,72183.21731250001
historical,2075,XLM,URB,4894.335314867021
historical,2075,CIS,OTH,253974.9918984375
historical,2075,CIS,URB,5880.5270887603765
historical,2075,XME,OTH,281021.7655625
historical,2075,XME,URB,2128.071955810547
historical,2075,XNF,OTH,456890.6350624999
historical,2075,XNF,URB,927.4797019042969
historical,2075,XAF,OTH,399410.63371875
historical,2075,XAF,URB,2896.931178625107
historical,2075,ASIA2,OTH,312611.42105468747
historical,2075,ASIA2,URB,16641.596986114502
historical,2075,World,OTH,2111196.772609375
historical,2075,World,URB,61494.25336591386
historical,2075,Non-OECD,OTH,1776092.664609375
historical,2075,Non-OECD,URB,35401.19061899567
historical,2075,Industrial,OTH,321872.108
historical,2075,Industrial,URB,24181.440413742544
historical,2075,Transition,OTH,520635.75745312497
historical,2075,Transition,URB,22567.039569885255
historical,2075,Developing,OTH,1268688.90715625
historical,2075,Developing,URB,14745.773382286072
historical,2075,R5ASIA,OTH,312611.42105468747
historical,2075,R5ASIA,URB,14931.307018096923
historical,2075,R5OECD90+EU,OTH,335104.108
historical,2075,R5OECD90+EU,URB,26093.062746918204
historical,2075,R5REF,OTH,253974.9918984375
historical,2075,R5REF,URB,5880.5270887603765
historical,2075,R5MAF,OTH,1137323.0343437498
historical,2075,R5MAF,URB,5952.48283633995
historical,2075,R5LAM,OTH,72183.21731250001
historical,2075,R5LAM,URB,8636.873675798419
historical,2080,USA,OTH,33613.452
historical,2080,USA,URB,11695.345311309815
historical,2080,XE25,OTH,3206.0
historical,2080,XE25,URB,9106.496241195679
historical,2080,XER,OTH,13232.0
historical,2080,XER,URB,1090.242361709595
historical,2080,TUR,URB,821.3799714660644
historical,2080,XOC,OTH,1467.0
historical,2080,XOC,URB,883.3264156804086
historical,2080,CHN,OTH,239998.39534375
historical,2080,CHN,URB,8006.078889526368
historical,2080,IND,OTH,13430.3702109375
historical,2080,IND,URB,3026.2728974914553
historical,2080,JPN,URB,1710.2899680175783
historical,2080,XSE,OTH,14506.901
historical,2080,XSE,URB,3032.1656320037837
historical,2080,XSA,OTH,44675.7545
historical,2080,XSA,URB,866.7895990753174
historical,2080,CAN,OTH,283585.656
historical,2080,CAN,URB,785.9824775390625
historical,2080,BRA,URB,3742.538360931397
historical,2080,XLM,OTH,72183.21731250001
historical,2080,XLM,URB,4894.335314867021
historical,2080,CIS,OTH,253974.9918984375
historical,2080,CIS,URB,5880.5270887603765
historical,2080,XME,OTH,281021.7655625
historical,2080,XME,URB,2128.071955810547
historical,2080,XNF,OTH,456890.6350624999
historical,2080,XNF,URB,927.4797019042969
historical,2080,XAF,OTH,399410.63371875
historical,2080,XAF,URB,2896.931178625107
historical,2080,ASIA2,OTH,312611.42105468747
historical,2080,ASIA2,URB,16641.596986114502
historical,2080,World,OTH,2111196.772609375
historical,2080,World,URB,61494.25336591386
historical,2080,Non-OECD,OTH,1776092.664609375
historical,2080,Non-OECD,URB,35401.19061899567
historical,2080,Industrial,OTH,321872.108
historical,2080,Industrial,URB,24181.440413742544
historical,2080,Transition,OTH,520635.75745312497
historical,2080,Transition,URB,22567.039569885255
historical,2080,Developing,OTH,1268688.90715625
historical,2080,Developing,URB,14745.773382286072
historical,2080,R5ASIA,OTH,312611.42105468747
historical,2080,R5ASIA,URB,14931.307018096923
historical,2080,R5OECD90+EU,OTH,335104.108
historical,2080,R5OECD90+EU,URB,26093.062746918204
historical,2080,R5REF,OTH,253974.9918984375
historical,2080,R5REF,URB,5880.5270887603765
historical,2080,R5MAF,OTH,1137323.0343437498
historical,2080,R5MAF,URB,5952.48283633995
historical,2080,R5LAM,OTH,72183.21731250001
historical,2080,R5LAM,URB,8636.873675798419
historical,2085,USA,OTH,33613.452
historical,2085,USA,URB,11695.345311309815
historical,2085,XE25,OTH,3206.0
historical,2085,XE25,URB,9106.496241195679
historical,2085,XER,OTH,13232.0
historical,2085,XER,URB,1090.242361709595
historical,2085,TUR,URB,821.3799714660644
historical,2085,XOC,OTH,1467.0
historical,2085,XOC,URB,883.3264156804086
historical,2085,CHN,OTH,239998.39534375
historical,2085,CHN,URB,8006.078889526368
historical,2085,IND,OTH,13430.3702109375
historical,2085,IND,URB,3026.2728974914553
historical,2085,JPN,URB,1710.2899680175783
historical,2085,XSE,OTH,14506.901
historical,2085,XSE,URB,3032.1656320037837
historical,2085,XSA,OTH,44675.7545
historical,2085,XSA,URB,866.7895990753174
historical,2085,CAN,OTH,283585.656
historical,2085,CAN,URB,785.9824775390625
historical,2085,BRA,URB,3742.538360931397
historical,2085,XLM,OTH,72183.21731250001
historical,2085,XLM,URB,4894.335314867021
historical,2085,CIS,OTH,253974.9918984375
historical,2085,CIS,URB,5880.5270887603765
historical,2085,XME,OTH,281021.7655625
historical,2085,XME,URB,2128.071955810547
historical,2085,XNF,OTH,456890.6350624999
historical,2085,XNF,URB,927.4797019042969
historical,2085,XAF,OTH,399410.63371875
historical,2085,XAF,URB,2896.931178625107
historical,2085,ASIA2,OTH,312611.42105468747
historical,2085,ASIA2,URB,16641.596986114502
historical,2085,World,OTH,2111196.772609375
historical,2085,World,URB,61494.25336591386
historical,2085,Non-OECD,OTH,1776092.664609375
historical,2085,Non-OECD,URB,35401.19061899567
historical,2085,Industrial,OTH,321872.108
historical,2085,Industrial,URB,24181.440413742544
historical,2085,Transition,OTH,520635.75745312497
historical,2085,Transition,URB,22567.039569885255
historical,2085,Developing,OTH,1268688.90715625
historical,2085,Developing,URB,14745.773382286072
historical,2085,R5ASIA,OTH,312611.42105468747
historical,2085,R5ASIA,URB,14931.307018096923
historical,2085,R5OECD90+EU,OTH,335104.108
historical,2085,R5OECD90+EU,URB,26093.062746918204
historical,2085,R5REF,OTH,253974.9918984375
historical,2085,R5REF,URB,5880.5270887603765
historical,2085,R5MAF,OTH,1137323.0343437498
historical,2085,R5MAF,URB,5952.48283633995
historical,2085,R5LAM,OTH,72183.21731250001
historical,2085,R5LAM,URB,8636.873675798419
historical,2090,USA,OTH,33613.452
historical,2090,USA,URB,11695.345311309815
historical,2090,XE25,OTH,3206.0
historical,2090,XE25,URB,9106.496241195679
historical,2090,XER,OTH,13232.0
historical,2090,XER,URB,1090.242361709595
historical,2090,TUR,URB,821.3799714660644
historical,2090,XOC,OTH,1467.0
historical,2090,XOC,URB,883.3264156804086
historical,2090,CHN,OTH,239998.39534375
historical,2090,CHN,URB,8006.078889526368
historical,2090,IND,OTH,13430.3702109375
historical,2090,IND,URB,3026.2728974914553
historical,2090,JPN,URB,1710.2899680175783
historical,2090,XSE,OTH,14506.901
historical,2090,XSE,URB,3032.1656320037837
historical,2090,XSA,OTH,44675.7545
historical,2090,XSA,URB,866.7895990753174
historical,2090,CAN,OTH,283585.656
historical,2090,CAN,URB,785.9824775390625
historical,2090,BRA,URB,3742.538360931397
historical,2090,XLM,OTH,72183.21731250001
historical,2090,XLM,URB,4894.335314867021
historical,2090,CIS,OTH,253974.9918984375
historical,2090,CIS,URB,5880.5270887603765
historical,2090,XME,OTH,281021.7655625
historical,2090,XME,URB,2128.071955810547
historical,2090,XNF,OTH,456890.6350624999
historical,2090,XNF,URB,927.4797019042969
historical,2090,XAF,OTH,399410.63371875
historical,2090,XAF,URB,2896.931178625107
historical,2090,ASIA2,OTH,312611.42105468747
historical,2090,ASIA2,URB,16641.596986114502
historical,2090,World,OTH,2111196.772609375
historical,2090,World,URB,61494.25336591386
historical,2090,Non-OECD,OTH,1776092.664609375
historical,2090,Non-OECD,URB,35401.19061899567
historical,2090,Industrial,OTH,321872.108
historical,2090,Industrial,URB,24181.440413742544
historical,2090,Transition,OTH,520635.75745312497
historical,2090,Transition,URB,22567.039569885255
historical,2090,Developing,OTH,1268688.90715625
historical,2090,Developing,URB,14745.773382286072
historical,2090,R5ASIA,OTH,312611.42105468747
historical,2090,R5ASIA,URB,14931.307018096923
historical,2090,R5OECD90+EU,OTH,335104.108
historical,2090,R5OECD90+EU,URB,26093.062746918204
historical,2090,R5REF,OTH,253974.9918984375
historical,2090,R5REF,URB,5880.5270887603765
historical,2090,R5MAF,OTH,1137323.0343437498
historical,2090,R5MAF,URB,5952.48283633995
historical,2090,R5LAM,OTH,72183.21731250001
historical,2090,R5LAM,URB,8636.873675798419
historical,2095,USA,OTH,33613.452
historical,2095,USA,URB,11695.345311309815
historical,2095,XE25,OTH,3206.0
historical,2095,XE25,URB,9106.496241195679
historical,2095,XER,OTH,13232.0
historical,2095,XER,URB,1090.242361709595
historical,2095,TUR,URB,821.3799714660644
historical,2095,XOC,OTH,1467.0
historical,2095,XOC,URB,883.3264156804086
historical,2095,CHN,OTH,239998.39534375
historical,2095,CHN,URB,8006.078889526368
historical,2095,IND,OTH,13430.3702109375
historical,2095,IND,URB,3026.2728974914553
historical,2095,JPN,URB,1710.2899680175783
historical,2095,XSE,OTH,14506.901
historical,2095,XSE,URB,3032.1656320037837
historical,2095,XSA,OTH,44675.7545
historical,2095,XSA,URB,866.7895990753174
historical,2095,CAN,OTH,283585.656
historical,2095,CAN,URB,785.9824775390625
historical,2095,BRA,URB,3742.538360931397
historical,2095,XLM,OTH,72183.21731250001
historical,2095,XLM,URB,4894.335314867021
historical,2095,CIS,OTH,253974.9918984375
historical,2095,CIS,URB,5880.5270887603765
historical,2095,XME,OTH,281021.7655625
historical,2095,XME,URB,2128.071955810547
historical,2095,XNF,OTH,456890.6350624999
historical,2095,XNF,URB,927.4797019042969
historical,2095,XAF,OTH,399410.63371875
historical,2095,XAF,URB,2896.931178625107
historical,2095,ASIA2,OTH,312611.42105468747
historical,2095,ASIA2,URB,16641.596986114502
historical,2095,World,OTH,2111196.772609375
historical,2095,World,URB,61494.25336591386
historical,2095,Non-OECD,OTH,1776092.664609375
historical,2095,Non-OECD,URB,35401.19061899567
historical,2095,Industrial,OTH,321872.108
historical,2095,Industrial,URB,24181.440413742544
historical,2095,Transition,OTH,520635.75745312497
historical,2095,Transition,URB,22567.039569885255
historical,2095,Developing,OTH,1268688.90715625
historical,2095,Developing,URB,14745.773382286072
historical,2095,R5ASIA,OTH,312611.42105468747
historical,2095,R5ASIA,URB,14931.307018096923
historical,2095,R5OECD90+EU,OTH,335104.108
historical,2095,R5OECD90+EU,URB,26093.062746918204
historical,2095,R5REF,OTH,253974.9918984375
historical,2095,R5REF,URB,5880.5270887603765
historical,2095,R5MAF,OTH,1137323.0343437498
historical,2095,R5MAF,URB,5952.48283633995
historical,2095,R5LAM,OTH,72183.21731250001
historical,2095,R5LAM,URB,8636.873675798419
historical,2100,USA,OTH,33613.452
historical,2100,USA,URB,11695.345311309815
historical,2100,XE25,OTH,3206.0
historical,2100,XE25,URB,9106.496241195679
historical,2100,XER,OTH,13232.0
historical,2100,XER,URB,1090.242361709595
historical,2100,TUR,URB,821.3799714660644
historical,2100,XOC,OTH,1467.0
historical,2100,XOC,URB,883.3264156804086
historical,2100,CHN,OTH,239998.39534375
historical,2100,CHN,URB,8006.078889526368
historical,2100,IND,OTH,13430.3702109375
historical,2100,IND,URB,3026.2728974914553
historical,2100,JPN,URB,1710.2899680175783
historical,2100,XSE,OTH,14506.901
historical,2100,XSE,URB,3032.1656320037837
historical,2100,XSA,OTH,44675.7545
historical,2100,XSA,URB,866.7895990753174
historical,2100,CAN,OTH,283585.656
historical,2100,CAN,URB,785.9824775390625
historical,2100,BRA,URB,3742.538360931397
historical,2100,XLM,OTH,72183.21731250001
historical,2100,XLM,URB,4894.335314867021
historical,2100,CIS,OTH,253974.9918984375
historical,2100,CIS,URB,5880.5270887603765
historical,2100,XME,OTH,281021.7655625
historical,2100,XME,URB,2128.071955810547
historical,2100,XNF,OTH,456890.6350624999
historical,2100,XNF,URB,927.4797019042969
historical,2100,XAF,OTH,399410.63371875
historical,2100,XAF,URB,2896.931178625107
historical,2100,ASIA2,OTH,312611.42105468747
historical,2100,ASIA2,URB,16641.596986114502
historical,2100,World,OTH,2111196.772609375
historical,2100,World,URB,61494.25336591386
historical,2100,Non-OECD,OTH,1776092.664609375
historical,2100,Non-OECD,URB,35401.19061899567
historical,2100,Industrial,OTH,321872.108
historical,2100,Industrial,URB,24181.440413742544
historical,2100,Transition,OTH,520635.75745312497
historical,2100,Transition,URB,22567.039569885255
historical,2100,Developing,OTH,1268688.90715625
historical,2100,Developing,URB,14745.773382286072
historical,2100,R5ASIA,OTH,312611.42105468747
historical,2100,R5ASIA,URB,14931.307018096923
historical,2100,R5OECD90+EU,OTH,335104.108
historical,2100,R5OECD90+EU,URB,26093.062746918204
historical,2100,R5REF,OTH,253974.9918984375
historical,2100,R5REF,URB,5880.5270887603765
historical,2100,R5MAF,OTH,1137323.0343437498
historical,2100,R5MAF,URB,5952.48283633995
historical,2100,R5LAM,OTH,72183.21731250001
historical,2100,R5LAM,URB,8636.873675798419
